variant,seed,mol,mae_w,mae_org,name,smiles,category,molar_mass_g_mol,mw_aiomfac_g_mol,mass_deficit_frac,n_unmatched,n_heavy,n_hal,n_S,n_N,has_unmatched,unmatched_non_hal
V0,0,0,0.021606719121336937,0.20295508205890656,glucose,C(C1C(C(C(C(O1)O)O)O)O)O,cho,180.156,180.13800000000003,9.991340837922635e-05,0,12,0,0,0,False,0
V0,0,7,0.016588957980275154,0.0372120663523674,n-propanol,CCCO,cho,60.096,60.093999999999994,3.328008519709602e-05,0,4,0,0,0,False,0
V0,0,11,0.0122308861464262,0.22176381945610046,maltitol,C(C1C(C(C(C(O1)OC(C(CO)O)C(C(CO)O)O)O)O)O)O,cho,344.313,344.276,0.00010746036309983165,0,23,0,0,0,False,0
V0,0,15,0.0049261050298810005,0.026643311604857445,n-pentanol,CCCCCO,cho,88.14999999999999,88.146,4.537719795794093e-05,0,6,0,0,0,False,0
V0,0,20,0.06249282881617546,0.6170225739479065,dimethylphthalat,O=C(OC)c1ccccc1C(=O)OC,cho,194.186,196.092,-0.009815331692295093,0,14,0,0,0,False,0
V0,0,31,0.03785764053463936,0.27261123061180115,n-buten,C=CCC,cho,56.108,56.104,7.129108148562491e-05,0,4,0,0,0,False,0
V0,0,36,0.009857694618403912,0.03779603913426399,propylbenzene,CCCC1=CC=CC=C1,cho,120.195,120.18600000000002,7.487832272534689e-05,0,9,0,0,0,False,0
V0,0,38,0.010980822145938873,0.10280200093984604,n-hexylbenzene,CCCCCCC1=CC=CC=C1,cho,162.27599999999998,162.26399999999998,7.394808844196632e-05,0,12,0,0,0,False,0
V0,0,46,0.007601507008075714,0.0685044378042221,sec-butylcyclohexane,CCC(C)C1CCCCC1,cho,140.26999999999998,140.26,7.129108148562491e-05,0,10,0,0,0,False,0
V0,0,48,0.01075069885700941,0.07514974474906921,n-pentylcyclohexane,CCCCCC1CCCCC1,cho,154.297,154.28599999999997,7.129108148584695e-05,0,11,0,0,0,False,0
V0,0,52,0.008395242504775524,0.04252704977989197,cis-2-octene,CCCCCC=CC,cho,112.216,112.172,0.00039210094817132557,0,8,0,0,0,False,0
V0,0,53,0.009825898334383965,0.055967558175325394,3-methylhexane,CCCC(C)CC,cho,100.205,100.19800000000001,6.985679357307539e-05,0,7,0,0,0,False,0
V0,0,60,0.06317876279354095,0.39954233169555664,guajacol,COC1=CC=CC=C1O,cho,124.139,124.082,0.00045916271276558174,0,9,0,0,0,False,0
V0,0,64,0.009612830355763435,0.1655370444059372,naphthylsalyciate,C1=CC=C2C(=C1)C=CC=C2OC(=O)C3=CC=CC=C3O,cho,264.28,279.26480000000004,-0.05670046919933425,0,20,0,0,0,False,0
V0,0,67,0.09409968554973602,0.38500460982322693,methyl(s)(-)lactate,CC(C(=O)OC)O,cho,104.105,105.07600000000001,-0.009327121656020454,0,7,0,0,0,False,0
V0,0,68,0.027484674006700516,0.2098894566297531,(s)-glycerol acetonate,CC1(OCC(O1)CO)C,cho,132.159,132.1388,0.00015284619284339218,0,9,0,0,0,False,0
V0,0,72,0.00887120608240366,0.07576890289783478,4-(1-idianyl)phenol,C1CC2=CC=CC=C2C1C3=CC=C(C=C3)O,cho,210.27599999999998,210.24400000000003,0.00015218094314117803,0,16,0,0,0,False,0
V0,0,74,0.056912560015916824,0.9618785977363586,salicin,C1=CC=C(C(=C1)CO)OC2C(C(C(C(O2)CO)O)O)O,cho,286.28,286.238,0.00014670951515993735,0,20,0,0,0,False,0
V0,0,77,0.015858864411711693,0.18205741047859192,3-pentadecylcyclohexanone,CCCCCCCCCCCCCCCC1CCCC(=O)C1,cho,308.55,308.49399999999997,0.000181494085237488,0,22,0,0,0,False,0
V0,0,82,0.024228844791650772,0.26231521368026733,camphor,CC1(C2CCC1(C(=O)C2)C)C,cho,152.237,152.192,0.0002955917418234755,0,11,0,0,0,False,0
V0,0,83,0.009420801885426044,0.07428403943777084,dibutylphthalat,CCCCOC(=O)C1=CC=CC=C1C(=O)OCCCC,cho,278.348,280.3176,-0.007076034316754631,0,20,0,0,0,False,0
V0,0,84,0.00582638755440712,0.04183715581893921,o-cresol,CC1=CC=CC=C1O,cho,108.14,108.11600000000001,0.0002219345293137387,0,8,0,0,0,False,0
V0,0,85,0.012506790459156036,0.061350006610155106,isopropranol,CC(C)O,cho,60.096,60.093999999999994,3.328008519709602e-05,0,4,0,0,0,False,0
V0,0,87,0.00427381182089448,0.03306485339999199,"2,3-butanediol",CC(C(C)O)O,cho,90.122,90.12,2.2192139544130463e-05,0,6,0,0,0,False,0
V0,0,94,0.009384667500853539,0.03216239809989929,deoxycholic acid,CC(CCC(=O)O)C1CCC2C1(C(CC3C2CCC4C3(CCC(C4)O)C)O)C,cho,392.58,392.542,9.679555759334324e-05,0,28,0,0,0,False,0
V0,0,96,0.017703181132674217,0.25642770528793335,lactose,C(C1C(C(C(C(O1)OC(C(CO)O)C(C(C=O)O)O)O)O)O)O,cho,342.297,342.242,0.0001606791762709392,0,23,0,0,0,False,0
V0,0,97,0.008267432451248169,0.09520614147186279,diethylhexylphthalat,O=C(OCC(CC)CCCC)C1=CC=CC=C1C(OCC(CC)CCCC)=O,cho,390.56399999999996,392.5256,-0.0050224803105254345,0,28,0,0,0,False,0
V0,0,101,0.0057020909152925014,0.048763208091259,cellobiose,C(C1C(C(C(C(O1)OC2C(OC(C(C2O)O)O)CO)O)O)O)O,cho,342.297,342.242,0.0001606791762709392,0,23,0,0,0,False,0
V0,0,104,0.0072034127078950405,0.11882505565881729,methyltestosterone,CC12CCC(=O)C=C1CCC3C2CCC4(C3CCC4(C)O)C,cho,302.45799999999997,302.40400000000005,0.0001785371853278983,0,22,0,0,0,False,0
V0,0,112,0.003365729469805956,0.0359833687543869,4-hetpanol,CCCC(CCC)O,cho,116.204,116.198,5.1633334480771786e-05,0,8,0,0,0,False,0
V0,0,119,0.0028995447792112827,0.026133298873901367,6-methyl-3-heptanol,CCC(CCC(C)C)O,cho,130.231,130.22400000000002,5.37506430878798e-05,0,9,0,0,0,False,0
V0,0,124,0.052380092442035675,0.1368517279624939,acetone,CC(=O)C,cho,58.08,58.034,0.0007920110192837226,0,4,0,0,0,False,0
V0,0,128,0.03977351635694504,0.4971844255924225,benzaldehyde,C1=CC=C(C=C1)C=O,cho,106.124,106.1,0.00022615054087671282,0,8,0,0,0,False,0
V0,0,130,0.06831232458353043,1.2296721935272217,"1,3,5-trinaphthylbenzene",C1=CC=C2C(=C1)C=CC=C2C3=CC(=CC(=C3)C4=CC=CC5=CC=CC=C54)C6=CC=CC7=CC=CC=C76,cho,456.58799999999997,456.5520000000001,7.884569896687843e-05,0,36,0,0,0,False,0
V0,0,131,0.01766931638121605,0.12791451811790466,decalin,C1CCC2CCCCC2C1,cho,138.254,138.244,7.233063781153515e-05,0,10,0,0,0,False,0
V0,0,135,0.004691803827881813,0.038772642612457275,2-ethyl-1-butanol,CCC(CC)CO,cho,102.17699999999999,102.172,4.8934691760371685e-05,0,7,0,0,0,False,0
V0,0,136,0.004724849481135607,0.021250363439321518,3-methyl-2-pentanol,CCC(C)C(C)O,cho,102.17699999999999,102.172,4.8934691760371685e-05,0,7,0,0,0,False,0
V0,0,143,0.004022351466119289,0.0341821052134037,4-methyl-1-heptanol,CCCC(C)CCCO,cho,130.231,130.22400000000002,5.37506430878798e-05,0,9,0,0,0,False,0
V0,0,147,0.01058186125010252,0.04548598825931549,isopropylbenzene,CC(C)C1=CC=CC=C1,cho,120.195,120.18600000000002,7.487832272534689e-05,0,9,0,0,0,False,0
V0,0,150,0.005014357157051563,0.04354674741625786,"1,2-pentanediol",CCCC(CO)O,cho,104.149,104.14599999999999,2.8804885308653105e-05,0,7,0,0,0,False,0
V0,0,159,0.007499935571104288,0.02773834764957428,"2,3-dimethylbutane",CC(C)C(C)C,cho,86.178,86.172,6.962333774285234e-05,0,6,0,0,0,False,0
V0,0,162,0.006962900515645742,0.024471694603562355,cis-2-heptene,CCCCC=CC,cho,98.189,98.14600000000002,0.0004379309291262512,0,7,0,0,0,False,0
V0,0,163,0.004362557083368301,0.03735101968050003,2-methyl-1-pentanol,CCCC(C)CO,cho,102.17699999999999,102.172,4.8934691760371685e-05,0,7,0,0,0,False,0
V0,0,167,0.005251461174339056,0.01693384349346161,2-hexanol,CCCCC(C)O,cho,102.17699999999999,102.172,4.8934691760371685e-05,0,7,0,0,0,False,0
V0,0,169,0.004403171129524708,0.03880910947918892,3-heptanol,CCCCC(CC)O,cho,116.204,116.198,5.1633334480771786e-05,0,8,0,0,0,False,0
V0,0,170,0.00603154581040144,0.01963728852570057,2-heptanol,CCCCCC(C)O,cho,116.204,116.198,5.1633334480771786e-05,0,8,0,0,0,False,0
V0,0,171,0.0029418901540338993,0.02619297429919243,4-nonanol,CCCCCC(CCC)O,cho,144.25799999999998,144.25000000000003,5.5456196536463054e-05,0,10,0,0,0,False,0
V0,0,174,0.0058832913637161255,0.03376508504152298,2-methyl-2-hexanol,CCCCC(C)(C)O,cho,116.204,116.198,5.1633334480771786e-05,0,8,0,0,0,False,0
V0,0,182,0.00410383939743042,0.025015342980623245,n-octanol,CCCCCCCCO,cho,130.231,130.22400000000002,5.37506430878798e-05,0,9,0,0,0,False,0
V0,0,193,0.035212717950344086,0.1867053508758545,trans-beta-iepox,CC1(CO)OC1CO,cho,118.132,118.112,0.0001693021365930525,0,8,0,0,0,False,0
V0,0,195,0.004112875089049339,0.028363749384880066,"2,4-dimethyl-3-pentanol",CC(C)C(C(C)C)O,cho,116.204,116.198,5.1633334480771786e-05,0,8,0,0,0,False,0
V0,0,196,0.005950285121798515,0.029632339254021645,erythritol,C(C(C(CO)O)O)O,cho,122.12,122.12,0.0,0,8,0,0,0,False,0
V0,0,205,0.023104043677449226,0.39682793617248535,isomalt,C(C1C(C(C(C(O1)OCC(C(C(C(CO)O)O)O)O)O)O)O)O,cho,344.313,344.2948,5.285888130857064e-05,0,23,0,0,0,False,0
V0,0,206,0.027219807729125023,0.690412163734436,isomaltulose,C(C1C(C(C(C(O1)OCC(C(C(C(=O)CO)O)O)O)O)O)O)O,cho,342.297,343.25079999999997,-0.002786469060494179,0,23,0,0,0,False,0
V0,0,207,0.01857759989798069,0.22670073807239532,kojibiose,C(C1C(C(C(C(O1)OC(C=O)C(C(C(CO)O)O)O)O)O)O)O,cho,342.297,342.242,0.0001606791762709392,0,23,0,0,0,False,0
V0,0,208,0.005714080296456814,0.04447212815284729,lactulose,C(C1C(C(C(C(O1)OC2C(OC(C2O)(CO)O)CO)O)O)O)O,cho,342.297,342.242,0.0001606791762709392,0,23,0,0,0,False,0
V0,0,215,0.019753525033593178,0.8114126920700073,nystose,C(C1C(C(C(C(O1)OC2(C(C(C(O2)CO)O)O)COC3(C(C(C(O3)CO)O)O)COC4(C(C(C(O4)CO)O)O)CO)O)O)O)O,cho,666.579,666.4875999999999,0.00013711803102112174,0,45,0,0,0,False,0
V0,0,216,0.017681384459137917,0.4461728036403656,raffinose,C(C1C(C(C(C(O1)OCC2C(C(C(C(O2)OC3(C(C(C(O3)CO)O)O)CO)O)O)O)O)O)O)O,cho,504.438,504.36480000000006,0.00014511198601196984,0,34,0,0,0,False,0
V0,0,218,0.017665255814790726,0.25792622566223145,sorbose,C(C(C(C(C(=O)CO)O)O)O)O,cho,180.156,181.12800000000001,-0.005395324052487993,0,12,0,0,0,False,0
V0,0,219,0.02524220384657383,0.8237231969833374,stachyose,C(C1C(C(C(C(O1)OCC2C(C(C(C(O2)OCC3C(C(C(C(O3)OC4(C(C(C(O4)CO)O)O)CO)O)O)O)O)O)O)O)O)O)O,cho,666.579,666.4876,0.0001371180310208997,0,45,0,0,0,False,0
V0,0,220,0.007362090051174164,0.3994291424751282,turanose,C(C1C(C(C(C(O1)OC(C(C(CO)O)O)C(=O)CO)O)O)O)O,cho,342.297,343.23199999999997,-0.002731545996605078,0,23,0,0,0,False,0
V0,0,225,0.017566613852977753,0.07545960694551468,4-methylcyclohexen,CC1CCC=CC1,cho,96.173,96.13,0.00044711093550175995,0,7,0,0,0,False,0
V0,0,232,0.05055290460586548,0.24143703281879425,triethylamine,CCN(CC)CC,bimog_n_only,101.193,87.18,0.13847795796151896,1,7,0,0,1,True,1
V0,0,239,0.027972102165222168,0.1394137293100357,4-methoxyaniline,COC1=CC=C(C=C1)N,bimog_n_only,123.155,107.09200000000001,0.13042913401810718,1,9,0,0,1,True,1
V0,0,242,0.03217850625514984,0.34894800186157227,piperine,C1CCN(CC1)C(=O)C=CC=CC2=CC3=C(C=C2)OCO3,bimog_n_only,285.34299999999996,272.2416,0.045914565978488864,1,21,0,0,1,True,1
V0,0,246,0.00832156278192997,0.19155561923980713,propyl n-phenylcarbamate,CCCOC(=O)NC1=CC=CC=C1,bimog_n_only,179.219,165.1868,0.07829638598586086,1,13,0,0,1,True,1
V0,0,253,0.05778949335217476,0.7745940089225769,nitrendipine,CCOC(=O)C1=C(NC(=C(C1C2=CC(=CC=C2)[N+](=O)[O-])C(=O)OC)C)C,bimog_n_only,360.366,349.28200000000004,0.030757618643268092,1,26,0,0,2,True,1
V0,0,259,0.008381381630897522,0.03020343743264675,pentobarbital,CCCC(C)C1(C(=O)NC(=O)NC1=O)CC,bimog_n_only,226.27599999999998,199.208,0.11962382223479284,2,16,0,0,2,True,2
V0,0,260,0.012375052087008953,0.22515682876110077,atropine,CN1C2CCC1CC(C2)OC(=O)C(CO)C3=CC=CC=C3,bimog_n_only,289.375,276.326,0.04509373650107984,1,21,0,0,1,True,1
V0,0,265,0.004441388882696629,0.01867925003170967,1-bromobutane,CCCCBr,bimog_hal_only,137.01999999999998,57.112,0.5831849365056195,1,5,1,0,0,True,0
V0,0,269,0.04275088757276535,0.19373969733715057,9-bromophenanthrene,C1=CC=C2C(=C1)C=C(C3=CC=CC=C23)Br,bimog_hal_only,257.13,177.21200000000002,0.3108077626103527,1,15,1,0,0,True,0
V0,0,270,0.010210292413830757,0.034607887268066406,bromobenzene,C1=CC=C(C=C1)Br,bimog_hal_only,157.01,77.10000000000001,0.5089484746194509,1,7,1,0,0,True,0
V0,0,274,0.010606327094137669,0.0254533588886261,isobutylchloride,CC(C)CCl,bimog_hal_only,92.569,57.112,0.3830331968585595,1,5,1,0,0,True,0
V0,0,276,0.016019659116864204,0.040089599788188934,m-fluorotoluene,CC1=CC(=CC=C1)F,bimog_hal_only,110.131,91.12600000000002,0.17256721540710596,1,8,1,0,0,True,0
V0,0,278,0.026983553543686867,0.16583609580993652,hydrochloro-thiazide,C1NC2=CC(=C(C=C2S(=O)(=O)N1)S(=O)(=O)N)Cl,bimog_n_and_hal,297.745,219.07600000000002,0.26421602377873676,5,17,1,2,3,True,4
V0,0,286,0.00724456924945116,0.02305554784834385,3-chloroaniline,C1=CC(=CC(=C1)Cl)N,bimog_n_and_hal,127.574,76.09200000000001,0.4035461771207298,2,8,1,0,1,True,1
V0,0,290,0.04015931859612465,0.4953845143318176,ethacrynic acid,CCC(=C)C(=O)C1=C(C(=C(C=C1)OCC(=O)O)Cl)Cl,bimog_hal_only,303.141,233.1628,0.23084373278441384,2,19,2,0,0,True,0
V0,0,291,0.033655066043138504,0.42084282636642456,tolbutamide,CCCCNC(=O)NS(=O)(=O)C1=CC=C(C=C1)C,bimog_n_only,270.354,222.16,0.17826257425449588,2,18,0,1,2,True,2
V0,0,292,0.018535751849412918,0.27420058846473694,tolnaftate,CC1=CC(=CC=C1)N(C)C(=S)OC2=CC3=CC=CC=C3C=C2,bimog_n_only,307.418,263.34280000000007,0.14337221633085873,2,22,0,1,1,True,2
V0,0,295,0.053220946341753006,0.9206448793411255,chloramphenicol,C1=CC(=CC=C1C(C(CO)NC(=O)C(Cl)Cl)O)[N+](=O)[O-],bimog_n_and_hal,323.132,253.14200000000002,0.21659878934924426,2,20,2,0,2,True,0
V0,0,300,0.0528549961745739,0.11651964485645294,felodipine,CCOC(=O)C1=C(NC(=C(C1C2=C(C(=CC=C2)Cl)Cl)C(=O)OC)C)C,bimog_n_and_hal,384.259,302.284,0.21333267405578016,3,25,2,0,1,True,1
V0,0,303,0.011940693482756615,0.051099665462970734,chlorobenzene,C1=CC=C(C=C1)Cl,bimog_hal_only,112.559,77.10000000000001,0.31502589752929566,1,7,1,0,0,True,0
V0,0,312,0.021131740882992744,0.3593462407588959,"4-acetamido-n-(2’,4’-dimethylphenyl)-1,8naphthalimide",CC(=O)Nc2ccc4c(=O)n(c1ccc(C)cc1C)c(=O)c3cccc2c34,bimog_n_only,358.397,325.24399999999997,0.09250356448296171,2,27,0,0,2,True,2
V0,0,318,0.07401836663484573,0.7479661703109741,1’-(ethoxycarbonyl)ethyl-2-methyl-4-nitrophenylurethane,CCOC(=O)CCC(C(=O)OCC)c1ccc(N(=O)=O)cc1C,bimog_n_only,323.34499999999997,324.25399999999996,-0.0028112387697349916,0,23,0,0,1,False,0
V0,0,323,0.04716240614652634,0.10801525413990021,n-(2-tetrahydropyryl)saccharin,O=C2c1ccccc1S(=O)(=O)C2C3CCCOC3,bimog_n_only,266.318,234.17079999999999,0.12070982810024111,1,18,0,1,0,True,1
V0,0,327,0.01960766687989235,0.1185016855597496,"2,2,2-tris(chloromethyl)ethyl-p-nitrophenylurethane",O=C(Nc1ccc(N(=O)=O)cc1)OCC(CCl)(CCl)CCl,bimog_n_and_hal,355.605,235.1968,0.3386009758018026,4,21,3,0,2,True,1
V0,0,328,0.03309924155473709,0.1410016119480133,"2,2,3,3-tetrafluoropropyl-p-nitrophenylurethane",O=C(Nc1ccc(N(=O)=O)cc1)OCC(F)(F)C(F)F,bimog_n_and_hal,296.176,206.1368,0.30400572632488787,5,20,4,0,2,True,1
V0,0,336,0.017380472272634506,0.20322410762310028,simvastatin,CCC(C)(C)C(=O)OC1CC(C=C2C1C(C(C=C2)C)CCC3CC(CC(=O)O3)O)C,cho,418.57399999999996,420.462,-0.0045105524948994,0,30,0,0,0,False,0
V0,0,339,0.015568695962429047,0.2095668762922287,ketoprofen,CC(C1=CC(=CC=C1)C(=O)C2=CC=CC=C2)C(=O)O,cho,254.285,255.24400000000003,-0.003771358908311706,0,19,0,0,0,False,0
V0,0,347,0.10484032332897186,1.5751434564590454,Zolmitriptan,CN(C)CCC1=CNC2=C1C=C(C=C2)CC3COC(=O)N3,bimog_n_only,287.363,259.2848,0.09770986522273217,2,21,0,0,3,True,2
V0,0,349,0.06443214416503906,0.7598632574081421,Nifedipine,CC1=C(C(C(=C(N1)C)C(=O)OC)C2=CC=CC=C2[N+](=O)[O-])C(=O)OC,bimog_n_only,346.339,335.256,0.03200043887636106,1,25,0,0,2,True,1
V0,0,352,0.026328494772315025,0.3548702299594879,Clemastine,CC(C1=CC=CC=C1)(C2=CC=C(C=C2)Cl)OCCC3CCCN3C,bimog_n_and_hal,343.89799999999997,294.41880000000003,0.14387754508604278,2,24,1,0,1,True,1
V0,0,354,0.013399548828601837,0.16859444975852966,Bifonazole,C1=CC=C(C=C1)C2=CC=C(C=C2)C(C3=CC=CC=C3)N4C=CN=C4,bimog_n_only,310.4,282.364,0.09032216494845358,2,24,0,0,2,True,2
V0,0,355,0.02189393900334835,0.48145952820777893,Cinnarizine,C1CN(CCN1CC=CC2=CC=CC=C2)C(C3=CC=CC=C3)C4=CC=CC=C4,bimog_n_only,368.524,340.44800000000004,0.07618499744928409,2,28,0,0,2,True,2
V0,0,357,0.010194358415901661,0.22247812151908875,Tamoxifen,CCC(=C(C1=CC=CC=C1)C2=CC=C(C=C2)OCCN(C)C)C3=CC=CC=C3,bimog_n_only,371.524,357.4928,0.0377666045800541,1,28,0,0,1,True,1
V0,0,358,0.06105637550354004,0.41158613562583923,Procaine,CCN(CC)CCOC(=O)C1=CC=C(C=C1)N,bimog_n_only,236.315,207.2648,0.12292998751666206,2,17,0,0,2,True,2
V0,0,4,0.007452421821653843,0.16907279193401337,glycerol,OCC(O)CO,cho,92.094,92.09400000000001,-2.220446049250313e-16,0,6,0,0,0,False,0
V0,0,5,0.03627705201506615,0.20669564604759216,ribose,C1C(C(C(C(O1)O)O)O)O,cho,150.13,150.13080000000002,-5.328715113828153e-06,0,10,0,0,0,False,0
V0,0,6,0.019545190036296844,0.09072424471378326,ethanol,OCC,cho,46.069,46.068,2.1706570578983175e-05,0,3,0,0,0,False,0
V0,0,10,0.013609099201858044,0.20915985107421875,phenolphthalein,O=C1OC(C2=C1C=CC=C2)(C3=CC=C(C=C3)O[H])C4=CC=C(C=C4)O[H],cho,318.328,320.2560000000001,-0.006056645975220931,2,24,0,0,0,True,2
V0,0,23,0.001999679720029235,0.03426700830459595,5-methyl-3-heptanol,CCC(C)CC(CC)O,cho,130.231,130.22400000000002,5.37506430878798e-05,0,9,0,0,0,False,0
V0,0,30,0.011328454129397869,0.2405499964952469,triphenylethene,C1=CC=C(C=C1)C=C(C2=CC=CC=C2)C3=CC=CC=C3,cho,256.34799999999996,256.328,7.801894299930279e-05,0,20,0,0,0,False,0
V0,0,40,0.007896694354712963,0.09747626632452011,tert-butyl-benzene,CC(C)(C)C1=CC=CC=C1,cho,134.22199999999998,134.212,7.450343460824183e-05,0,10,0,0,0,False,0
V0,0,41,0.01278089452534914,0.07139623165130615,3-methylheptane,CCCCC(C)CC,cho,114.232,114.224,7.003291547025281e-05,0,8,0,0,0,False,0
V0,0,69,0.1326555758714676,0.6228490471839905,(r)-nopol,CC1(C)[C@H]2CC=C(CCO)[C@@H]1C2,cho,166.26399999999998,166.25400000000002,6.0145311071346796e-05,0,12,0,0,0,False,0
V0,0,89,0.025235716253519058,0.08813593536615372,mephenesin,CC1=CC=CC=C1OCC(CO)O,cho,182.219,182.21280000000002,3.402499190519048e-05,0,13,0,0,0,False,0
V0,0,90,0.02176087349653244,0.2527255117893219,estradiol-17b-cypionate,CC12CCC3C(C1CCC2OC(=O)CCC4CCCC4)CCC5=C3C=CC(=C5)O,cho,396.57099999999997,396.494,0.00019416447496145572,0,29,0,0,0,False,0
V0,0,99,0.04716850072145462,0.17121250927448273,diethylstilbestrol,CCC(=C(CC)C1=CC=C(C=C1)O)C2=CC=C(C=C2)O,cho,268.356,268.304,0.00019377245151974698,0,20,0,0,0,False,0
V0,0,107,0.01346470694988966,0.3269124925136566,ergocalciferol,CC(C)C(C)C=CC(C)C1CCC2C1(CCCC2=CC=C3CC(CCC3=C)O)C,cho,396.659,396.5600000000001,0.00024958465583757583,0,29,0,0,0,False,0
V0,0,113,0.003496733959764242,0.04449200630187988,4-decanol,CCCCCCC(CCC)O,cho,158.285,158.276,5.6859462362113256e-05,0,11,0,0,0,False,0
V0,0,118,0.009870825335383415,0.042981792241334915,4-methyl-4-heptanol,CCCC(C)(CCC)O,cho,130.231,130.22400000000002,5.37506430878798e-05,0,9,0,0,0,False,0
V0,0,126,0.024577058851718903,0.06779980659484863,methylisobutylketone,CC(C)CC(=O)C,cho,100.161,100.11200000000001,0.0004892123680872995,0,7,0,0,0,False,0
V0,0,129,0.02637425996363163,0.42632222175598145,acetophenone,CC(=O)C1=CC=CC=C1,cho,120.151,120.10000000000001,0.0004244658804336554,0,9,0,0,0,False,0
V0,0,133,0.004576076753437519,0.06506290286779404,"2,4-pentanediol",CC(CC(C)O)O,cho,104.149,104.14599999999999,2.8804885308653105e-05,0,7,0,0,0,False,0
V0,0,138,0.002624575747177005,0.03829419985413551,5-methyl-2-hexanol,CC(C)CCC(C)O,cho,116.204,116.198,5.1633334480771786e-05,0,8,0,0,0,False,0
V0,0,140,0.001846997649408877,0.04250558465719223,4-methyl-3-heptanol,CCCC(C)C(CC)O,cho,130.231,130.22400000000002,5.37506430878798e-05,0,9,0,0,0,False,0
V0,0,145,0.0023039416410028934,0.03799706697463989,2-methyl-3-heptanol,CCCCC(C(C)C)O,cho,130.231,130.22400000000002,5.37506430878798e-05,0,9,0,0,0,False,0
V0,0,156,0.004286068491637707,0.1264907419681549,cyclohexanol,C1CCC(CC1)O,cho,100.161,100.15599999999999,4.991962939682182e-05,0,7,0,0,0,False,0
V0,0,158,0.007147988770157099,0.07807309925556183,cycloheptane,C1CCCCCC1,cho,98.189,98.182,7.129108148562491e-05,0,7,0,0,0,False,0
V0,0,160,0.11739041656255722,0.4479197561740875,1-phenyl-1-propanol,CCC(C1=CC=CC=C1)O,cho,136.194,136.186,5.873973890169193e-05,0,10,0,0,0,False,0
V0,0,173,0.005786384455859661,0.07336815446615219,2-methyl-2-pentanol,CCCC(C)(C)O,cho,102.17699999999999,102.17199999999998,4.893469176048271e-05,0,7,0,0,0,False,0
V0,0,175,0.004484153818339109,0.023363610729575157,4-methy-4-octanol,CCCCC(C)(CCC)O,cho,144.25799999999998,144.25,5.54561965366851e-05,0,10,0,0,0,False,0
V0,0,179,0.03431753069162369,0.20397886633872986,xylose,C(C(C(C(C=O)O)O)O)O,cho,150.13,150.11200000000002,0.00011989609005513824,0,10,0,0,0,False,0
V0,0,184,0.008640846237540245,0.21386554837226868,"1,2,4-butanetriol",C(CO)C(CO)O,cho,106.121,106.12,9.42320558594556e-06,0,7,0,0,0,False,0
V0,0,185,0.005767129361629486,0.06599815934896469,benzene,C1=CC=CC=C1,cho,78.11399999999999,78.108,7.681081496258013e-05,0,6,0,0,0,False,0
V0,0,187,0.032455820590257645,0.13738958537578583,santonin,CC1C2CCC3(C=CC(=O)C(=C3C2OC1=O)C)C,cho,246.30599999999998,248.22,-0.00777082166086096,0,18,0,0,0,False,0
V0,0,200,0.012784188613295555,0.3175331652164459,"2-methyl-1,3-propanediol",CC(CO)CO,cho,90.122,90.12,2.2192139544130463e-05,0,6,0,0,0,False,0
V0,0,201,0.004626036621630192,0.03264084458351135,3-methyl-2-butanol,CC(C)C(C)O,cho,88.14999999999999,88.146,4.537719795794093e-05,0,6,0,0,0,False,0
V0,0,203,0.008012617006897926,0.2928078770637512,"1,3-propanediol",C(CO)CO,cho,76.095,76.094,1.3141467901989223e-05,0,5,0,0,0,False,0
V0,0,210,0.027907278388738632,1.021707534790039,maltoheptaose,C(C1C(C(C(C(O1)OC2C(OC(C(C2O)O)OC3C(OC(C(C3O)O)OC4C(OC(C(C4O)O)OC5C(OC(C(C5O)O)OC6C(OC(C(C6O)O)OC7C(OC(C(C7O)O)O)CO)CO)CO)CO)CO)CO)O)O)O)O,cho,1153.002,1152.7620000000002,0.00020815228421089405,0,78,0,0,0,False,0
V0,0,228,0.1126919612288475,0.3977184593677521,4-cyanoaniline,C1=CC(=CC=C1C#N)N,bimog_n_only,118.139,88.102,0.25425134798838656,2,9,0,0,2,True,2
V0,0,231,0.015210354700684547,0.11826765537261963,m-toluidine,CC1=CC(=CC=C1)N,bimog_n_only,107.15599999999999,91.12600000000002,0.14959498301541652,1,8,0,0,1,True,1
V0,0,236,0.025577325373888016,0.3680192828178406,4-nitro-1-naphthylamine,C1=CC=C2C(=C1)C(=CC=C2[N+](=O)[O-])N,bimog_n_only,188.18599999999998,172.138,0.08527733200131771,1,14,0,0,2,True,1
V0,0,240,0.04034719616174698,0.2663404941558838,cinchonine,C=CC1CN2CCC1CC2C(C3=CC=NC4=CC=CC=C34)O,bimog_n_only,294.39799999999997,266.36600000000004,0.09521803816601992,2,22,0,0,2,True,2
V0,0,241,0.01365844625979662,0.21329966187477112,brucine,COC1=C(C=C2C(=C1)C34CCN5C3CC6C7C4N2C(=O)CC7OCC=C6C5)OC,bimog_n_only,394.471,366.33480000000003,0.07132640929244471,2,29,0,0,2,True,2
V0,0,243,0.028044551610946655,0.300828218460083,benzyl n-phenylcarbamate,C1=CC=C(C=C1)COC(=O)NC2=CC=CC=C2,bimog_n_only,227.26299999999998,213.2268,0.06176192341032183,1,17,0,0,1,True,1
V0,0,249,0.11302528530359268,1.673332929611206,eserine,CC12CCN(C1N(C3=C2C=C(C=C3)OC(=O)NC)C)C,bimog_n_only,275.352,249.2748,0.09470495947006008,2,20,0,0,3,True,2
V0,0,251,0.1480575054883957,0.2849957346916199,acetaminophen,CC(=O)NC1=CC=C(C=C1)O,bimog_n_only,151.165,136.08200000000002,0.09977838785433113,1,11,0,0,1,True,1
V0,0,255,0.03783482313156128,0.7942216396331787,quinidine,COC1=CC2=C(C=CN=C2C=C1)C(C3CC4CCN3CC4C=C)O,bimog_n_only,324.424,296.358,0.08651024585110834,2,24,0,0,2,True,2
V0,0,257,0.026635657995939255,0.15538465976715088,phenylbutazone,CCCCC1C(=O)N(N(C1=O)C2=CC=CC=C2)C3=CC=CC=C3,bimog_n_only,308.381,282.312,0.08453503944795548,2,23,0,0,2,True,2
V0,0,263,0.03583762049674988,0.4518715739250183,nimodipine,CC1=C(C(C(=C(N1)C)C(=O)OC(C)C)C2=CC(=CC=C2)[N+](=O)[O-])C(=O)OCCOC,bimog_n_only,418.44599999999997,407.326,0.026574516186078867,1,30,0,0,2,True,1
V0,0,275,0.020363694056868553,0.06791023164987564,iodobenzene,C1=CC=C(C=C1)I,bimog_hal_only,204.01,77.10000000000001,0.6220773491495515,1,7,1,0,0,True,0
V0,0,280,0.012459172867238522,0.36009401082992554,glibenclamide,COC1=C(C=C(C=C1)Cl)C(=O)NCCC2=CC=C(C=C2)S(=O)(=O)NC(=O)NC3CCCCC3,bimog_n_and_hal,494.013,411.2800000000001,0.16747130136251454,3,33,1,1,3,True,2
V0,0,281,0.055805452167987823,1.4079277515411377,triphenyl phosphite,C1=CC=C(C=C1)OP(OC2=CC=CC=C2)OC3=CC=CC=C3,bimog_n_only,310.289,321.3804,-0.03574538575328168,1,22,0,0,0,True,1
V0,0,294,0.01992531307041645,0.35218560695648193,chorotrianisene,COC1=CC=C(C=C1)C(=C(C2=CC=C(C=C2)OC)Cl)C3=CC=C(C=C3)OC,bimog_hal_only,380.871,345.296,0.09340432849967573,1,27,1,0,0,True,0
V0,0,305,0.255244642496109,1.6360232830047607,2-ethylhexylamine,CCCCC(CC)CN,bimog_n_only,129.24699999999999,129.19,0.00044101603905688513,0,9,0,0,1,False,0
V0,0,310,0.007557178847491741,0.10058536380529404,"n-(r-1-phenylethyl)-1,8-naphthalimide",CC(c1ccccc1)n2c(=O)c4cccc3cccc(c2=O)c34,bimog_n_only,301.34499999999997,285.26800000000003,0.053350810532777904,1,23,0,0,1,True,1
V0,0,314,0.010943775065243244,0.0949140340089798,"1-methyl-1-(p-hydroxyphenyl)-1,2,3,4tetrahydronaphthalene",CC3(c1ccc(O)cc1)CCCc2ccccc23,cho,238.32999999999998,238.29600000000005,0.00014265933789259222,0,18,0,0,0,False,0
V0,0,316,0.022274238988757133,0.2641114294528961,n-(r-1-phenylethyl)-n’-(p-nitrophenyl)thiourea,CC(NC(=S)Nc1ccc(N(=O)=O)cc1)c2ccccc2,bimog_n_only,301.371,254.226,0.15643509163124514,2,21,0,1,3,True,2
V0,0,317,0.023900145664811134,0.7463786005973816,1-menthyl-3-nitrophenylurethane,CC(C)C1CCC(C)CC1OC(=O)Nc2cccc(N(=O)=O)c2,bimog_n_only,320.389,306.31600000000003,0.04392472900130773,1,23,0,0,2,True,1
V0,0,319,0.05183683708310127,0.3258565366268158,"1,1,3-trimethyl-3-(p-carboxyphenyl)-indan-5-carboxylic acid",CC3(C)CC(C)(c1ccc(C(=O)O)cc1)c2cc(C(=O)O)ccc23,cho,324.376,324.324,0.00016030779095854708,0,24,0,0,0,False,0
V0,0,320,0.07354294508695602,2.3250296115875244,"2-benzyl-(3,3’)spirobi-(benzo[f]chroman)",c7ccc(CC3CC2C(CCC1CCCCC12)OC36CCC5C(CCC4CCCCC45)O6)cc7,cho,462.71799999999996,462.65200000000004,0.00014263547128035015,0,34,0,0,0,False,0
V0,0,322,0.05410122871398926,0.12962520122528076,"n-( 1-phenylethyl)-2,4-dinitroaniline",CC(Nc1ccc(N(=O)=O)cc1N(=O)=O)c2ccccc2,bimog_n_only,287.275,287.19800000000004,0.00026803585414647557,0,21,0,0,3,False,0
V0,0,329,0.014143040403723717,0.23832961916923523,n-pentyl-p-nitrophenylurethane,CCCCCOC(=O)Nc1ccc(N(=O)=O)cc1,bimog_n_only,252.26999999999998,238.22079999999997,0.055691124588734375,1,18,0,0,2,True,1
V0,0,334,0.010213357396423817,0.09924091398715973,testosterone,CC12CCC3C(C1CCC2O)CCC4=CC(=O)CCC34C,cho,288.431,288.37800000000004,0.0001837527866281885,0,21,0,0,0,False,0
V0,0,340,0.03590608388185501,0.6784908175468445,Aripiprazole,C1CC(=O)NC2=C1C=CC(=C2)OCCCCN3CCN(CC3)C4=C(C(=CC=C4)Cl)Cl,bimog_n_and_hal,448.394,334.4028,0.25422106451022985,5,30,2,0,3,True,3
V0,0,342,0.031339891254901886,0.6266228556632996,Danazol,CC12CCC3C(C1CCC2(C#C)O)CCC4=CC5=C(CC34C)C=NO5,bimog_n_only,337.46299999999997,324.4448000000001,0.03857667359088213,1,25,0,0,1,True,1
V0,0,343,0.048940740525722504,0.34176406264305115,Bezafibrate,CC(C)(C(=O)O)OC1=CC=C(C=C1)CCNC(=O)C2=CC=C(C=C2)Cl,bimog_n_only,361.825,328.278,0.09271609203344144,1,25,1,0,1,True,0
V0,0,344,0.021772518754005432,0.1985011249780655,Ezetimibe,C1=CC(=CC=C1C2C(C(=O)N2C3=CC=C(C=C3)F)CCC(C4=CC=C(C=C4)F)O)O,bimog_n_and_hal,409.43199999999996,358.3620000000001,0.12473377752593806,3,30,2,0,1,True,1
V0,0,353,0.02025674656033516,0.27228718996047974,Clotrimazole,C1=CC=C(C=C1)C(C2=CC=CC=C2)(C3=CC=CC=C3Cl)N4C=CN=C4,bimog_n_and_hal,344.84499999999997,281.356,0.18410880250547346,3,25,1,0,2,True,2
V0,0,361,0.023467957973480225,0.6209762692451477,Isradipine,CC1=C(C(C(=C(N1)C)C(=O)OC(C)C)C2=CC=CC3=NON=C32)C(=O)OC,bimog_n_only,371.393,333.3188,0.10251727953946355,3,27,0,0,3,True,3
V0,0,366,0.012275833636522293,0.11240005493164062,Flurbiprofen,CC(C1=CC(=C(C=C1)C2=CC=CC=C2)F)C(=O)O,bimog_hal_only,244.265,225.236,0.07790309704624077,1,18,1,0,0,True,0
V0,0,367,0.010622181929647923,0.19213303923606873,Fenofibrate,CC(C)OC(=O)C(C)(C)OC1=CC=C(C=C1)C(=O)C2=CC=C(C=C2)Cl,bimog_hal_only,360.837,329.34680000000003,0.08726987531766406,1,25,1,0,0,True,0
V0,0,1,0.041821788996458054,0.4823242127895355,tartaric acid,O=C(O)C(O)C(O)C(=O)O,cho,150.086,150.052,0.00022653678557638113,0,10,0,0,0,False,0
V0,0,2,0.08666260540485382,0.4241957664489746,"1,2,3-propanetricarboxylic acid",C(C(CC(=O)O)C(=O)O)C(=O)O,cho,176.124,176.07,0.00030660216665534534,0,12,0,0,0,False,0
V0,0,3,0.07925604283809662,0.4940161108970642,"1,2,4-butanetricarboxylic acid",C(CC(=O)O)C(CC(=O)O)C(=O)O,cho,190.151,190.096,0.00028924381149719736,0,13,0,0,0,False,0
V0,0,8,0.018364984542131424,0.03624545782804489,methanol,CO,cho,32.042,32.042,0.0,0,2,0,0,0,False,0
V0,0,17,0.018983736634254456,0.07871679216623306,"propan-1,2-diol",CC(O)CO,cho,76.095,76.094,1.3141467901989223e-05,0,5,0,0,0,False,0
V0,0,25,0.012516871094703674,0.062392134219408035,2-butanol,CCC(C)O,cho,74.12299999999999,74.12,4.04732674066377e-05,0,5,0,0,0,False,0
V0,0,26,0.009449094533920288,0.01603737287223339,"2,2-dimethyl-1-propanol",CC(CO)(C)C,cho,88.14999999999999,88.146,4.537719795794093e-05,0,6,0,0,0,False,0
V0,0,27,0.006592309568077326,0.02835078537464142,o-xylene,CC1=C(C)C=CC=C1,cho,106.16799999999999,106.16000000000001,7.535227187083215e-05,0,8,0,0,0,False,0
V0,0,32,0.036220211535692215,0.3553868234157562,4-methylstyrene,CC1=CC=C(C=C1)C=C,cho,118.17899999999999,118.17000000000002,7.615566217322733e-05,0,9,0,0,0,False,0
V0,0,35,0.010707413777709007,0.035786453634500504,ethylbenzene,CCc1ccccc1,cho,106.16799999999999,106.16000000000001,7.535227187083215e-05,0,8,0,0,0,False,0
V0,0,42,0.01705653965473175,0.10543377697467804,cyclohexene,C1CCC=CC1,cho,82.146,82.10400000000001,0.0005112847856254543,0,6,0,0,0,False,0
V0,0,45,0.009354520589113235,0.042932525277137756,isopropylcyclohexane,CC(C)C1CCCCC1,cho,126.243,126.23400000000001,7.129108148562491e-05,0,9,0,0,0,False,0
V0,0,51,0.01696624420583248,0.06952047348022461,1-heptene,CCCCCC=C,cho,98.189,98.182,7.129108148562491e-05,0,7,0,0,0,False,0
V0,0,56,0.0044453199952840805,0.1037173643708229,"2,5-hexanediol",CC(CCC(C)O)O,cho,118.176,118.172,3.384782020043886e-05,0,8,0,0,0,False,0
V0,0,57,0.007945028133690357,0.0494140163064003,n-eugenol,COC1=C(C=CC(=C1)CC=C)O,cho,164.204,164.144,0.0003653991376580956,0,12,0,0,0,False,0
V0,0,58,0.009857216849923134,0.20303687453269958,sorbitol,C(C(C(C(C(CO)O)O)O)O)O,cho,182.172,182.172,0.0,0,12,0,0,0,False,0
V0,0,65,0.06964278221130371,0.1908392757177353,vinylacetate,CC(=O)OC=C,cho,86.09,86.04400000000001,0.0005343245440816435,0,6,0,0,0,False,0
V0,0,66,0.00793951191008091,0.047301050275564194,xylitol,C(C(C(C(CO)O)O)O)O,cho,152.146,152.14600000000002,-2.220446049250313e-16,0,10,0,0,0,False,0
V0,0,70,0.04878669232130051,0.44491004943847656,3-hydroxy-2-methylpropionate,CC(CO)C(=O)OC,cho,118.132,119.102,-0.00821115362475866,0,8,0,0,0,False,0
V0,0,73,0.01706472411751747,0.2508981227874756,2p-hydroxyphenoxytetrahydropyran,C1CCOC(C1)OC2=CC=CC=C2O,cho,194.23,194.1868,0.00022241672244238675,0,14,0,0,0,False,0
V0,0,79,0.05171893909573555,0.3237922191619873,lactic acid,CC(C(=O)O)O,cho,90.078,90.06,0.00019982681675878577,0,6,0,0,0,False,0
V0,0,98,0.006805817596614361,0.14601127803325653,cholecalciterol,CC(C)CCCC(C)C1CCC2C1(CCCC2=CC=C3CC(CCC3=C)O)C,cho,384.64799999999997,384.58600000000007,0.00016118633139883265,0,28,0,0,0,False,0
V0,0,102,0.07769397646188736,0.44555187225341797,17b-estradiol,CC12CCC3C(C1CCC2O)CCC4=C3C=CC(=C4)O,cho,272.388,272.35400000000004,0.00012482194516616474,0,20,0,0,0,False,0
V0,0,106,0.0463140495121479,0.6747564077377319,citric acid,C(C(=O)O)C(CC(=O)O)(C(=O)O)O,cho,192.123,192.07,0.0002758649406889857,0,13,0,0,0,False,0
V0,0,108,0.005211050156503916,0.06716753542423248,n-nonanol,CCCCCCCCCO,cho,144.25799999999998,144.25000000000003,5.5456196536463054e-05,0,10,0,0,0,False,0
V0,0,109,0.00696882838383317,0.030499089509248734,2-pentanol,CCCC(C)O,cho,88.14999999999999,88.146,4.537719795794093e-05,0,6,0,0,0,False,0
V0,0,110,0.006130827125161886,0.03470776230096817,3-pentanol,CCC(CC)O,cho,88.14999999999999,88.146,4.537719795794093e-05,0,6,0,0,0,False,0
V0,0,114,0.006490550935268402,0.05119537189602852,3-methyl-4-octanol,CCCCC(C(C)CC)O,cho,144.25799999999998,144.25000000000003,5.5456196536463054e-05,0,10,0,0,0,False,0
V0,0,116,0.011863217689096928,0.12125100940465927,2-methyl-2-butanol,CCC(C)(C)O,cho,88.14999999999999,88.146,4.537719795794093e-05,0,6,0,0,0,False,0
V0,0,121,0.005219314247369766,0.03958439826965332,6-methyl-1-heptanol,CC(C)CCCCCO,cho,130.231,130.22400000000002,5.37506430878798e-05,0,9,0,0,0,False,0
V0,0,123,0.2572583854198456,1.4642813205718994,diisopropylether,CC(C)OC(C)C,cho,102.17699999999999,102.154,0.00022509958209770975,0,7,0,0,0,False,0
V0,0,127,0.07281579822301865,0.11297116428613663,ethyl acetate,CCOC(=O)C,cho,88.106,88.06,0.0005220983814949731,0,6,0,0,0,False,0
V0,0,141,0.0054739415645599365,0.03560864180326462,3-methyl-4-heptanol,CCCC(C(C)CC)O,cho,130.231,130.22400000000002,5.37506430878798e-05,0,9,0,0,0,False,0
V0,0,142,0.011121157556772232,0.03976237773895264,6-methyl-2-heptanol,CC(C)CCCC(C)O,cho,130.231,130.22400000000002,5.37506430878798e-05,0,9,0,0,0,False,0
V0,0,148,0.005559117998927832,0.06335266679525375,diisobutylphthalat,CC(C)COC(=O)C1=CC=CC=C1C(=O)OCC(C)C,cho,278.348,280.3176,-0.007076034316754631,0,20,0,0,0,False,0
V0,0,154,0.012855827808380127,0.11468686163425446,menthol,CC1CCC(C(C1)O)C(C)C,cho,156.269,156.26000000000002,5.759299669150231e-05,0,11,0,0,0,False,0
V0,0,161,0.008379502221941948,0.04558219015598297,"1,2-butanediol",CCC(CO)O,cho,90.122,90.12,2.2192139544130463e-05,0,6,0,0,0,False,0
V0,0,165,0.008903706446290016,0.01892874576151371,"2,2-dimethyl-1-pentanol",CCCC(C)(C)CO,cho,116.204,116.19799999999998,5.163333448088281e-05,0,8,0,0,0,False,0
V0,0,176,0.008604037575423717,0.03719880059361458,4-methyl-4-nonanol,CCCCCC(C)(CCC)O,cho,158.285,158.276,5.6859462362113256e-05,0,11,0,0,0,False,0
V0,0,177,0.015126576647162437,0.11328115314245224,4-methyl-undecane,CCCCCCCC(C)CCC,cho,170.34,170.328,7.044734061290026e-05,0,12,0,0,0,False,0
V0,0,180,0.029405370354652405,0.2649397850036621,fructose,C1C(C(C(C(O1)(CO)O)O)O)O,cho,180.156,180.1568,-4.440595927857061e-06,0,12,0,0,0,False,0
V0,0,183,0.0037488038651645184,0.026360929012298584,3-methyl-1-butanol,CC(C)CCO,cho,88.14999999999999,88.146,4.537719795794093e-05,0,6,0,0,0,False,0
V0,0,197,0.021106790751218796,0.1695190966129303,"2-ethyl-1,3-hexanediol",CCCC(C(CC)CO)O,cho,146.23,146.224,4.103125213705816e-05,0,10,0,0,0,False,0
V0,0,209,0.016755715012550354,0.2714878022670746,levoglucosan,C1C2C(C(C(C(O1)O2)O)O)O,cho,162.141,162.1228,0.00011224798169484629,0,11,0,0,0,False,0
V0,0,217,0.042721524834632874,0.29434719681739807,rhamnose,CC1C(C(C(C(O1)O)O)O)O,cho,164.157,164.138,0.00011574285592452771,0,11,0,0,0,False,0
V0,0,221,0.07206449657678604,0.5813307762145996,"3-methyl-1,2,3-butanetricarboxylic acid",CC(C)(C(CC(=O)O)C(=O)O)C(=O)O,cho,204.178,204.122,0.0002742704894748149,0,14,0,0,0,False,0
V0,0,223,0.01946844719350338,0.05156831070780754,"1,2-dimethylcyclohexane",CC1CCCCC1C,cho,112.216,112.208,7.129108148562491e-05,0,8,0,0,0,False,0
V0,0,227,0.06959354877471924,0.563971221446991,butyronitrile,CCCC#N,bimog_n_only,69.107,55.096,0.20274357156293865,1,5,0,0,1,True,1
V0,0,233,0.01793164573609829,0.10733499377965927,pyridine,C1=CC=NC=C1,bimog_n_only,79.10199999999999,65.09,0.1771383782963767,1,6,0,0,1,True,1
V0,0,234,0.04857184365391731,0.652184009552002,2-methoxy-4-nitroaniline,COC1=C(C=CC(=C1)[N+](=O)[O-])N,bimog_n_only,168.152,152.074,0.09561587135448868,1,12,0,0,2,True,1
V0,0,258,0.03159533068537712,1.0298821926116943,quinineethylcarbonate,CCOC(=O)OC(C1CC2CCN1CC2C=C)C3=C4C=C(C=CC4=NC=C3)OC,bimog_n_only,396.48699999999997,369.3928000000001,0.06833565791564389,2,29,0,0,2,True,2
V0,0,262,0.013392606750130653,0.03134191036224365,amobarbital,CCC1(C(=O)NC(=O)NC1=O)CCC(C)C,bimog_n_only,226.27599999999998,199.208,0.11962382223479284,2,16,0,0,2,True,2
V0,0,266,0.007606710307300091,0.03371468186378479,isobutylbromide,CC(C)CBr,bimog_hal_only,137.01999999999998,57.112,0.5831849365056195,1,5,1,0,0,True,0
V0,0,267,0.012409324757754803,0.04524296522140503,isoamylbromide,CC(C)CCBr,bimog_hal_only,151.047,71.138,0.529034009281879,1,6,1,0,0,True,0
V0,0,271,0.016291335225105286,0.0648474469780922,tert-butyl-chloride,CC(C)(C)Cl,bimog_hal_only,92.569,57.112,0.3830331968585595,1,5,1,0,0,True,0
V0,0,272,0.03637136146426201,0.05267850682139397,1 -bromopropane,CCCBr,bimog_hal_only,122.993,43.086,0.6496873805826348,1,4,1,0,0,True,0
V0,0,273,0.015038716606795788,0.049197107553482056,1-iodobutane,CCCCI,bimog_hal_only,184.01999999999998,57.112,0.6896424301706336,1,5,1,0,0,True,0
V0,0,277,0.2626520097255707,1.5260981321334839,trichloroethylene,ClC=C(Cl)Cl,bimog_hal_only,131.389,25.028,0.8095122118289964,3,5,3,0,0,True,0
V0,0,279,0.06886639446020126,1.4684330224990845,griseofulvin,CC1CC(=O)C=C(C12C(=O)C3=C(O2)C(=C(C=C3OC)OC)Cl)OC,bimog_hal_only,352.77,319.148,0.09530855798395543,1,24,1,0,0,True,0
V0,0,283,0.006207502447068691,0.05464545637369156,4-chloroaniline,C1=CC(=CC=C1N)Cl,bimog_n_and_hal,127.574,76.09200000000001,0.4035461771207298,2,8,1,0,1,True,1
V0,0,287,0.016412606462836266,0.07192675769329071,3-trifluoromethylaniline,C1=CC(=CC(=C1)N)C(F)(F)F,bimog_n_and_hal,161.126,88.102,0.45321053088886953,4,11,3,0,1,True,1
V0,0,297,0.020314520224928856,0.712646484375,chlormadinone acetate,CC(=O)C1(CCC2C1(CCC3C2C=C(C4=CC(=O)CCC34C)Cl)C)OC(=O)C,bimog_hal_only,404.93399999999997,369.33799999999997,0.08790568339531879,1,28,1,0,0,True,0
V0,0,308,0.010302575305104256,0.11788973957300186,"n-(r-1-phenylethyl)-2,2’-diphenic imide",CC(c1ccccc1)n4c(=O)c2ccccc2c3ccccc3c4=O,bimog_n_only,327.383,311.30400000000003,0.049113729179584675,1,25,0,0,1,True,1
V0,0,309,0.011682866141200066,0.176930770277977,"n-(r-1-phenylethyl)-4-nitro-1,8-naphthalimide",CC(c1ccccc1)n2c(=O)c4cccc3c(N(=O)=O)ccc(c2=O)c34,bimog_n_only,346.342,330.25,0.04646274491687408,1,26,0,0,2,True,1
V0,0,324,0.025649774819612503,0.5088097453117371,"9,9-bis(p-hydroxyphenyl)fluorene",Oc5ccc(C4(c1ccc(O)cc1)c2ccccc2c3ccccc34)cc5,cho,350.417,350.358,0.0001683708267576911,0,27,0,0,0,False,0
V0,0,325,0.02799016796052456,0.34822672605514526,"9,9-bis(p-aminophenyl)fluorene",Nc5ccc(C4(c1ccc(N)cc1)c2ccccc2c3ccccc34)cc5,bimog_n_only,348.44899999999996,316.37800000000004,0.09203929412912626,2,27,0,0,2,True,2
V0,0,331,0.04091484099626541,0.7371736764907837,prednisone,CC12CC(=O)C3C(C1CCC2(C(=O)CO)O)CCC4=CC(=O)C=CC34C,cho,358.43399999999997,359.3,-0.0024160654402205495,0,26,0,0,0,False,0
V0,0,333,0.05685814097523689,1.1347506046295166,warfarin,CC(=O)CC(C1=CC=CC=C1)C2=C(C3=CC=CC=C3OC2=O)O,cho,308.33299999999997,310.2540000000001,-0.00623027700570522,0,23,0,0,0,False,0
V0,0,337,0.04984542354941368,0.6453341245651245,fluorescamin,C1=CC=C(C=C1)C2=COC3(C2=O)C4=CC=CC=C4C(=O)O3,cho,278.263,295.2468,-0.06103506395029168,0,21,0,0,0,False,0
V0,0,345,0.02618381939828396,0.2790956497192383,Glafenine,C1=CC=C(C(=C1)C(=O)OCC(CO)O)NC2=C3C=CC(=CC3=NC=C2)Cl,bimog_n_and_hal,372.808,309.3088,0.17032681702109387,3,26,1,0,2,True,2
V0,0,351,0.015692632645368576,0.43724316358566284,Loratadine,CCOC(=O)N1CCC(=C2C3=C(CCC4=C2N=CC=C4)C=C(C=C3)Cl)CC1,bimog_n_and_hal,382.89099999999996,320.39480000000003,0.1632219091072915,3,27,1,0,2,True,2
V0,0,360,0.035444676876068115,0.4421948790550232,Linaprazan,CC1=C(C(=CC=C1)C)CNC2=CC(=CN3C2=NC(=C3C)C)C(=O)NCCO,bimog_n_only,366.465,339.34000000000003,0.07401798261771231,2,27,0,0,4,True,2
V0,0,364,0.021992921829223633,0.31090015172958374,Aceclofenac,C1=CC=C(C(=C1)CC(=O)OCC(=O)O)NC2=C(C=CC=C2Cl)Cl,bimog_n_and_hal,354.189,268.202,0.24277151464331193,3,23,2,0,1,True,1
V0,0,9,0.009441102854907513,0.059995781630277634,ethylenglycol,OCCO,cho,62.068,62.068,0.0,0,4,0,0,0,False,0
V0,0,12,0.05429206043481827,0.5289084315299988,flopropione,CCC(=O)C1=C(C=C(C=C1O)O)O,cho,182.17499999999998,182.08,0.0005214766021680584,0,13,0,0,0,False,0
V0,0,13,0.004880059976130724,0.031021039932966232,2-methyl-1-propanol,CC(C)CO,cho,74.12299999999999,74.11999999999999,4.047326740685975e-05,0,5,0,0,0,False,0
V0,0,14,0.00564096262678504,0.021098852157592773,n-hexanol,CCCCCCO,cho,102.17699999999999,102.172,4.8934691760371685e-05,0,7,0,0,0,False,0
V0,0,16,0.0745413675904274,0.21238835155963898,benzyl alcohol,c1ccc(cc1)CO,cho,108.14,108.134,5.548363232843467e-05,0,8,0,0,0,False,0
V0,0,22,0.006406283471733332,0.009884696453809738,2-ethyl-1-hexanol,CCCCC(CC)CO,cho,130.231,130.22400000000002,5.37506430878798e-05,0,9,0,0,0,False,0
V0,0,24,0.08074293285608292,0.2195480763912201,2-phenyl-1-ethanol,c1ccc(cc1)CCO,cho,122.167,122.16000000000001,5.7298615829037836e-05,0,9,0,0,0,False,0
V0,0,29,0.007628011517226696,0.06702188402414322,2-methylpentane,CCCC(C)C,cho,86.178,86.172,6.962333774285234e-05,0,6,0,0,0,False,0
V0,0,33,0.01589130237698555,0.10612187534570694,o-terphenyl,C1=CC=C(C=C1)C2=CC=CC=C2C3=CC=CC=C3,cho,230.30999999999997,230.29200000000003,7.815552950352078e-05,0,18,0,0,0,False,0
V0,0,37,0.009389370679855347,0.06327585875988007,n-pentylbenzene,CCCCCC1=CC=CC=C1,cho,148.249,148.238,7.419948869802351e-05,0,11,0,0,0,False,0
V0,0,39,0.007237227167934179,0.05285459756851196,sec-butylbenzene,CCC(C)C1=CC=CC=C1,cho,134.22199999999998,134.212,7.450343460824183e-05,0,10,0,0,0,False,0
V0,0,44,0.008138515055179596,0.043979670852422714,ethylcyclohexane,CCC1CCCCC1,cho,112.216,112.20800000000001,7.129108148551389e-05,0,8,0,0,0,False,0
V0,0,47,0.008961699903011322,0.04714203253388405,n-butylcyclohexane,CCCCC1CCCCC1,cho,140.26999999999998,140.26,7.129108148562491e-05,0,10,0,0,0,False,0
V0,0,49,0.012113956734538078,0.0866207629442215,n-hexylcyclohexane,CCCCCCC1CCCCC1,cho,168.32399999999998,168.31199999999998,7.129108148573593e-05,0,12,0,0,0,False,0
V0,0,50,0.009064750745892525,0.12745502591133118,trans-2-hexene,CCCC=CC,cho,84.16199999999999,84.12,0.0004990375703998184,0,6,0,0,0,False,0
V0,0,59,0.11705901473760605,1.4999172687530518,propylencarbonate,CC1COC(=O)O1,cho,102.089,103.06080000000001,-0.009519145059702971,0,7,0,0,0,False,0
V0,0,61,0.005138049367815256,0.16061413288116455,sucrose,C(C1C(C(C(C(O1)OC2(C(C(C(O2)CO)O)O)CO)O)O)O)O,cho,342.297,342.242,0.0001606791762709392,0,23,0,0,0,False,0
V0,0,62,0.012691421434283257,0.08042978495359421,trehalose,C(C1C(C(C(C(O1)OC2C(C(C(C(O2)CO)O)O)O)O)O)O)O,cho,342.297,342.242,0.0001606791762709392,0,23,0,0,0,False,0
V0,0,63,0.006109120324254036,0.07448621094226837,dioctylphthalat,CCCCCCCCOC(=O)C1=CC=CC=C1C(=O)OCCCCCCCC,cho,390.56399999999996,392.5256,-0.0050224803105254345,0,28,0,0,0,False,0
V0,0,71,0.04487559199333191,1.456690788269043,dianin’s compound,CC1(CC(C2=CC=CC=C2O1)(C)C3=CC=C(C=C3)O)COc1ccc(cc1)C2(c3c(OC(C2)(C)C)cccc3)C,cho,534.696,536.6268000000001,-0.0036110238341040546,0,40,0,0,0,False,0
V0,0,75,0.010001801885664463,0.1293741911649704,cholesterol,CC(C)CCCC(C)C1CCC2C1(CCC3C2CC=C4C3(CCC(C4)O)C)C,cho,386.664,386.63800000000003,6.724184304707226e-05,0,28,0,0,0,False,0
V0,0,80,0.026057159528136253,0.5789617896080017,epoxypropane,CC1CO1,cho,58.08,58.0788,2.0661157024703947e-05,0,4,0,0,0,False,0
V0,0,88,0.004309067968279123,0.04637875035405159,m-cresol,CC1=CC(=CC=C1)O,cho,108.14,108.11600000000001,0.0002219345293137387,0,8,0,0,0,False,0
V0,0,91,0.006650152150541544,0.1733800619840622,norethylnodrel,CC12CCC3C(C1CCC2(C#C)O)CCC4=C3CCC(=O)C4,cho,298.426,298.37200000000007,0.00018094938108581538,0,22,0,0,0,False,0
V0,0,92,0.011356963776051998,1.0511020421981812,beta-estradiol-3-benzoate,CC12CCC3C(C1CCC2O)CCC4=C3C=CC(=C4)OC(=O)C5=CC=CC=C5,cho,376.496,378.47280000000006,-0.005250520589860308,0,28,0,0,0,False,0
V0,0,105,0.010022145695984364,0.2746211886405945,progesterone,CC(=O)C1CCC2C1(CCC3C2CCC4=CC(=O)CCC34C)C,cho,314.469,314.37,0.0003148164047965807,0,23,0,0,0,False,0
V0,0,120,0.013582201674580574,0.05092503875494003,3-methyl-3-heptanol,CCCCC(C)(CC)O,cho,130.231,130.22400000000002,5.37506430878798e-05,0,9,0,0,0,False,0
V0,0,122,0.033707939088344574,0.5259203910827637,diethylether,CCOCC,cho,74.12299999999999,74.1208,2.968039609818618e-05,0,5,0,0,0,False,0
V0,0,146,0.008857094682753086,0.06794581562280655,3-methylpentane,CCC(C)CC,cho,86.178,86.172,6.962333774285234e-05,0,6,0,0,0,False,0
V0,0,149,0.005073948297649622,0.018584493547677994,"1,4-pentanediol",CC(CCCO)O,cho,104.149,104.14599999999999,2.8804885308653105e-05,0,7,0,0,0,False,0
V0,0,153,0.19714607298374176,1.226337194442749,2-methyltetrahydrofuran,CC1CCCO1,cho,86.134,86.104,0.0003482945178443497,0,6,0,0,0,False,0
V0,0,155,0.00957005936652422,0.04830855131149292,n-butylbenzene,CCCCC1=CC=CC=C1,cho,134.22199999999998,134.212,7.450343460824183e-05,0,10,0,0,0,False,0
V0,0,164,0.003723896574229002,0.039594028145074844,"2,2-dimethyl-1-butanol",CCC(C)(C)CO,cho,102.17699999999999,102.172,4.8934691760371685e-05,0,7,0,0,0,False,0
V0,0,168,0.005944422446191311,0.01665075495839119,3-hexanol,CCCC(CC)O,cho,102.17699999999999,102.172,4.8934691760371685e-05,0,7,0,0,0,False,0
V0,0,172,0.004271255806088448,0.04540924355387688,3-methyl-4-nonanol,CCCCCC(C(C)CC)O,cho,158.285,158.276,5.6859462362113256e-05,0,11,0,0,0,False,0
V0,0,181,0.0055769565515220165,0.012517208233475685,n-heptanol,CCCCCCCO,cho,116.204,116.198,5.1633334480771786e-05,0,8,0,0,0,False,0
V0,0,188,0.023233622312545776,0.9215335845947266,maltotetraose,C(C1C(C(C(C(O1)OC2C(OC(C(C2O)O)OC3C(OC(C(C3O)O)OC4C(OC(C(C4O)O)O)CO)CO)CO)O)O)O)O,cho,666.579,666.4499999999999,0.000193525448596521,0,45,0,0,0,False,0
V0,0,189,0.005062350071966648,0.1256667971611023,malic acid,C(C(C(=O)O)O)C(=O)O,cho,134.087,134.052,0.00026102455868204366,0,9,0,0,0,False,0
V0,0,190,0.030369147658348083,0.18861959874629974,pinonic acid,CC(=O)C1CC(C1(C)C)CC(=O)O,cho,184.23499999999999,184.166,0.000374521670692296,0,13,0,0,0,False,0
V0,0,191,0.009714973159134388,0.05563085526227951,"2-methylbutane-1,2,3,4-tetraol",CC(CO)(C(CO)O)O,cho,136.147,136.146,7.345002093317454e-06,0,9,0,0,0,False,0
V0,0,192,0.025138283148407936,0.3165636658668518,"1,2-isopooh",C=C(C)C(CO)OO,cho,118.132,118.09400000000001,0.0003216740595266554,0,8,0,0,0,False,0
V0,0,199,0.005711977370083332,0.07614468783140182,"1,2,6-hexanetriol",C(CCO)CC(CO)O,cho,134.175,134.17200000000003,2.2358859698035083e-05,0,9,0,0,0,False,0
V0,0,202,0.00916585884988308,0.0658264309167862,"3-methyl-1,3,5-pentanetriol",CC(CCO)(CCO)O,cho,134.175,134.17200000000003,2.2358859698035083e-05,0,9,0,0,0,False,0
V0,0,204,0.008732388727366924,0.10005895048379898,gentiobiose,C(C1C(C(C(C(O1)OCC2C(C(C(C(O2)O)O)O)O)O)O)O)O,cho,342.297,342.2608,0.00010575611238194949,0,23,0,0,0,False,0
V0,0,211,0.029114603996276855,0.7602154016494751,maltohexaose,C(C1C(C(C(C(O1)OC2C(OC(C(C2O)O)OC3C(OC(C(C3O)O)OC4C(OC(C(C4O)O)OC5C(OC(C(C5O)O)OC6C(OC(C(C6O)O)O)CO)CO)CO)CO)CO)O)O)O)O,cho,990.861,990.658,0.0002048723282074283,0,67,0,0,0,False,0
V0,0,212,0.02928195521235466,1.02838134765625,maltopentaose,C(C1C(C(C(C(O1)OC2C(OC(C(C2O)O)OC3C(OC(C(C3O)O)OC4C(OC(C(C4O)O)OC5C(OC(C(C5O)O)O)CO)CO)CO)CO)O)O)O)O,cho,828.72,828.554,0.0002003089101265676,0,56,0,0,0,False,0
V0,0,213,0.020913708955049515,0.43745285272598267,maltotriose,C(C1C(C(C(C(O1)OC2C(OC(C(C2O)O)OC3C(OC(C(C3O)O)O)CO)CO)O)O)O)O,cho,504.438,504.34600000000006,0.00018238118460534025,0,34,0,0,0,False,0
V0,0,214,0.01098897960036993,0.08052782714366913,nigerose,C(C1C(C(C(C(O1)O)O)OC2C(C(C(C(O2)CO)O)O)O)O)O,cho,342.297,342.242,0.0001606791762709392,0,23,0,0,0,False,0
V0,0,222,0.012470203451812267,0.07766707241535187,cyclooctanol,C1CCCC(CCC1)O,cho,128.215,128.20800000000003,5.459579612354659e-05,0,9,0,0,0,False,0
V0,0,224,0.009379965253174305,0.08920176327228546,2-methylbutane,CCC(C)C,cho,72.151,72.146,6.929910881336987e-05,0,5,0,0,0,False,0
V0,0,230,0.018885929137468338,0.03511742874979973,2-naphthylamine,C1=CC=C2C=C(C=CC2=C1)N,bimog_n_only,143.189,127.15600000000002,0.11197089161876939,1,11,0,0,1,True,1
V0,0,244,0.020476583391427994,0.07704062759876251,methyl n-phenylcarbamate,COC(=O)NC1=CC=CC=C1,bimog_n_only,151.165,137.1,0.0930440247411769,1,11,0,0,1,True,1
V0,0,245,0.012807788327336311,0.22403249144554138,ethyl n-phenylcarbamate,CCOC(=O)NC1=CC=CC=C1,bimog_n_only,165.192,151.16080000000002,0.08493873795341167,1,12,0,0,1,True,1
V0,0,247,0.06802544742822647,1.7701622247695923,dibucaine,CCCCOC1=NC2=CC=CC=C2C(=C1)C(=O)NCCN(CC)CC,bimog_n_only,343.471,316.38880000000006,0.07884857819146285,2,25,0,0,3,True,2
V0,0,248,0.025833675637841225,0.16834494471549988,proxyphylline,CC(CN1C=NC2=C1C(=O)N(C(=O)N2C)C)O,bimog_n_only,238.24699999999999,184.192,0.22688638261971816,4,17,0,0,4,True,4
V0,0,252,0.05176272243261337,0.1919085681438446,diphylline,CN1C2=C(C(=O)N(C1=O)C)N(C=N2)CC(CO)O,bimog_n_only,254.24599999999998,200.192,0.21260511473140176,4,18,0,0,4,True,4
V0,0,254,0.02635345421731472,0.11390793323516846,phenobarbital,CCC1(C(=O)NC(=O)NC1=O)C2=CC=CC=C2,bimog_n_only,232.239,205.17000000000002,0.11655665069174426,2,17,0,0,2,True,2
V0,0,268,0.00761612132191658,0.04250933602452278,3-bromopentane,CCC(Br)CC,bimog_hal_only,151.047,71.138,0.529034009281879,1,6,1,0,0,True,0
V0,0,284,0.01833551749587059,0.08541855961084366,"3,4-dichloroaniline",C1=CC(=C(C=C1N)Cl)Cl,bimog_n_and_hal,162.019,75.08400000000002,0.5365728710830211,3,9,2,0,1,True,1
V0,0,285,0.0067599317990243435,0.030111515894532204,2-chloroaniline,C1=CC=C(C(=C1)N)Cl,bimog_n_and_hal,127.574,76.09200000000001,0.4035461771207298,2,8,1,0,1,True,1
V0,0,289,0.01743301749229431,0.07243122905492783,m-fluorophenol,C1=CC(=CC(=C1)F)O,bimog_hal_only,112.103,93.082,0.1696743173688483,1,8,1,0,0,True,0
V0,0,296,0.01093602366745472,0.1303570568561554,spironolactone,CC(=O)SC1CC2=CC(=O)CCC2(C3C1C4CCC5(C4(CC3)C)CCC(=O)O5)C,cho,416.58299999999997,384.38,0.07730272238665514,1,29,0,1,0,True,1
V0,0,299,0.036533962935209274,0.6278370022773743,sulphisoxazole,CC1=C(ON=C1C)NS(=O)(=O)C2=CC=C(C=C2)N,bimog_n_only,267.31,200.1488,0.2512483633234821,4,18,0,1,3,True,4
V0,0,304,0.04305673763155937,0.8607450723648071,probucol,CC(C)(C)C1=CC(=CC(=C1O)C(C)(C)C)SC(C)(C)SC2=CC(=C(C(=C2)C(C)(C)C)O)C(C)(C)C,cho,516.857,452.658,0.1242103715340993,2,35,0,2,0,True,2
V0,0,306,0.035687725991010666,0.3315458595752716,n-(s-1-naphthylethyl)-tetrachlorophthalimide,CC(c2ccc1ccccc1c2)n4c(=O)c3c(Cl)c(Cl)c(Cl)c(Cl)c3c4=O,bimog_n_and_hal,439.125,281.236,0.3595536578423001,5,27,4,0,1,True,1
V0,0,313,0.04600096866488457,0.3336319029331207,"n-(1,2,3,4-tetrahydro-1-naphthyl)-tetrachlorophthalimide",O=c2c1c(Cl)c(Cl)c(Cl)c(Cl)c1c(=O)n2c3cccc4ccccc34,bimog_n_and_hal,411.071,281.236,0.31584568115970235,5,25,4,0,1,True,1
V0,0,335,0.011680123396217823,0.14440232515335083,nandrolone,CC12CCC3C(C1CCC2O)CCC4=CC(=O)CCC34,cho,274.404,274.35200000000003,0.00018950161076358718,0,20,0,0,0,False,0
V0,0,341,0.1000271663069725,2.6465163230895996,Bucindolol,CC(C)(CC1=CNC2=CC=CC=C21)NCC(COC3=CC=CC=C3C#N)O,bimog_n_only,363.46099999999996,334.37880000000007,0.08001463705872125,2,27,0,0,3,True,2
V0,0,348,0.020307499915361404,0.09861762076616287,Diazepam,CN1C(=O)CN=C(C2=C1C=CC(=C2)Cl)C3=CC=CC=C3,bimog_n_and_hal,284.746,221.22800000000004,0.22306898077584913,3,20,1,0,2,True,2
V0,0,350,0.0821961835026741,3.4449563026428223,Carvedilol,COC1=CC=CC=C1OCCNCC(COC2=CC=CC3=C2C4=CC=CC=C4N3)O,bimog_n_only,406.48199999999997,391.3736000000001,0.037168681516032365,1,30,0,0,2,True,1
V0,0,356,0.028244484215974808,0.18019115924835205,Clofoctol,CC(C)(C)CC(C)(C)C1=CC(=C(C=C1)O)CC2=C(C=C(C=C2)Cl)Cl,bimog_hal_only,365.344,294.40000000000003,0.19418411141280534,2,24,2,0,0,True,0
V0,0,359,0.05495411902666092,0.4581466615200043,Orlistat,CCCCCCCCCCCC(CC1C(C(=O)O1)CCCCCC)OC(=O)C(CC(C)C)NC=O,bimog_n_only,495.745,497.61400000000003,-0.0037700834098175484,0,35,0,0,1,False,0
V0,0,362,0.022246597334742546,0.11296822130680084,Acemetacin,CC1=C(C2=C(N1C(=O)C3=CC=C(C=C3)Cl)C=CC(=C2)OC)CC(=O)OCC(=O)O,bimog_n_and_hal,415.829,367.256,0.11681003489415132,2,29,1,0,1,True,1
V0,0,18,0.07221364974975586,0.26304537057876587,resorcinol,c1cc(cc(c1)O)O,cho,110.112,110.072,0.000363266492298675,0,8,0,0,0,False,0
V0,0,19,0.008612536825239658,0.07822172343730927,phenyl-salicylate,O=C(Oc2ccccc2)c1c(O)cccc1,cho,214.22,229.2088,-0.0699691905517692,0,16,0,0,0,False,0
V0,0,21,0.03386818617582321,0.21927399933338165,diethylphthalat,CCOC(=O)c1ccccc1C(=O)OCC,cho,222.23999999999998,224.2136,-0.008880489560835203,0,16,0,0,0,False,0
V0,0,28,0.009242376312613487,0.04696118086576462,m-xylene,CC1=CC(=CC=C1)C,cho,106.16799999999999,106.16000000000001,7.535227187083215e-05,0,8,0,0,0,False,0
V0,0,34,0.012363635003566742,0.05185413360595703,toluol,Cc1ccccc1,cho,92.14099999999999,92.13400000000001,7.597052343666366e-05,0,7,0,0,0,False,0
V0,0,43,0.008294080384075642,0.0898582711815834,methylcyclohexane,CC1CCCCC1,cho,98.189,98.182,7.129108148562491e-05,0,7,0,0,0,False,0
V0,0,54,0.015407508239150047,0.12362470477819443,4-methylnonane,CCCCCC(C)CCC,cho,142.286,142.276,7.028098337147348e-05,0,10,0,0,0,False,0
V0,0,55,0.008704069070518017,0.23115333914756775,2-isopropoxyethanol,CC(C)OCCO,cho,104.149,104.1468,2.112358255956792e-05,0,7,0,0,0,False,0
V0,0,76,0.026820719242095947,0.23313741385936737,beta-d-glucosepentaacetate,CC(=O)OCC1C(C(C(C(O1)OC(=O)C)OC(=O)C)OC(=O)C)OC(=O)C,cho,390.341,390.098,0.0006225326061058967,0,27,0,0,0,False,0
V0,0,78,0.04645105451345444,1.1929528713226318,"4,4’-dimethoxytetraphenylmethane",COc4ccc(C(c1ccccc1)(c2ccccc2)c3ccc(OC)cc3)cc4,cho,380.48699999999997,380.394,0.00024442359397292,0,29,0,0,0,False,0
V0,0,81,0.07219485938549042,0.2412082850933075,n-butylacetate,CCCCOC(=O)C,cho,116.16,116.11200000000001,0.00041322314049574427,0,8,0,0,0,False,0
V0,0,86,0.006269893608987331,0.09533647447824478,"1,3-butanediol",CC(CCO)O,cho,90.122,90.12,2.2192139544130463e-05,0,6,0,0,0,False,0
V0,0,93,0.006315676029771566,0.0584644079208374,ursodeoxycholic acid,CC(CCC(=O)O)C1CCC2C1(CCC3C2C(CC4C3(CCC(C4)O)C)O)C,cho,392.58,392.542,9.679555759334324e-05,0,28,0,0,0,False,0
V0,0,95,0.01306149922311306,0.4437985420227051,cholic acid,CC(CCC(=O)O)C1CCC2C1(C(CC3C2C(CC4C3(CCC(C4)O)C)O)O)C,cho,408.579,408.54200000000003,9.055776239108582e-05,0,29,0,0,0,False,0
V0,0,100,0.0359504334628582,0.5184506773948669,dehydrocholic acid,CC(CCC(=O)O)C1CCC2C1(C(=O)CC3C2C(=O)CC4C3(CCC(=O)C4)C)C,cho,402.531,403.394,-0.002143934255995239,0,29,0,0,0,False,0
V0,0,103,0.02575034461915493,0.4929773211479187,aspirin,CC(=O)OC1=CC=CC=C1C(=O)O,cho,180.159,180.09200000000004,0.00037189371610601984,0,13,0,0,0,False,0
V0,0,111,0.011154165491461754,0.06388235092163086,2-octanol,CCCCCCC(C)O,cho,130.231,130.22400000000002,5.37506430878798e-05,0,9,0,0,0,False,0
V0,0,115,0.008778276853263378,0.04841110110282898,2-methyl-2-propanol,CC(C)(C)O,cho,74.12299999999999,74.12,4.04732674066377e-05,0,5,0,0,0,False,0
V0,0,117,0.00715646892786026,0.04465155676007271,2-methyl-2-heptanol,CCCCCC(C)(C)O,cho,130.231,130.22400000000002,5.37506430878798e-05,0,9,0,0,0,False,0
V0,0,125,0.02060658112168312,0.1350865513086319,methylethylketone,CCC(=O)C,cho,72.107,72.06000000000002,0.0006518091170064633,0,5,0,0,0,False,0
V0,0,132,0.06319526582956314,0.5615335702896118,3-methoxy-1-butanol,CC(CCO)OC,cho,104.149,104.112,0.0003552602521388337,0,7,0,0,0,False,0
V0,0,134,0.00320978881791234,0.016117781400680542,2-methyl-1-butanol,CCC(C)CO,cho,88.14999999999999,88.146,4.537719795794093e-05,0,6,0,0,0,False,0
V0,0,137,0.004697829484939575,0.018943486735224724,4-methyl-2-pentanol,CC(C)CC(C)O,cho,102.17699999999999,102.172,4.8934691760371685e-05,0,7,0,0,0,False,0
V0,0,139,0.004499548114836216,0.028024232015013695,3-methyl-4-hexanol,CCC(C)C(CC)O,cho,116.204,116.198,5.1633334480771786e-05,0,8,0,0,0,False,0
V0,0,144,0.004587908275425434,0.014258434996008873,2-methyl-1-heptanol,CCCCCC(C)CO,cho,130.231,130.22400000000002,5.37506430878798e-05,0,9,0,0,0,False,0
V0,0,151,0.004310265649110079,0.06807046383619308,"1,5-hexanediol",CC(CCCCO)O,cho,118.176,118.172,3.384782020043886e-05,0,8,0,0,0,False,0
V0,0,152,0.005585499573498964,0.052785515785217285,iso-eugenol,CC=CC1=CC(=C(C=C1)O)OC,cho,164.204,164.108,0.0005846386202529308,0,12,0,0,0,False,0
V0,0,157,0.00510203605517745,0.025277018547058105,cycloheptanol,C1CCCC(CC1)O,cho,114.18799999999999,114.182,5.254492591155735e-05,0,8,0,0,0,False,0
V0,0,166,0.00811272207647562,0.0257162693887949,"2,2-dimethyl-1-hexanol",CCCCC(C)(C)CO,cho,130.231,130.22400000000002,5.37506430878798e-05,0,9,0,0,0,False,0
V0,0,178,0.0064550237730145454,0.02353212609887123,n-butanol,CCCCO,cho,74.12299999999999,74.11999999999999,4.047326740685975e-05,0,5,0,0,0,False,0
V0,0,186,0.014755239710211754,0.13481128215789795,"2,4,6-trimethylheptane",CC(C)CC(C)CC(C)C,cho,142.286,142.276,7.028098337147348e-05,0,10,0,0,0,False,0
V0,0,194,0.014234687201678753,0.1600455939769745,pinic acid,CC1(C(CC1C(=O)O)CC(=O)O)C,cho,186.207,186.166,0.00022018506286014539,0,13,0,0,0,False,0
V0,0,198,0.004337581805884838,0.03704538196325302,"1,2,7-heptanetriol",C(CCC(CO)O)CCO,cho,148.202,148.198,2.6990189066156134e-05,0,10,0,0,0,False,0
V0,0,226,0.1607576608657837,0.2407819926738739,acetaldehyd,CC=O,cho,44.053,44.034000000000006,0.0004312986629739779,0,3,0,0,0,False,0
V0,0,229,0.00951470248401165,0.040501274168491364,1-naphthylamine,C1=CC=C2C(=C1)C=CC=C2N,bimog_n_only,143.189,127.15600000000002,0.11197089161876939,1,11,0,0,1,True,1
V0,0,235,0.07267932593822479,0.8391305208206177,4-nitroaniline,C1=CC(=CC=C1N)[N+](=O)[O-],bimog_n_only,138.126,122.082,0.11615481516875903,1,10,0,0,2,True,1
V0,0,237,0.05191905423998833,0.8252097368240356,2-nitroaniline,C1=CC=C(C(=C1)N)[N+](=O)[O-],bimog_n_only,138.126,122.082,0.11615481516875903,1,10,0,0,2,True,1
V0,0,238,0.06222276762127876,0.8246447443962097,3-nitroaniline,C1=CC(=CC(=C1)[N+](=O)[O-])N,bimog_n_only,138.126,122.082,0.11615481516875903,1,10,0,0,2,True,1
V0,0,250,0.05739593505859375,0.4978112280368805,nialamide,C1=CC=C(C=C1)CNC(=O)CCNNC(=O)C2=CC=NC=C2,bimog_n_only,298.346,270.182,0.09440046120946821,2,22,0,0,4,True,2
V0,0,256,0.09921884536743164,0.40746545791625977,antipyrine,CC1=CC(=O)N(N1C)C2=CC=CC=C2,bimog_n_only,188.23,161.196,0.14362216437337294,2,14,0,0,2,True,2
V0,0,261,0.014680532738566399,0.3447113037109375,hexobarbital,CC1(C(=O)NC(=O)N(C1=O)C)C2=CCCCC2,bimog_n_only,236.271,210.21,0.11030130655052872,2,17,0,0,2,True,2
V0,0,264,0.056131236255168915,0.2137994021177292,dimethyl acetamide,CC(=O)N(C)C,bimog_n_only,87.122,73.06800000000001,0.16131401942104162,1,6,0,0,1,True,1
V0,0,282,0.07113109529018402,0.8013036847114563,2-chloro-4-nitroaniline,C1=CC(=C(C=C1[N+](=O)[O-])Cl)N,bimog_n_and_hal,172.571,121.07400000000001,0.29841050929762236,2,11,1,0,2,True,1
V0,0,288,0.020312795415520668,0.06017721816897392,o-fluoroaniline,C1=CC=C(C(=C1)N)F,bimog_n_and_hal,111.119,76.09200000000001,0.3152206193360271,2,8,1,0,1,True,1
V0,0,293,0.009417089633643627,0.17884469032287598,flufenamic acid,C1=CC=C(C(=C1)C(=O)O)NC2=CC=CC(=C2)C(F)(F)F,bimog_n_and_hal,281.233,209.194,0.2561541497619412,4,20,3,0,1,True,1
V0,0,298,0.025582540780305862,0.45934024453163147,indomethacin,CC1=C(C2=C(N1C(=O)C3=CC=C(C=C3)Cl)C=CC(=C2)OC)CC(=O)O,bimog_n_and_hal,357.793,309.256,0.13565665063318744,2,25,1,0,1,True,1
V0,0,301,0.025546813383698463,0.23764300346374512,sulphathiazole,C1=CC(=CC=C1N)S(=O)(=O)NC2=NC=CS2,bimog_n_only,255.32399999999998,172.138,0.3258056430261158,5,16,0,2,3,True,5
V0,0,302,0.060847390443086624,0.9473655819892883,sulphadimethoxine,COC1=NC(=NC(=C1)NS(=O)(=O)C2=CC=C(C=C2)N)OC,bimog_n_only,310.335,245.14,0.2100794302930704,5,21,0,1,4,True,5
V0,0,307,0.017612328752875328,0.15169858932495117,"n-(s-1-naphthylethyl)-2,2’-diphenic imide",CC(c2ccc1ccccc1c2)n5c(=O)c3ccccc3c4ccccc4c5=O,bimog_n_only,377.443,361.36,0.042610407399262806,1,29,0,0,1,True,1
V0,0,311,0.034060899168252945,0.10913252830505371,n-(r-1-phenylethyl)-3-nitrophthalimide,CC(c1ccccc1)n3c(=O)c2cccc(N(=O)=O)c2c3=O,bimog_n_only,296.282,280.194,0.05429961995666277,1,22,0,0,2,True,1
V0,0,315,0.0558922104537487,1.309218406677246,"1,3-dinitro-4,6-bis-(r-l’-phenylethylamino)benzene",CC(Nc2cc(NC(C)c1ccccc1)c(N(=O)=O)cc2N(=O)=O)c3ccccc3,bimog_n_only,406.442,406.324,0.000290324326718161,0,30,0,0,4,False,0
V0,0,321,0.022744949907064438,0.12391562759876251,n-(1-phenylethyl)-n’-(p-nitrophenyl)urea,CC(NC(=O)Nc1ccc(N(=O)=O)cc1)c2ccccc2,bimog_n_only,285.303,271.216,0.04937557614185617,1,21,0,0,3,True,1
V0,0,326,0.024026917293667793,0.33995571732521057,anilinephthalein,Nc4ccc(C3(c1ccc(N)cc1)OC(=O)c2ccccc23)cc4,bimog_n_only,316.36,286.27600000000007,0.09509419648501694,2,24,0,0,2,True,2
V0,0,330,0.033270757645368576,0.5455501675605774,budesonide,CCCC1OC2CC3C4CCC5=CC(=O)C=CC5(C4C(CC3(C2(O1)C(=O)CO)C)O)C,cho,430.541,432.4120000000001,-0.0043456952996348,0,31,0,0,0,False,0
V0,0,332,0.013349130749702454,0.3085152506828308,hydrocortisone,CC12CCC(=O)C=C1CCC3C2C(CC4(C3CCC4(C(=O)CO)O)C)O,cho,362.466,362.3780000000001,0.0002427813919095856,0,26,0,0,0,False,0
V0,0,338,0.02441721223294735,0.3905960023403168,ibuprofen,CC(C)CC1=CC=C(C=C1)C(C)C(=O)O,cho,206.285,206.256,0.00014058220423196488,0,15,0,0,0,False,0
V0,0,346,0.023070674389600754,0.18987664580345154,Pimozide,C1CN(CCC1N2C3=CC=CC=C3NC2=O)CCCC(C4=CC=C(C=C4)F)C5=CC=C(C=C5)F,bimog_n_and_hal,461.556,381.494,0.173461075145811,5,34,2,0,3,True,3
V0,0,363,0.05967904254794121,0.551805317401886,Nilutamide,CC1(C(=O)N(C(=O)N1)C2=CC(=C(C=C2)[N+](=O)[O-])C(F)(F)F)C,bimog_n_and_hal,317.223,249.15200000000002,0.2145840623157842,4,22,3,0,3,True,1
V0,0,365,0.04445566609501839,0.3035030961036682,Miconazole,C1=CC(=C(C=C1Cl)Cl)COC(CN2C=CN=C2)C3=C(C=C(C=C3)Cl)Cl,bimog_n_and_hal,416.135,246.2928,0.40814206928040175,6,25,4,0,2,True,2
V0,1,0,0.021362219005823135,0.17027613520622253,glucose,C(C1C(C(C(C(O1)O)O)O)O)O,cho,180.156,180.13800000000003,9.991340837922635e-05,0,12,0,0,0,False,0
V0,1,7,0.007544040679931641,0.032960474491119385,n-propanol,CCCO,cho,60.096,60.093999999999994,3.328008519709602e-05,0,4,0,0,0,False,0
V0,1,11,0.007391214370727539,0.33057183027267456,maltitol,C(C1C(C(C(C(O1)OC(C(CO)O)C(C(CO)O)O)O)O)O)O,cho,344.313,344.276,0.00010746036309983165,0,23,0,0,0,False,0
V0,1,15,0.00441321637481451,0.020707348361611366,n-pentanol,CCCCCO,cho,88.14999999999999,88.146,4.537719795794093e-05,0,6,0,0,0,False,0
V0,1,20,0.05779937654733658,0.6758880615234375,dimethylphthalat,O=C(OC)c1ccccc1C(=O)OC,cho,194.186,196.092,-0.009815331692295093,0,14,0,0,0,False,0
V0,1,31,0.04804351553320885,0.2406024932861328,n-buten,C=CCC,cho,56.108,56.104,7.129108148562491e-05,0,4,0,0,0,False,0
V0,1,36,0.010260092094540596,0.039838921278715134,propylbenzene,CCCC1=CC=CC=C1,cho,120.195,120.18600000000002,7.487832272534689e-05,0,9,0,0,0,False,0
V0,1,38,0.013391340151429176,0.04389222338795662,n-hexylbenzene,CCCCCCC1=CC=CC=C1,cho,162.27599999999998,162.26399999999998,7.394808844196632e-05,0,12,0,0,0,False,0
V0,1,46,0.010698912665247917,0.07887206971645355,sec-butylcyclohexane,CCC(C)C1CCCCC1,cho,140.26999999999998,140.26,7.129108148562491e-05,0,10,0,0,0,False,0
V0,1,48,0.011312013491988182,0.09310919791460037,n-pentylcyclohexane,CCCCCC1CCCCC1,cho,154.297,154.28599999999997,7.129108148584695e-05,0,11,0,0,0,False,0
V0,1,52,0.016512954607605934,0.05918668955564499,cis-2-octene,CCCCCC=CC,cho,112.216,112.172,0.00039210094817132557,0,8,0,0,0,False,0
V0,1,53,0.01209191232919693,0.054985009133815765,3-methylhexane,CCCC(C)CC,cho,100.205,100.19800000000001,6.985679357307539e-05,0,7,0,0,0,False,0
V0,1,60,0.03568064793944359,0.5266774892807007,guajacol,COC1=CC=CC=C1O,cho,124.139,124.082,0.00045916271276558174,0,9,0,0,0,False,0
V0,1,64,0.00967501662671566,0.15847094357013702,naphthylsalyciate,C1=CC=C2C(=C1)C=CC=C2OC(=O)C3=CC=CC=C3O,cho,264.28,279.26480000000004,-0.05670046919933425,0,20,0,0,0,False,0
V0,1,67,0.07557530701160431,0.29643312096595764,methyl(s)(-)lactate,CC(C(=O)OC)O,cho,104.105,105.07600000000001,-0.009327121656020454,0,7,0,0,0,False,0
V0,1,68,0.015975570306181908,0.16074247658252716,(s)-glycerol acetonate,CC1(OCC(O1)CO)C,cho,132.159,132.1388,0.00015284619284339218,0,9,0,0,0,False,0
V0,1,72,0.01845124363899231,0.060532499104738235,4-(1-idianyl)phenol,C1CC2=CC=CC=C2C1C3=CC=C(C=C3)O,cho,210.27599999999998,210.24400000000003,0.00015218094314117803,0,16,0,0,0,False,0
V0,1,74,0.08710417151451111,0.7885503172874451,salicin,C1=CC=C(C(=C1)CO)OC2C(C(C(C(O2)CO)O)O)O,cho,286.28,286.238,0.00014670951515993735,0,20,0,0,0,False,0
V0,1,77,0.017581433057785034,0.13262763619422913,3-pentadecylcyclohexanone,CCCCCCCCCCCCCCCC1CCCC(=O)C1,cho,308.55,308.49399999999997,0.000181494085237488,0,22,0,0,0,False,0
V0,1,82,0.031651146709918976,0.23377075791358948,camphor,CC1(C2CCC1(C(=O)C2)C)C,cho,152.237,152.192,0.0002955917418234755,0,11,0,0,0,False,0
V0,1,83,0.005139727145433426,0.025088155642151833,dibutylphthalat,CCCCOC(=O)C1=CC=CC=C1C(=O)OCCCC,cho,278.348,280.3176,-0.007076034316754631,0,20,0,0,0,False,0
V0,1,84,0.006825103424489498,0.04970543831586838,o-cresol,CC1=CC=CC=C1O,cho,108.14,108.11600000000001,0.0002219345293137387,0,8,0,0,0,False,0
V0,1,85,0.0076512121595442295,0.1046978235244751,isopropranol,CC(C)O,cho,60.096,60.093999999999994,3.328008519709602e-05,0,4,0,0,0,False,0
V0,1,87,0.005922628100961447,0.08544919639825821,"2,3-butanediol",CC(C(C)O)O,cho,90.122,90.12,2.2192139544130463e-05,0,6,0,0,0,False,0
V0,1,94,0.004711117595434189,0.07115139067173004,deoxycholic acid,CC(CCC(=O)O)C1CCC2C1(C(CC3C2CCC4C3(CCC(C4)O)C)O)C,cho,392.58,392.542,9.679555759334324e-05,0,28,0,0,0,False,0
V0,1,96,0.025293782353401184,0.2600729465484619,lactose,C(C1C(C(C(C(O1)OC(C(CO)O)C(C(C=O)O)O)O)O)O)O,cho,342.297,342.242,0.0001606791762709392,0,23,0,0,0,False,0
V0,1,97,0.008992133662104607,0.05039716511964798,diethylhexylphthalat,O=C(OCC(CC)CCCC)C1=CC=CC=C1C(OCC(CC)CCCC)=O,cho,390.56399999999996,392.5256,-0.0050224803105254345,0,28,0,0,0,False,0
V0,1,101,0.0053510540165007114,0.04839715734124184,cellobiose,C(C1C(C(C(C(O1)OC2C(OC(C(C2O)O)O)CO)O)O)O)O,cho,342.297,342.242,0.0001606791762709392,0,23,0,0,0,False,0
V0,1,104,0.0075309304520487785,0.10313291847705841,methyltestosterone,CC12CCC(=O)C=C1CCC3C2CCC4(C3CCC4(C)O)C,cho,302.45799999999997,302.40400000000005,0.0001785371853278983,0,22,0,0,0,False,0
V0,1,112,0.006714912597090006,0.022722315043210983,4-hetpanol,CCCC(CCC)O,cho,116.204,116.198,5.1633334480771786e-05,0,8,0,0,0,False,0
V0,1,119,0.007115262560546398,0.02583911642432213,6-methyl-3-heptanol,CCC(CCC(C)C)O,cho,130.231,130.22400000000002,5.37506430878798e-05,0,9,0,0,0,False,0
V0,1,124,0.04217129945755005,0.19877153635025024,acetone,CC(=O)C,cho,58.08,58.034,0.0007920110192837226,0,4,0,0,0,False,0
V0,1,128,0.016123060137033463,0.5311100482940674,benzaldehyde,C1=CC=C(C=C1)C=O,cho,106.124,106.1,0.00022615054087671282,0,8,0,0,0,False,0
V0,1,130,0.06154249981045723,1.4235146045684814,"1,3,5-trinaphthylbenzene",C1=CC=C2C(=C1)C=CC=C2C3=CC(=CC(=C3)C4=CC=CC5=CC=CC=C54)C6=CC=CC7=CC=CC=C76,cho,456.58799999999997,456.5520000000001,7.884569896687843e-05,0,36,0,0,0,False,0
V0,1,131,0.015263548120856285,0.1278638243675232,decalin,C1CCC2CCCCC2C1,cho,138.254,138.244,7.233063781153515e-05,0,10,0,0,0,False,0
V0,1,135,0.004448946565389633,0.01892484351992607,2-ethyl-1-butanol,CCC(CC)CO,cho,102.17699999999999,102.172,4.8934691760371685e-05,0,7,0,0,0,False,0
V0,1,136,0.004457842092961073,0.01661817729473114,3-methyl-2-pentanol,CCC(C)C(C)O,cho,102.17699999999999,102.172,4.8934691760371685e-05,0,7,0,0,0,False,0
V0,1,143,0.006205172277987003,0.022030290216207504,4-methyl-1-heptanol,CCCC(C)CCCO,cho,130.231,130.22400000000002,5.37506430878798e-05,0,9,0,0,0,False,0
V0,1,147,0.008901300840079784,0.04342624917626381,isopropylbenzene,CC(C)C1=CC=CC=C1,cho,120.195,120.18600000000002,7.487832272534689e-05,0,9,0,0,0,False,0
V0,1,150,0.006264952011406422,0.0725962370634079,"1,2-pentanediol",CCCC(CO)O,cho,104.149,104.14599999999999,2.8804885308653105e-05,0,7,0,0,0,False,0
V0,1,159,0.010322985239326954,0.03291924670338631,"2,3-dimethylbutane",CC(C)C(C)C,cho,86.178,86.172,6.962333774285234e-05,0,6,0,0,0,False,0
V0,1,162,0.013001772575080395,0.03453801944851875,cis-2-heptene,CCCCC=CC,cho,98.189,98.14600000000002,0.0004379309291262512,0,7,0,0,0,False,0
V0,1,163,0.004871728364378214,0.015376245602965355,2-methyl-1-pentanol,CCCC(C)CO,cho,102.17699999999999,102.172,4.8934691760371685e-05,0,7,0,0,0,False,0
V0,1,167,0.0047581796534359455,0.017712164670228958,2-hexanol,CCCCC(C)O,cho,102.17699999999999,102.172,4.8934691760371685e-05,0,7,0,0,0,False,0
V0,1,169,0.006522302981466055,0.022004276514053345,3-heptanol,CCCCC(CC)O,cho,116.204,116.198,5.1633334480771786e-05,0,8,0,0,0,False,0
V0,1,170,0.0030484222806990147,0.03146551176905632,2-heptanol,CCCCCC(C)O,cho,116.204,116.198,5.1633334480771786e-05,0,8,0,0,0,False,0
V0,1,171,0.0059563592076301575,0.030459603294730186,4-nonanol,CCCCCC(CCC)O,cho,144.25799999999998,144.25000000000003,5.5456196536463054e-05,0,10,0,0,0,False,0
V0,1,174,0.00909632258117199,0.038056861609220505,2-methyl-2-hexanol,CCCCC(C)(C)O,cho,116.204,116.198,5.1633334480771786e-05,0,8,0,0,0,False,0
V0,1,182,0.005128382705152035,0.019833926111459732,n-octanol,CCCCCCCCO,cho,130.231,130.22400000000002,5.37506430878798e-05,0,9,0,0,0,False,0
V0,1,193,0.07020334899425507,0.29849281907081604,trans-beta-iepox,CC1(CO)OC1CO,cho,118.132,118.112,0.0001693021365930525,0,8,0,0,0,False,0
V0,1,195,0.006850577890872955,0.015523222275078297,"2,4-dimethyl-3-pentanol",CC(C)C(C(C)C)O,cho,116.204,116.198,5.1633334480771786e-05,0,8,0,0,0,False,0
V0,1,196,0.0038644149899482727,0.09043991565704346,erythritol,C(C(C(CO)O)O)O,cho,122.12,122.12,0.0,0,8,0,0,0,False,0
V0,1,205,0.01647821068763733,0.5493335723876953,isomalt,C(C1C(C(C(C(O1)OCC(C(C(C(CO)O)O)O)O)O)O)O)O,cho,344.313,344.2948,5.285888130857064e-05,0,23,0,0,0,False,0
V0,1,206,0.01896723546087742,1.079369068145752,isomaltulose,C(C1C(C(C(C(O1)OCC(C(C(C(=O)CO)O)O)O)O)O)O)O,cho,342.297,343.25079999999997,-0.002786469060494179,0,23,0,0,0,False,0
V0,1,207,0.029938673600554466,0.2675355076789856,kojibiose,C(C1C(C(C(C(O1)OC(C=O)C(C(C(CO)O)O)O)O)O)O)O,cho,342.297,342.242,0.0001606791762709392,0,23,0,0,0,False,0
V0,1,208,0.010792350396513939,0.052166879177093506,lactulose,C(C1C(C(C(C(O1)OC2C(OC(C2O)(CO)O)CO)O)O)O)O,cho,342.297,342.242,0.0001606791762709392,0,23,0,0,0,False,0
V0,1,215,0.022696521133184433,0.8863507509231567,nystose,C(C1C(C(C(C(O1)OC2(C(C(C(O2)CO)O)O)COC3(C(C(C(O3)CO)O)O)COC4(C(C(C(O4)CO)O)O)CO)O)O)O)O,cho,666.579,666.4875999999999,0.00013711803102112174,0,45,0,0,0,False,0
V0,1,216,0.01585341803729534,0.5167234539985657,raffinose,C(C1C(C(C(C(O1)OCC2C(C(C(C(O2)OC3(C(C(C(O3)CO)O)O)CO)O)O)O)O)O)O)O,cho,504.438,504.36480000000006,0.00014511198601196984,0,34,0,0,0,False,0
V0,1,218,0.034286655485630035,0.5435415506362915,sorbose,C(C(C(C(C(=O)CO)O)O)O)O,cho,180.156,181.12800000000001,-0.005395324052487993,0,12,0,0,0,False,0
V0,1,219,0.017064178362488747,1.0395383834838867,stachyose,C(C1C(C(C(C(O1)OCC2C(C(C(C(O2)OCC3C(C(C(C(O3)OC4(C(C(C(O4)CO)O)O)CO)O)O)O)O)O)O)O)O)O)O,cho,666.579,666.4876,0.0001371180310208997,0,45,0,0,0,False,0
V0,1,220,0.013625068590044975,0.8103173971176147,turanose,C(C1C(C(C(C(O1)OC(C(C(CO)O)O)C(=O)CO)O)O)O)O,cho,342.297,343.23199999999997,-0.002731545996605078,0,23,0,0,0,False,0
V0,1,225,0.016140997409820557,0.1058616191148758,4-methylcyclohexen,CC1CCC=CC1,cho,96.173,96.13,0.00044711093550175995,0,7,0,0,0,False,0
V0,1,232,0.05343979597091675,0.18588325381278992,triethylamine,CCN(CC)CC,bimog_n_only,101.193,87.18,0.13847795796151896,1,7,0,0,1,True,1
V0,1,239,0.02790551260113716,0.2843000590801239,4-methoxyaniline,COC1=CC=C(C=C1)N,bimog_n_only,123.155,107.09200000000001,0.13042913401810718,1,9,0,0,1,True,1
V0,1,242,0.025529364123940468,0.4494033753871918,piperine,C1CCN(CC1)C(=O)C=CC=CC2=CC3=C(C=C2)OCO3,bimog_n_only,285.34299999999996,272.2416,0.045914565978488864,1,21,0,0,1,True,1
V0,1,246,0.006156708113849163,0.0827576145529747,propyl n-phenylcarbamate,CCCOC(=O)NC1=CC=CC=C1,bimog_n_only,179.219,165.1868,0.07829638598586086,1,13,0,0,1,True,1
V0,1,253,0.06799028068780899,0.7439649105072021,nitrendipine,CCOC(=O)C1=C(NC(=C(C1C2=CC(=CC=C2)[N+](=O)[O-])C(=O)OC)C)C,bimog_n_only,360.366,349.28200000000004,0.030757618643268092,1,26,0,0,2,True,1
V0,1,259,0.009058034047484398,0.03034370020031929,pentobarbital,CCCC(C)C1(C(=O)NC(=O)NC1=O)CC,bimog_n_only,226.27599999999998,199.208,0.11962382223479284,2,16,0,0,2,True,2
V0,1,260,0.014762558043003082,0.46709758043289185,atropine,CN1C2CCC1CC(C2)OC(=O)C(CO)C3=CC=CC=C3,bimog_n_only,289.375,276.326,0.04509373650107984,1,21,0,0,1,True,1
V0,1,265,0.009821085259318352,0.020686529576778412,1-bromobutane,CCCCBr,bimog_hal_only,137.01999999999998,57.112,0.5831849365056195,1,5,1,0,0,True,0
V0,1,269,0.04314376413822174,0.1315961629152298,9-bromophenanthrene,C1=CC=C2C(=C1)C=C(C3=CC=CC=C23)Br,bimog_hal_only,257.13,177.21200000000002,0.3108077626103527,1,15,1,0,0,True,0
V0,1,270,0.01505783200263977,0.03703666478395462,bromobenzene,C1=CC=C(C=C1)Br,bimog_hal_only,157.01,77.10000000000001,0.5089484746194509,1,7,1,0,0,True,0
V0,1,274,0.011911371722817421,0.03202619403600693,isobutylchloride,CC(C)CCl,bimog_hal_only,92.569,57.112,0.3830331968585595,1,5,1,0,0,True,0
V0,1,276,0.017576342448592186,0.06507773697376251,m-fluorotoluene,CC1=CC(=CC=C1)F,bimog_hal_only,110.131,91.12600000000002,0.17256721540710596,1,8,1,0,0,True,0
V0,1,278,0.08081605285406113,1.1855404376983643,hydrochloro-thiazide,C1NC2=CC(=C(C=C2S(=O)(=O)N1)S(=O)(=O)N)Cl,bimog_n_and_hal,297.745,219.07600000000002,0.26421602377873676,5,17,1,2,3,True,4
V0,1,286,0.010993575677275658,0.037472594529390335,3-chloroaniline,C1=CC(=CC(=C1)Cl)N,bimog_n_and_hal,127.574,76.09200000000001,0.4035461771207298,2,8,1,0,1,True,1
V0,1,290,0.04561600089073181,1.0124666690826416,ethacrynic acid,CCC(=C)C(=O)C1=C(C(=C(C=C1)OCC(=O)O)Cl)Cl,bimog_hal_only,303.141,233.1628,0.23084373278441384,2,19,2,0,0,True,0
V0,1,291,0.05131474882364273,0.40318235754966736,tolbutamide,CCCCNC(=O)NS(=O)(=O)C1=CC=C(C=C1)C,bimog_n_only,270.354,222.16,0.17826257425449588,2,18,0,1,2,True,2
V0,1,292,0.014119741506874561,0.26222577691078186,tolnaftate,CC1=CC(=CC=C1)N(C)C(=S)OC2=CC3=CC=CC=C3C=C2,bimog_n_only,307.418,263.34280000000007,0.14337221633085873,2,22,0,1,1,True,2
V0,1,295,0.1504177749156952,1.6990067958831787,chloramphenicol,C1=CC(=CC=C1C(C(CO)NC(=O)C(Cl)Cl)O)[N+](=O)[O-],bimog_n_and_hal,323.132,253.14200000000002,0.21659878934924426,2,20,2,0,2,True,0
V0,1,300,0.0467100627720356,0.3770689368247986,felodipine,CCOC(=O)C1=C(NC(=C(C1C2=C(C(=CC=C2)Cl)Cl)C(=O)OC)C)C,bimog_n_and_hal,384.259,302.284,0.21333267405578016,3,25,2,0,1,True,1
V0,1,303,0.014414194040000439,0.07736951857805252,chlorobenzene,C1=CC=C(C=C1)Cl,bimog_hal_only,112.559,77.10000000000001,0.31502589752929566,1,7,1,0,0,True,0
V0,1,312,0.010767492465674877,0.03421463817358017,"4-acetamido-n-(2’,4’-dimethylphenyl)-1,8naphthalimide",CC(=O)Nc2ccc4c(=O)n(c1ccc(C)cc1C)c(=O)c3cccc2c34,bimog_n_only,358.397,325.24399999999997,0.09250356448296171,2,27,0,0,2,True,2
V0,1,318,0.07012014091014862,1.269876480102539,1’-(ethoxycarbonyl)ethyl-2-methyl-4-nitrophenylurethane,CCOC(=O)CCC(C(=O)OCC)c1ccc(N(=O)=O)cc1C,bimog_n_only,323.34499999999997,324.25399999999996,-0.0028112387697349916,0,23,0,0,1,False,0
V0,1,323,0.03359384834766388,0.666718602180481,n-(2-tetrahydropyryl)saccharin,O=C2c1ccccc1S(=O)(=O)C2C3CCCOC3,bimog_n_only,266.318,234.17079999999999,0.12070982810024111,1,18,0,1,0,True,1
V0,1,327,0.008254079148173332,0.18731720745563507,"2,2,2-tris(chloromethyl)ethyl-p-nitrophenylurethane",O=C(Nc1ccc(N(=O)=O)cc1)OCC(CCl)(CCl)CCl,bimog_n_and_hal,355.605,235.1968,0.3386009758018026,4,21,3,0,2,True,1
V0,1,328,0.03562336415052414,0.2884625792503357,"2,2,3,3-tetrafluoropropyl-p-nitrophenylurethane",O=C(Nc1ccc(N(=O)=O)cc1)OCC(F)(F)C(F)F,bimog_n_and_hal,296.176,206.1368,0.30400572632488787,5,20,4,0,2,True,1
V0,1,336,0.02631589211523533,0.7315758466720581,simvastatin,CCC(C)(C)C(=O)OC1CC(C=C2C1C(C(C=C2)C)CCC3CC(CC(=O)O3)O)C,cho,418.57399999999996,420.462,-0.0045105524948994,0,30,0,0,0,False,0
V0,1,339,0.016125310212373734,0.19467270374298096,ketoprofen,CC(C1=CC(=CC=C1)C(=O)C2=CC=CC=C2)C(=O)O,cho,254.285,255.24400000000003,-0.003771358908311706,0,19,0,0,0,False,0
V0,1,347,0.1063866838812828,1.4672495126724243,Zolmitriptan,CN(C)CCC1=CNC2=C1C=C(C=C2)CC3COC(=O)N3,bimog_n_only,287.363,259.2848,0.09770986522273217,2,21,0,0,3,True,2
V0,1,349,0.07057832181453705,0.7945274114608765,Nifedipine,CC1=C(C(C(=C(N1)C)C(=O)OC)C2=CC=CC=C2[N+](=O)[O-])C(=O)OC,bimog_n_only,346.339,335.256,0.03200043887636106,1,25,0,0,2,True,1
V0,1,352,0.01565719209611416,0.46375393867492676,Clemastine,CC(C1=CC=CC=C1)(C2=CC=C(C=C2)Cl)OCCC3CCCN3C,bimog_n_and_hal,343.89799999999997,294.41880000000003,0.14387754508604278,2,24,1,0,1,True,1
V0,1,354,0.022230025380849838,0.184988334774971,Bifonazole,C1=CC=C(C=C1)C2=CC=C(C=C2)C(C3=CC=CC=C3)N4C=CN=C4,bimog_n_only,310.4,282.364,0.09032216494845358,2,24,0,0,2,True,2
V0,1,355,0.03724744915962219,0.2843099534511566,Cinnarizine,C1CN(CCN1CC=CC2=CC=CC=C2)C(C3=CC=CC=C3)C4=CC=CC=C4,bimog_n_only,368.524,340.44800000000004,0.07618499744928409,2,28,0,0,2,True,2
V0,1,357,0.019204195588827133,0.25575846433639526,Tamoxifen,CCC(=C(C1=CC=CC=C1)C2=CC=C(C=C2)OCCN(C)C)C3=CC=CC=C3,bimog_n_only,371.524,357.4928,0.0377666045800541,1,28,0,0,1,True,1
V0,1,358,0.027631450444459915,0.12217772006988525,Procaine,CCN(CC)CCOC(=O)C1=CC=C(C=C1)N,bimog_n_only,236.315,207.2648,0.12292998751666206,2,17,0,0,2,True,2
V0,1,4,0.0091130081564188,0.05712084099650383,glycerol,OCC(O)CO,cho,92.094,92.09400000000001,-2.220446049250313e-16,0,6,0,0,0,False,0
V0,1,5,0.04513290524482727,0.21311870217323303,ribose,C1C(C(C(C(O1)O)O)O)O,cho,150.13,150.13080000000002,-5.328715113828153e-06,0,10,0,0,0,False,0
V0,1,6,0.015680547803640366,0.04196282476186752,ethanol,OCC,cho,46.069,46.068,2.1706570578983175e-05,0,3,0,0,0,False,0
V0,1,10,0.015491081401705742,0.15146832168102264,phenolphthalein,O=C1OC(C2=C1C=CC=C2)(C3=CC=C(C=C3)O[H])C4=CC=C(C=C4)O[H],cho,318.328,320.2560000000001,-0.006056645975220931,2,24,0,0,0,True,2
V0,1,23,0.0031041158363223076,0.013328595086932182,5-methyl-3-heptanol,CCC(C)CC(CC)O,cho,130.231,130.22400000000002,5.37506430878798e-05,0,9,0,0,0,False,0
V0,1,30,0.02222588285803795,0.23651838302612305,triphenylethene,C1=CC=C(C=C1)C=C(C2=CC=CC=C2)C3=CC=CC=C3,cho,256.34799999999996,256.328,7.801894299930279e-05,0,20,0,0,0,False,0
V0,1,40,0.005706733092665672,0.08196493238210678,tert-butyl-benzene,CC(C)(C)C1=CC=CC=C1,cho,134.22199999999998,134.212,7.450343460824183e-05,0,10,0,0,0,False,0
V0,1,41,0.008691131137311459,0.08087959885597229,3-methylheptane,CCCCC(C)CC,cho,114.232,114.224,7.003291547025281e-05,0,8,0,0,0,False,0
V0,1,69,0.07718751579523087,0.5959852933883667,(r)-nopol,CC1(C)[C@H]2CC=C(CCO)[C@@H]1C2,cho,166.26399999999998,166.25400000000002,6.0145311071346796e-05,0,12,0,0,0,False,0
V0,1,89,0.048903800547122955,0.08163584768772125,mephenesin,CC1=CC=CC=C1OCC(CO)O,cho,182.219,182.21280000000002,3.402499190519048e-05,0,13,0,0,0,False,0
V0,1,90,0.026063118129968643,0.830346405506134,estradiol-17b-cypionate,CC12CCC3C(C1CCC2OC(=O)CCC4CCCC4)CCC5=C3C=CC(=C5)O,cho,396.57099999999997,396.494,0.00019416447496145572,0,29,0,0,0,False,0
V0,1,99,0.03591974824666977,0.42438238859176636,diethylstilbestrol,CCC(=C(CC)C1=CC=C(C=C1)O)C2=CC=C(C=C2)O,cho,268.356,268.304,0.00019377245151974698,0,20,0,0,0,False,0
V0,1,107,0.014854306355118752,0.2090410739183426,ergocalciferol,CC(C)C(C)C=CC(C)C1CCC2C1(CCCC2=CC=C3CC(CCC3=C)O)C,cho,396.659,396.5600000000001,0.00024958465583757583,0,29,0,0,0,False,0
V0,1,113,0.004089688416570425,0.033072877675294876,4-decanol,CCCCCCC(CCC)O,cho,158.285,158.276,5.6859462362113256e-05,0,11,0,0,0,False,0
V0,1,118,0.01125288289040327,0.0628783106803894,4-methyl-4-heptanol,CCCC(C)(CCC)O,cho,130.231,130.22400000000002,5.37506430878798e-05,0,9,0,0,0,False,0
V0,1,126,0.01270556915551424,0.09234193712472916,methylisobutylketone,CC(C)CC(=O)C,cho,100.161,100.11200000000001,0.0004892123680872995,0,7,0,0,0,False,0
V0,1,129,0.041041601449251175,0.4769503176212311,acetophenone,CC(=O)C1=CC=CC=C1,cho,120.151,120.10000000000001,0.0004244658804336554,0,9,0,0,0,False,0
V0,1,133,0.004678595811128616,0.03320711851119995,"2,4-pentanediol",CC(CC(C)O)O,cho,104.149,104.14599999999999,2.8804885308653105e-05,0,7,0,0,0,False,0
V0,1,138,0.002515643136575818,0.021205078810453415,5-methyl-2-hexanol,CC(C)CCC(C)O,cho,116.204,116.198,5.1633334480771786e-05,0,8,0,0,0,False,0
V0,1,140,0.002508693840354681,0.01198700349777937,4-methyl-3-heptanol,CCCC(C)C(CC)O,cho,130.231,130.22400000000002,5.37506430878798e-05,0,9,0,0,0,False,0
V0,1,145,0.0027984704356640577,0.014884200878441334,2-methyl-3-heptanol,CCCCC(C(C)C)O,cho,130.231,130.22400000000002,5.37506430878798e-05,0,9,0,0,0,False,0
V0,1,156,0.005542929749935865,0.030377274379134178,cyclohexanol,C1CCC(CC1)O,cho,100.161,100.15599999999999,4.991962939682182e-05,0,7,0,0,0,False,0
V0,1,158,0.009367326274514198,0.06719371676445007,cycloheptane,C1CCCCCC1,cho,98.189,98.182,7.129108148562491e-05,0,7,0,0,0,False,0
V0,1,160,0.14958612620830536,0.29246392846107483,1-phenyl-1-propanol,CCC(C1=CC=CC=C1)O,cho,136.194,136.186,5.873973890169193e-05,0,10,0,0,0,False,0
V0,1,173,0.006895657628774643,0.028752271085977554,2-methyl-2-pentanol,CCCC(C)(C)O,cho,102.17699999999999,102.17199999999998,4.893469176048271e-05,0,7,0,0,0,False,0
V0,1,175,0.005792469251900911,0.02193417213857174,4-methy-4-octanol,CCCCC(C)(CCC)O,cho,144.25799999999998,144.25,5.54561965366851e-05,0,10,0,0,0,False,0
V0,1,179,0.008470621891319752,0.10504096746444702,xylose,C(C(C(C(C=O)O)O)O)O,cho,150.13,150.11200000000002,0.00011989609005513824,0,10,0,0,0,False,0
V0,1,184,0.011444960720837116,0.05691962316632271,"1,2,4-butanetriol",C(CO)C(CO)O,cho,106.121,106.12,9.42320558594556e-06,0,7,0,0,0,False,0
V0,1,185,0.010034032166004181,0.07867773622274399,benzene,C1=CC=CC=C1,cho,78.11399999999999,78.108,7.681081496258013e-05,0,6,0,0,0,False,0
V0,1,187,0.008798490278422832,0.1573975384235382,santonin,CC1C2CCC3(C=CC(=O)C(=C3C2OC1=O)C)C,cho,246.30599999999998,248.22,-0.00777082166086096,0,18,0,0,0,False,0
V0,1,200,0.03223432973027229,0.23759782314300537,"2-methyl-1,3-propanediol",CC(CO)CO,cho,90.122,90.12,2.2192139544130463e-05,0,6,0,0,0,False,0
V0,1,201,0.0034220009110867977,0.01523434929549694,3-methyl-2-butanol,CC(C)C(C)O,cho,88.14999999999999,88.146,4.537719795794093e-05,0,6,0,0,0,False,0
V0,1,203,0.022661596536636353,0.12082894891500473,"1,3-propanediol",C(CO)CO,cho,76.095,76.094,1.3141467901989223e-05,0,5,0,0,0,False,0
V0,1,210,0.018012676388025284,0.7782993912696838,maltoheptaose,C(C1C(C(C(C(O1)OC2C(OC(C(C2O)O)OC3C(OC(C(C3O)O)OC4C(OC(C(C4O)O)OC5C(OC(C(C5O)O)OC6C(OC(C(C6O)O)OC7C(OC(C(C7O)O)O)CO)CO)CO)CO)CO)CO)O)O)O)O,cho,1153.002,1152.7620000000002,0.00020815228421089405,0,78,0,0,0,False,0
V0,1,228,0.1183900237083435,0.19139501452445984,4-cyanoaniline,C1=CC(=CC=C1C#N)N,bimog_n_only,118.139,88.102,0.25425134798838656,2,9,0,0,2,True,2
V0,1,231,0.021396396681666374,0.11644671857357025,m-toluidine,CC1=CC(=CC=C1)N,bimog_n_only,107.15599999999999,91.12600000000002,0.14959498301541652,1,8,0,0,1,True,1
V0,1,236,0.0140479551628232,0.30689677596092224,4-nitro-1-naphthylamine,C1=CC=C2C(=C1)C(=CC=C2[N+](=O)[O-])N,bimog_n_only,188.18599999999998,172.138,0.08527733200131771,1,14,0,0,2,True,1
V0,1,240,0.06067546457052231,0.22931703925132751,cinchonine,C=CC1CN2CCC1CC2C(C3=CC=NC4=CC=CC=C34)O,bimog_n_only,294.39799999999997,266.36600000000004,0.09521803816601992,2,22,0,0,2,True,2
V0,1,241,0.013821417465806007,0.6181589961051941,brucine,COC1=C(C=C2C(=C1)C34CCN5C3CC6C7C4N2C(=O)CC7OCC=C6C5)OC,bimog_n_only,394.471,366.33480000000003,0.07132640929244471,2,29,0,0,2,True,2
V0,1,243,0.035325709730386734,0.4391595721244812,benzyl n-phenylcarbamate,C1=CC=C(C=C1)COC(=O)NC2=CC=CC=C2,bimog_n_only,227.26299999999998,213.2268,0.06176192341032183,1,17,0,0,1,True,1
V0,1,249,0.1347990334033966,1.8770148754119873,eserine,CC12CCN(C1N(C3=C2C=C(C=C3)OC(=O)NC)C)C,bimog_n_only,275.352,249.2748,0.09470495947006008,2,20,0,0,3,True,2
V0,1,251,0.03331078961491585,0.49309372901916504,acetaminophen,CC(=O)NC1=CC=C(C=C1)O,bimog_n_only,151.165,136.08200000000002,0.09977838785433113,1,11,0,0,1,True,1
V0,1,255,0.045796044170856476,0.8024077415466309,quinidine,COC1=CC2=C(C=CN=C2C=C1)C(C3CC4CCN3CC4C=C)O,bimog_n_only,324.424,296.358,0.08651024585110834,2,24,0,0,2,True,2
V0,1,257,0.012481031939387321,0.1780652105808258,phenylbutazone,CCCCC1C(=O)N(N(C1=O)C2=CC=CC=C2)C3=CC=CC=C3,bimog_n_only,308.381,282.312,0.08453503944795548,2,23,0,0,2,True,2
V0,1,263,0.014524745754897594,0.36906781792640686,nimodipine,CC1=C(C(C(=C(N1)C)C(=O)OC(C)C)C2=CC(=CC=C2)[N+](=O)[O-])C(=O)OCCOC,bimog_n_only,418.44599999999997,407.326,0.026574516186078867,1,30,0,0,2,True,1
V0,1,275,0.010223744437098503,0.09387913346290588,iodobenzene,C1=CC=C(C=C1)I,bimog_hal_only,204.01,77.10000000000001,0.6220773491495515,1,7,1,0,0,True,0
V0,1,280,0.04673190787434578,0.34465843439102173,glibenclamide,COC1=C(C=C(C=C1)Cl)C(=O)NCCC2=CC=C(C=C2)S(=O)(=O)NC(=O)NC3CCCCC3,bimog_n_and_hal,494.013,411.2800000000001,0.16747130136251454,3,33,1,1,3,True,2
V0,1,281,0.09455908834934235,1.7453110218048096,triphenyl phosphite,C1=CC=C(C=C1)OP(OC2=CC=CC=C2)OC3=CC=CC=C3,bimog_n_only,310.289,321.3804,-0.03574538575328168,1,22,0,0,0,True,1
V0,1,294,0.015305748209357262,0.2513415813446045,chorotrianisene,COC1=CC=C(C=C1)C(=C(C2=CC=C(C=C2)OC)Cl)C3=CC=C(C=C3)OC,bimog_hal_only,380.871,345.296,0.09340432849967573,1,27,1,0,0,True,0
V0,1,305,0.26111268997192383,1.4489872455596924,2-ethylhexylamine,CCCCC(CC)CN,bimog_n_only,129.24699999999999,129.19,0.00044101603905688513,0,9,0,0,1,False,0
V0,1,310,0.014949125237762928,0.20018510520458221,"n-(r-1-phenylethyl)-1,8-naphthalimide",CC(c1ccccc1)n2c(=O)c4cccc3cccc(c2=O)c34,bimog_n_only,301.34499999999997,285.26800000000003,0.053350810532777904,1,23,0,0,1,True,1
V0,1,314,0.006340268068015575,0.09526924788951874,"1-methyl-1-(p-hydroxyphenyl)-1,2,3,4tetrahydronaphthalene",CC3(c1ccc(O)cc1)CCCc2ccccc23,cho,238.32999999999998,238.29600000000005,0.00014265933789259222,0,18,0,0,0,False,0
V0,1,316,0.016311127692461014,0.4250575602054596,n-(r-1-phenylethyl)-n’-(p-nitrophenyl)thiourea,CC(NC(=S)Nc1ccc(N(=O)=O)cc1)c2ccccc2,bimog_n_only,301.371,254.226,0.15643509163124514,2,21,0,1,3,True,2
V0,1,317,0.03636680915951729,0.6797561645507812,1-menthyl-3-nitrophenylurethane,CC(C)C1CCC(C)CC1OC(=O)Nc2cccc(N(=O)=O)c2,bimog_n_only,320.389,306.31600000000003,0.04392472900130773,1,23,0,0,2,True,1
V0,1,319,0.022612622007727623,0.38749298453330994,"1,1,3-trimethyl-3-(p-carboxyphenyl)-indan-5-carboxylic acid",CC3(C)CC(C)(c1ccc(C(=O)O)cc1)c2cc(C(=O)O)ccc23,cho,324.376,324.324,0.00016030779095854708,0,24,0,0,0,False,0
V0,1,320,0.07472102344036102,1.8780384063720703,"2-benzyl-(3,3’)spirobi-(benzo[f]chroman)",c7ccc(CC3CC2C(CCC1CCCCC12)OC36CCC5C(CCC4CCCCC45)O6)cc7,cho,462.71799999999996,462.65200000000004,0.00014263547128035015,0,34,0,0,0,False,0
V0,1,322,0.0554908886551857,0.3649718165397644,"n-( 1-phenylethyl)-2,4-dinitroaniline",CC(Nc1ccc(N(=O)=O)cc1N(=O)=O)c2ccccc2,bimog_n_only,287.275,287.19800000000004,0.00026803585414647557,0,21,0,0,3,False,0
V0,1,329,0.009724470786750317,0.29253458976745605,n-pentyl-p-nitrophenylurethane,CCCCCOC(=O)Nc1ccc(N(=O)=O)cc1,bimog_n_only,252.26999999999998,238.22079999999997,0.055691124588734375,1,18,0,0,2,True,1
V0,1,334,0.004868415649980307,0.051141977310180664,testosterone,CC12CCC3C(C1CCC2O)CCC4=CC(=O)CCC34C,cho,288.431,288.37800000000004,0.0001837527866281885,0,21,0,0,0,False,0
V0,1,340,0.02567472495138645,0.4120253622531891,Aripiprazole,C1CC(=O)NC2=C1C=CC(=C2)OCCCCN3CCN(CC3)C4=C(C(=CC=C4)Cl)Cl,bimog_n_and_hal,448.394,334.4028,0.25422106451022985,5,30,2,0,3,True,3
V0,1,342,0.031711213290691376,0.7761081457138062,Danazol,CC12CCC3C(C1CCC2(C#C)O)CCC4=CC5=C(CC34C)C=NO5,bimog_n_only,337.46299999999997,324.4448000000001,0.03857667359088213,1,25,0,0,1,True,1
V0,1,343,0.04869081825017929,0.38502970337867737,Bezafibrate,CC(C)(C(=O)O)OC1=CC=C(C=C1)CCNC(=O)C2=CC=C(C=C2)Cl,bimog_n_only,361.825,328.278,0.09271609203344144,1,25,1,0,1,True,0
V0,1,344,0.020454764366149902,0.1774045079946518,Ezetimibe,C1=CC(=CC=C1C2C(C(=O)N2C3=CC=C(C=C3)F)CCC(C4=CC=C(C=C4)F)O)O,bimog_n_and_hal,409.43199999999996,358.3620000000001,0.12473377752593806,3,30,2,0,1,True,1
V0,1,353,0.015429103747010231,0.2704974412918091,Clotrimazole,C1=CC=C(C=C1)C(C2=CC=CC=C2)(C3=CC=CC=C3Cl)N4C=CN=C4,bimog_n_and_hal,344.84499999999997,281.356,0.18410880250547346,3,25,1,0,2,True,2
V0,1,361,0.03507499769330025,0.44867926836013794,Isradipine,CC1=C(C(C(=C(N1)C)C(=O)OC(C)C)C2=CC=CC3=NON=C32)C(=O)OC,bimog_n_only,371.393,333.3188,0.10251727953946355,3,27,0,0,3,True,3
V0,1,366,0.01149835530668497,0.12380468845367432,Flurbiprofen,CC(C1=CC(=C(C=C1)C2=CC=CC=C2)F)C(=O)O,bimog_hal_only,244.265,225.236,0.07790309704624077,1,18,1,0,0,True,0
V0,1,367,0.01225544698536396,0.20124459266662598,Fenofibrate,CC(C)OC(=O)C(C)(C)OC1=CC=C(C=C1)C(=O)C2=CC=C(C=C2)Cl,bimog_hal_only,360.837,329.34680000000003,0.08726987531766406,1,25,1,0,0,True,0
V0,1,1,0.06892820447683334,0.2829260230064392,tartaric acid,O=C(O)C(O)C(O)C(=O)O,cho,150.086,150.052,0.00022653678557638113,0,10,0,0,0,False,0
V0,1,2,0.055438268929719925,0.4436251223087311,"1,2,3-propanetricarboxylic acid",C(C(CC(=O)O)C(=O)O)C(=O)O,cho,176.124,176.07,0.00030660216665534534,0,12,0,0,0,False,0
V0,1,3,0.03915998339653015,0.3498808741569519,"1,2,4-butanetricarboxylic acid",C(CC(=O)O)C(CC(=O)O)C(=O)O,cho,190.151,190.096,0.00028924381149719736,0,13,0,0,0,False,0
V0,1,8,0.029861843213438988,0.1385801136493683,methanol,CO,cho,32.042,32.042,0.0,0,2,0,0,0,False,0
V0,1,17,0.013847273774445057,0.09941523522138596,"propan-1,2-diol",CC(O)CO,cho,76.095,76.094,1.3141467901989223e-05,0,5,0,0,0,False,0
V0,1,25,0.014115524478256702,0.08164278417825699,2-butanol,CCC(C)O,cho,74.12299999999999,74.12,4.04732674066377e-05,0,5,0,0,0,False,0
V0,1,26,0.004666050896048546,0.04555382579565048,"2,2-dimethyl-1-propanol",CC(CO)(C)C,cho,88.14999999999999,88.146,4.537719795794093e-05,0,6,0,0,0,False,0
V0,1,27,0.005558406934142113,0.037915296852588654,o-xylene,CC1=C(C)C=CC=C1,cho,106.16799999999999,106.16000000000001,7.535227187083215e-05,0,8,0,0,0,False,0
V0,1,32,0.030962267890572548,0.15197953581809998,4-methylstyrene,CC1=CC=C(C=C1)C=C,cho,118.17899999999999,118.17000000000002,7.615566217322733e-05,0,9,0,0,0,False,0
V0,1,35,0.009091692976653576,0.059896260499954224,ethylbenzene,CCc1ccccc1,cho,106.16799999999999,106.16000000000001,7.535227187083215e-05,0,8,0,0,0,False,0
V0,1,42,0.019971495494246483,0.11729741096496582,cyclohexene,C1CCC=CC1,cho,82.146,82.10400000000001,0.0005112847856254543,0,6,0,0,0,False,0
V0,1,45,0.008090464398264885,0.09403979778289795,isopropylcyclohexane,CC(C)C1CCCCC1,cho,126.243,126.23400000000001,7.129108148562491e-05,0,9,0,0,0,False,0
V0,1,51,0.015185345895588398,0.08510516583919525,1-heptene,CCCCCC=C,cho,98.189,98.182,7.129108148562491e-05,0,7,0,0,0,False,0
V0,1,56,0.007627239916473627,0.07701793313026428,"2,5-hexanediol",CC(CCC(C)O)O,cho,118.176,118.172,3.384782020043886e-05,0,8,0,0,0,False,0
V0,1,57,0.006439325399696827,0.11476828902959824,n-eugenol,COC1=C(C=CC(=C1)CC=C)O,cho,164.204,164.144,0.0003653991376580956,0,12,0,0,0,False,0
V0,1,58,0.011164112016558647,0.1329023689031601,sorbitol,C(C(C(C(C(CO)O)O)O)O)O,cho,182.172,182.172,0.0,0,12,0,0,0,False,0
V0,1,65,0.10440609604120255,0.5384525060653687,vinylacetate,CC(=O)OC=C,cho,86.09,86.04400000000001,0.0005343245440816435,0,6,0,0,0,False,0
V0,1,66,0.006456977222114801,0.10022787749767303,xylitol,C(C(C(C(CO)O)O)O)O,cho,152.146,152.14600000000002,-2.220446049250313e-16,0,10,0,0,0,False,0
V0,1,70,0.05420996993780136,0.35273581743240356,3-hydroxy-2-methylpropionate,CC(CO)C(=O)OC,cho,118.132,119.102,-0.00821115362475866,0,8,0,0,0,False,0
V0,1,73,0.044056255370378494,0.5600420832633972,2p-hydroxyphenoxytetrahydropyran,C1CCOC(C1)OC2=CC=CC=C2O,cho,194.23,194.1868,0.00022241672244238675,0,14,0,0,0,False,0
V0,1,79,0.0852702260017395,0.30790945887565613,lactic acid,CC(C(=O)O)O,cho,90.078,90.06,0.00019982681675878577,0,6,0,0,0,False,0
V0,1,98,0.01139903999865055,0.08822046220302582,cholecalciterol,CC(C)CCCC(C)C1CCC2C1(CCCC2=CC=C3CC(CCC3=C)O)C,cho,384.64799999999997,384.58600000000007,0.00016118633139883265,0,28,0,0,0,False,0
V0,1,102,0.07506869733333588,0.6043829917907715,17b-estradiol,CC12CCC3C(C1CCC2O)CCC4=C3C=CC(=C4)O,cho,272.388,272.35400000000004,0.00012482194516616474,0,20,0,0,0,False,0
V0,1,106,0.024463161826133728,0.44223660230636597,citric acid,C(C(=O)O)C(CC(=O)O)(C(=O)O)O,cho,192.123,192.07,0.0002758649406889857,0,13,0,0,0,False,0
V0,1,108,0.00612571369856596,0.09119921922683716,n-nonanol,CCCCCCCCCO,cho,144.25799999999998,144.25000000000003,5.5456196536463054e-05,0,10,0,0,0,False,0
V0,1,109,0.008605360984802246,0.031042683869600296,2-pentanol,CCCC(C)O,cho,88.14999999999999,88.146,4.537719795794093e-05,0,6,0,0,0,False,0
V0,1,110,0.008358913473784924,0.04120902344584465,3-pentanol,CCC(CC)O,cho,88.14999999999999,88.146,4.537719795794093e-05,0,6,0,0,0,False,0
V0,1,114,0.006064769811928272,0.020864415913820267,3-methyl-4-octanol,CCCCC(C(C)CC)O,cho,144.25799999999998,144.25000000000003,5.5456196536463054e-05,0,10,0,0,0,False,0
V0,1,116,0.009070990607142448,0.0996885597705841,2-methyl-2-butanol,CCC(C)(C)O,cho,88.14999999999999,88.146,4.537719795794093e-05,0,6,0,0,0,False,0
V0,1,121,0.004641794133931398,0.026913011446595192,6-methyl-1-heptanol,CC(C)CCCCCO,cho,130.231,130.22400000000002,5.37506430878798e-05,0,9,0,0,0,False,0
V0,1,123,0.21508631110191345,1.1031391620635986,diisopropylether,CC(C)OC(C)C,cho,102.17699999999999,102.154,0.00022509958209770975,0,7,0,0,0,False,0
V0,1,127,0.031213711947202682,0.34170645475387573,ethyl acetate,CCOC(=O)C,cho,88.106,88.06,0.0005220983814949731,0,6,0,0,0,False,0
V0,1,141,0.004365155473351479,0.01613966003060341,3-methyl-4-heptanol,CCCC(C(C)CC)O,cho,130.231,130.22400000000002,5.37506430878798e-05,0,9,0,0,0,False,0
V0,1,142,0.006722787860780954,0.06672310084104538,6-methyl-2-heptanol,CC(C)CCCC(C)O,cho,130.231,130.22400000000002,5.37506430878798e-05,0,9,0,0,0,False,0
V0,1,148,0.010097451508045197,0.08393247425556183,diisobutylphthalat,CC(C)COC(=O)C1=CC=CC=C1C(=O)OCC(C)C,cho,278.348,280.3176,-0.007076034316754631,0,20,0,0,0,False,0
V0,1,154,0.012519505806267262,0.12667100131511688,menthol,CC1CCC(C(C1)O)C(C)C,cho,156.269,156.26000000000002,5.759299669150231e-05,0,11,0,0,0,False,0
V0,1,161,0.01644415222108364,0.11387604475021362,"1,2-butanediol",CCC(CO)O,cho,90.122,90.12,2.2192139544130463e-05,0,6,0,0,0,False,0
V0,1,165,0.0031281872652471066,0.043578844517469406,"2,2-dimethyl-1-pentanol",CCCC(C)(C)CO,cho,116.204,116.19799999999998,5.163333448088281e-05,0,8,0,0,0,False,0
V0,1,176,0.009010637179017067,0.07738616317510605,4-methyl-4-nonanol,CCCCCC(C)(CCC)O,cho,158.285,158.276,5.6859462362113256e-05,0,11,0,0,0,False,0
V0,1,177,0.018771881237626076,0.10705003887414932,4-methyl-undecane,CCCCCCCC(C)CCC,cho,170.34,170.328,7.044734061290026e-05,0,12,0,0,0,False,0
V0,1,180,0.027315635234117508,0.2776668071746826,fructose,C1C(C(C(C(O1)(CO)O)O)O)O,cho,180.156,180.1568,-4.440595927857061e-06,0,12,0,0,0,False,0
V0,1,183,0.0030904144514352083,0.024602282792329788,3-methyl-1-butanol,CC(C)CCO,cho,88.14999999999999,88.146,4.537719795794093e-05,0,6,0,0,0,False,0
V0,1,197,0.030392032116651535,0.09788291156291962,"2-ethyl-1,3-hexanediol",CCCC(C(CC)CO)O,cho,146.23,146.224,4.103125213705816e-05,0,10,0,0,0,False,0
V0,1,209,0.033537618815898895,0.13827206194400787,levoglucosan,C1C2C(C(C(C(O1)O2)O)O)O,cho,162.141,162.1228,0.00011224798169484629,0,11,0,0,0,False,0
V0,1,217,0.04639532417058945,0.29320377111434937,rhamnose,CC1C(C(C(C(O1)O)O)O)O,cho,164.157,164.138,0.00011574285592452771,0,11,0,0,0,False,0
V0,1,221,0.03552492335438728,0.4139929711818695,"3-methyl-1,2,3-butanetricarboxylic acid",CC(C)(C(CC(=O)O)C(=O)O)C(=O)O,cho,204.178,204.122,0.0002742704894748149,0,14,0,0,0,False,0
V0,1,223,0.019860422238707542,0.10146474838256836,"1,2-dimethylcyclohexane",CC1CCCCC1C,cho,112.216,112.208,7.129108148562491e-05,0,8,0,0,0,False,0
V0,1,227,0.09287656843662262,0.1675759106874466,butyronitrile,CCCC#N,bimog_n_only,69.107,55.096,0.20274357156293865,1,5,0,0,1,True,1
V0,1,233,0.015703488141298294,0.05774083733558655,pyridine,C1=CC=NC=C1,bimog_n_only,79.10199999999999,65.09,0.1771383782963767,1,6,0,0,1,True,1
V0,1,234,0.04893214628100395,0.2660601735115051,2-methoxy-4-nitroaniline,COC1=C(C=CC(=C1)[N+](=O)[O-])N,bimog_n_only,168.152,152.074,0.09561587135448868,1,12,0,0,2,True,1
V0,1,258,0.024554837495088577,1.4364326000213623,quinineethylcarbonate,CCOC(=O)OC(C1CC2CCN1CC2C=C)C3=C4C=C(C=CC4=NC=C3)OC,bimog_n_only,396.48699999999997,369.3928000000001,0.06833565791564389,2,29,0,0,2,True,2
V0,1,262,0.016628259792923927,0.025685375556349754,amobarbital,CCC1(C(=O)NC(=O)NC1=O)CCC(C)C,bimog_n_only,226.27599999999998,199.208,0.11962382223479284,2,16,0,0,2,True,2
V0,1,266,0.009942350909113884,0.052839796990156174,isobutylbromide,CC(C)CBr,bimog_hal_only,137.01999999999998,57.112,0.5831849365056195,1,5,1,0,0,True,0
V0,1,267,0.01054464466869831,0.08108169585466385,isoamylbromide,CC(C)CCBr,bimog_hal_only,151.047,71.138,0.529034009281879,1,6,1,0,0,True,0
V0,1,271,0.01736757904291153,0.12319637835025787,tert-butyl-chloride,CC(C)(C)Cl,bimog_hal_only,92.569,57.112,0.3830331968585595,1,5,1,0,0,True,0
V0,1,272,0.05361456796526909,0.07524720579385757,1 -bromopropane,CCCBr,bimog_hal_only,122.993,43.086,0.6496873805826348,1,4,1,0,0,True,0
V0,1,273,0.026529550552368164,0.037526607513427734,1-iodobutane,CCCCI,bimog_hal_only,184.01999999999998,57.112,0.6896424301706336,1,5,1,0,0,True,0
V0,1,277,0.4339556097984314,0.7177460789680481,trichloroethylene,ClC=C(Cl)Cl,bimog_hal_only,131.389,25.028,0.8095122118289964,3,5,3,0,0,True,0
V0,1,279,0.028528327122330666,0.3267413079738617,griseofulvin,CC1CC(=O)C=C(C12C(=O)C3=C(O2)C(=C(C=C3OC)OC)Cl)OC,bimog_hal_only,352.77,319.148,0.09530855798395543,1,24,1,0,0,True,0
V0,1,283,0.011044194921851158,0.03726516664028168,4-chloroaniline,C1=CC(=CC=C1N)Cl,bimog_n_and_hal,127.574,76.09200000000001,0.4035461771207298,2,8,1,0,1,True,1
V0,1,287,0.019855737686157227,0.10138046741485596,3-trifluoromethylaniline,C1=CC(=CC(=C1)N)C(F)(F)F,bimog_n_and_hal,161.126,88.102,0.45321053088886953,4,11,3,0,1,True,1
V0,1,297,0.02678350731730461,0.37901023030281067,chlormadinone acetate,CC(=O)C1(CCC2C1(CCC3C2C=C(C4=CC(=O)CCC34C)Cl)C)OC(=O)C,bimog_hal_only,404.93399999999997,369.33799999999997,0.08790568339531879,1,28,1,0,0,True,0
V0,1,308,0.010430270805954933,0.1572454869747162,"n-(r-1-phenylethyl)-2,2’-diphenic imide",CC(c1ccccc1)n4c(=O)c2ccccc2c3ccccc3c4=O,bimog_n_only,327.383,311.30400000000003,0.049113729179584675,1,25,0,0,1,True,1
V0,1,309,0.013842913322150707,0.13182775676250458,"n-(r-1-phenylethyl)-4-nitro-1,8-naphthalimide",CC(c1ccccc1)n2c(=O)c4cccc3c(N(=O)=O)ccc(c2=O)c34,bimog_n_only,346.342,330.25,0.04646274491687408,1,26,0,0,2,True,1
V0,1,324,0.033154476433992386,0.2542855739593506,"9,9-bis(p-hydroxyphenyl)fluorene",Oc5ccc(C4(c1ccc(O)cc1)c2ccccc2c3ccccc34)cc5,cho,350.417,350.358,0.0001683708267576911,0,27,0,0,0,False,0
V0,1,325,0.0319109745323658,0.24581880867481232,"9,9-bis(p-aminophenyl)fluorene",Nc5ccc(C4(c1ccc(N)cc1)c2ccccc2c3ccccc34)cc5,bimog_n_only,348.44899999999996,316.37800000000004,0.09203929412912626,2,27,0,0,2,True,2
V0,1,331,0.061185501515865326,0.2757028639316559,prednisone,CC12CC(=O)C3C(C1CCC2(C(=O)CO)O)CCC4=CC(=O)C=CC34C,cho,358.43399999999997,359.3,-0.0024160654402205495,0,26,0,0,0,False,0
V0,1,333,0.09397386014461517,1.0872209072113037,warfarin,CC(=O)CC(C1=CC=CC=C1)C2=C(C3=CC=CC=C3OC2=O)O,cho,308.33299999999997,310.2540000000001,-0.00623027700570522,0,23,0,0,0,False,0
V0,1,337,0.07110889256000519,0.9198179244995117,fluorescamin,C1=CC=C(C=C1)C2=COC3(C2=O)C4=CC=CC=C4C(=O)O3,cho,278.263,295.2468,-0.06103506395029168,0,21,0,0,0,False,0
V0,1,345,0.01865743100643158,0.7284336090087891,Glafenine,C1=CC=C(C(=C1)C(=O)OCC(CO)O)NC2=C3C=CC(=CC3=NC=C2)Cl,bimog_n_and_hal,372.808,309.3088,0.17032681702109387,3,26,1,0,2,True,2
V0,1,351,0.023397380486130714,0.15126344561576843,Loratadine,CCOC(=O)N1CCC(=C2C3=C(CCC4=C2N=CC=C4)C=C(C=C3)Cl)CC1,bimog_n_and_hal,382.89099999999996,320.39480000000003,0.1632219091072915,3,27,1,0,2,True,2
V0,1,360,0.017551522701978683,1.182180643081665,Linaprazan,CC1=C(C(=CC=C1)C)CNC2=CC(=CN3C2=NC(=C3C)C)C(=O)NCCO,bimog_n_only,366.465,339.34000000000003,0.07401798261771231,2,27,0,0,4,True,2
V0,1,364,0.023726480081677437,0.32180166244506836,Aceclofenac,C1=CC=C(C(=C1)CC(=O)OCC(=O)O)NC2=C(C=CC=C2Cl)Cl,bimog_n_and_hal,354.189,268.202,0.24277151464331193,3,23,2,0,1,True,1
V0,1,9,0.007562720682471991,0.28920963406562805,ethylenglycol,OCCO,cho,62.068,62.068,0.0,0,4,0,0,0,False,0
V0,1,12,0.07573018223047256,0.9795964956283569,flopropione,CCC(=O)C1=C(C=C(C=C1O)O)O,cho,182.17499999999998,182.08,0.0005214766021680584,0,13,0,0,0,False,0
V0,1,13,0.005095476750284433,0.017447948455810547,2-methyl-1-propanol,CC(C)CO,cho,74.12299999999999,74.11999999999999,4.047326740685975e-05,0,5,0,0,0,False,0
V0,1,14,0.004828990437090397,0.028724078088998795,n-hexanol,CCCCCCO,cho,102.17699999999999,102.172,4.8934691760371685e-05,0,7,0,0,0,False,0
V0,1,16,0.1330186128616333,0.0907563790678978,benzyl alcohol,c1ccc(cc1)CO,cho,108.14,108.134,5.548363232843467e-05,0,8,0,0,0,False,0
V0,1,22,0.00423273304477334,0.01501770131289959,2-ethyl-1-hexanol,CCCCC(CC)CO,cho,130.231,130.22400000000002,5.37506430878798e-05,0,9,0,0,0,False,0
V0,1,24,0.115211620926857,0.0643206387758255,2-phenyl-1-ethanol,c1ccc(cc1)CCO,cho,122.167,122.16000000000001,5.7298615829037836e-05,0,9,0,0,0,False,0
V0,1,29,0.0073386384174227715,0.0789201483130455,2-methylpentane,CCCC(C)C,cho,86.178,86.172,6.962333774285234e-05,0,6,0,0,0,False,0
V0,1,33,0.025230521336197853,0.07604239881038666,o-terphenyl,C1=CC=C(C=C1)C2=CC=CC=C2C3=CC=CC=C3,cho,230.30999999999997,230.29200000000003,7.815552950352078e-05,0,18,0,0,0,False,0
V0,1,37,0.011352832429111004,0.05148037523031235,n-pentylbenzene,CCCCCC1=CC=CC=C1,cho,148.249,148.238,7.419948869802351e-05,0,11,0,0,0,False,0
V0,1,39,0.008160591125488281,0.05789085105061531,sec-butylbenzene,CCC(C)C1=CC=CC=C1,cho,134.22199999999998,134.212,7.450343460824183e-05,0,10,0,0,0,False,0
V0,1,44,0.012333506718277931,0.04263024404644966,ethylcyclohexane,CCC1CCCCC1,cho,112.216,112.20800000000001,7.129108148551389e-05,0,8,0,0,0,False,0
V0,1,47,0.009005502797663212,0.02964375540614128,n-butylcyclohexane,CCCCC1CCCCC1,cho,140.26999999999998,140.26,7.129108148562491e-05,0,10,0,0,0,False,0
V0,1,49,0.015283407643437386,0.04971275106072426,n-hexylcyclohexane,CCCCCCC1CCCCC1,cho,168.32399999999998,168.31199999999998,7.129108148573593e-05,0,12,0,0,0,False,0
V0,1,50,0.013418508693575859,0.08386732637882233,trans-2-hexene,CCCC=CC,cho,84.16199999999999,84.12,0.0004990375703998184,0,6,0,0,0,False,0
V0,1,59,0.18187542259693146,0.8615041971206665,propylencarbonate,CC1COC(=O)O1,cho,102.089,103.06080000000001,-0.009519145059702971,0,7,0,0,0,False,0
V0,1,61,0.017614820972085,0.14996223151683807,sucrose,C(C1C(C(C(C(O1)OC2(C(C(C(O2)CO)O)O)CO)O)O)O)O,cho,342.297,342.242,0.0001606791762709392,0,23,0,0,0,False,0
V0,1,62,0.004582572728395462,0.06504355370998383,trehalose,C(C1C(C(C(C(O1)OC2C(C(C(C(O2)CO)O)O)O)O)O)O)O,cho,342.297,342.242,0.0001606791762709392,0,23,0,0,0,False,0
V0,1,63,0.006119240075349808,0.0760774090886116,dioctylphthalat,CCCCCCCCOC(=O)C1=CC=CC=C1C(=O)OCCCCCCCC,cho,390.56399999999996,392.5256,-0.0050224803105254345,0,28,0,0,0,False,0
V0,1,71,0.011321920901536942,2.0433356761932373,dianin’s compound,CC1(CC(C2=CC=CC=C2O1)(C)C3=CC=C(C=C3)O)COc1ccc(cc1)C2(c3c(OC(C2)(C)C)cccc3)C,cho,534.696,536.6268000000001,-0.0036110238341040546,0,40,0,0,0,False,0
V0,1,75,0.008917314931750298,0.14975200593471527,cholesterol,CC(C)CCCC(C)C1CCC2C1(CCC3C2CC=C4C3(CCC(C4)O)C)C,cho,386.664,386.63800000000003,6.724184304707226e-05,0,28,0,0,0,False,0
V0,1,80,0.0243393424898386,0.2693910002708435,epoxypropane,CC1CO1,cho,58.08,58.0788,2.0661157024703947e-05,0,4,0,0,0,False,0
V0,1,88,0.010311129502952099,0.05126544088125229,m-cresol,CC1=CC(=CC=C1)O,cho,108.14,108.11600000000001,0.0002219345293137387,0,8,0,0,0,False,0
V0,1,91,0.010529732331633568,0.15201565623283386,norethylnodrel,CC12CCC3C(C1CCC2(C#C)O)CCC4=C3CCC(=O)C4,cho,298.426,298.37200000000007,0.00018094938108581538,0,22,0,0,0,False,0
V0,1,92,0.01867753639817238,0.8530537486076355,beta-estradiol-3-benzoate,CC12CCC3C(C1CCC2O)CCC4=C3C=CC(=C4)OC(=O)C5=CC=CC=C5,cho,376.496,378.47280000000006,-0.005250520589860308,0,28,0,0,0,False,0
V0,1,105,0.018787018954753876,0.1971464306116104,progesterone,CC(=O)C1CCC2C1(CCC3C2CCC4=CC(=O)CCC34C)C,cho,314.469,314.37,0.0003148164047965807,0,23,0,0,0,False,0
V0,1,120,0.009226614609360695,0.05818575620651245,3-methyl-3-heptanol,CCCCC(C)(CC)O,cho,130.231,130.22400000000002,5.37506430878798e-05,0,9,0,0,0,False,0
V0,1,122,0.04117939993739128,0.2886885702610016,diethylether,CCOCC,cho,74.12299999999999,74.1208,2.968039609818618e-05,0,5,0,0,0,False,0
V0,1,146,0.008256519213318825,0.07922686636447906,3-methylpentane,CCC(C)CC,cho,86.178,86.172,6.962333774285234e-05,0,6,0,0,0,False,0
V0,1,149,0.005316928494721651,0.043963707983493805,"1,4-pentanediol",CC(CCCO)O,cho,104.149,104.14599999999999,2.8804885308653105e-05,0,7,0,0,0,False,0
V0,1,153,0.20310954749584198,1.1307604312896729,2-methyltetrahydrofuran,CC1CCCO1,cho,86.134,86.104,0.0003482945178443497,0,6,0,0,0,False,0
V0,1,155,0.015281111001968384,0.04832863807678223,n-butylbenzene,CCCCC1=CC=CC=C1,cho,134.22199999999998,134.212,7.450343460824183e-05,0,10,0,0,0,False,0
V0,1,164,0.003918240312486887,0.03173542767763138,"2,2-dimethyl-1-butanol",CCC(C)(C)CO,cho,102.17699999999999,102.172,4.8934691760371685e-05,0,7,0,0,0,False,0
V0,1,168,0.007339254952967167,0.025436246767640114,3-hexanol,CCCC(CC)O,cho,102.17699999999999,102.172,4.8934691760371685e-05,0,7,0,0,0,False,0
V0,1,172,0.004493333399295807,0.04818837717175484,3-methyl-4-nonanol,CCCCCC(C(C)CC)O,cho,158.285,158.276,5.6859462362113256e-05,0,11,0,0,0,False,0
V0,1,181,0.0034394501708447933,0.02816576324403286,n-heptanol,CCCCCCCO,cho,116.204,116.198,5.1633334480771786e-05,0,8,0,0,0,False,0
V0,1,188,0.013842254877090454,0.8690631985664368,maltotetraose,C(C1C(C(C(C(O1)OC2C(OC(C(C2O)O)OC3C(OC(C(C3O)O)OC4C(OC(C(C4O)O)O)CO)CO)CO)O)O)O)O,cho,666.579,666.4499999999999,0.000193525448596521,0,45,0,0,0,False,0
V0,1,189,0.012887917459011078,0.287248432636261,malic acid,C(C(C(=O)O)O)C(=O)O,cho,134.087,134.052,0.00026102455868204366,0,9,0,0,0,False,0
V0,1,190,0.014956233091652393,0.17512920498847961,pinonic acid,CC(=O)C1CC(C1(C)C)CC(=O)O,cho,184.23499999999999,184.166,0.000374521670692296,0,13,0,0,0,False,0
V0,1,191,0.011321498081088066,0.07026733458042145,"2-methylbutane-1,2,3,4-tetraol",CC(CO)(C(CO)O)O,cho,136.147,136.146,7.345002093317454e-06,0,9,0,0,0,False,0
V0,1,192,0.031119178980588913,0.4237291216850281,"1,2-isopooh",C=C(C)C(CO)OO,cho,118.132,118.09400000000001,0.0003216740595266554,0,8,0,0,0,False,0
V0,1,199,0.009637773036956787,0.08057969808578491,"1,2,6-hexanetriol",C(CCO)CC(CO)O,cho,134.175,134.17200000000003,2.2358859698035083e-05,0,9,0,0,0,False,0
V0,1,202,0.004599296487867832,0.11061332374811172,"3-methyl-1,3,5-pentanetriol",CC(CCO)(CCO)O,cho,134.175,134.17200000000003,2.2358859698035083e-05,0,9,0,0,0,False,0
V0,1,204,0.008174393326044083,0.2049480378627777,gentiobiose,C(C1C(C(C(C(O1)OCC2C(C(C(C(O2)O)O)O)O)O)O)O)O,cho,342.297,342.2608,0.00010575611238194949,0,23,0,0,0,False,0
V0,1,211,0.020894531160593033,0.712340772151947,maltohexaose,C(C1C(C(C(C(O1)OC2C(OC(C(C2O)O)OC3C(OC(C(C3O)O)OC4C(OC(C(C4O)O)OC5C(OC(C(C5O)O)OC6C(OC(C(C6O)O)O)CO)CO)CO)CO)CO)O)O)O)O,cho,990.861,990.658,0.0002048723282074283,0,67,0,0,0,False,0
V0,1,212,0.017449617385864258,0.986302375793457,maltopentaose,C(C1C(C(C(C(O1)OC2C(OC(C(C2O)O)OC3C(OC(C(C3O)O)OC4C(OC(C(C4O)O)OC5C(OC(C(C5O)O)O)CO)CO)CO)CO)O)O)O)O,cho,828.72,828.554,0.0002003089101265676,0,56,0,0,0,False,0
V0,1,213,0.010226740501821041,0.4173979163169861,maltotriose,C(C1C(C(C(C(O1)OC2C(OC(C(C2O)O)OC3C(OC(C(C3O)O)O)CO)CO)O)O)O)O,cho,504.438,504.34600000000006,0.00018238118460534025,0,34,0,0,0,False,0
V0,1,214,0.0064891306683421135,0.054983459413051605,nigerose,C(C1C(C(C(C(O1)O)O)OC2C(C(C(C(O2)CO)O)O)O)O)O,cho,342.297,342.242,0.0001606791762709392,0,23,0,0,0,False,0
V0,1,222,0.010254711844027042,0.04408043622970581,cyclooctanol,C1CCCC(CCC1)O,cho,128.215,128.20800000000003,5.459579612354659e-05,0,9,0,0,0,False,0
V0,1,224,0.005842171609401703,0.08115914463996887,2-methylbutane,CCC(C)C,cho,72.151,72.146,6.929910881336987e-05,0,5,0,0,0,False,0
V0,1,230,0.017106151208281517,0.03456767648458481,2-naphthylamine,C1=CC=C2C=C(C=CC2=C1)N,bimog_n_only,143.189,127.15600000000002,0.11197089161876939,1,11,0,0,1,True,1
V0,1,244,0.030725395306944847,0.08128532022237778,methyl n-phenylcarbamate,COC(=O)NC1=CC=CC=C1,bimog_n_only,151.165,137.1,0.0930440247411769,1,11,0,0,1,True,1
V0,1,245,0.012713968753814697,0.23364916443824768,ethyl n-phenylcarbamate,CCOC(=O)NC1=CC=CC=C1,bimog_n_only,165.192,151.16080000000002,0.08493873795341167,1,12,0,0,1,True,1
V0,1,247,0.07509481906890869,1.4067299365997314,dibucaine,CCCCOC1=NC2=CC=CC=C2C(=C1)C(=O)NCCN(CC)CC,bimog_n_only,343.471,316.38880000000006,0.07884857819146285,2,25,0,0,3,True,2
V0,1,248,0.04714648798108101,0.483125776052475,proxyphylline,CC(CN1C=NC2=C1C(=O)N(C(=O)N2C)C)O,bimog_n_only,238.24699999999999,184.192,0.22688638261971816,4,17,0,0,4,True,4
V0,1,252,0.03422997146844864,0.541539192199707,diphylline,CN1C2=C(C(=O)N(C1=O)C)N(C=N2)CC(CO)O,bimog_n_only,254.24599999999998,200.192,0.21260511473140176,4,18,0,0,4,True,4
V0,1,254,0.022531021386384964,0.1262257844209671,phenobarbital,CCC1(C(=O)NC(=O)NC1=O)C2=CC=CC=C2,bimog_n_only,232.239,205.17000000000002,0.11655665069174426,2,17,0,0,2,True,2
V0,1,268,0.009309361688792706,0.0402870774269104,3-bromopentane,CCC(Br)CC,bimog_hal_only,151.047,71.138,0.529034009281879,1,6,1,0,0,True,0
V0,1,284,0.03242049738764763,0.04255886748433113,"3,4-dichloroaniline",C1=CC(=C(C=C1N)Cl)Cl,bimog_n_and_hal,162.019,75.08400000000002,0.5365728710830211,3,9,2,0,1,True,1
V0,1,285,0.008191244676709175,0.033628400415182114,2-chloroaniline,C1=CC=C(C(=C1)N)Cl,bimog_n_and_hal,127.574,76.09200000000001,0.4035461771207298,2,8,1,0,1,True,1
V0,1,289,0.034862082451581955,0.17228321731090546,m-fluorophenol,C1=CC(=CC(=C1)F)O,bimog_hal_only,112.103,93.082,0.1696743173688483,1,8,1,0,0,True,0
V0,1,296,0.016791485249996185,0.27644434571266174,spironolactone,CC(=O)SC1CC2=CC(=O)CCC2(C3C1C4CCC5(C4(CC3)C)CCC(=O)O5)C,cho,416.58299999999997,384.38,0.07730272238665514,1,29,0,1,0,True,1
V0,1,299,0.028900599107146263,0.7082761526107788,sulphisoxazole,CC1=C(ON=C1C)NS(=O)(=O)C2=CC=C(C=C2)N,bimog_n_only,267.31,200.1488,0.2512483633234821,4,18,0,1,3,True,4
V0,1,304,0.04194476082921028,0.46655091643333435,probucol,CC(C)(C)C1=CC(=CC(=C1O)C(C)(C)C)SC(C)(C)SC2=CC(=C(C(=C2)C(C)(C)C)O)C(C)(C)C,cho,516.857,452.658,0.1242103715340993,2,35,0,2,0,True,2
V0,1,306,0.03710845857858658,0.5226185917854309,n-(s-1-naphthylethyl)-tetrachlorophthalimide,CC(c2ccc1ccccc1c2)n4c(=O)c3c(Cl)c(Cl)c(Cl)c(Cl)c3c4=O,bimog_n_and_hal,439.125,281.236,0.3595536578423001,5,27,4,0,1,True,1
V0,1,313,0.04064508527517319,0.5106533169746399,"n-(1,2,3,4-tetrahydro-1-naphthyl)-tetrachlorophthalimide",O=c2c1c(Cl)c(Cl)c(Cl)c(Cl)c1c(=O)n2c3cccc4ccccc34,bimog_n_and_hal,411.071,281.236,0.31584568115970235,5,25,4,0,1,True,1
V0,1,335,0.008826423436403275,0.05383259057998657,nandrolone,CC12CCC3C(C1CCC2O)CCC4=CC(=O)CCC34,cho,274.404,274.35200000000003,0.00018950161076358718,0,20,0,0,0,False,0
V0,1,341,0.07643847167491913,1.4603313207626343,Bucindolol,CC(C)(CC1=CNC2=CC=CC=C21)NCC(COC3=CC=CC=C3C#N)O,bimog_n_only,363.46099999999996,334.37880000000007,0.08001463705872125,2,27,0,0,3,True,2
V0,1,348,0.026076268404722214,0.18023785948753357,Diazepam,CN1C(=O)CN=C(C2=C1C=CC(=C2)Cl)C3=CC=CC=C3,bimog_n_and_hal,284.746,221.22800000000004,0.22306898077584913,3,20,1,0,2,True,2
V0,1,350,0.026711758226156235,2.027235507965088,Carvedilol,COC1=CC=CC=C1OCCNCC(COC2=CC=CC3=C2C4=CC=CC=C4N3)O,bimog_n_only,406.48199999999997,391.3736000000001,0.037168681516032365,1,30,0,0,2,True,1
V0,1,356,0.017084414139389992,0.2118513137102127,Clofoctol,CC(C)(C)CC(C)(C)C1=CC(=C(C=C1)O)CC2=C(C=C(C=C2)Cl)Cl,bimog_hal_only,365.344,294.40000000000003,0.19418411141280534,2,24,2,0,0,True,0
V0,1,359,0.060880668461322784,0.7797683477401733,Orlistat,CCCCCCCCCCCC(CC1C(C(=O)O1)CCCCCC)OC(=O)C(CC(C)C)NC=O,bimog_n_only,495.745,497.61400000000003,-0.0037700834098175484,0,35,0,0,1,False,0
V0,1,362,0.01556406170129776,0.2616892457008362,Acemetacin,CC1=C(C2=C(N1C(=O)C3=CC=C(C=C3)Cl)C=CC(=C2)OC)CC(=O)OCC(=O)O,bimog_n_and_hal,415.829,367.256,0.11681003489415132,2,29,1,0,1,True,1
V0,1,18,0.07408423721790314,0.35418426990509033,resorcinol,c1cc(cc(c1)O)O,cho,110.112,110.072,0.000363266492298675,0,8,0,0,0,False,0
V0,1,19,0.02048157900571823,0.10911661386489868,phenyl-salicylate,O=C(Oc2ccccc2)c1c(O)cccc1,cho,214.22,229.2088,-0.0699691905517692,0,16,0,0,0,False,0
V0,1,21,0.026994485408067703,0.3143381178379059,diethylphthalat,CCOC(=O)c1ccccc1C(=O)OCC,cho,222.23999999999998,224.2136,-0.008880489560835203,0,16,0,0,0,False,0
V0,1,28,0.006881922483444214,0.02507207915186882,m-xylene,CC1=CC(=CC=C1)C,cho,106.16799999999999,106.16000000000001,7.535227187083215e-05,0,8,0,0,0,False,0
V0,1,34,0.01137811690568924,0.04218616336584091,toluol,Cc1ccccc1,cho,92.14099999999999,92.13400000000001,7.597052343666366e-05,0,7,0,0,0,False,0
V0,1,43,0.008453250862658024,0.06732016801834106,methylcyclohexane,CC1CCCCC1,cho,98.189,98.182,7.129108148562491e-05,0,7,0,0,0,False,0
V0,1,54,0.015954915434122086,0.08825056999921799,4-methylnonane,CCCCCC(C)CCC,cho,142.286,142.276,7.028098337147348e-05,0,10,0,0,0,False,0
V0,1,55,0.029850507155060768,0.1645737737417221,2-isopropoxyethanol,CC(C)OCCO,cho,104.149,104.1468,2.112358255956792e-05,0,7,0,0,0,False,0
V0,1,76,0.03416571393609047,0.7018993496894836,beta-d-glucosepentaacetate,CC(=O)OCC1C(C(C(C(O1)OC(=O)C)OC(=O)C)OC(=O)C)OC(=O)C,cho,390.341,390.098,0.0006225326061058967,0,27,0,0,0,False,0
V0,1,78,0.042345400899648666,1.3857645988464355,"4,4’-dimethoxytetraphenylmethane",COc4ccc(C(c1ccccc1)(c2ccccc2)c3ccc(OC)cc3)cc4,cho,380.48699999999997,380.394,0.00024442359397292,0,29,0,0,0,False,0
V0,1,81,0.014891666360199451,0.07762439548969269,n-butylacetate,CCCCOC(=O)C,cho,116.16,116.11200000000001,0.00041322314049574427,0,8,0,0,0,False,0
V0,1,86,0.005706938914954662,0.06011740118265152,"1,3-butanediol",CC(CCO)O,cho,90.122,90.12,2.2192139544130463e-05,0,6,0,0,0,False,0
V0,1,93,0.010872113518416882,0.0577889084815979,ursodeoxycholic acid,CC(CCC(=O)O)C1CCC2C1(CCC3C2C(CC4C3(CCC(C4)O)C)O)C,cho,392.58,392.542,9.679555759334324e-05,0,28,0,0,0,False,0
V0,1,95,0.022196196019649506,0.8494149446487427,cholic acid,CC(CCC(=O)O)C1CCC2C1(C(CC3C2C(CC4C3(CCC(C4)O)C)O)O)C,cho,408.579,408.54200000000003,9.055776239108582e-05,0,29,0,0,0,False,0
V0,1,100,0.019894743338227272,0.4184435307979584,dehydrocholic acid,CC(CCC(=O)O)C1CCC2C1(C(=O)CC3C2C(=O)CC4C3(CCC(=O)C4)C)C,cho,402.531,403.394,-0.002143934255995239,0,29,0,0,0,False,0
V0,1,103,0.020986702293157578,0.0614975206553936,aspirin,CC(=O)OC1=CC=CC=C1C(=O)O,cho,180.159,180.09200000000004,0.00037189371610601984,0,13,0,0,0,False,0
V0,1,111,0.007510575465857983,0.025713425129652023,2-octanol,CCCCCCC(C)O,cho,130.231,130.22400000000002,5.37506430878798e-05,0,9,0,0,0,False,0
V0,1,115,0.012415224686264992,0.10931815952062607,2-methyl-2-propanol,CC(C)(C)O,cho,74.12299999999999,74.12,4.04732674066377e-05,0,5,0,0,0,False,0
V0,1,117,0.007830704562366009,0.04575400799512863,2-methyl-2-heptanol,CCCCCC(C)(C)O,cho,130.231,130.22400000000002,5.37506430878798e-05,0,9,0,0,0,False,0
V0,1,125,0.017660323530435562,0.0316021665930748,methylethylketone,CCC(=O)C,cho,72.107,72.06000000000002,0.0006518091170064633,0,5,0,0,0,False,0
V0,1,132,0.044739171862602234,0.4633563160896301,3-methoxy-1-butanol,CC(CCO)OC,cho,104.149,104.112,0.0003552602521388337,0,7,0,0,0,False,0
V0,1,134,0.002588253002613783,0.044604383409023285,2-methyl-1-butanol,CCC(C)CO,cho,88.14999999999999,88.146,4.537719795794093e-05,0,6,0,0,0,False,0
V0,1,137,0.0016770645743235946,0.04641314223408699,4-methyl-2-pentanol,CC(C)CC(C)O,cho,102.17699999999999,102.172,4.8934691760371685e-05,0,7,0,0,0,False,0
V0,1,139,0.0013200093526393175,0.045990027487277985,3-methyl-4-hexanol,CCC(C)C(CC)O,cho,116.204,116.198,5.1633334480771786e-05,0,8,0,0,0,False,0
V0,1,144,0.003503564279526472,0.044237785041332245,2-methyl-1-heptanol,CCCCCC(C)CO,cho,130.231,130.22400000000002,5.37506430878798e-05,0,9,0,0,0,False,0
V0,1,151,0.006622692104429007,0.08822554349899292,"1,5-hexanediol",CC(CCCCO)O,cho,118.176,118.172,3.384782020043886e-05,0,8,0,0,0,False,0
V0,1,152,0.006410379894077778,0.06787778437137604,iso-eugenol,CC=CC1=CC(=C(C=C1)O)OC,cho,164.204,164.108,0.0005846386202529308,0,12,0,0,0,False,0
V0,1,157,0.0040263463743031025,0.057912446558475494,cycloheptanol,C1CCCC(CC1)O,cho,114.18799999999999,114.182,5.254492591155735e-05,0,8,0,0,0,False,0
V0,1,166,0.005427350755780935,0.02250385284423828,"2,2-dimethyl-1-hexanol",CCCCC(C)(C)CO,cho,130.231,130.22400000000002,5.37506430878798e-05,0,9,0,0,0,False,0
V0,1,178,0.0028708563186228275,0.047578491270542145,n-butanol,CCCCO,cho,74.12299999999999,74.11999999999999,4.047326740685975e-05,0,5,0,0,0,False,0
V0,1,186,0.015289684757590294,0.08992652595043182,"2,4,6-trimethylheptane",CC(C)CC(C)CC(C)C,cho,142.286,142.276,7.028098337147348e-05,0,10,0,0,0,False,0
V0,1,194,0.011721441522240639,0.31396323442459106,pinic acid,CC1(C(CC1C(=O)O)CC(=O)O)C,cho,186.207,186.166,0.00022018506286014539,0,13,0,0,0,False,0
V0,1,198,0.003585739526897669,0.038872331380844116,"1,2,7-heptanetriol",C(CCC(CO)O)CCO,cho,148.202,148.198,2.6990189066156134e-05,0,10,0,0,0,False,0
V0,1,226,0.12246203422546387,0.2992124557495117,acetaldehyd,CC=O,cho,44.053,44.034000000000006,0.0004312986629739779,0,3,0,0,0,False,0
V0,1,229,0.012658393010497093,0.03855125978589058,1-naphthylamine,C1=CC=C2C(=C1)C=CC=C2N,bimog_n_only,143.189,127.15600000000002,0.11197089161876939,1,11,0,0,1,True,1
V0,1,235,0.10191407054662704,0.4725522994995117,4-nitroaniline,C1=CC(=CC=C1N)[N+](=O)[O-],bimog_n_only,138.126,122.082,0.11615481516875903,1,10,0,0,2,True,1
V0,1,237,0.07623451948165894,0.44437018036842346,2-nitroaniline,C1=CC=C(C(=C1)N)[N+](=O)[O-],bimog_n_only,138.126,122.082,0.11615481516875903,1,10,0,0,2,True,1
V0,1,238,0.09755172580480576,0.44185981154441833,3-nitroaniline,C1=CC(=CC(=C1)[N+](=O)[O-])N,bimog_n_only,138.126,122.082,0.11615481516875903,1,10,0,0,2,True,1
V0,1,250,0.03524582460522652,0.8384765386581421,nialamide,C1=CC=C(C=C1)CNC(=O)CCNNC(=O)C2=CC=NC=C2,bimog_n_only,298.346,270.182,0.09440046120946821,2,22,0,0,4,True,2
V0,1,256,0.025581449270248413,0.35588017106056213,antipyrine,CC1=CC(=O)N(N1C)C2=CC=CC=C2,bimog_n_only,188.23,161.196,0.14362216437337294,2,14,0,0,2,True,2
V0,1,261,0.01276144664734602,0.1119178906083107,hexobarbital,CC1(C(=O)NC(=O)N(C1=O)C)C2=CCCCC2,bimog_n_only,236.271,210.21,0.11030130655052872,2,17,0,0,2,True,2
V0,1,264,0.0752086415886879,0.5462886691093445,dimethyl acetamide,CC(=O)N(C)C,bimog_n_only,87.122,73.06800000000001,0.16131401942104162,1,6,0,0,1,True,1
V0,1,282,0.098204605281353,0.4421730935573578,2-chloro-4-nitroaniline,C1=CC(=C(C=C1[N+](=O)[O-])Cl)N,bimog_n_and_hal,172.571,121.07400000000001,0.29841050929762236,2,11,1,0,2,True,1
V0,1,288,0.019634395837783813,0.0891483873128891,o-fluoroaniline,C1=CC=C(C(=C1)N)F,bimog_n_and_hal,111.119,76.09200000000001,0.3152206193360271,2,8,1,0,1,True,1
V0,1,293,0.01041191816329956,0.22028064727783203,flufenamic acid,C1=CC=C(C(=C1)C(=O)O)NC2=CC=CC(=C2)C(F)(F)F,bimog_n_and_hal,281.233,209.194,0.2561541497619412,4,20,3,0,1,True,1
V0,1,298,0.03297961875796318,0.3943879008293152,indomethacin,CC1=C(C2=C(N1C(=O)C3=CC=C(C=C3)Cl)C=CC(=C2)OC)CC(=O)O,bimog_n_and_hal,357.793,309.256,0.13565665063318744,2,25,1,0,1,True,1
V0,1,301,0.018431106582283974,0.24500811100006104,sulphathiazole,C1=CC(=CC=C1N)S(=O)(=O)NC2=NC=CS2,bimog_n_only,255.32399999999998,172.138,0.3258056430261158,5,16,0,2,3,True,5
V0,1,302,0.072877436876297,0.797631561756134,sulphadimethoxine,COC1=NC(=NC(=C1)NS(=O)(=O)C2=CC=C(C=C2)N)OC,bimog_n_only,310.335,245.14,0.2100794302930704,5,21,0,1,4,True,5
V0,1,307,0.012005237862467766,0.20125165581703186,"n-(s-1-naphthylethyl)-2,2’-diphenic imide",CC(c2ccc1ccccc1c2)n5c(=O)c3ccccc3c4ccccc4c5=O,bimog_n_only,377.443,361.36,0.042610407399262806,1,29,0,0,1,True,1
V0,1,311,0.013138359412550926,0.08699111640453339,n-(r-1-phenylethyl)-3-nitrophthalimide,CC(c1ccccc1)n3c(=O)c2cccc(N(=O)=O)c2c3=O,bimog_n_only,296.282,280.194,0.05429961995666277,1,22,0,0,2,True,1
V0,1,315,0.031969666481018066,1.5771130323410034,"1,3-dinitro-4,6-bis-(r-l’-phenylethylamino)benzene",CC(Nc2cc(NC(C)c1ccccc1)c(N(=O)=O)cc2N(=O)=O)c3ccccc3,bimog_n_only,406.442,406.324,0.000290324326718161,0,30,0,0,4,False,0
V0,1,321,0.036623843014240265,0.35997533798217773,n-(1-phenylethyl)-n’-(p-nitrophenyl)urea,CC(NC(=O)Nc1ccc(N(=O)=O)cc1)c2ccccc2,bimog_n_only,285.303,271.216,0.04937557614185617,1,21,0,0,3,True,1
V0,1,326,0.0476527214050293,0.6534565687179565,anilinephthalein,Nc4ccc(C3(c1ccc(N)cc1)OC(=O)c2ccccc23)cc4,bimog_n_only,316.36,286.27600000000007,0.09509419648501694,2,24,0,0,2,True,2
V0,1,330,0.045542262494564056,0.999508261680603,budesonide,CCCC1OC2CC3C4CCC5=CC(=O)C=CC5(C4C(CC3(C2(O1)C(=O)CO)C)O)C,cho,430.541,432.4120000000001,-0.0043456952996348,0,31,0,0,0,False,0
V0,1,332,0.023409446701407433,0.8918496370315552,hydrocortisone,CC12CCC(=O)C=C1CCC3C2C(CC4(C3CCC4(C(=O)CO)O)C)O,cho,362.466,362.3780000000001,0.0002427813919095856,0,26,0,0,0,False,0
V0,1,338,0.012261305935680866,0.15822526812553406,ibuprofen,CC(C)CC1=CC=C(C=C1)C(C)C(=O)O,cho,206.285,206.256,0.00014058220423196488,0,15,0,0,0,False,0
V0,1,346,0.023899709805846214,0.10791851580142975,Pimozide,C1CN(CCC1N2C3=CC=CC=C3NC2=O)CCCC(C4=CC=C(C=C4)F)C5=CC=C(C=C5)F,bimog_n_and_hal,461.556,381.494,0.173461075145811,5,34,2,0,3,True,3
V0,1,363,0.02871580794453621,1.0808789730072021,Nilutamide,CC1(C(=O)N(C(=O)N1)C2=CC(=C(C=C2)[N+](=O)[O-])C(F)(F)F)C,bimog_n_and_hal,317.223,249.15200000000002,0.2145840623157842,4,22,3,0,3,True,1
V0,1,365,0.03443988412618637,0.5400436520576477,Miconazole,C1=CC(=C(C=C1Cl)Cl)COC(CN2C=CN=C2)C3=C(C=C(C=C3)Cl)Cl,bimog_n_and_hal,416.135,246.2928,0.40814206928040175,6,25,4,0,2,True,2
V0,2,0,0.0200534425675869,0.2088332176208496,glucose,C(C1C(C(C(C(O1)O)O)O)O)O,cho,180.156,180.13800000000003,9.991340837922635e-05,0,12,0,0,0,False,0
V0,2,7,0.019487662240862846,0.02994164265692234,n-propanol,CCCO,cho,60.096,60.093999999999994,3.328008519709602e-05,0,4,0,0,0,False,0
V0,2,11,0.008138474076986313,0.3620578646659851,maltitol,C(C1C(C(C(C(O1)OC(C(CO)O)C(C(CO)O)O)O)O)O)O,cho,344.313,344.276,0.00010746036309983165,0,23,0,0,0,False,0
V0,2,15,0.0034399155993014574,0.026596475392580032,n-pentanol,CCCCCO,cho,88.14999999999999,88.146,4.537719795794093e-05,0,6,0,0,0,False,0
V0,2,20,0.06277617067098618,0.37508857250213623,dimethylphthalat,O=C(OC)c1ccccc1C(=O)OC,cho,194.186,196.092,-0.009815331692295093,0,14,0,0,0,False,0
V0,2,31,0.032853253185749054,0.08435479551553726,n-buten,C=CCC,cho,56.108,56.104,7.129108148562491e-05,0,4,0,0,0,False,0
V0,2,36,0.005639229901134968,0.03306453675031662,propylbenzene,CCCC1=CC=CC=C1,cho,120.195,120.18600000000002,7.487832272534689e-05,0,9,0,0,0,False,0
V0,2,38,0.005752036813646555,0.0566939115524292,n-hexylbenzene,CCCCCCC1=CC=CC=C1,cho,162.27599999999998,162.26399999999998,7.394808844196632e-05,0,12,0,0,0,False,0
V0,2,46,0.005504339933395386,0.07840534299612045,sec-butylcyclohexane,CCC(C)C1CCCCC1,cho,140.26999999999998,140.26,7.129108148562491e-05,0,10,0,0,0,False,0
V0,2,48,0.004771099891513586,0.08179525285959244,n-pentylcyclohexane,CCCCCC1CCCCC1,cho,154.297,154.28599999999997,7.129108148584695e-05,0,11,0,0,0,False,0
V0,2,52,0.00982649065554142,0.11140737682580948,cis-2-octene,CCCCCC=CC,cho,112.216,112.172,0.00039210094817132557,0,8,0,0,0,False,0
V0,2,53,0.009962869808077812,0.0632840171456337,3-methylhexane,CCCC(C)CC,cho,100.205,100.19800000000001,6.985679357307539e-05,0,7,0,0,0,False,0
V0,2,60,0.03894520550966263,0.4037267565727234,guajacol,COC1=CC=CC=C1O,cho,124.139,124.082,0.00045916271276558174,0,9,0,0,0,False,0
V0,2,64,0.017968658357858658,0.2146620750427246,naphthylsalyciate,C1=CC=C2C(=C1)C=CC=C2OC(=O)C3=CC=CC=C3O,cho,264.28,279.26480000000004,-0.05670046919933425,0,20,0,0,0,False,0
V0,2,67,0.04623985290527344,0.09333034604787827,methyl(s)(-)lactate,CC(C(=O)OC)O,cho,104.105,105.07600000000001,-0.009327121656020454,0,7,0,0,0,False,0
V0,2,68,0.06543390452861786,0.3746681809425354,(s)-glycerol acetonate,CC1(OCC(O1)CO)C,cho,132.159,132.1388,0.00015284619284339218,0,9,0,0,0,False,0
V0,2,72,0.014582222327589989,0.21567592024803162,4-(1-idianyl)phenol,C1CC2=CC=CC=C2C1C3=CC=C(C=C3)O,cho,210.27599999999998,210.24400000000003,0.00015218094314117803,0,16,0,0,0,False,0
V0,2,74,0.05097592622041702,0.9072225689888,salicin,C1=CC=C(C(=C1)CO)OC2C(C(C(C(O2)CO)O)O)O,cho,286.28,286.238,0.00014670951515993735,0,20,0,0,0,False,0
V0,2,77,0.01425385195761919,0.3066191077232361,3-pentadecylcyclohexanone,CCCCCCCCCCCCCCCC1CCCC(=O)C1,cho,308.55,308.49399999999997,0.000181494085237488,0,22,0,0,0,False,0
V0,2,82,0.029871368780732155,0.2714526355266571,camphor,CC1(C2CCC1(C(=O)C2)C)C,cho,152.237,152.192,0.0002955917418234755,0,11,0,0,0,False,0
V0,2,83,0.007822873070836067,0.041505880653858185,dibutylphthalat,CCCCOC(=O)C1=CC=CC=C1C(=O)OCCCC,cho,278.348,280.3176,-0.007076034316754631,0,20,0,0,0,False,0
V0,2,84,0.005789400078356266,0.0299830324947834,o-cresol,CC1=CC=CC=C1O,cho,108.14,108.11600000000001,0.0002219345293137387,0,8,0,0,0,False,0
V0,2,85,0.009400390088558197,0.14945754408836365,isopropranol,CC(C)O,cho,60.096,60.093999999999994,3.328008519709602e-05,0,4,0,0,0,False,0
V0,2,87,0.0046209185384213924,0.04517874866724014,"2,3-butanediol",CC(C(C)O)O,cho,90.122,90.12,2.2192139544130463e-05,0,6,0,0,0,False,0
V0,2,94,0.006246619857847691,0.05459333211183548,deoxycholic acid,CC(CCC(=O)O)C1CCC2C1(C(CC3C2CCC4C3(CCC(C4)O)C)O)C,cho,392.58,392.542,9.679555759334324e-05,0,28,0,0,0,False,0
V0,2,96,0.02003476768732071,0.2436281144618988,lactose,C(C1C(C(C(C(O1)OC(C(CO)O)C(C(C=O)O)O)O)O)O)O,cho,342.297,342.242,0.0001606791762709392,0,23,0,0,0,False,0
V0,2,97,0.004699787590652704,0.08634171634912491,diethylhexylphthalat,O=C(OCC(CC)CCCC)C1=CC=CC=C1C(OCC(CC)CCCC)=O,cho,390.56399999999996,392.5256,-0.0050224803105254345,0,28,0,0,0,False,0
V0,2,101,0.0043260445818305016,0.07343663275241852,cellobiose,C(C1C(C(C(C(O1)OC2C(OC(C(C2O)O)O)CO)O)O)O)O,cho,342.297,342.242,0.0001606791762709392,0,23,0,0,0,False,0
V0,2,104,0.004793508443981409,0.13397707045078278,methyltestosterone,CC12CCC(=O)C=C1CCC3C2CCC4(C3CCC4(C)O)C,cho,302.45799999999997,302.40400000000005,0.0001785371853278983,0,22,0,0,0,False,0
V0,2,112,0.00278889830224216,0.029600346460938454,4-hetpanol,CCCC(CCC)O,cho,116.204,116.198,5.1633334480771786e-05,0,8,0,0,0,False,0
V0,2,119,0.0026772189885377884,0.03539704158902168,6-methyl-3-heptanol,CCC(CCC(C)C)O,cho,130.231,130.22400000000002,5.37506430878798e-05,0,9,0,0,0,False,0
V0,2,124,0.027429306879639626,0.2728046774864197,acetone,CC(=O)C,cho,58.08,58.034,0.0007920110192837226,0,4,0,0,0,False,0
V0,2,128,0.05541685223579407,0.18614055216312408,benzaldehyde,C1=CC=C(C=C1)C=O,cho,106.124,106.1,0.00022615054087671282,0,8,0,0,0,False,0
V0,2,130,0.03294559568166733,1.2059844732284546,"1,3,5-trinaphthylbenzene",C1=CC=C2C(=C1)C=CC=C2C3=CC(=CC(=C3)C4=CC=CC5=CC=CC=C54)C6=CC=CC7=CC=CC=C76,cho,456.58799999999997,456.5520000000001,7.884569896687843e-05,0,36,0,0,0,False,0
V0,2,131,0.013402283191680908,0.12346114218235016,decalin,C1CCC2CCCCC2C1,cho,138.254,138.244,7.233063781153515e-05,0,10,0,0,0,False,0
V0,2,135,0.005005835089832544,0.018693216145038605,2-ethyl-1-butanol,CCC(CC)CO,cho,102.17699999999999,102.172,4.8934691760371685e-05,0,7,0,0,0,False,0
V0,2,136,0.0033372442703694105,0.05133739858865738,3-methyl-2-pentanol,CCC(C)C(C)O,cho,102.17699999999999,102.172,4.8934691760371685e-05,0,7,0,0,0,False,0
V0,2,143,0.003808401059359312,0.025222480297088623,4-methyl-1-heptanol,CCCC(C)CCCO,cho,130.231,130.22400000000002,5.37506430878798e-05,0,9,0,0,0,False,0
V0,2,147,0.0066855549812316895,0.03444110229611397,isopropylbenzene,CC(C)C1=CC=CC=C1,cho,120.195,120.18600000000002,7.487832272534689e-05,0,9,0,0,0,False,0
V0,2,150,0.008180747739970684,0.04860424995422363,"1,2-pentanediol",CCCC(CO)O,cho,104.149,104.14599999999999,2.8804885308653105e-05,0,7,0,0,0,False,0
V0,2,159,0.007228912319988012,0.033424731343984604,"2,3-dimethylbutane",CC(C)C(C)C,cho,86.178,86.172,6.962333774285234e-05,0,6,0,0,0,False,0
V0,2,162,0.008224127814173698,0.05080711841583252,cis-2-heptene,CCCCC=CC,cho,98.189,98.14600000000002,0.0004379309291262512,0,7,0,0,0,False,0
V0,2,163,0.004347694106400013,0.027942204847931862,2-methyl-1-pentanol,CCCC(C)CO,cho,102.17699999999999,102.172,4.8934691760371685e-05,0,7,0,0,0,False,0
V0,2,167,0.002563726156949997,0.047417961061000824,2-hexanol,CCCCC(C)O,cho,102.17699999999999,102.172,4.8934691760371685e-05,0,7,0,0,0,False,0
V0,2,169,0.003283283906057477,0.034925349056720734,3-heptanol,CCCCC(CC)O,cho,116.204,116.198,5.1633334480771786e-05,0,8,0,0,0,False,0
V0,2,170,0.0030428054742515087,0.054960478097200394,2-heptanol,CCCCCC(C)O,cho,116.204,116.198,5.1633334480771786e-05,0,8,0,0,0,False,0
V0,2,171,0.0030839047394692898,0.049196757376194,4-nonanol,CCCCCC(CCC)O,cho,144.25799999999998,144.25000000000003,5.5456196536463054e-05,0,10,0,0,0,False,0
V0,2,174,0.0044711860828101635,0.045155614614486694,2-methyl-2-hexanol,CCCCC(C)(C)O,cho,116.204,116.198,5.1633334480771786e-05,0,8,0,0,0,False,0
V0,2,182,0.0028297309763729572,0.028937363997101784,n-octanol,CCCCCCCCO,cho,130.231,130.22400000000002,5.37506430878798e-05,0,9,0,0,0,False,0
V0,2,193,0.022411096841096878,0.364981085062027,trans-beta-iepox,CC1(CO)OC1CO,cho,118.132,118.112,0.0001693021365930525,0,8,0,0,0,False,0
V0,2,195,0.0029720349702984095,0.030543848872184753,"2,4-dimethyl-3-pentanol",CC(C)C(C(C)C)O,cho,116.204,116.198,5.1633334480771786e-05,0,8,0,0,0,False,0
V0,2,196,0.005642069969326258,0.0585261695086956,erythritol,C(C(C(CO)O)O)O,cho,122.12,122.12,0.0,0,8,0,0,0,False,0
V0,2,205,0.02486012503504753,0.5597644448280334,isomalt,C(C1C(C(C(C(O1)OCC(C(C(C(CO)O)O)O)O)O)O)O)O,cho,344.313,344.2948,5.285888130857064e-05,0,23,0,0,0,False,0
V0,2,206,0.027834918349981308,1.260409951210022,isomaltulose,C(C1C(C(C(C(O1)OCC(C(C(C(=O)CO)O)O)O)O)O)O)O,cho,342.297,343.25079999999997,-0.002786469060494179,0,23,0,0,0,False,0
V0,2,207,0.02360648289322853,0.2522485852241516,kojibiose,C(C1C(C(C(C(O1)OC(C=O)C(C(C(CO)O)O)O)O)O)O)O,cho,342.297,342.242,0.0001606791762709392,0,23,0,0,0,False,0
V0,2,208,0.008706190623342991,0.04421467334032059,lactulose,C(C1C(C(C(C(O1)OC2C(OC(C2O)(CO)O)CO)O)O)O)O,cho,342.297,342.242,0.0001606791762709392,0,23,0,0,0,False,0
V0,2,215,0.025783753022551537,0.9226167798042297,nystose,C(C1C(C(C(C(O1)OC2(C(C(C(O2)CO)O)O)COC3(C(C(C(O3)CO)O)O)COC4(C(C(C(O4)CO)O)O)CO)O)O)O)O,cho,666.579,666.4875999999999,0.00013711803102112174,0,45,0,0,0,False,0
V0,2,216,0.0191971305757761,0.4184103012084961,raffinose,C(C1C(C(C(C(O1)OCC2C(C(C(C(O2)OC3(C(C(C(O3)CO)O)O)CO)O)O)O)O)O)O)O,cho,504.438,504.36480000000006,0.00014511198601196984,0,34,0,0,0,False,0
V0,2,218,0.0362982451915741,0.732694685459137,sorbose,C(C(C(C(C(=O)CO)O)O)O)O,cho,180.156,181.12800000000001,-0.005395324052487993,0,12,0,0,0,False,0
V0,2,219,0.017647236585617065,0.6871172189712524,stachyose,C(C1C(C(C(C(O1)OCC2C(C(C(C(O2)OCC3C(C(C(C(O3)OC4(C(C(C(O4)CO)O)O)CO)O)O)O)O)O)O)O)O)O)O,cho,666.579,666.4876,0.0001371180310208997,0,45,0,0,0,False,0
V0,2,220,0.013970533385872841,0.8428711891174316,turanose,C(C1C(C(C(C(O1)OC(C(C(CO)O)O)C(=O)CO)O)O)O)O,cho,342.297,343.23199999999997,-0.002731545996605078,0,23,0,0,0,False,0
V0,2,225,0.016740551218390465,0.1279458999633789,4-methylcyclohexen,CC1CCC=CC1,cho,96.173,96.13,0.00044711093550175995,0,7,0,0,0,False,0
V0,2,232,0.07404009997844696,0.3521243929862976,triethylamine,CCN(CC)CC,bimog_n_only,101.193,87.18,0.13847795796151896,1,7,0,0,1,True,1
V0,2,239,0.018124282360076904,0.47259965538978577,4-methoxyaniline,COC1=CC=C(C=C1)N,bimog_n_only,123.155,107.09200000000001,0.13042913401810718,1,9,0,0,1,True,1
V0,2,242,0.030215036123991013,0.37632596492767334,piperine,C1CCN(CC1)C(=O)C=CC=CC2=CC3=C(C=C2)OCO3,bimog_n_only,285.34299999999996,272.2416,0.045914565978488864,1,21,0,0,1,True,1
V0,2,246,0.028345581144094467,0.08819204568862915,propyl n-phenylcarbamate,CCCOC(=O)NC1=CC=CC=C1,bimog_n_only,179.219,165.1868,0.07829638598586086,1,13,0,0,1,True,1
V0,2,253,0.020480647683143616,0.979747474193573,nitrendipine,CCOC(=O)C1=C(NC(=C(C1C2=CC(=CC=C2)[N+](=O)[O-])C(=O)OC)C)C,bimog_n_only,360.366,349.28200000000004,0.030757618643268092,1,26,0,0,2,True,1
V0,2,259,0.011511239223182201,0.03750153258442879,pentobarbital,CCCC(C)C1(C(=O)NC(=O)NC1=O)CC,bimog_n_only,226.27599999999998,199.208,0.11962382223479284,2,16,0,0,2,True,2
V0,2,260,0.021232184022665024,0.3078233003616333,atropine,CN1C2CCC1CC(C2)OC(=O)C(CO)C3=CC=CC=C3,bimog_n_only,289.375,276.326,0.04509373650107984,1,21,0,0,1,True,1
V0,2,265,0.0046899826265871525,0.023606643080711365,1-bromobutane,CCCCBr,bimog_hal_only,137.01999999999998,57.112,0.5831849365056195,1,5,1,0,0,True,0
V0,2,269,0.02482449635863304,0.254957914352417,9-bromophenanthrene,C1=CC=C2C(=C1)C=C(C3=CC=CC=C23)Br,bimog_hal_only,257.13,177.21200000000002,0.3108077626103527,1,15,1,0,0,True,0
V0,2,270,0.012885588221251965,0.06418488919734955,bromobenzene,C1=CC=C(C=C1)Br,bimog_hal_only,157.01,77.10000000000001,0.5089484746194509,1,7,1,0,0,True,0
V0,2,274,0.008456981740891933,0.04080315679311752,isobutylchloride,CC(C)CCl,bimog_hal_only,92.569,57.112,0.3830331968585595,1,5,1,0,0,True,0
V0,2,276,0.008808924816548824,0.08060719817876816,m-fluorotoluene,CC1=CC(=CC=C1)F,bimog_hal_only,110.131,91.12600000000002,0.17256721540710596,1,8,1,0,0,True,0
V0,2,278,0.041782744228839874,0.27164846658706665,hydrochloro-thiazide,C1NC2=CC(=C(C=C2S(=O)(=O)N1)S(=O)(=O)N)Cl,bimog_n_and_hal,297.745,219.07600000000002,0.26421602377873676,5,17,1,2,3,True,4
V0,2,286,0.015033075585961342,0.026993993669748306,3-chloroaniline,C1=CC(=CC(=C1)Cl)N,bimog_n_and_hal,127.574,76.09200000000001,0.4035461771207298,2,8,1,0,1,True,1
V0,2,290,0.01977096125483513,0.684435248374939,ethacrynic acid,CCC(=C)C(=O)C1=C(C(=C(C=C1)OCC(=O)O)Cl)Cl,bimog_hal_only,303.141,233.1628,0.23084373278441384,2,19,2,0,0,True,0
V0,2,291,0.029974937438964844,0.6552618741989136,tolbutamide,CCCCNC(=O)NS(=O)(=O)C1=CC=C(C=C1)C,bimog_n_only,270.354,222.16,0.17826257425449588,2,18,0,1,2,True,2
V0,2,292,0.021647097542881966,0.12946251034736633,tolnaftate,CC1=CC(=CC=C1)N(C)C(=S)OC2=CC3=CC=CC=C3C=C2,bimog_n_only,307.418,263.34280000000007,0.14337221633085873,2,22,0,1,1,True,2
V0,2,295,0.057795070111751556,0.8271196484565735,chloramphenicol,C1=CC(=CC=C1C(C(CO)NC(=O)C(Cl)Cl)O)[N+](=O)[O-],bimog_n_and_hal,323.132,253.14200000000002,0.21659878934924426,2,20,2,0,2,True,0
V0,2,300,0.03265191987156868,0.40361887216567993,felodipine,CCOC(=O)C1=C(NC(=C(C1C2=C(C(=CC=C2)Cl)Cl)C(=O)OC)C)C,bimog_n_and_hal,384.259,302.284,0.21333267405578016,3,25,2,0,1,True,1
V0,2,303,0.007561372127383947,0.08805707842111588,chlorobenzene,C1=CC=C(C=C1)Cl,bimog_hal_only,112.559,77.10000000000001,0.31502589752929566,1,7,1,0,0,True,0
V0,2,312,0.013365691527724266,0.17652982473373413,"4-acetamido-n-(2’,4’-dimethylphenyl)-1,8naphthalimide",CC(=O)Nc2ccc4c(=O)n(c1ccc(C)cc1C)c(=O)c3cccc2c34,bimog_n_only,358.397,325.24399999999997,0.09250356448296171,2,27,0,0,2,True,2
V0,2,318,0.011466927826404572,0.8568916320800781,1’-(ethoxycarbonyl)ethyl-2-methyl-4-nitrophenylurethane,CCOC(=O)CCC(C(=O)OCC)c1ccc(N(=O)=O)cc1C,bimog_n_only,323.34499999999997,324.25399999999996,-0.0028112387697349916,0,23,0,0,1,False,0
V0,2,323,0.021972648799419403,0.2151162177324295,n-(2-tetrahydropyryl)saccharin,O=C2c1ccccc1S(=O)(=O)C2C3CCCOC3,bimog_n_only,266.318,234.17079999999999,0.12070982810024111,1,18,0,1,0,True,1
V0,2,327,0.011864361353218555,0.24486775696277618,"2,2,2-tris(chloromethyl)ethyl-p-nitrophenylurethane",O=C(Nc1ccc(N(=O)=O)cc1)OCC(CCl)(CCl)CCl,bimog_n_and_hal,355.605,235.1968,0.3386009758018026,4,21,3,0,2,True,1
V0,2,328,0.04104157164692879,0.4158945083618164,"2,2,3,3-tetrafluoropropyl-p-nitrophenylurethane",O=C(Nc1ccc(N(=O)=O)cc1)OCC(F)(F)C(F)F,bimog_n_and_hal,296.176,206.1368,0.30400572632488787,5,20,4,0,2,True,1
V0,2,336,0.04406986013054848,0.7324832677841187,simvastatin,CCC(C)(C)C(=O)OC1CC(C=C2C1C(C(C=C2)C)CCC3CC(CC(=O)O3)O)C,cho,418.57399999999996,420.462,-0.0045105524948994,0,30,0,0,0,False,0
V0,2,339,0.010524238459765911,0.11953697353601456,ketoprofen,CC(C1=CC(=CC=C1)C(=O)C2=CC=CC=C2)C(=O)O,cho,254.285,255.24400000000003,-0.003771358908311706,0,19,0,0,0,False,0
V0,2,347,0.10187985748052597,1.521758794784546,Zolmitriptan,CN(C)CCC1=CNC2=C1C=C(C=C2)CC3COC(=O)N3,bimog_n_only,287.363,259.2848,0.09770986522273217,2,21,0,0,3,True,2
V0,2,349,0.019401442259550095,0.9512310028076172,Nifedipine,CC1=C(C(C(=C(N1)C)C(=O)OC)C2=CC=CC=C2[N+](=O)[O-])C(=O)OC,bimog_n_only,346.339,335.256,0.03200043887636106,1,25,0,0,2,True,1
V0,2,352,0.01755658909678459,0.09266011416912079,Clemastine,CC(C1=CC=CC=C1)(C2=CC=C(C=C2)Cl)OCCC3CCCN3C,bimog_n_and_hal,343.89799999999997,294.41880000000003,0.14387754508604278,2,24,1,0,1,True,1
V0,2,354,0.015316439792513847,0.08009932935237885,Bifonazole,C1=CC=C(C=C1)C2=CC=C(C=C2)C(C3=CC=CC=C3)N4C=CN=C4,bimog_n_only,310.4,282.364,0.09032216494845358,2,24,0,0,2,True,2
V0,2,355,0.014597964473068714,0.1416681706905365,Cinnarizine,C1CN(CCN1CC=CC2=CC=CC=C2)C(C3=CC=CC=C3)C4=CC=CC=C4,bimog_n_only,368.524,340.44800000000004,0.07618499744928409,2,28,0,0,2,True,2
V0,2,357,0.011974413879215717,0.2626860439777374,Tamoxifen,CCC(=C(C1=CC=CC=C1)C2=CC=C(C=C2)OCCN(C)C)C3=CC=CC=C3,bimog_n_only,371.524,357.4928,0.0377666045800541,1,28,0,0,1,True,1
V0,2,358,0.06638018041849136,0.34477177262306213,Procaine,CCN(CC)CCOC(=O)C1=CC=C(C=C1)N,bimog_n_only,236.315,207.2648,0.12292998751666206,2,17,0,0,2,True,2
V0,2,4,0.01566159352660179,0.020043853670358658,glycerol,OCC(O)CO,cho,92.094,92.09400000000001,-2.220446049250313e-16,0,6,0,0,0,False,0
V0,2,5,0.04030691832304001,0.16554208099842072,ribose,C1C(C(C(C(O1)O)O)O)O,cho,150.13,150.13080000000002,-5.328715113828153e-06,0,10,0,0,0,False,0
V0,2,6,0.02533808909356594,0.0319507010281086,ethanol,OCC,cho,46.069,46.068,2.1706570578983175e-05,0,3,0,0,0,False,0
V0,2,10,0.024686569347977638,0.370511919260025,phenolphthalein,O=C1OC(C2=C1C=CC=C2)(C3=CC=C(C=C3)O[H])C4=CC=C(C=C4)O[H],cho,318.328,320.2560000000001,-0.006056645975220931,2,24,0,0,0,True,2
V0,2,23,0.004341847728937864,0.03317037224769592,5-methyl-3-heptanol,CCC(C)CC(CC)O,cho,130.231,130.22400000000002,5.37506430878798e-05,0,9,0,0,0,False,0
V0,2,30,0.011230968870222569,0.21587920188903809,triphenylethene,C1=CC=C(C=C1)C=C(C2=CC=CC=C2)C3=CC=CC=C3,cho,256.34799999999996,256.328,7.801894299930279e-05,0,20,0,0,0,False,0
V0,2,40,0.010711808688938618,0.061410415917634964,tert-butyl-benzene,CC(C)(C)C1=CC=CC=C1,cho,134.22199999999998,134.212,7.450343460824183e-05,0,10,0,0,0,False,0
V0,2,41,0.012063762173056602,0.10140120983123779,3-methylheptane,CCCCC(C)CC,cho,114.232,114.224,7.003291547025281e-05,0,8,0,0,0,False,0
V0,2,69,0.0774446427822113,0.26423585414886475,(r)-nopol,CC1(C)[C@H]2CC=C(CCO)[C@@H]1C2,cho,166.26399999999998,166.25400000000002,6.0145311071346796e-05,0,12,0,0,0,False,0
V0,2,89,0.025363290682435036,0.1991284340620041,mephenesin,CC1=CC=CC=C1OCC(CO)O,cho,182.219,182.21280000000002,3.402499190519048e-05,0,13,0,0,0,False,0
V0,2,90,0.008611945435404778,0.30892959237098694,estradiol-17b-cypionate,CC12CCC3C(C1CCC2OC(=O)CCC4CCCC4)CCC5=C3C=CC(=C5)O,cho,396.57099999999997,396.494,0.00019416447496145572,0,29,0,0,0,False,0
V0,2,99,0.014658138155937195,0.17857763171195984,diethylstilbestrol,CCC(=C(CC)C1=CC=C(C=C1)O)C2=CC=C(C=C2)O,cho,268.356,268.304,0.00019377245151974698,0,20,0,0,0,False,0
V0,2,107,0.008916152641177177,0.3255670964717865,ergocalciferol,CC(C)C(C)C=CC(C)C1CCC2C1(CCCC2=CC=C3CC(CCC3=C)O)C,cho,396.659,396.5600000000001,0.00024958465583757583,0,29,0,0,0,False,0
V0,2,113,0.005705126561224461,0.04519295319914818,4-decanol,CCCCCCC(CCC)O,cho,158.285,158.276,5.6859462362113256e-05,0,11,0,0,0,False,0
V0,2,118,0.006114331539720297,0.05394941568374634,4-methyl-4-heptanol,CCCC(C)(CCC)O,cho,130.231,130.22400000000002,5.37506430878798e-05,0,9,0,0,0,False,0
V0,2,126,0.029286328703165054,0.11511323601007462,methylisobutylketone,CC(C)CC(=O)C,cho,100.161,100.11200000000001,0.0004892123680872995,0,7,0,0,0,False,0
V0,2,129,0.035116732120513916,0.4907938838005066,acetophenone,CC(=O)C1=CC=CC=C1,cho,120.151,120.10000000000001,0.0004244658804336554,0,9,0,0,0,False,0
V0,2,133,0.008671941235661507,0.023568879812955856,"2,4-pentanediol",CC(CC(C)O)O,cho,104.149,104.14599999999999,2.8804885308653105e-05,0,7,0,0,0,False,0
V0,2,138,0.007284064777195454,0.019704097881913185,5-methyl-2-hexanol,CC(C)CCC(C)O,cho,116.204,116.198,5.1633334480771786e-05,0,8,0,0,0,False,0
V0,2,140,0.0032893940806388855,0.025384534150362015,4-methyl-3-heptanol,CCCC(C)C(CC)O,cho,130.231,130.22400000000002,5.37506430878798e-05,0,9,0,0,0,False,0
V0,2,145,0.004086787812411785,0.027472829446196556,2-methyl-3-heptanol,CCCCC(C(C)C)O,cho,130.231,130.22400000000002,5.37506430878798e-05,0,9,0,0,0,False,0
V0,2,156,0.009620442055165768,0.10863618552684784,cyclohexanol,C1CCC(CC1)O,cho,100.161,100.15599999999999,4.991962939682182e-05,0,7,0,0,0,False,0
V0,2,158,0.016345839947462082,0.05449904128909111,cycloheptane,C1CCCCCC1,cho,98.189,98.182,7.129108148562491e-05,0,7,0,0,0,False,0
V0,2,160,0.10510830581188202,0.2750399112701416,1-phenyl-1-propanol,CCC(C1=CC=CC=C1)O,cho,136.194,136.186,5.873973890169193e-05,0,10,0,0,0,False,0
V0,2,173,0.005519303493201733,0.028388995677232742,2-methyl-2-pentanol,CCCC(C)(C)O,cho,102.17699999999999,102.17199999999998,4.893469176048271e-05,0,7,0,0,0,False,0
V0,2,175,0.004473487380892038,0.017152464017271996,4-methy-4-octanol,CCCCC(C)(CCC)O,cho,144.25799999999998,144.25,5.54561965366851e-05,0,10,0,0,0,False,0
V0,2,179,0.013785417191684246,0.3278403878211975,xylose,C(C(C(C(C=O)O)O)O)O,cho,150.13,150.11200000000002,0.00011989609005513824,0,10,0,0,0,False,0
V0,2,184,0.02232448197901249,0.1221756786108017,"1,2,4-butanetriol",C(CO)C(CO)O,cho,106.121,106.12,9.42320558594556e-06,0,7,0,0,0,False,0
V0,2,185,0.01631808653473854,0.040009550750255585,benzene,C1=CC=CC=C1,cho,78.11399999999999,78.108,7.681081496258013e-05,0,6,0,0,0,False,0
V0,2,187,0.059147585183382034,0.41155657172203064,santonin,CC1C2CCC3(C=CC(=O)C(=C3C2OC1=O)C)C,cho,246.30599999999998,248.22,-0.00777082166086096,0,18,0,0,0,False,0
V0,2,200,0.017485760152339935,0.13625848293304443,"2-methyl-1,3-propanediol",CC(CO)CO,cho,90.122,90.12,2.2192139544130463e-05,0,6,0,0,0,False,0
V0,2,201,0.007351039443165064,0.022038517519831657,3-methyl-2-butanol,CC(C)C(C)O,cho,88.14999999999999,88.146,4.537719795794093e-05,0,6,0,0,0,False,0
V0,2,203,0.01985747739672661,0.1390637904405594,"1,3-propanediol",C(CO)CO,cho,76.095,76.094,1.3141467901989223e-05,0,5,0,0,0,False,0
V0,2,210,0.03138104826211929,0.9034526944160461,maltoheptaose,C(C1C(C(C(C(O1)OC2C(OC(C(C2O)O)OC3C(OC(C(C3O)O)OC4C(OC(C(C4O)O)OC5C(OC(C(C5O)O)OC6C(OC(C(C6O)O)OC7C(OC(C(C7O)O)O)CO)CO)CO)CO)CO)CO)O)O)O)O,cho,1153.002,1152.7620000000002,0.00020815228421089405,0,78,0,0,0,False,0
V0,2,228,0.0769047737121582,0.2039554864168167,4-cyanoaniline,C1=CC(=CC=C1C#N)N,bimog_n_only,118.139,88.102,0.25425134798838656,2,9,0,0,2,True,2
V0,2,231,0.01154354214668274,0.1496254950761795,m-toluidine,CC1=CC(=CC=C1)N,bimog_n_only,107.15599999999999,91.12600000000002,0.14959498301541652,1,8,0,0,1,True,1
V0,2,236,0.041628967970609665,0.24277982115745544,4-nitro-1-naphthylamine,C1=CC=C2C(=C1)C(=CC=C2[N+](=O)[O-])N,bimog_n_only,188.18599999999998,172.138,0.08527733200131771,1,14,0,0,2,True,1
V0,2,240,0.06629885733127594,0.4039156436920166,cinchonine,C=CC1CN2CCC1CC2C(C3=CC=NC4=CC=CC=C34)O,bimog_n_only,294.39799999999997,266.36600000000004,0.09521803816601992,2,22,0,0,2,True,2
V0,2,241,0.009766895323991776,0.6173051595687866,brucine,COC1=C(C=C2C(=C1)C34CCN5C3CC6C7C4N2C(=O)CC7OCC=C6C5)OC,bimog_n_only,394.471,366.33480000000003,0.07132640929244471,2,29,0,0,2,True,2
V0,2,243,0.028805632144212723,0.37171629071235657,benzyl n-phenylcarbamate,C1=CC=C(C=C1)COC(=O)NC2=CC=CC=C2,bimog_n_only,227.26299999999998,213.2268,0.06176192341032183,1,17,0,0,1,True,1
V0,2,249,0.11096964031457901,1.765006422996521,eserine,CC12CCN(C1N(C3=C2C=C(C=C3)OC(=O)NC)C)C,bimog_n_only,275.352,249.2748,0.09470495947006008,2,20,0,0,3,True,2
V0,2,251,0.03629239276051521,0.6641135811805725,acetaminophen,CC(=O)NC1=CC=C(C=C1)O,bimog_n_only,151.165,136.08200000000002,0.09977838785433113,1,11,0,0,1,True,1
V0,2,255,0.03991573303937912,0.6132634282112122,quinidine,COC1=CC2=C(C=CN=C2C=C1)C(C3CC4CCN3CC4C=C)O,bimog_n_only,324.424,296.358,0.08651024585110834,2,24,0,0,2,True,2
V0,2,257,0.018913423642516136,0.13420724868774414,phenylbutazone,CCCCC1C(=O)N(N(C1=O)C2=CC=CC=C2)C3=CC=CC=C3,bimog_n_only,308.381,282.312,0.08453503944795548,2,23,0,0,2,True,2
V0,2,263,0.015356509014964104,0.7276286482810974,nimodipine,CC1=C(C(C(=C(N1)C)C(=O)OC(C)C)C2=CC(=CC=C2)[N+](=O)[O-])C(=O)OCCOC,bimog_n_only,418.44599999999997,407.326,0.026574516186078867,1,30,0,0,2,True,1
V0,2,275,0.021954018622636795,0.0428118035197258,iodobenzene,C1=CC=C(C=C1)I,bimog_hal_only,204.01,77.10000000000001,0.6220773491495515,1,7,1,0,0,True,0
V0,2,280,0.023678991943597794,0.3336324989795685,glibenclamide,COC1=C(C=C(C=C1)Cl)C(=O)NCCC2=CC=C(C=C2)S(=O)(=O)NC(=O)NC3CCCCC3,bimog_n_and_hal,494.013,411.2800000000001,0.16747130136251454,3,33,1,1,3,True,2
V0,2,281,0.06895013898611069,1.290761947631836,triphenyl phosphite,C1=CC=C(C=C1)OP(OC2=CC=CC=C2)OC3=CC=CC=C3,bimog_n_only,310.289,321.3804,-0.03574538575328168,1,22,0,0,0,True,1
V0,2,294,0.028925687074661255,0.18882572650909424,chorotrianisene,COC1=CC=C(C=C1)C(=C(C2=CC=C(C=C2)OC)Cl)C3=CC=C(C=C3)OC,bimog_hal_only,380.871,345.296,0.09340432849967573,1,27,1,0,0,True,0
V0,2,305,0.2904924154281616,1.491005539894104,2-ethylhexylamine,CCCCC(CC)CN,bimog_n_only,129.24699999999999,129.19,0.00044101603905688513,0,9,0,0,1,False,0
V0,2,310,0.006852203514426947,0.07356860488653183,"n-(r-1-phenylethyl)-1,8-naphthalimide",CC(c1ccccc1)n2c(=O)c4cccc3cccc(c2=O)c34,bimog_n_only,301.34499999999997,285.26800000000003,0.053350810532777904,1,23,0,0,1,True,1
V0,2,314,0.008814457803964615,0.1645071804523468,"1-methyl-1-(p-hydroxyphenyl)-1,2,3,4tetrahydronaphthalene",CC3(c1ccc(O)cc1)CCCc2ccccc23,cho,238.32999999999998,238.29600000000005,0.00014265933789259222,0,18,0,0,0,False,0
V0,2,316,0.01360254269093275,0.3395248353481293,n-(r-1-phenylethyl)-n’-(p-nitrophenyl)thiourea,CC(NC(=S)Nc1ccc(N(=O)=O)cc1)c2ccccc2,bimog_n_only,301.371,254.226,0.15643509163124514,2,21,0,1,3,True,2
V0,2,317,0.02836478315293789,0.8605063557624817,1-menthyl-3-nitrophenylurethane,CC(C)C1CCC(C)CC1OC(=O)Nc2cccc(N(=O)=O)c2,bimog_n_only,320.389,306.31600000000003,0.04392472900130773,1,23,0,0,2,True,1
V0,2,319,0.037760715931653976,0.5251504182815552,"1,1,3-trimethyl-3-(p-carboxyphenyl)-indan-5-carboxylic acid",CC3(C)CC(C)(c1ccc(C(=O)O)cc1)c2cc(C(=O)O)ccc23,cho,324.376,324.324,0.00016030779095854708,0,24,0,0,0,False,0
V0,2,320,0.09194173663854599,1.9084354639053345,"2-benzyl-(3,3’)spirobi-(benzo[f]chroman)",c7ccc(CC3CC2C(CCC1CCCCC12)OC36CCC5C(CCC4CCCCC45)O6)cc7,cho,462.71799999999996,462.65200000000004,0.00014263547128035015,0,34,0,0,0,False,0
V0,2,322,0.014930514618754387,0.6655133962631226,"n-( 1-phenylethyl)-2,4-dinitroaniline",CC(Nc1ccc(N(=O)=O)cc1N(=O)=O)c2ccccc2,bimog_n_only,287.275,287.19800000000004,0.00026803585414647557,0,21,0,0,3,False,0
V0,2,329,0.009380001574754715,0.2107996642589569,n-pentyl-p-nitrophenylurethane,CCCCCOC(=O)Nc1ccc(N(=O)=O)cc1,bimog_n_only,252.26999999999998,238.22079999999997,0.055691124588734375,1,18,0,0,2,True,1
V0,2,334,0.011478325352072716,0.047573529183864594,testosterone,CC12CCC3C(C1CCC2O)CCC4=CC(=O)CCC34C,cho,288.431,288.37800000000004,0.0001837527866281885,0,21,0,0,0,False,0
V0,2,340,0.010984881781041622,0.5365632176399231,Aripiprazole,C1CC(=O)NC2=C1C=CC(=C2)OCCCCN3CCN(CC3)C4=C(C(=CC=C4)Cl)Cl,bimog_n_and_hal,448.394,334.4028,0.25422106451022985,5,30,2,0,3,True,3
V0,2,342,0.029990877956151962,0.6363469958305359,Danazol,CC12CCC3C(C1CCC2(C#C)O)CCC4=CC5=C(CC34C)C=NO5,bimog_n_only,337.46299999999997,324.4448000000001,0.03857667359088213,1,25,0,0,1,True,1
V0,2,343,0.031707823276519775,0.410273015499115,Bezafibrate,CC(C)(C(=O)O)OC1=CC=C(C=C1)CCNC(=O)C2=CC=C(C=C2)Cl,bimog_n_only,361.825,328.278,0.09271609203344144,1,25,1,0,1,True,0
V0,2,344,0.02188086323440075,0.3539016842842102,Ezetimibe,C1=CC(=CC=C1C2C(C(=O)N2C3=CC=C(C=C3)F)CCC(C4=CC=C(C=C4)F)O)O,bimog_n_and_hal,409.43199999999996,358.3620000000001,0.12473377752593806,3,30,2,0,1,True,1
V0,2,353,0.024293189868330956,0.34949439764022827,Clotrimazole,C1=CC=C(C=C1)C(C2=CC=CC=C2)(C3=CC=CC=C3Cl)N4C=CN=C4,bimog_n_and_hal,344.84499999999997,281.356,0.18410880250547346,3,25,1,0,2,True,2
V0,2,361,0.011644168756902218,0.41687697172164917,Isradipine,CC1=C(C(C(=C(N1)C)C(=O)OC(C)C)C2=CC=CC3=NON=C32)C(=O)OC,bimog_n_only,371.393,333.3188,0.10251727953946355,3,27,0,0,3,True,3
V0,2,366,0.011179445311427116,0.057960860431194305,Flurbiprofen,CC(C1=CC(=C(C=C1)C2=CC=CC=C2)F)C(=O)O,bimog_hal_only,244.265,225.236,0.07790309704624077,1,18,1,0,0,True,0
V0,2,367,0.012065818533301353,0.36759158968925476,Fenofibrate,CC(C)OC(=O)C(C)(C)OC1=CC=C(C=C1)C(=O)C2=CC=C(C=C2)Cl,bimog_hal_only,360.837,329.34680000000003,0.08726987531766406,1,25,1,0,0,True,0
V0,2,1,0.07372131943702698,0.19604846835136414,tartaric acid,O=C(O)C(O)C(O)C(=O)O,cho,150.086,150.052,0.00022653678557638113,0,10,0,0,0,False,0
V0,2,2,0.055570174008607864,0.3079788386821747,"1,2,3-propanetricarboxylic acid",C(C(CC(=O)O)C(=O)O)C(=O)O,cho,176.124,176.07,0.00030660216665534534,0,12,0,0,0,False,0
V0,2,3,0.03303876519203186,0.5109245777130127,"1,2,4-butanetricarboxylic acid",C(CC(=O)O)C(CC(=O)O)C(=O)O,cho,190.151,190.096,0.00028924381149719736,0,13,0,0,0,False,0
V0,2,8,0.04315788671374321,0.28844040632247925,methanol,CO,cho,32.042,32.042,0.0,0,2,0,0,0,False,0
V0,2,17,0.012684492394328117,0.07837023586034775,"propan-1,2-diol",CC(O)CO,cho,76.095,76.094,1.3141467901989223e-05,0,5,0,0,0,False,0
V0,2,25,0.008706646971404552,0.07481084764003754,2-butanol,CCC(C)O,cho,74.12299999999999,74.12,4.04732674066377e-05,0,5,0,0,0,False,0
V0,2,26,0.005410076584666967,0.029782548546791077,"2,2-dimethyl-1-propanol",CC(CO)(C)C,cho,88.14999999999999,88.146,4.537719795794093e-05,0,6,0,0,0,False,0
V0,2,27,0.0050703054293990135,0.03291144222021103,o-xylene,CC1=C(C)C=CC=C1,cho,106.16799999999999,106.16000000000001,7.535227187083215e-05,0,8,0,0,0,False,0
V0,2,32,0.018649872392416,0.3859121799468994,4-methylstyrene,CC1=CC=C(C=C1)C=C,cho,118.17899999999999,118.17000000000002,7.615566217322733e-05,0,9,0,0,0,False,0
V0,2,35,0.0069119916297495365,0.03934457153081894,ethylbenzene,CCc1ccccc1,cho,106.16799999999999,106.16000000000001,7.535227187083215e-05,0,8,0,0,0,False,0
V0,2,42,0.02126215398311615,0.09683310985565186,cyclohexene,C1CCC=CC1,cho,82.146,82.10400000000001,0.0005112847856254543,0,6,0,0,0,False,0
V0,2,45,0.0044182115234434605,0.05452452972531319,isopropylcyclohexane,CC(C)C1CCCCC1,cho,126.243,126.23400000000001,7.129108148562491e-05,0,9,0,0,0,False,0
V0,2,51,0.011126548983156681,0.09333543479442596,1-heptene,CCCCCC=C,cho,98.189,98.182,7.129108148562491e-05,0,7,0,0,0,False,0
V0,2,56,0.010321857407689095,0.04890047758817673,"2,5-hexanediol",CC(CCC(C)O)O,cho,118.176,118.172,3.384782020043886e-05,0,8,0,0,0,False,0
V0,2,57,0.006803118623793125,0.09070035070180893,n-eugenol,COC1=C(C=CC(=C1)CC=C)O,cho,164.204,164.144,0.0003653991376580956,0,12,0,0,0,False,0
V0,2,58,0.017990127205848694,0.12624962627887726,sorbitol,C(C(C(C(C(CO)O)O)O)O)O,cho,182.172,182.172,0.0,0,12,0,0,0,False,0
V0,2,65,0.0781342014670372,0.29743295907974243,vinylacetate,CC(=O)OC=C,cho,86.09,86.04400000000001,0.0005343245440816435,0,6,0,0,0,False,0
V0,2,66,0.01551587600260973,0.07709752023220062,xylitol,C(C(C(C(CO)O)O)O)O,cho,152.146,152.14600000000002,-2.220446049250313e-16,0,10,0,0,0,False,0
V0,2,70,0.06731400638818741,0.6254715919494629,3-hydroxy-2-methylpropionate,CC(CO)C(=O)OC,cho,118.132,119.102,-0.00821115362475866,0,8,0,0,0,False,0
V0,2,73,0.02328302711248398,0.39367184042930603,2p-hydroxyphenoxytetrahydropyran,C1CCOC(C1)OC2=CC=CC=C2O,cho,194.23,194.1868,0.00022241672244238675,0,14,0,0,0,False,0
V0,2,79,0.023038508370518684,0.19040659070014954,lactic acid,CC(C(=O)O)O,cho,90.078,90.06,0.00019982681675878577,0,6,0,0,0,False,0
V0,2,98,0.008105659857392311,0.1126224622130394,cholecalciterol,CC(C)CCCC(C)C1CCC2C1(CCCC2=CC=C3CC(CCC3=C)O)C,cho,384.64799999999997,384.58600000000007,0.00016118633139883265,0,28,0,0,0,False,0
V0,2,102,0.07074509561061859,0.9564381837844849,17b-estradiol,CC12CCC3C(C1CCC2O)CCC4=C3C=CC(=C4)O,cho,272.388,272.35400000000004,0.00012482194516616474,0,20,0,0,0,False,0
V0,2,106,0.043599218130111694,0.6029109358787537,citric acid,C(C(=O)O)C(CC(=O)O)(C(=O)O)O,cho,192.123,192.07,0.0002758649406889857,0,13,0,0,0,False,0
V0,2,108,0.004605837166309357,0.06869642436504364,n-nonanol,CCCCCCCCCO,cho,144.25799999999998,144.25000000000003,5.5456196536463054e-05,0,10,0,0,0,False,0
V0,2,109,0.004384208470582962,0.03378400579094887,2-pentanol,CCCC(C)O,cho,88.14999999999999,88.146,4.537719795794093e-05,0,6,0,0,0,False,0
V0,2,110,0.005771866533905268,0.043532125651836395,3-pentanol,CCC(CC)O,cho,88.14999999999999,88.146,4.537719795794093e-05,0,6,0,0,0,False,0
V0,2,114,0.0033065290190279484,0.04615878686308861,3-methyl-4-octanol,CCCCC(C(C)CC)O,cho,144.25799999999998,144.25000000000003,5.5456196536463054e-05,0,10,0,0,0,False,0
V0,2,116,0.0074683367274701595,0.07578927278518677,2-methyl-2-butanol,CCC(C)(C)O,cho,88.14999999999999,88.146,4.537719795794093e-05,0,6,0,0,0,False,0
V0,2,121,0.003741841297596693,0.05118914693593979,6-methyl-1-heptanol,CC(C)CCCCCO,cho,130.231,130.22400000000002,5.37506430878798e-05,0,9,0,0,0,False,0
V0,2,123,0.20538870990276337,1.289193868637085,diisopropylether,CC(C)OC(C)C,cho,102.17699999999999,102.154,0.00022509958209770975,0,7,0,0,0,False,0
V0,2,127,0.07262822240591049,0.28260958194732666,ethyl acetate,CCOC(=O)C,cho,88.106,88.06,0.0005220983814949731,0,6,0,0,0,False,0
V0,2,141,0.0032318285666406155,0.04094669222831726,3-methyl-4-heptanol,CCCC(C(C)CC)O,cho,130.231,130.22400000000002,5.37506430878798e-05,0,9,0,0,0,False,0
V0,2,142,0.006135583855211735,0.026989776641130447,6-methyl-2-heptanol,CC(C)CCCC(C)O,cho,130.231,130.22400000000002,5.37506430878798e-05,0,9,0,0,0,False,0
V0,2,148,0.0085678119212389,0.06511189788579941,diisobutylphthalat,CC(C)COC(=O)C1=CC=CC=C1C(=O)OCC(C)C,cho,278.348,280.3176,-0.007076034316754631,0,20,0,0,0,False,0
V0,2,154,0.004985262639820576,0.07720550894737244,menthol,CC1CCC(C(C1)O)C(C)C,cho,156.269,156.26000000000002,5.759299669150231e-05,0,11,0,0,0,False,0
V0,2,161,0.01173015870153904,0.04294238239526749,"1,2-butanediol",CCC(CO)O,cho,90.122,90.12,2.2192139544130463e-05,0,6,0,0,0,False,0
V0,2,165,0.0029690470546483994,0.018269091844558716,"2,2-dimethyl-1-pentanol",CCCC(C)(C)CO,cho,116.204,116.19799999999998,5.163333448088281e-05,0,8,0,0,0,False,0
V0,2,176,0.004965587053447962,0.03318139910697937,4-methyl-4-nonanol,CCCCCC(C)(CCC)O,cho,158.285,158.276,5.6859462362113256e-05,0,11,0,0,0,False,0
V0,2,177,0.021185312420129776,0.12601836025714874,4-methyl-undecane,CCCCCCCC(C)CCC,cho,170.34,170.328,7.044734061290026e-05,0,12,0,0,0,False,0
V0,2,180,0.025632377713918686,0.22220249474048615,fructose,C1C(C(C(C(O1)(CO)O)O)O)O,cho,180.156,180.1568,-4.440595927857061e-06,0,12,0,0,0,False,0
V0,2,183,0.004670292139053345,0.04618702828884125,3-methyl-1-butanol,CC(C)CCO,cho,88.14999999999999,88.146,4.537719795794093e-05,0,6,0,0,0,False,0
V0,2,197,0.014174474403262138,0.29297900199890137,"2-ethyl-1,3-hexanediol",CCCC(C(CC)CO)O,cho,146.23,146.224,4.103125213705816e-05,0,10,0,0,0,False,0
V0,2,209,0.012243564240634441,0.26678475737571716,levoglucosan,C1C2C(C(C(C(O1)O2)O)O)O,cho,162.141,162.1228,0.00011224798169484629,0,11,0,0,0,False,0
V0,2,217,0.06894072145223618,0.3332618772983551,rhamnose,CC1C(C(C(C(O1)O)O)O)O,cho,164.157,164.138,0.00011574285592452771,0,11,0,0,0,False,0
V0,2,221,0.0216330885887146,0.606999397277832,"3-methyl-1,2,3-butanetricarboxylic acid",CC(C)(C(CC(=O)O)C(=O)O)C(=O)O,cho,204.178,204.122,0.0002742704894748149,0,14,0,0,0,False,0
V0,2,223,0.018478112295269966,0.03718522936105728,"1,2-dimethylcyclohexane",CC1CCCCC1C,cho,112.216,112.208,7.129108148562491e-05,0,8,0,0,0,False,0
V0,2,227,0.07912824302911758,0.4180835783481598,butyronitrile,CCCC#N,bimog_n_only,69.107,55.096,0.20274357156293865,1,5,0,0,1,True,1
V0,2,233,0.00929268542677164,0.07601483911275864,pyridine,C1=CC=NC=C1,bimog_n_only,79.10199999999999,65.09,0.1771383782963767,1,6,0,0,1,True,1
V0,2,234,0.03255746141076088,0.2864711880683899,2-methoxy-4-nitroaniline,COC1=C(C=CC(=C1)[N+](=O)[O-])N,bimog_n_only,168.152,152.074,0.09561587135448868,1,12,0,0,2,True,1
V0,2,258,0.021060431376099586,0.9678781628608704,quinineethylcarbonate,CCOC(=O)OC(C1CC2CCN1CC2C=C)C3=C4C=C(C=CC4=NC=C3)OC,bimog_n_only,396.48699999999997,369.3928000000001,0.06833565791564389,2,29,0,0,2,True,2
V0,2,262,0.012355277314782143,0.06166522577404976,amobarbital,CCC1(C(=O)NC(=O)NC1=O)CCC(C)C,bimog_n_only,226.27599999999998,199.208,0.11962382223479284,2,16,0,0,2,True,2
V0,2,266,0.01356688141822815,0.04975028708577156,isobutylbromide,CC(C)CBr,bimog_hal_only,137.01999999999998,57.112,0.5831849365056195,1,5,1,0,0,True,0
V0,2,267,0.005488312803208828,0.04684875160455704,isoamylbromide,CC(C)CCBr,bimog_hal_only,151.047,71.138,0.529034009281879,1,6,1,0,0,True,0
V0,2,271,0.009765240363776684,0.08121182024478912,tert-butyl-chloride,CC(C)(C)Cl,bimog_hal_only,92.569,57.112,0.3830331968585595,1,5,1,0,0,True,0
V0,2,272,0.03759925439953804,0.05661802738904953,1 -bromopropane,CCCBr,bimog_hal_only,122.993,43.086,0.6496873805826348,1,4,1,0,0,True,0
V0,2,273,0.014958208426833153,0.09776876866817474,1-iodobutane,CCCCI,bimog_hal_only,184.01999999999998,57.112,0.6896424301706336,1,5,1,0,0,True,0
V0,2,277,0.37226948142051697,3.946382999420166,trichloroethylene,ClC=C(Cl)Cl,bimog_hal_only,131.389,25.028,0.8095122118289964,3,5,3,0,0,True,0
V0,2,279,0.03318094089627266,0.5625722408294678,griseofulvin,CC1CC(=O)C=C(C12C(=O)C3=C(O2)C(=C(C=C3OC)OC)Cl)OC,bimog_hal_only,352.77,319.148,0.09530855798395543,1,24,1,0,0,True,0
V0,2,283,0.005440812557935715,0.04494772478938103,4-chloroaniline,C1=CC(=CC=C1N)Cl,bimog_n_and_hal,127.574,76.09200000000001,0.4035461771207298,2,8,1,0,1,True,1
V0,2,287,0.014992034062743187,0.08264827728271484,3-trifluoromethylaniline,C1=CC(=CC(=C1)N)C(F)(F)F,bimog_n_and_hal,161.126,88.102,0.45321053088886953,4,11,3,0,1,True,1
V0,2,297,0.014434903860092163,0.20575740933418274,chlormadinone acetate,CC(=O)C1(CCC2C1(CCC3C2C=C(C4=CC(=O)CCC34C)Cl)C)OC(=O)C,bimog_hal_only,404.93399999999997,369.33799999999997,0.08790568339531879,1,28,1,0,0,True,0
V0,2,308,0.00993373990058899,0.12100131809711456,"n-(r-1-phenylethyl)-2,2’-diphenic imide",CC(c1ccccc1)n4c(=O)c2ccccc2c3ccccc3c4=O,bimog_n_only,327.383,311.30400000000003,0.049113729179584675,1,25,0,0,1,True,1
V0,2,309,0.026801174506545067,0.22864142060279846,"n-(r-1-phenylethyl)-4-nitro-1,8-naphthalimide",CC(c1ccccc1)n2c(=O)c4cccc3c(N(=O)=O)ccc(c2=O)c34,bimog_n_only,346.342,330.25,0.04646274491687408,1,26,0,0,2,True,1
V0,2,324,0.029987990856170654,0.5099730491638184,"9,9-bis(p-hydroxyphenyl)fluorene",Oc5ccc(C4(c1ccc(O)cc1)c2ccccc2c3ccccc34)cc5,cho,350.417,350.358,0.0001683708267576911,0,27,0,0,0,False,0
V0,2,325,0.02218242920935154,0.5156948566436768,"9,9-bis(p-aminophenyl)fluorene",Nc5ccc(C4(c1ccc(N)cc1)c2ccccc2c3ccccc34)cc5,bimog_n_only,348.44899999999996,316.37800000000004,0.09203929412912626,2,27,0,0,2,True,2
V0,2,331,0.023563561961054802,0.1780289113521576,prednisone,CC12CC(=O)C3C(C1CCC2(C(=O)CO)O)CCC4=CC(=O)C=CC34C,cho,358.43399999999997,359.3,-0.0024160654402205495,0,26,0,0,0,False,0
V0,2,333,0.0607340931892395,1.0175457000732422,warfarin,CC(=O)CC(C1=CC=CC=C1)C2=C(C3=CC=CC=C3OC2=O)O,cho,308.33299999999997,310.2540000000001,-0.00623027700570522,0,23,0,0,0,False,0
V0,2,337,0.05081569403409958,0.7584653496742249,fluorescamin,C1=CC=C(C=C1)C2=COC3(C2=O)C4=CC=CC=C4C(=O)O3,cho,278.263,295.2468,-0.06103506395029168,0,21,0,0,0,False,0
V0,2,345,0.025148119777441025,0.46712809801101685,Glafenine,C1=CC=C(C(=C1)C(=O)OCC(CO)O)NC2=C3C=CC(=CC3=NC=C2)Cl,bimog_n_and_hal,372.808,309.3088,0.17032681702109387,3,26,1,0,2,True,2
V0,2,351,0.011257866397500038,0.15372976660728455,Loratadine,CCOC(=O)N1CCC(=C2C3=C(CCC4=C2N=CC=C4)C=C(C=C3)Cl)CC1,bimog_n_and_hal,382.89099999999996,320.39480000000003,0.1632219091072915,3,27,1,0,2,True,2
V0,2,360,0.028451746329665184,1.5498102903366089,Linaprazan,CC1=C(C(=CC=C1)C)CNC2=CC(=CN3C2=NC(=C3C)C)C(=O)NCCO,bimog_n_only,366.465,339.34000000000003,0.07401798261771231,2,27,0,0,4,True,2
V0,2,364,0.013433578424155712,0.12634003162384033,Aceclofenac,C1=CC=C(C(=C1)CC(=O)OCC(=O)O)NC2=C(C=CC=C2Cl)Cl,bimog_n_and_hal,354.189,268.202,0.24277151464331193,3,23,2,0,1,True,1
V0,2,9,0.01339024119079113,0.10321591794490814,ethylenglycol,OCCO,cho,62.068,62.068,0.0,0,4,0,0,0,False,0
V0,2,12,0.05752363055944443,0.34015434980392456,flopropione,CCC(=O)C1=C(C=C(C=C1O)O)O,cho,182.17499999999998,182.08,0.0005214766021680584,0,13,0,0,0,False,0
V0,2,13,0.008146372623741627,0.018587473779916763,2-methyl-1-propanol,CC(C)CO,cho,74.12299999999999,74.11999999999999,4.047326740685975e-05,0,5,0,0,0,False,0
V0,2,14,0.00553047563880682,0.03333864361047745,n-hexanol,CCCCCCO,cho,102.17699999999999,102.172,4.8934691760371685e-05,0,7,0,0,0,False,0
V0,2,16,0.14744140207767487,0.3924823999404907,benzyl alcohol,c1ccc(cc1)CO,cho,108.14,108.134,5.548363232843467e-05,0,8,0,0,0,False,0
V0,2,22,0.004535482730716467,0.023875847458839417,2-ethyl-1-hexanol,CCCCC(CC)CO,cho,130.231,130.22400000000002,5.37506430878798e-05,0,9,0,0,0,False,0
V0,2,24,0.13911207020282745,0.41332149505615234,2-phenyl-1-ethanol,c1ccc(cc1)CCO,cho,122.167,122.16000000000001,5.7298615829037836e-05,0,9,0,0,0,False,0
V0,2,29,0.007154802791774273,0.028298035264015198,2-methylpentane,CCCC(C)C,cho,86.178,86.172,6.962333774285234e-05,0,6,0,0,0,False,0
V0,2,33,0.010358551517128944,0.1562102735042572,o-terphenyl,C1=CC=C(C=C1)C2=CC=CC=C2C3=CC=CC=C3,cho,230.30999999999997,230.29200000000003,7.815552950352078e-05,0,18,0,0,0,False,0
V0,2,37,0.014640246517956257,0.03367370739579201,n-pentylbenzene,CCCCCC1=CC=CC=C1,cho,148.249,148.238,7.419948869802351e-05,0,11,0,0,0,False,0
V0,2,39,0.0059424350038170815,0.03778206557035446,sec-butylbenzene,CCC(C)C1=CC=CC=C1,cho,134.22199999999998,134.212,7.450343460824183e-05,0,10,0,0,0,False,0
V0,2,44,0.004921323619782925,0.03677072376012802,ethylcyclohexane,CCC1CCCCC1,cho,112.216,112.20800000000001,7.129108148551389e-05,0,8,0,0,0,False,0
V0,2,47,0.009694894775748253,0.04355744272470474,n-butylcyclohexane,CCCCC1CCCCC1,cho,140.26999999999998,140.26,7.129108148562491e-05,0,10,0,0,0,False,0
V0,2,49,0.010225683450698853,0.07720097154378891,n-hexylcyclohexane,CCCCCCC1CCCCC1,cho,168.32399999999998,168.31199999999998,7.129108148573593e-05,0,12,0,0,0,False,0
V0,2,50,0.015030396170914173,0.0763266459107399,trans-2-hexene,CCCC=CC,cho,84.16199999999999,84.12,0.0004990375703998184,0,6,0,0,0,False,0
V0,2,59,0.18289928138256073,1.3071372509002686,propylencarbonate,CC1COC(=O)O1,cho,102.089,103.06080000000001,-0.009519145059702971,0,7,0,0,0,False,0
V0,2,61,0.02063969150185585,0.2931954264640808,sucrose,C(C1C(C(C(C(O1)OC2(C(C(C(O2)CO)O)O)CO)O)O)O)O,cho,342.297,342.242,0.0001606791762709392,0,23,0,0,0,False,0
V0,2,62,0.010643298737704754,0.08870267868041992,trehalose,C(C1C(C(C(C(O1)OC2C(C(C(C(O2)CO)O)O)O)O)O)O)O,cho,342.297,342.242,0.0001606791762709392,0,23,0,0,0,False,0
V0,2,63,0.010066523216664791,0.08060158789157867,dioctylphthalat,CCCCCCCCOC(=O)C1=CC=CC=C1C(=O)OCCCCCCCC,cho,390.56399999999996,392.5256,-0.0050224803105254345,0,28,0,0,0,False,0
V0,2,71,0.01404937170445919,1.1592278480529785,dianin’s compound,CC1(CC(C2=CC=CC=C2O1)(C)C3=CC=C(C=C3)O)COc1ccc(cc1)C2(c3c(OC(C2)(C)C)cccc3)C,cho,534.696,536.6268000000001,-0.0036110238341040546,0,40,0,0,0,False,0
V0,2,75,0.010643484070897102,0.11394021660089493,cholesterol,CC(C)CCCC(C)C1CCC2C1(CCC3C2CC=C4C3(CCC(C4)O)C)C,cho,386.664,386.63800000000003,6.724184304707226e-05,0,28,0,0,0,False,0
V0,2,80,0.08802934736013412,0.16319891810417175,epoxypropane,CC1CO1,cho,58.08,58.0788,2.0661157024703947e-05,0,4,0,0,0,False,0
V0,2,88,0.005804873537272215,0.08767394721508026,m-cresol,CC1=CC(=CC=C1)O,cho,108.14,108.11600000000001,0.0002219345293137387,0,8,0,0,0,False,0
V0,2,91,0.0078809205442667,0.14782175421714783,norethylnodrel,CC12CCC3C(C1CCC2(C#C)O)CCC4=C3CCC(=O)C4,cho,298.426,298.37200000000007,0.00018094938108581538,0,22,0,0,0,False,0
V0,2,92,0.02417553961277008,0.6693905591964722,beta-estradiol-3-benzoate,CC12CCC3C(C1CCC2O)CCC4=C3C=CC(=C4)OC(=O)C5=CC=CC=C5,cho,376.496,378.47280000000006,-0.005250520589860308,0,28,0,0,0,False,0
V0,2,105,0.018233641982078552,0.19788847863674164,progesterone,CC(=O)C1CCC2C1(CCC3C2CCC4=CC(=O)CCC34C)C,cho,314.469,314.37,0.0003148164047965807,0,23,0,0,0,False,0
V0,2,120,0.006976014468818903,0.07398603856563568,3-methyl-3-heptanol,CCCCC(C)(CC)O,cho,130.231,130.22400000000002,5.37506430878798e-05,0,9,0,0,0,False,0
V0,2,122,0.04000914469361305,0.22442451119422913,diethylether,CCOCC,cho,74.12299999999999,74.1208,2.968039609818618e-05,0,5,0,0,0,False,0
V0,2,146,0.008111055940389633,0.03415042906999588,3-methylpentane,CCC(C)CC,cho,86.178,86.172,6.962333774285234e-05,0,6,0,0,0,False,0
V0,2,149,0.006376585457473993,0.04033585637807846,"1,4-pentanediol",CC(CCCO)O,cho,104.149,104.14599999999999,2.8804885308653105e-05,0,7,0,0,0,False,0
V0,2,153,0.16850021481513977,1.1923832893371582,2-methyltetrahydrofuran,CC1CCCO1,cho,86.134,86.104,0.0003482945178443497,0,6,0,0,0,False,0
V0,2,155,0.015628550201654434,0.03572755306959152,n-butylbenzene,CCCCC1=CC=CC=C1,cho,134.22199999999998,134.212,7.450343460824183e-05,0,10,0,0,0,False,0
V0,2,164,0.0036386928986757994,0.031943920999765396,"2,2-dimethyl-1-butanol",CCC(C)(C)CO,cho,102.17699999999999,102.172,4.8934691760371685e-05,0,7,0,0,0,False,0
V0,2,168,0.005320723168551922,0.0391705147922039,3-hexanol,CCCC(CC)O,cho,102.17699999999999,102.172,4.8934691760371685e-05,0,7,0,0,0,False,0
V0,2,172,0.004709921777248383,0.044912002980709076,3-methyl-4-nonanol,CCCCCC(C(C)CC)O,cho,158.285,158.276,5.6859462362113256e-05,0,11,0,0,0,False,0
V0,2,181,0.004434316419064999,0.028388798236846924,n-heptanol,CCCCCCCO,cho,116.204,116.198,5.1633334480771786e-05,0,8,0,0,0,False,0
V0,2,188,0.015805799514055252,0.7470887899398804,maltotetraose,C(C1C(C(C(C(O1)OC2C(OC(C(C2O)O)OC3C(OC(C(C3O)O)OC4C(OC(C(C4O)O)O)CO)CO)CO)O)O)O)O,cho,666.579,666.4499999999999,0.000193525448596521,0,45,0,0,0,False,0
V0,2,189,0.008303030394017696,0.19677604734897614,malic acid,C(C(C(=O)O)O)C(=O)O,cho,134.087,134.052,0.00026102455868204366,0,9,0,0,0,False,0
V0,2,190,0.03222423791885376,0.14101605117321014,pinonic acid,CC(=O)C1CC(C1(C)C)CC(=O)O,cho,184.23499999999999,184.166,0.000374521670692296,0,13,0,0,0,False,0
V0,2,191,0.007458501495420933,0.04882948845624924,"2-methylbutane-1,2,3,4-tetraol",CC(CO)(C(CO)O)O,cho,136.147,136.146,7.345002093317454e-06,0,9,0,0,0,False,0
V0,2,192,0.037332918494939804,0.4919270873069763,"1,2-isopooh",C=C(C)C(CO)OO,cho,118.132,118.09400000000001,0.0003216740595266554,0,8,0,0,0,False,0
V0,2,199,0.005769466515630484,0.03957343101501465,"1,2,6-hexanetriol",C(CCO)CC(CO)O,cho,134.175,134.17200000000003,2.2358859698035083e-05,0,9,0,0,0,False,0
V0,2,202,0.006143628153949976,0.06686098128557205,"3-methyl-1,3,5-pentanetriol",CC(CCO)(CCO)O,cho,134.175,134.17200000000003,2.2358859698035083e-05,0,9,0,0,0,False,0
V0,2,204,0.019117850810289383,0.3153470456600189,gentiobiose,C(C1C(C(C(C(O1)OCC2C(C(C(C(O2)O)O)O)O)O)O)O)O,cho,342.297,342.2608,0.00010575611238194949,0,23,0,0,0,False,0
V0,2,211,0.02112991362810135,0.6597208380699158,maltohexaose,C(C1C(C(C(C(O1)OC2C(OC(C(C2O)O)OC3C(OC(C(C3O)O)OC4C(OC(C(C4O)O)OC5C(OC(C(C5O)O)OC6C(OC(C(C6O)O)O)CO)CO)CO)CO)CO)O)O)O)O,cho,990.861,990.658,0.0002048723282074283,0,67,0,0,0,False,0
V0,2,212,0.016429012641310692,0.9337472915649414,maltopentaose,C(C1C(C(C(C(O1)OC2C(OC(C(C2O)O)OC3C(OC(C(C3O)O)OC4C(OC(C(C4O)O)OC5C(OC(C(C5O)O)O)CO)CO)CO)CO)O)O)O)O,cho,828.72,828.554,0.0002003089101265676,0,56,0,0,0,False,0
V0,2,213,0.011407150886952877,0.2985774576663971,maltotriose,C(C1C(C(C(C(O1)OC2C(OC(C(C2O)O)OC3C(OC(C(C3O)O)O)CO)CO)O)O)O)O,cho,504.438,504.34600000000006,0.00018238118460534025,0,34,0,0,0,False,0
V0,2,214,0.012966197915375233,0.07808773964643478,nigerose,C(C1C(C(C(C(O1)O)O)OC2C(C(C(C(O2)CO)O)O)O)O)O,cho,342.297,342.242,0.0001606791762709392,0,23,0,0,0,False,0
V0,2,222,0.005910388194024563,0.10090215504169464,cyclooctanol,C1CCCC(CCC1)O,cho,128.215,128.20800000000003,5.459579612354659e-05,0,9,0,0,0,False,0
V0,2,224,0.010689401999115944,0.05426216125488281,2-methylbutane,CCC(C)C,cho,72.151,72.146,6.929910881336987e-05,0,5,0,0,0,False,0
V0,2,230,0.013115505687892437,0.0485600009560585,2-naphthylamine,C1=CC=C2C=C(C=CC2=C1)N,bimog_n_only,143.189,127.15600000000002,0.11197089161876939,1,11,0,0,1,True,1
V0,2,244,0.02495243214070797,0.12276115268468857,methyl n-phenylcarbamate,COC(=O)NC1=CC=CC=C1,bimog_n_only,151.165,137.1,0.0930440247411769,1,11,0,0,1,True,1
V0,2,245,0.018195809796452522,0.08484435081481934,ethyl n-phenylcarbamate,CCOC(=O)NC1=CC=CC=C1,bimog_n_only,165.192,151.16080000000002,0.08493873795341167,1,12,0,0,1,True,1
V0,2,247,0.04749143123626709,1.0836671590805054,dibucaine,CCCCOC1=NC2=CC=CC=C2C(=C1)C(=O)NCCN(CC)CC,bimog_n_only,343.471,316.38880000000006,0.07884857819146285,2,25,0,0,3,True,2
V0,2,248,0.05396510288119316,0.28382331132888794,proxyphylline,CC(CN1C=NC2=C1C(=O)N(C(=O)N2C)C)O,bimog_n_only,238.24699999999999,184.192,0.22688638261971816,4,17,0,0,4,True,4
V0,2,252,0.049931515008211136,0.33755573630332947,diphylline,CN1C2=C(C(=O)N(C1=O)C)N(C=N2)CC(CO)O,bimog_n_only,254.24599999999998,200.192,0.21260511473140176,4,18,0,0,4,True,4
V0,2,254,0.021114028990268707,0.10763275623321533,phenobarbital,CCC1(C(=O)NC(=O)NC1=O)C2=CC=CC=C2,bimog_n_only,232.239,205.17000000000002,0.11655665069174426,2,17,0,0,2,True,2
V0,2,268,0.007019336335361004,0.03461362421512604,3-bromopentane,CCC(Br)CC,bimog_hal_only,151.047,71.138,0.529034009281879,1,6,1,0,0,True,0
V0,2,284,0.029683059081435204,0.05379309505224228,"3,4-dichloroaniline",C1=CC(=C(C=C1N)Cl)Cl,bimog_n_and_hal,162.019,75.08400000000002,0.5365728710830211,3,9,2,0,1,True,1
V0,2,285,0.01232635136693716,0.06515248119831085,2-chloroaniline,C1=CC=C(C(=C1)N)Cl,bimog_n_and_hal,127.574,76.09200000000001,0.4035461771207298,2,8,1,0,1,True,1
V0,2,289,0.029115522280335426,0.15902039408683777,m-fluorophenol,C1=CC(=CC(=C1)F)O,bimog_hal_only,112.103,93.082,0.1696743173688483,1,8,1,0,0,True,0
V0,2,296,0.006098724436014891,0.10364298522472382,spironolactone,CC(=O)SC1CC2=CC(=O)CCC2(C3C1C4CCC5(C4(CC3)C)CCC(=O)O5)C,cho,416.58299999999997,384.38,0.07730272238665514,1,29,0,1,0,True,1
V0,2,299,0.022724252194166183,0.3883648216724396,sulphisoxazole,CC1=C(ON=C1C)NS(=O)(=O)C2=CC=C(C=C2)N,bimog_n_only,267.31,200.1488,0.2512483633234821,4,18,0,1,3,True,4
V0,2,304,0.03708191588521004,0.7334743738174438,probucol,CC(C)(C)C1=CC(=CC(=C1O)C(C)(C)C)SC(C)(C)SC2=CC(=C(C(=C2)C(C)(C)C)O)C(C)(C)C,cho,516.857,452.658,0.1242103715340993,2,35,0,2,0,True,2
V0,2,306,0.04303041845560074,0.32106417417526245,n-(s-1-naphthylethyl)-tetrachlorophthalimide,CC(c2ccc1ccccc1c2)n4c(=O)c3c(Cl)c(Cl)c(Cl)c(Cl)c3c4=O,bimog_n_and_hal,439.125,281.236,0.3595536578423001,5,27,4,0,1,True,1
V0,2,313,0.05184461921453476,0.3380090296268463,"n-(1,2,3,4-tetrahydro-1-naphthyl)-tetrachlorophthalimide",O=c2c1c(Cl)c(Cl)c(Cl)c(Cl)c1c(=O)n2c3cccc4ccccc34,bimog_n_and_hal,411.071,281.236,0.31584568115970235,5,25,4,0,1,True,1
V0,2,335,0.0060534789226949215,0.07506381720304489,nandrolone,CC12CCC3C(C1CCC2O)CCC4=CC(=O)CCC34,cho,274.404,274.35200000000003,0.00018950161076358718,0,20,0,0,0,False,0
V0,2,341,0.0732436329126358,1.3546756505966187,Bucindolol,CC(C)(CC1=CNC2=CC=CC=C21)NCC(COC3=CC=CC=C3C#N)O,bimog_n_only,363.46099999999996,334.37880000000007,0.08001463705872125,2,27,0,0,3,True,2
V0,2,348,0.050665177404880524,0.25952833890914917,Diazepam,CN1C(=O)CN=C(C2=C1C=CC(=C2)Cl)C3=CC=CC=C3,bimog_n_and_hal,284.746,221.22800000000004,0.22306898077584913,3,20,1,0,2,True,2
V0,2,350,0.08854757249355316,1.7232449054718018,Carvedilol,COC1=CC=CC=C1OCCNCC(COC2=CC=CC3=C2C4=CC=CC=C4N3)O,bimog_n_only,406.48199999999997,391.3736000000001,0.037168681516032365,1,30,0,0,2,True,1
V0,2,356,0.013526948168873787,0.33494502305984497,Clofoctol,CC(C)(C)CC(C)(C)C1=CC(=C(C=C1)O)CC2=C(C=C(C=C2)Cl)Cl,bimog_hal_only,365.344,294.40000000000003,0.19418411141280534,2,24,2,0,0,True,0
V0,2,359,0.0859781950712204,1.5604572296142578,Orlistat,CCCCCCCCCCCC(CC1C(C(=O)O1)CCCCCC)OC(=O)C(CC(C)C)NC=O,bimog_n_only,495.745,497.61400000000003,-0.0037700834098175484,0,35,0,0,1,False,0
V0,2,362,0.009897170588374138,0.1226910948753357,Acemetacin,CC1=C(C2=C(N1C(=O)C3=CC=C(C=C3)Cl)C=CC(=C2)OC)CC(=O)OCC(=O)O,bimog_n_and_hal,415.829,367.256,0.11681003489415132,2,29,1,0,1,True,1
V0,2,18,0.03828079253435135,0.37391170859336853,resorcinol,c1cc(cc(c1)O)O,cho,110.112,110.072,0.000363266492298675,0,8,0,0,0,False,0
V0,2,19,0.008909870870411396,0.15467102825641632,phenyl-salicylate,O=C(Oc2ccccc2)c1c(O)cccc1,cho,214.22,229.2088,-0.0699691905517692,0,16,0,0,0,False,0
V0,2,21,0.028068536892533302,0.2643454670906067,diethylphthalat,CCOC(=O)c1ccccc1C(=O)OCC,cho,222.23999999999998,224.2136,-0.008880489560835203,0,16,0,0,0,False,0
V0,2,28,0.010308420285582542,0.020973147824406624,m-xylene,CC1=CC(=CC=C1)C,cho,106.16799999999999,106.16000000000001,7.535227187083215e-05,0,8,0,0,0,False,0
V0,2,34,0.021242434158921242,0.03683095425367355,toluol,Cc1ccccc1,cho,92.14099999999999,92.13400000000001,7.597052343666366e-05,0,7,0,0,0,False,0
V0,2,43,0.011320549063384533,0.08564619719982147,methylcyclohexane,CC1CCCCC1,cho,98.189,98.182,7.129108148562491e-05,0,7,0,0,0,False,0
V0,2,54,0.008888877928256989,0.07683054357767105,4-methylnonane,CCCCCC(C)CCC,cho,142.286,142.276,7.028098337147348e-05,0,10,0,0,0,False,0
V0,2,55,0.01843104138970375,0.10043636709451675,2-isopropoxyethanol,CC(C)OCCO,cho,104.149,104.1468,2.112358255956792e-05,0,7,0,0,0,False,0
V0,2,76,0.01193237118422985,0.9455994367599487,beta-d-glucosepentaacetate,CC(=O)OCC1C(C(C(C(O1)OC(=O)C)OC(=O)C)OC(=O)C)OC(=O)C,cho,390.341,390.098,0.0006225326061058967,0,27,0,0,0,False,0
V0,2,78,0.0328185148537159,1.2533824443817139,"4,4’-dimethoxytetraphenylmethane",COc4ccc(C(c1ccccc1)(c2ccccc2)c3ccc(OC)cc3)cc4,cho,380.48699999999997,380.394,0.00024442359397292,0,29,0,0,0,False,0
V0,2,81,0.04742211848497391,0.288327693939209,n-butylacetate,CCCCOC(=O)C,cho,116.16,116.11200000000001,0.00041322314049574427,0,8,0,0,0,False,0
V0,2,86,0.007435555569827557,0.03458951413631439,"1,3-butanediol",CC(CCO)O,cho,90.122,90.12,2.2192139544130463e-05,0,6,0,0,0,False,0
V0,2,93,0.0051423232071101665,0.11163705587387085,ursodeoxycholic acid,CC(CCC(=O)O)C1CCC2C1(CCC3C2C(CC4C3(CCC(C4)O)C)O)C,cho,392.58,392.542,9.679555759334324e-05,0,28,0,0,0,False,0
V0,2,95,0.030925994738936424,0.36096227169036865,cholic acid,CC(CCC(=O)O)C1CCC2C1(C(CC3C2C(CC4C3(CCC(C4)O)C)O)O)C,cho,408.579,408.54200000000003,9.055776239108582e-05,0,29,0,0,0,False,0
V0,2,100,0.016546523198485374,0.5325126051902771,dehydrocholic acid,CC(CCC(=O)O)C1CCC2C1(C(=O)CC3C2C(=O)CC4C3(CCC(=O)C4)C)C,cho,402.531,403.394,-0.002143934255995239,0,29,0,0,0,False,0
V0,2,103,0.03975003585219383,0.17041009664535522,aspirin,CC(=O)OC1=CC=CC=C1C(=O)O,cho,180.159,180.09200000000004,0.00037189371610601984,0,13,0,0,0,False,0
V0,2,111,0.011198675259947777,0.05912657827138901,2-octanol,CCCCCCC(C)O,cho,130.231,130.22400000000002,5.37506430878798e-05,0,9,0,0,0,False,0
V0,2,115,0.01534773875027895,0.0850554034113884,2-methyl-2-propanol,CC(C)(C)O,cho,74.12299999999999,74.12,4.04732674066377e-05,0,5,0,0,0,False,0
V0,2,117,0.007971927523612976,0.058415986597537994,2-methyl-2-heptanol,CCCCCC(C)(C)O,cho,130.231,130.22400000000002,5.37506430878798e-05,0,9,0,0,0,False,0
V0,2,125,0.01596674695611,0.03393306955695152,methylethylketone,CCC(=O)C,cho,72.107,72.06000000000002,0.0006518091170064633,0,5,0,0,0,False,0
V0,2,132,0.05917460471391678,0.49990254640579224,3-methoxy-1-butanol,CC(CCO)OC,cho,104.149,104.112,0.0003552602521388337,0,7,0,0,0,False,0
V0,2,134,0.0021482177544385195,0.031201470643281937,2-methyl-1-butanol,CCC(C)CO,cho,88.14999999999999,88.146,4.537719795794093e-05,0,6,0,0,0,False,0
V0,2,137,0.005362368188798428,0.012482000514864922,4-methyl-2-pentanol,CC(C)CC(C)O,cho,102.17699999999999,102.172,4.8934691760371685e-05,0,7,0,0,0,False,0
V0,2,139,0.002780657261610031,0.023257719352841377,3-methyl-4-hexanol,CCC(C)C(CC)O,cho,116.204,116.198,5.1633334480771786e-05,0,8,0,0,0,False,0
V0,2,144,0.003799011465162039,0.02732626534998417,2-methyl-1-heptanol,CCCCCC(C)CO,cho,130.231,130.22400000000002,5.37506430878798e-05,0,9,0,0,0,False,0
V0,2,151,0.009809831157326698,0.02883048728108406,"1,5-hexanediol",CC(CCCCO)O,cho,118.176,118.172,3.384782020043886e-05,0,8,0,0,0,False,0
V0,2,152,0.007205319590866566,0.024636711925268173,iso-eugenol,CC=CC1=CC(=C(C=C1)O)OC,cho,164.204,164.108,0.0005846386202529308,0,12,0,0,0,False,0
V0,2,157,0.009595105424523354,0.03992990776896477,cycloheptanol,C1CCCC(CC1)O,cho,114.18799999999999,114.182,5.254492591155735e-05,0,8,0,0,0,False,0
V0,2,166,0.006915227975696325,0.027669310569763184,"2,2-dimethyl-1-hexanol",CCCCC(C)(C)CO,cho,130.231,130.22400000000002,5.37506430878798e-05,0,9,0,0,0,False,0
V0,2,178,0.0042081004939973354,0.025666620582342148,n-butanol,CCCCO,cho,74.12299999999999,74.11999999999999,4.047326740685975e-05,0,5,0,0,0,False,0
V0,2,186,0.009545311331748962,0.07197736948728561,"2,4,6-trimethylheptane",CC(C)CC(C)CC(C)C,cho,142.286,142.276,7.028098337147348e-05,0,10,0,0,0,False,0
V0,2,194,0.038296543061733246,0.231733039021492,pinic acid,CC1(C(CC1C(=O)O)CC(=O)O)C,cho,186.207,186.166,0.00022018506286014539,0,13,0,0,0,False,0
V0,2,198,0.004529822617769241,0.06328067928552628,"1,2,7-heptanetriol",C(CCC(CO)O)CCO,cho,148.202,148.198,2.6990189066156134e-05,0,10,0,0,0,False,0
V0,2,226,0.18553490936756134,0.14689114689826965,acetaldehyd,CC=O,cho,44.053,44.034000000000006,0.0004312986629739779,0,3,0,0,0,False,0
V0,2,229,0.013966398313641548,0.0301194004714489,1-naphthylamine,C1=CC=C2C(=C1)C=CC=C2N,bimog_n_only,143.189,127.15600000000002,0.11197089161876939,1,11,0,0,1,True,1
V0,2,235,0.11517584323883057,0.4611228108406067,4-nitroaniline,C1=CC(=CC=C1N)[N+](=O)[O-],bimog_n_only,138.126,122.082,0.11615481516875903,1,10,0,0,2,True,1
V0,2,237,0.08587083220481873,0.4314568042755127,2-nitroaniline,C1=CC=C(C(=C1)N)[N+](=O)[O-],bimog_n_only,138.126,122.082,0.11615481516875903,1,10,0,0,2,True,1
V0,2,238,0.10762204974889755,0.4208856523036957,3-nitroaniline,C1=CC(=CC(=C1)[N+](=O)[O-])N,bimog_n_only,138.126,122.082,0.11615481516875903,1,10,0,0,2,True,1
V0,2,250,0.08108963072299957,0.3595828413963318,nialamide,C1=CC=C(C=C1)CNC(=O)CCNNC(=O)C2=CC=NC=C2,bimog_n_only,298.346,270.182,0.09440046120946821,2,22,0,0,4,True,2
V0,2,256,0.055405665189027786,0.2004336416721344,antipyrine,CC1=CC(=O)N(N1C)C2=CC=CC=C2,bimog_n_only,188.23,161.196,0.14362216437337294,2,14,0,0,2,True,2
V0,2,261,0.01876937970519066,0.12630966305732727,hexobarbital,CC1(C(=O)NC(=O)N(C1=O)C)C2=CCCCC2,bimog_n_only,236.271,210.21,0.11030130655052872,2,17,0,0,2,True,2
V0,2,264,0.021789174526929855,0.3481500744819641,dimethyl acetamide,CC(=O)N(C)C,bimog_n_only,87.122,73.06800000000001,0.16131401942104162,1,6,0,0,1,True,1
V0,2,282,0.10413379967212677,0.48409709334373474,2-chloro-4-nitroaniline,C1=CC(=C(C=C1[N+](=O)[O-])Cl)N,bimog_n_and_hal,172.571,121.07400000000001,0.29841050929762236,2,11,1,0,2,True,1
V0,2,288,0.01897958293557167,0.03227318450808525,o-fluoroaniline,C1=CC=C(C(=C1)N)F,bimog_n_and_hal,111.119,76.09200000000001,0.3152206193360271,2,8,1,0,1,True,1
V0,2,293,0.020866740494966507,0.04846236854791641,flufenamic acid,C1=CC=C(C(=C1)C(=O)O)NC2=CC=CC(=C2)C(F)(F)F,bimog_n_and_hal,281.233,209.194,0.2561541497619412,4,20,3,0,1,True,1
V0,2,298,0.027313565835356712,0.352886438369751,indomethacin,CC1=C(C2=C(N1C(=O)C3=CC=C(C=C3)Cl)C=CC(=C2)OC)CC(=O)O,bimog_n_and_hal,357.793,309.256,0.13565665063318744,2,25,1,0,1,True,1
V0,2,301,0.022546928375959396,0.7207303047180176,sulphathiazole,C1=CC(=CC=C1N)S(=O)(=O)NC2=NC=CS2,bimog_n_only,255.32399999999998,172.138,0.3258056430261158,5,16,0,2,3,True,5
V0,2,302,0.07763688266277313,0.1474503129720688,sulphadimethoxine,COC1=NC(=NC(=C1)NS(=O)(=O)C2=CC=C(C=C2)N)OC,bimog_n_only,310.335,245.14,0.2100794302930704,5,21,0,1,4,True,5
V0,2,307,0.007602152414619923,0.19424930214881897,"n-(s-1-naphthylethyl)-2,2’-diphenic imide",CC(c2ccc1ccccc1c2)n5c(=O)c3ccccc3c4ccccc4c5=O,bimog_n_only,377.443,361.36,0.042610407399262806,1,29,0,0,1,True,1
V0,2,311,0.014141082763671875,0.15359339118003845,n-(r-1-phenylethyl)-3-nitrophthalimide,CC(c1ccccc1)n3c(=O)c2cccc(N(=O)=O)c2c3=O,bimog_n_only,296.282,280.194,0.05429961995666277,1,22,0,0,2,True,1
V0,2,315,0.04201124608516693,1.6808704137802124,"1,3-dinitro-4,6-bis-(r-l’-phenylethylamino)benzene",CC(Nc2cc(NC(C)c1ccccc1)c(N(=O)=O)cc2N(=O)=O)c3ccccc3,bimog_n_only,406.442,406.324,0.000290324326718161,0,30,0,0,4,False,0
V0,2,321,0.0225786454975605,0.3578531742095947,n-(1-phenylethyl)-n’-(p-nitrophenyl)urea,CC(NC(=O)Nc1ccc(N(=O)=O)cc1)c2ccccc2,bimog_n_only,285.303,271.216,0.04937557614185617,1,21,0,0,3,True,1
V0,2,326,0.028697898611426353,0.5202925801277161,anilinephthalein,Nc4ccc(C3(c1ccc(N)cc1)OC(=O)c2ccccc23)cc4,bimog_n_only,316.36,286.27600000000007,0.09509419648501694,2,24,0,0,2,True,2
V0,2,330,0.050465695559978485,0.24490828812122345,budesonide,CCCC1OC2CC3C4CCC5=CC(=O)C=CC5(C4C(CC3(C2(O1)C(=O)CO)C)O)C,cho,430.541,432.4120000000001,-0.0043456952996348,0,31,0,0,0,False,0
V0,2,332,0.012098121456801891,0.17800860106945038,hydrocortisone,CC12CCC(=O)C=C1CCC3C2C(CC4(C3CCC4(C(=O)CO)O)C)O,cho,362.466,362.3780000000001,0.0002427813919095856,0,26,0,0,0,False,0
V0,2,338,0.03691466897726059,0.1747448444366455,ibuprofen,CC(C)CC1=CC=C(C=C1)C(C)C(=O)O,cho,206.285,206.256,0.00014058220423196488,0,15,0,0,0,False,0
V0,2,346,0.022341102361679077,0.491098016500473,Pimozide,C1CN(CCC1N2C3=CC=CC=C3NC2=O)CCCC(C4=CC=C(C=C4)F)C5=CC=C(C=C5)F,bimog_n_and_hal,461.556,381.494,0.173461075145811,5,34,2,0,3,True,3
V0,2,363,0.040340181440114975,0.3623175621032715,Nilutamide,CC1(C(=O)N(C(=O)N1)C2=CC(=C(C=C2)[N+](=O)[O-])C(F)(F)F)C,bimog_n_and_hal,317.223,249.15200000000002,0.2145840623157842,4,22,3,0,3,True,1
V0,2,365,0.015394777059555054,0.5381954908370972,Miconazole,C1=CC(=C(C=C1Cl)Cl)COC(CN2C=CN=C2)C3=C(C=C(C=C3)Cl)Cl,bimog_n_and_hal,416.135,246.2928,0.40814206928040175,6,25,4,0,2,True,2
V1,0,0,0.02714797854423523,0.2525622844696045,glucose,C(C1C(C(C(C(O1)O)O)O)O)O,cho,180.156,180.13800000000003,9.991340837922635e-05,0,12,0,0,0,False,0
V1,0,7,0.011906793341040611,0.03697389364242554,n-propanol,CCCO,cho,60.096,60.093999999999994,3.328008519709602e-05,0,4,0,0,0,False,0
V1,0,11,0.009770439937710762,0.17882363498210907,maltitol,C(C1C(C(C(C(O1)OC(C(CO)O)C(C(CO)O)O)O)O)O)O,cho,344.313,344.276,0.00010746036309983165,0,23,0,0,0,False,0
V1,0,15,0.003064532531425357,0.022353142499923706,n-pentanol,CCCCCO,cho,88.14999999999999,88.146,4.537719795794093e-05,0,6,0,0,0,False,0
V1,0,20,0.0746193528175354,0.6727749109268188,dimethylphthalat,O=C(OC)c1ccccc1C(=O)OC,cho,194.186,196.092,-0.009815331692295093,0,14,0,0,0,False,0
V1,0,31,0.0323091596364975,0.16063274443149567,n-buten,C=CCC,cho,56.108,56.104,7.129108148562491e-05,0,4,0,0,0,False,0
V1,0,36,0.007547945715487003,0.04665073752403259,propylbenzene,CCCC1=CC=CC=C1,cho,120.195,120.18600000000002,7.487832272534689e-05,0,9,0,0,0,False,0
V1,0,38,0.012622689828276634,0.07198040932416916,n-hexylbenzene,CCCCCCC1=CC=CC=C1,cho,162.27599999999998,162.26399999999998,7.394808844196632e-05,0,12,0,0,0,False,0
V1,0,46,0.009085478261113167,0.07607702165842056,sec-butylcyclohexane,CCC(C)C1CCCCC1,cho,140.26999999999998,140.26,7.129108148562491e-05,0,10,0,0,0,False,0
V1,0,48,0.00795012153685093,0.06895017623901367,n-pentylcyclohexane,CCCCCC1CCCCC1,cho,154.297,154.28599999999997,7.129108148584695e-05,0,11,0,0,0,False,0
V1,0,52,0.008137385360896587,0.11959980428218842,cis-2-octene,CCCCCC=CC,cho,112.216,112.172,0.00039210094817132557,0,8,0,0,0,False,0
V1,0,53,0.010417151264846325,0.08720163255929947,3-methylhexane,CCCC(C)CC,cho,100.205,100.19800000000001,6.985679357307539e-05,0,7,0,0,0,False,0
V1,0,60,0.05771046131849289,0.2933594286441803,guajacol,COC1=CC=CC=C1O,cho,124.139,124.082,0.00045916271276558174,0,9,0,0,0,False,0
V1,0,64,0.007161901332437992,0.13394282758235931,naphthylsalyciate,C1=CC=C2C(=C1)C=CC=C2OC(=O)C3=CC=CC=C3O,cho,264.28,279.26480000000004,-0.05670046919933425,0,20,0,0,0,False,0
V1,0,67,0.086677685379982,0.2959531247615814,methyl(s)(-)lactate,CC(C(=O)OC)O,cho,104.105,105.07600000000001,-0.009327121656020454,0,7,0,0,0,False,0
V1,0,68,0.02667906880378723,0.42747464776039124,(s)-glycerol acetonate,CC1(OCC(O1)CO)C,cho,132.159,132.1388,0.00015284619284339218,0,9,0,0,0,False,0
V1,0,72,0.010451390407979488,0.03971527889370918,4-(1-idianyl)phenol,C1CC2=CC=CC=C2C1C3=CC=C(C=C3)O,cho,210.27599999999998,210.24400000000003,0.00015218094314117803,0,16,0,0,0,False,0
V1,0,74,0.05016684532165527,0.9694617986679077,salicin,C1=CC=C(C(=C1)CO)OC2C(C(C(C(O2)CO)O)O)O,cho,286.28,286.238,0.00014670951515993735,0,20,0,0,0,False,0
V1,0,77,0.01442948542535305,0.16331078112125397,3-pentadecylcyclohexanone,CCCCCCCCCCCCCCCC1CCCC(=O)C1,cho,308.55,308.49399999999997,0.000181494085237488,0,22,0,0,0,False,0
V1,0,82,0.018695902079343796,0.49403268098831177,camphor,CC1(C2CCC1(C(=O)C2)C)C,cho,152.237,152.192,0.0002955917418234755,0,11,0,0,0,False,0
V1,0,83,0.01019267924129963,0.025005614385008812,dibutylphthalat,CCCCOC(=O)C1=CC=CC=C1C(=O)OCCCC,cho,278.348,280.3176,-0.007076034316754631,0,20,0,0,0,False,0
V1,0,84,0.008859444409608841,0.03228656202554703,o-cresol,CC1=CC=CC=C1O,cho,108.14,108.11600000000001,0.0002219345293137387,0,8,0,0,0,False,0
V1,0,85,0.011594335548579693,0.06372688710689545,isopropranol,CC(C)O,cho,60.096,60.093999999999994,3.328008519709602e-05,0,4,0,0,0,False,0
V1,0,87,0.011229121126234531,0.04115975648164749,"2,3-butanediol",CC(C(C)O)O,cho,90.122,90.12,2.2192139544130463e-05,0,6,0,0,0,False,0
V1,0,94,0.004953563679009676,0.09448126703500748,deoxycholic acid,CC(CCC(=O)O)C1CCC2C1(C(CC3C2CCC4C3(CCC(C4)O)C)O)C,cho,392.58,392.542,9.679555759334324e-05,0,28,0,0,0,False,0
V1,0,96,0.01740897446870804,0.19619497656822205,lactose,C(C1C(C(C(C(O1)OC(C(CO)O)C(C(C=O)O)O)O)O)O)O,cho,342.297,342.242,0.0001606791762709392,0,23,0,0,0,False,0
V1,0,97,0.009696570225059986,0.07387501001358032,diethylhexylphthalat,O=C(OCC(CC)CCCC)C1=CC=CC=C1C(OCC(CC)CCCC)=O,cho,390.56399999999996,392.5256,-0.0050224803105254345,0,28,0,0,0,False,0
V1,0,101,0.013898538425564766,0.09008441865444183,cellobiose,C(C1C(C(C(C(O1)OC2C(OC(C(C2O)O)O)CO)O)O)O)O,cho,342.297,342.242,0.0001606791762709392,0,23,0,0,0,False,0
V1,0,104,0.0075589739717543125,0.12757495045661926,methyltestosterone,CC12CCC(=O)C=C1CCC3C2CCC4(C3CCC4(C)O)C,cho,302.45799999999997,302.40400000000005,0.0001785371853278983,0,22,0,0,0,False,0
V1,0,112,0.0038616738747805357,0.04236137121915817,4-hetpanol,CCCC(CCC)O,cho,116.204,116.198,5.1633334480771786e-05,0,8,0,0,0,False,0
V1,0,119,0.003761986270546913,0.026766616851091385,6-methyl-3-heptanol,CCC(CCC(C)C)O,cho,130.231,130.22400000000002,5.37506430878798e-05,0,9,0,0,0,False,0
V1,0,124,0.03821541741490364,0.13689962029457092,acetone,CC(=O)C,cho,58.08,58.034,0.0007920110192837226,0,4,0,0,0,False,0
V1,0,128,0.019103771075606346,0.4035772383213043,benzaldehyde,C1=CC=C(C=C1)C=O,cho,106.124,106.1,0.00022615054087671282,0,8,0,0,0,False,0
V1,0,130,0.06964319944381714,1.383817195892334,"1,3,5-trinaphthylbenzene",C1=CC=C2C(=C1)C=CC=C2C3=CC(=CC(=C3)C4=CC=CC5=CC=CC=C54)C6=CC=CC7=CC=CC=C76,cho,456.58799999999997,456.5520000000001,7.884569896687843e-05,0,36,0,0,0,False,0
V1,0,131,0.016843421384692192,0.0900917798280716,decalin,C1CCC2CCCCC2C1,cho,138.254,138.244,7.233063781153515e-05,0,10,0,0,0,False,0
V1,0,135,0.003972587641328573,0.028346234932541847,2-ethyl-1-butanol,CCC(CC)CO,cho,102.17699999999999,102.172,4.8934691760371685e-05,0,7,0,0,0,False,0
V1,0,136,0.0029523936100304127,0.03110198676586151,3-methyl-2-pentanol,CCC(C)C(C)O,cho,102.17699999999999,102.172,4.8934691760371685e-05,0,7,0,0,0,False,0
V1,0,143,0.0040569789707660675,0.020123420283198357,4-methyl-1-heptanol,CCCC(C)CCCO,cho,130.231,130.22400000000002,5.37506430878798e-05,0,9,0,0,0,False,0
V1,0,147,0.00723569979891181,0.03812428563833237,isopropylbenzene,CC(C)C1=CC=CC=C1,cho,120.195,120.18600000000002,7.487832272534689e-05,0,9,0,0,0,False,0
V1,0,150,0.008059902116656303,0.035236380994319916,"1,2-pentanediol",CCCC(CO)O,cho,104.149,104.14599999999999,2.8804885308653105e-05,0,7,0,0,0,False,0
V1,0,159,0.014459967613220215,0.05272768810391426,"2,3-dimethylbutane",CC(C)C(C)C,cho,86.178,86.172,6.962333774285234e-05,0,6,0,0,0,False,0
V1,0,162,0.018570419400930405,0.03460896760225296,cis-2-heptene,CCCCC=CC,cho,98.189,98.14600000000002,0.0004379309291262512,0,7,0,0,0,False,0
V1,0,163,0.0027390127070248127,0.021077781915664673,2-methyl-1-pentanol,CCCC(C)CO,cho,102.17699999999999,102.172,4.8934691760371685e-05,0,7,0,0,0,False,0
V1,0,167,0.003747860435396433,0.02853054367005825,2-hexanol,CCCCC(C)O,cho,102.17699999999999,102.172,4.8934691760371685e-05,0,7,0,0,0,False,0
V1,0,169,0.00339023070409894,0.03795421123504639,3-heptanol,CCCCC(CC)O,cho,116.204,116.198,5.1633334480771786e-05,0,8,0,0,0,False,0
V1,0,170,0.004958774894475937,0.024294568225741386,2-heptanol,CCCCCC(C)O,cho,116.204,116.198,5.1633334480771786e-05,0,8,0,0,0,False,0
V1,0,171,0.004256147891283035,0.03093164600431919,4-nonanol,CCCCCC(CCC)O,cho,144.25799999999998,144.25000000000003,5.5456196536463054e-05,0,10,0,0,0,False,0
V1,0,174,0.00557693000882864,0.0511871799826622,2-methyl-2-hexanol,CCCCC(C)(C)O,cho,116.204,116.198,5.1633334480771786e-05,0,8,0,0,0,False,0
V1,0,182,0.002894034842029214,0.015505990013480186,n-octanol,CCCCCCCCO,cho,130.231,130.22400000000002,5.37506430878798e-05,0,9,0,0,0,False,0
V1,0,193,0.018593013286590576,0.22046294808387756,trans-beta-iepox,CC1(CO)OC1CO,cho,118.132,118.112,0.0001693021365930525,0,8,0,0,0,False,0
V1,0,195,0.003975695930421352,0.029042745009064674,"2,4-dimethyl-3-pentanol",CC(C)C(C(C)C)O,cho,116.204,116.198,5.1633334480771786e-05,0,8,0,0,0,False,0
V1,0,196,0.00744838360697031,0.03153514117002487,erythritol,C(C(C(CO)O)O)O,cho,122.12,122.12,0.0,0,8,0,0,0,False,0
V1,0,205,0.013523568399250507,0.3341113030910492,isomalt,C(C1C(C(C(C(O1)OCC(C(C(C(CO)O)O)O)O)O)O)O)O,cho,344.313,344.2948,5.285888130857064e-05,0,23,0,0,0,False,0
V1,0,206,0.020763393491506577,0.4121254086494446,isomaltulose,C(C1C(C(C(C(O1)OCC(C(C(C(=O)CO)O)O)O)O)O)O)O,cho,342.297,343.25079999999997,-0.002786469060494179,0,23,0,0,0,False,0
V1,0,207,0.020294271409511566,0.23503562808036804,kojibiose,C(C1C(C(C(C(O1)OC(C=O)C(C(C(CO)O)O)O)O)O)O)O,cho,342.297,342.242,0.0001606791762709392,0,23,0,0,0,False,0
V1,0,208,0.010222723707556725,0.0644381046295166,lactulose,C(C1C(C(C(C(O1)OC2C(OC(C2O)(CO)O)CO)O)O)O)O,cho,342.297,342.242,0.0001606791762709392,0,23,0,0,0,False,0
V1,0,215,0.014470839872956276,1.0253448486328125,nystose,C(C1C(C(C(C(O1)OC2(C(C(C(O2)CO)O)O)COC3(C(C(C(O3)CO)O)O)COC4(C(C(C(O4)CO)O)O)CO)O)O)O)O,cho,666.579,666.4875999999999,0.00013711803102112174,0,45,0,0,0,False,0
V1,0,216,0.011493327096104622,0.44783592224121094,raffinose,C(C1C(C(C(C(O1)OCC2C(C(C(C(O2)OC3(C(C(C(O3)CO)O)O)CO)O)O)O)O)O)O)O,cho,504.438,504.36480000000006,0.00014511198601196984,0,34,0,0,0,False,0
V1,0,218,0.02110191248357296,0.2181698977947235,sorbose,C(C(C(C(C(=O)CO)O)O)O)O,cho,180.156,181.12800000000001,-0.005395324052487993,0,12,0,0,0,False,0
V1,0,219,0.016254708170890808,0.6753865480422974,stachyose,C(C1C(C(C(C(O1)OCC2C(C(C(C(O2)OCC3C(C(C(C(O3)OC4(C(C(C(O4)CO)O)O)CO)O)O)O)O)O)O)O)O)O)O,cho,666.579,666.4876,0.0001371180310208997,0,45,0,0,0,False,0
V1,0,220,0.030840808525681496,0.16405893862247467,turanose,C(C1C(C(C(C(O1)OC(C(C(CO)O)O)C(=O)CO)O)O)O)O,cho,342.297,343.23199999999997,-0.002731545996605078,0,23,0,0,0,False,0
V1,0,225,0.016730671748518944,0.05809059739112854,4-methylcyclohexen,CC1CCC=CC1,cho,96.173,96.13,0.00044711093550175995,0,7,0,0,0,False,0
V1,0,232,0.05573628097772598,0.22004635632038116,triethylamine,CCN(CC)CC,bimog_n_only,101.193,87.18,0.13847795796151896,1,7,0,0,1,True,1
V1,0,239,0.023628760129213333,0.2616644501686096,4-methoxyaniline,COC1=CC=C(C=C1)N,bimog_n_only,123.155,107.09200000000001,0.13042913401810718,1,9,0,0,1,True,1
V1,0,242,0.048373863101005554,0.519640326499939,piperine,C1CCN(CC1)C(=O)C=CC=CC2=CC3=C(C=C2)OCO3,bimog_n_only,285.34299999999996,272.2416,0.045914565978488864,1,21,0,0,1,True,1
V1,0,246,0.014018845744431019,0.17147774994373322,propyl n-phenylcarbamate,CCCOC(=O)NC1=CC=CC=C1,bimog_n_only,179.219,165.1868,0.07829638598586086,1,13,0,0,1,True,1
V1,0,253,0.062097955495119095,0.958602249622345,nitrendipine,CCOC(=O)C1=C(NC(=C(C1C2=CC(=CC=C2)[N+](=O)[O-])C(=O)OC)C)C,bimog_n_only,360.366,349.28200000000004,0.030757618643268092,1,26,0,0,2,True,1
V1,0,259,0.008622967638075352,0.03152964636683464,pentobarbital,CCCC(C)C1(C(=O)NC(=O)NC1=O)CC,bimog_n_only,226.27599999999998,199.208,0.11962382223479284,2,16,0,0,2,True,2
V1,0,260,0.01337096281349659,0.41600361466407776,atropine,CN1C2CCC1CC(C2)OC(=O)C(CO)C3=CC=CC=C3,bimog_n_only,289.375,276.326,0.04509373650107984,1,21,0,0,1,True,1
V1,0,265,0.016376500949263573,0.028791148215532303,1-bromobutane,CCCCBr,bimog_hal_only,137.01999999999998,57.112,0.5831849365056195,1,5,1,0,0,True,0
V1,0,269,0.03856179118156433,0.18729162216186523,9-bromophenanthrene,C1=CC=C2C(=C1)C=C(C3=CC=CC=C23)Br,bimog_hal_only,257.13,177.21200000000002,0.3108077626103527,1,15,1,0,0,True,0
V1,0,270,0.022763172164559364,0.05799753591418266,bromobenzene,C1=CC=C(C=C1)Br,bimog_hal_only,157.01,77.10000000000001,0.5089484746194509,1,7,1,0,0,True,0
V1,0,274,0.016662990674376488,0.029044929891824722,isobutylchloride,CC(C)CCl,bimog_hal_only,92.569,57.112,0.3830331968585595,1,5,1,0,0,True,0
V1,0,276,0.009738339111208916,0.04902806133031845,m-fluorotoluene,CC1=CC(=CC=C1)F,bimog_hal_only,110.131,91.12600000000002,0.17256721540710596,1,8,1,0,0,True,0
V1,0,278,0.027307238429784775,0.49264708161354065,hydrochloro-thiazide,C1NC2=CC(=C(C=C2S(=O)(=O)N1)S(=O)(=O)N)Cl,bimog_n_and_hal,297.745,219.07600000000002,0.26421602377873676,5,17,1,2,3,True,4
V1,0,286,0.007105568889528513,0.04162806272506714,3-chloroaniline,C1=CC(=CC(=C1)Cl)N,bimog_n_and_hal,127.574,76.09200000000001,0.4035461771207298,2,8,1,0,1,True,1
V1,0,290,0.04843106493353844,0.4217567443847656,ethacrynic acid,CCC(=C)C(=O)C1=C(C(=C(C=C1)OCC(=O)O)Cl)Cl,bimog_hal_only,303.141,233.1628,0.23084373278441384,2,19,2,0,0,True,0
V1,0,291,0.029476147145032883,0.16093619167804718,tolbutamide,CCCCNC(=O)NS(=O)(=O)C1=CC=C(C=C1)C,bimog_n_only,270.354,222.16,0.17826257425449588,2,18,0,1,2,True,2
V1,0,292,0.011776629835367203,0.22674956917762756,tolnaftate,CC1=CC(=CC=C1)N(C)C(=S)OC2=CC3=CC=CC=C3C=C2,bimog_n_only,307.418,263.34280000000007,0.14337221633085873,2,22,0,1,1,True,2
V1,0,295,0.03569198399782181,0.5433288812637329,chloramphenicol,C1=CC(=CC=C1C(C(CO)NC(=O)C(Cl)Cl)O)[N+](=O)[O-],bimog_n_and_hal,323.132,253.14200000000002,0.21659878934924426,2,20,2,0,2,True,0
V1,0,300,0.057488881051540375,0.1273796558380127,felodipine,CCOC(=O)C1=C(NC(=C(C1C2=C(C(=CC=C2)Cl)Cl)C(=O)OC)C)C,bimog_n_and_hal,384.259,302.284,0.21333267405578016,3,25,2,0,1,True,1
V1,0,303,0.01891445741057396,0.07021123915910721,chlorobenzene,C1=CC=C(C=C1)Cl,bimog_hal_only,112.559,77.10000000000001,0.31502589752929566,1,7,1,0,0,True,0
V1,0,312,0.023775752633810043,0.21600213646888733,"4-acetamido-n-(2’,4’-dimethylphenyl)-1,8naphthalimide",CC(=O)Nc2ccc4c(=O)n(c1ccc(C)cc1C)c(=O)c3cccc2c34,bimog_n_only,358.397,325.24399999999997,0.09250356448296171,2,27,0,0,2,True,2
V1,0,318,0.07810777425765991,1.06040620803833,1’-(ethoxycarbonyl)ethyl-2-methyl-4-nitrophenylurethane,CCOC(=O)CCC(C(=O)OCC)c1ccc(N(=O)=O)cc1C,bimog_n_only,323.34499999999997,324.25399999999996,-0.0028112387697349916,0,23,0,0,1,False,0
V1,0,323,0.028490746393799782,0.11889426410198212,n-(2-tetrahydropyryl)saccharin,O=C2c1ccccc1S(=O)(=O)C2C3CCCOC3,bimog_n_only,266.318,234.17079999999999,0.12070982810024111,1,18,0,1,0,True,1
V1,0,327,0.007256908807903528,0.08512012660503387,"2,2,2-tris(chloromethyl)ethyl-p-nitrophenylurethane",O=C(Nc1ccc(N(=O)=O)cc1)OCC(CCl)(CCl)CCl,bimog_n_and_hal,355.605,235.1968,0.3386009758018026,4,21,3,0,2,True,1
V1,0,328,0.043823741376399994,0.37132135033607483,"2,2,3,3-tetrafluoropropyl-p-nitrophenylurethane",O=C(Nc1ccc(N(=O)=O)cc1)OCC(F)(F)C(F)F,bimog_n_and_hal,296.176,206.1368,0.30400572632488787,5,20,4,0,2,True,1
V1,0,336,0.03498909994959831,0.09746991842985153,simvastatin,CCC(C)(C)C(=O)OC1CC(C=C2C1C(C(C=C2)C)CCC3CC(CC(=O)O3)O)C,cho,418.57399999999996,420.462,-0.0045105524948994,0,30,0,0,0,False,0
V1,0,339,0.014741644263267517,0.20144686102867126,ketoprofen,CC(C1=CC(=CC=C1)C(=O)C2=CC=CC=C2)C(=O)O,cho,254.285,255.24400000000003,-0.003771358908311706,0,19,0,0,0,False,0
V1,0,347,0.11144211143255234,1.5679655075073242,Zolmitriptan,CN(C)CCC1=CNC2=C1C=C(C=C2)CC3COC(=O)N3,bimog_n_only,287.363,259.2848,0.09770986522273217,2,21,0,0,3,True,2
V1,0,349,0.06731385737657547,1.003247857093811,Nifedipine,CC1=C(C(C(=C(N1)C)C(=O)OC)C2=CC=CC=C2[N+](=O)[O-])C(=O)OC,bimog_n_only,346.339,335.256,0.03200043887636106,1,25,0,0,2,True,1
V1,0,352,0.026113618165254593,0.4578549265861511,Clemastine,CC(C1=CC=CC=C1)(C2=CC=C(C=C2)Cl)OCCC3CCCN3C,bimog_n_and_hal,343.89799999999997,294.41880000000003,0.14387754508604278,2,24,1,0,1,True,1
V1,0,354,0.021302344277501106,0.12378561496734619,Bifonazole,C1=CC=C(C=C1)C2=CC=C(C=C2)C(C3=CC=CC=C3)N4C=CN=C4,bimog_n_only,310.4,282.364,0.09032216494845358,2,24,0,0,2,True,2
V1,0,355,0.023330003023147583,0.14859601855278015,Cinnarizine,C1CN(CCN1CC=CC2=CC=CC=C2)C(C3=CC=CC=C3)C4=CC=CC=C4,bimog_n_only,368.524,340.44800000000004,0.07618499744928409,2,28,0,0,2,True,2
V1,0,357,0.023897657170891762,0.13672074675559998,Tamoxifen,CCC(=C(C1=CC=CC=C1)C2=CC=C(C=C2)OCCN(C)C)C3=CC=CC=C3,bimog_n_only,371.524,357.4928,0.0377666045800541,1,28,0,0,1,True,1
V1,0,358,0.05378525331616402,0.5164880752563477,Procaine,CCN(CC)CCOC(=O)C1=CC=C(C=C1)N,bimog_n_only,236.315,207.2648,0.12292998751666206,2,17,0,0,2,True,2
V1,0,4,0.013692125678062439,0.038451604545116425,glycerol,OCC(O)CO,cho,92.094,92.09400000000001,-2.220446049250313e-16,0,6,0,0,0,False,0
V1,0,5,0.04049717262387276,0.1483738124370575,ribose,C1C(C(C(C(O1)O)O)O)O,cho,150.13,150.13080000000002,-5.328715113828153e-06,0,10,0,0,0,False,0
V1,0,6,0.02448473870754242,0.26718869805336,ethanol,OCC,cho,46.069,46.068,2.1706570578983175e-05,0,3,0,0,0,False,0
V1,0,10,0.016248978674411774,0.13675352931022644,phenolphthalein,O=C1OC(C2=C1C=CC=C2)(C3=CC=C(C=C3)O[H])C4=CC=C(C=C4)O[H],cho,318.328,320.2560000000001,-0.006056645975220931,2,24,0,0,0,True,2
V1,0,23,0.0037998161278665066,0.02125914767384529,5-methyl-3-heptanol,CCC(C)CC(CC)O,cho,130.231,130.22400000000002,5.37506430878798e-05,0,9,0,0,0,False,0
V1,0,30,0.016720205545425415,0.14002880454063416,triphenylethene,C1=CC=C(C=C1)C=C(C2=CC=CC=C2)C3=CC=CC=C3,cho,256.34799999999996,256.328,7.801894299930279e-05,0,20,0,0,0,False,0
V1,0,40,0.009228137321770191,0.0892806425690651,tert-butyl-benzene,CC(C)(C)C1=CC=CC=C1,cho,134.22199999999998,134.212,7.450343460824183e-05,0,10,0,0,0,False,0
V1,0,41,0.00785377062857151,0.07479415833950043,3-methylheptane,CCCCC(C)CC,cho,114.232,114.224,7.003291547025281e-05,0,8,0,0,0,False,0
V1,0,69,0.16732656955718994,0.569730281829834,(r)-nopol,CC1(C)[C@H]2CC=C(CCO)[C@@H]1C2,cho,166.26399999999998,166.25400000000002,6.0145311071346796e-05,0,12,0,0,0,False,0
V1,0,89,0.031843967735767365,0.1204235702753067,mephenesin,CC1=CC=CC=C1OCC(CO)O,cho,182.219,182.21280000000002,3.402499190519048e-05,0,13,0,0,0,False,0
V1,0,90,0.04016662389039993,0.4075717329978943,estradiol-17b-cypionate,CC12CCC3C(C1CCC2OC(=O)CCC4CCCC4)CCC5=C3C=CC(=C5)O,cho,396.57099999999997,396.494,0.00019416447496145572,0,29,0,0,0,False,0
V1,0,99,0.03197760134935379,0.26287540793418884,diethylstilbestrol,CCC(=C(CC)C1=CC=C(C=C1)O)C2=CC=C(C=C2)O,cho,268.356,268.304,0.00019377245151974698,0,20,0,0,0,False,0
V1,0,107,0.028530800715088844,0.3477270305156708,ergocalciferol,CC(C)C(C)C=CC(C)C1CCC2C1(CCCC2=CC=C3CC(CCC3=C)O)C,cho,396.659,396.5600000000001,0.00024958465583757583,0,29,0,0,0,False,0
V1,0,113,0.005144004710018635,0.040192075073719025,4-decanol,CCCCCCC(CCC)O,cho,158.285,158.276,5.6859462362113256e-05,0,11,0,0,0,False,0
V1,0,118,0.008180205710232258,0.08190403133630753,4-methyl-4-heptanol,CCCC(C)(CCC)O,cho,130.231,130.22400000000002,5.37506430878798e-05,0,9,0,0,0,False,0
V1,0,126,0.029957454651594162,0.0822262242436409,methylisobutylketone,CC(C)CC(=O)C,cho,100.161,100.11200000000001,0.0004892123680872995,0,7,0,0,0,False,0
V1,0,129,0.037004075944423676,0.27599823474884033,acetophenone,CC(=O)C1=CC=CC=C1,cho,120.151,120.10000000000001,0.0004244658804336554,0,9,0,0,0,False,0
V1,0,133,0.006178294308483601,0.03887730836868286,"2,4-pentanediol",CC(CC(C)O)O,cho,104.149,104.14599999999999,2.8804885308653105e-05,0,7,0,0,0,False,0
V1,0,138,0.00512086134403944,0.023915745317935944,5-methyl-2-hexanol,CC(C)CCC(C)O,cho,116.204,116.198,5.1633334480771786e-05,0,8,0,0,0,False,0
V1,0,140,0.004526237957179546,0.019090015441179276,4-methyl-3-heptanol,CCCC(C)C(CC)O,cho,130.231,130.22400000000002,5.37506430878798e-05,0,9,0,0,0,False,0
V1,0,145,0.004400433041155338,0.02439321205019951,2-methyl-3-heptanol,CCCCC(C(C)C)O,cho,130.231,130.22400000000002,5.37506430878798e-05,0,9,0,0,0,False,0
V1,0,156,0.008634808473289013,0.052580930292606354,cyclohexanol,C1CCC(CC1)O,cho,100.161,100.15599999999999,4.991962939682182e-05,0,7,0,0,0,False,0
V1,0,158,0.009658862836658955,0.0636071041226387,cycloheptane,C1CCCCCC1,cho,98.189,98.182,7.129108148562491e-05,0,7,0,0,0,False,0
V1,0,160,0.10404159873723984,0.3419669270515442,1-phenyl-1-propanol,CCC(C1=CC=CC=C1)O,cho,136.194,136.186,5.873973890169193e-05,0,10,0,0,0,False,0
V1,0,173,0.003322182223200798,0.03177003562450409,2-methyl-2-pentanol,CCCC(C)(C)O,cho,102.17699999999999,102.17199999999998,4.893469176048271e-05,0,7,0,0,0,False,0
V1,0,175,0.00546500226482749,0.059185899794101715,4-methy-4-octanol,CCCCC(C)(CCC)O,cho,144.25799999999998,144.25,5.54561965366851e-05,0,10,0,0,0,False,0
V1,0,179,0.0334823876619339,0.1396288424730301,xylose,C(C(C(C(C=O)O)O)O)O,cho,150.13,150.11200000000002,0.00011989609005513824,0,10,0,0,0,False,0
V1,0,184,0.015609261579811573,0.07954726368188858,"1,2,4-butanetriol",C(CO)C(CO)O,cho,106.121,106.12,9.42320558594556e-06,0,7,0,0,0,False,0
V1,0,185,0.019056148827075958,0.07164827734231949,benzene,C1=CC=CC=C1,cho,78.11399999999999,78.108,7.681081496258013e-05,0,6,0,0,0,False,0
V1,0,187,0.017874032258987427,0.41055649518966675,santonin,CC1C2CCC3(C=CC(=O)C(=C3C2OC1=O)C)C,cho,246.30599999999998,248.22,-0.00777082166086096,0,18,0,0,0,False,0
V1,0,200,0.014174382202327251,0.200077623128891,"2-methyl-1,3-propanediol",CC(CO)CO,cho,90.122,90.12,2.2192139544130463e-05,0,6,0,0,0,False,0
V1,0,201,0.0024310355074703693,0.027664214372634888,3-methyl-2-butanol,CC(C)C(C)O,cho,88.14999999999999,88.146,4.537719795794093e-05,0,6,0,0,0,False,0
V1,0,203,0.011221406981348991,0.34347444772720337,"1,3-propanediol",C(CO)CO,cho,76.095,76.094,1.3141467901989223e-05,0,5,0,0,0,False,0
V1,0,210,0.02411249279975891,1.2389085292816162,maltoheptaose,C(C1C(C(C(C(O1)OC2C(OC(C(C2O)O)OC3C(OC(C(C3O)O)OC4C(OC(C(C4O)O)OC5C(OC(C(C5O)O)OC6C(OC(C(C6O)O)OC7C(OC(C(C7O)O)O)CO)CO)CO)CO)CO)CO)O)O)O)O,cho,1153.002,1152.7620000000002,0.00020815228421089405,0,78,0,0,0,False,0
V1,0,228,0.11805739253759384,0.39362382888793945,4-cyanoaniline,C1=CC(=CC=C1C#N)N,bimog_n_only,118.139,88.102,0.25425134798838656,2,9,0,0,2,True,2
V1,0,231,0.025343069806694984,0.08610321581363678,m-toluidine,CC1=CC(=CC=C1)N,bimog_n_only,107.15599999999999,91.12600000000002,0.14959498301541652,1,8,0,0,1,True,1
V1,0,236,0.015035822987556458,0.4268575608730316,4-nitro-1-naphthylamine,C1=CC=C2C(=C1)C(=CC=C2[N+](=O)[O-])N,bimog_n_only,188.18599999999998,172.138,0.08527733200131771,1,14,0,0,2,True,1
V1,0,240,0.02740817703306675,0.3168049454689026,cinchonine,C=CC1CN2CCC1CC2C(C3=CC=NC4=CC=CC=C34)O,bimog_n_only,294.39799999999997,266.36600000000004,0.09521803816601992,2,22,0,0,2,True,2
V1,0,241,0.01672692410647869,0.3666812479496002,brucine,COC1=C(C=C2C(=C1)C34CCN5C3CC6C7C4N2C(=O)CC7OCC=C6C5)OC,bimog_n_only,394.471,366.33480000000003,0.07132640929244471,2,29,0,0,2,True,2
V1,0,243,0.03093082271516323,0.3815845549106598,benzyl n-phenylcarbamate,C1=CC=C(C=C1)COC(=O)NC2=CC=CC=C2,bimog_n_only,227.26299999999998,213.2268,0.06176192341032183,1,17,0,0,1,True,1
V1,0,249,0.10328886657953262,1.5974695682525635,eserine,CC12CCN(C1N(C3=C2C=C(C=C3)OC(=O)NC)C)C,bimog_n_only,275.352,249.2748,0.09470495947006008,2,20,0,0,3,True,2
V1,0,251,0.15565097332000732,0.4116852879524231,acetaminophen,CC(=O)NC1=CC=C(C=C1)O,bimog_n_only,151.165,136.08200000000002,0.09977838785433113,1,11,0,0,1,True,1
V1,0,255,0.03322253376245499,0.8568934202194214,quinidine,COC1=CC2=C(C=CN=C2C=C1)C(C3CC4CCN3CC4C=C)O,bimog_n_only,324.424,296.358,0.08651024585110834,2,24,0,0,2,True,2
V1,0,257,0.027213845402002335,0.12344710528850555,phenylbutazone,CCCCC1C(=O)N(N(C1=O)C2=CC=CC=C2)C3=CC=CC=C3,bimog_n_only,308.381,282.312,0.08453503944795548,2,23,0,0,2,True,2
V1,0,263,0.03667085990309715,0.5438591837882996,nimodipine,CC1=C(C(C(=C(N1)C)C(=O)OC(C)C)C2=CC(=CC=C2)[N+](=O)[O-])C(=O)OCCOC,bimog_n_only,418.44599999999997,407.326,0.026574516186078867,1,30,0,0,2,True,1
V1,0,275,0.012907467782497406,0.042181555181741714,iodobenzene,C1=CC=C(C=C1)I,bimog_hal_only,204.01,77.10000000000001,0.6220773491495515,1,7,1,0,0,True,0
V1,0,280,0.05234197899699211,0.2533484101295471,glibenclamide,COC1=C(C=C(C=C1)Cl)C(=O)NCCC2=CC=C(C=C2)S(=O)(=O)NC(=O)NC3CCCCC3,bimog_n_and_hal,494.013,411.2800000000001,0.16747130136251454,3,33,1,1,3,True,2
V1,0,281,0.060028959065675735,1.2336413860321045,triphenyl phosphite,C1=CC=C(C=C1)OP(OC2=CC=CC=C2)OC3=CC=CC=C3,bimog_n_only,310.289,321.3804,-0.03574538575328168,1,22,0,0,0,True,1
V1,0,294,0.022571038454771042,0.493682861328125,chorotrianisene,COC1=CC=C(C=C1)C(=C(C2=CC=C(C=C2)OC)Cl)C3=CC=C(C=C3)OC,bimog_hal_only,380.871,345.296,0.09340432849967573,1,27,1,0,0,True,0
V1,0,305,0.2358720749616623,1.8852611780166626,2-ethylhexylamine,CCCCC(CC)CN,bimog_n_only,129.24699999999999,129.19,0.00044101603905688513,0,9,0,0,1,False,0
V1,0,310,0.017173027619719505,0.33293041586875916,"n-(r-1-phenylethyl)-1,8-naphthalimide",CC(c1ccccc1)n2c(=O)c4cccc3cccc(c2=O)c34,bimog_n_only,301.34499999999997,285.26800000000003,0.053350810532777904,1,23,0,0,1,True,1
V1,0,314,0.011893008835613728,0.11502982676029205,"1-methyl-1-(p-hydroxyphenyl)-1,2,3,4tetrahydronaphthalene",CC3(c1ccc(O)cc1)CCCc2ccccc23,cho,238.32999999999998,238.29600000000005,0.00014265933789259222,0,18,0,0,0,False,0
V1,0,316,0.018921151757240295,0.19004526734352112,n-(r-1-phenylethyl)-n’-(p-nitrophenyl)thiourea,CC(NC(=S)Nc1ccc(N(=O)=O)cc1)c2ccccc2,bimog_n_only,301.371,254.226,0.15643509163124514,2,21,0,1,3,True,2
V1,0,317,0.023892788216471672,0.7065107226371765,1-menthyl-3-nitrophenylurethane,CC(C)C1CCC(C)CC1OC(=O)Nc2cccc(N(=O)=O)c2,bimog_n_only,320.389,306.31600000000003,0.04392472900130773,1,23,0,0,2,True,1
V1,0,319,0.05613473802804947,0.5343739986419678,"1,1,3-trimethyl-3-(p-carboxyphenyl)-indan-5-carboxylic acid",CC3(C)CC(C)(c1ccc(C(=O)O)cc1)c2cc(C(=O)O)ccc23,cho,324.376,324.324,0.00016030779095854708,0,24,0,0,0,False,0
V1,0,320,0.08139409869909286,2.406360149383545,"2-benzyl-(3,3’)spirobi-(benzo[f]chroman)",c7ccc(CC3CC2C(CCC1CCCCC12)OC36CCC5C(CCC4CCCCC45)O6)cc7,cho,462.71799999999996,462.65200000000004,0.00014263547128035015,0,34,0,0,0,False,0
V1,0,322,0.04702996835112572,0.4015628695487976,"n-( 1-phenylethyl)-2,4-dinitroaniline",CC(Nc1ccc(N(=O)=O)cc1N(=O)=O)c2ccccc2,bimog_n_only,287.275,287.19800000000004,0.00026803585414647557,0,21,0,0,3,False,0
V1,0,329,0.011770476587116718,0.11786580085754395,n-pentyl-p-nitrophenylurethane,CCCCCOC(=O)Nc1ccc(N(=O)=O)cc1,bimog_n_only,252.26999999999998,238.22079999999997,0.055691124588734375,1,18,0,0,2,True,1
V1,0,334,0.007925684563815594,0.10178893804550171,testosterone,CC12CCC3C(C1CCC2O)CCC4=CC(=O)CCC34C,cho,288.431,288.37800000000004,0.0001837527866281885,0,21,0,0,0,False,0
V1,0,340,0.022502653300762177,0.5511742830276489,Aripiprazole,C1CC(=O)NC2=C1C=CC(=C2)OCCCCN3CCN(CC3)C4=C(C(=CC=C4)Cl)Cl,bimog_n_and_hal,448.394,334.4028,0.25422106451022985,5,30,2,0,3,True,3
V1,0,342,0.04211001098155975,0.42360085248947144,Danazol,CC12CCC3C(C1CCC2(C#C)O)CCC4=CC5=C(CC34C)C=NO5,bimog_n_only,337.46299999999997,324.4448000000001,0.03857667359088213,1,25,0,0,1,True,1
V1,0,343,0.06690011918544769,0.6737280488014221,Bezafibrate,CC(C)(C(=O)O)OC1=CC=C(C=C1)CCNC(=O)C2=CC=C(C=C2)Cl,bimog_n_only,361.825,328.278,0.09271609203344144,1,25,1,0,1,True,0
V1,0,344,0.029881220310926437,0.22638103365898132,Ezetimibe,C1=CC(=CC=C1C2C(C(=O)N2C3=CC=C(C=C3)F)CCC(C4=CC=C(C=C4)F)O)O,bimog_n_and_hal,409.43199999999996,358.3620000000001,0.12473377752593806,3,30,2,0,1,True,1
V1,0,353,0.013949284330010414,0.1503245085477829,Clotrimazole,C1=CC=C(C=C1)C(C2=CC=CC=C2)(C3=CC=CC=C3Cl)N4C=CN=C4,bimog_n_and_hal,344.84499999999997,281.356,0.18410880250547346,3,25,1,0,2,True,2
V1,0,361,0.02243535779416561,0.14013051986694336,Isradipine,CC1=C(C(C(=C(N1)C)C(=O)OC(C)C)C2=CC=CC3=NON=C32)C(=O)OC,bimog_n_only,371.393,333.3188,0.10251727953946355,3,27,0,0,3,True,3
V1,0,366,0.010023176670074463,0.1254640817642212,Flurbiprofen,CC(C1=CC(=C(C=C1)C2=CC=CC=C2)F)C(=O)O,bimog_hal_only,244.265,225.236,0.07790309704624077,1,18,1,0,0,True,0
V1,0,367,0.02558732032775879,0.0799955353140831,Fenofibrate,CC(C)OC(=O)C(C)(C)OC1=CC=C(C=C1)C(=O)C2=CC=C(C=C2)Cl,bimog_hal_only,360.837,329.34680000000003,0.08726987531766406,1,25,1,0,0,True,0
V1,0,1,0.06514491885900497,0.18876270949840546,tartaric acid,O=C(O)C(O)C(O)C(=O)O,cho,150.086,150.052,0.00022653678557638113,0,10,0,0,0,False,0
V1,0,2,0.04895544424653053,0.34779009222984314,"1,2,3-propanetricarboxylic acid",C(C(CC(=O)O)C(=O)O)C(=O)O,cho,176.124,176.07,0.00030660216665534534,0,12,0,0,0,False,0
V1,0,3,0.04246518760919571,0.3412265181541443,"1,2,4-butanetricarboxylic acid",C(CC(=O)O)C(CC(=O)O)C(=O)O,cho,190.151,190.096,0.00028924381149719736,0,13,0,0,0,False,0
V1,0,8,0.0189474169164896,0.16584667563438416,methanol,CO,cho,32.042,32.042,0.0,0,2,0,0,0,False,0
V1,0,17,0.01832452416419983,0.04568842053413391,"propan-1,2-diol",CC(O)CO,cho,76.095,76.094,1.3141467901989223e-05,0,5,0,0,0,False,0
V1,0,25,0.008340215310454369,0.05173397809267044,2-butanol,CCC(C)O,cho,74.12299999999999,74.12,4.04732674066377e-05,0,5,0,0,0,False,0
V1,0,26,0.004078893922269344,0.02198863960802555,"2,2-dimethyl-1-propanol",CC(CO)(C)C,cho,88.14999999999999,88.146,4.537719795794093e-05,0,6,0,0,0,False,0
V1,0,27,0.006516401655972004,0.04000941663980484,o-xylene,CC1=C(C)C=CC=C1,cho,106.16799999999999,106.16000000000001,7.535227187083215e-05,0,8,0,0,0,False,0
V1,0,32,0.044708993285894394,0.30951589345932007,4-methylstyrene,CC1=CC=C(C=C1)C=C,cho,118.17899999999999,118.17000000000002,7.615566217322733e-05,0,9,0,0,0,False,0
V1,0,35,0.004574762191623449,0.03400786593556404,ethylbenzene,CCc1ccccc1,cho,106.16799999999999,106.16000000000001,7.535227187083215e-05,0,8,0,0,0,False,0
V1,0,42,0.015161706134676933,0.10458681732416153,cyclohexene,C1CCC=CC1,cho,82.146,82.10400000000001,0.0005112847856254543,0,6,0,0,0,False,0
V1,0,45,0.009982466697692871,0.05571364238858223,isopropylcyclohexane,CC(C)C1CCCCC1,cho,126.243,126.23400000000001,7.129108148562491e-05,0,9,0,0,0,False,0
V1,0,51,0.014529022388160229,0.03463642671704292,1-heptene,CCCCCC=C,cho,98.189,98.182,7.129108148562491e-05,0,7,0,0,0,False,0
V1,0,56,0.0038114250637590885,0.08307766914367676,"2,5-hexanediol",CC(CCC(C)O)O,cho,118.176,118.172,3.384782020043886e-05,0,8,0,0,0,False,0
V1,0,57,0.012150159105658531,0.1353185474872589,n-eugenol,COC1=C(C=CC(=C1)CC=C)O,cho,164.204,164.144,0.0003653991376580956,0,12,0,0,0,False,0
V1,0,58,0.0070821805857121944,0.19576145708560944,sorbitol,C(C(C(C(C(CO)O)O)O)O)O,cho,182.172,182.172,0.0,0,12,0,0,0,False,0
V1,0,65,0.1269773542881012,0.09630292654037476,vinylacetate,CC(=O)OC=C,cho,86.09,86.04400000000001,0.0005343245440816435,0,6,0,0,0,False,0
V1,0,66,0.0070946128107607365,0.09454395622015,xylitol,C(C(C(C(CO)O)O)O)O,cho,152.146,152.14600000000002,-2.220446049250313e-16,0,10,0,0,0,False,0
V1,0,70,0.05319548398256302,0.5056058168411255,3-hydroxy-2-methylpropionate,CC(CO)C(=O)OC,cho,118.132,119.102,-0.00821115362475866,0,8,0,0,0,False,0
V1,0,73,0.02792048454284668,0.3696698546409607,2p-hydroxyphenoxytetrahydropyran,C1CCOC(C1)OC2=CC=CC=C2O,cho,194.23,194.1868,0.00022241672244238675,0,14,0,0,0,False,0
V1,0,79,0.042659856379032135,0.36779719591140747,lactic acid,CC(C(=O)O)O,cho,90.078,90.06,0.00019982681675878577,0,6,0,0,0,False,0
V1,0,98,0.01199625339359045,0.1208576187491417,cholecalciterol,CC(C)CCCC(C)C1CCC2C1(CCCC2=CC=C3CC(CCC3=C)O)C,cho,384.64799999999997,384.58600000000007,0.00016118633139883265,0,28,0,0,0,False,0
V1,0,102,0.06488756090402603,0.7224222421646118,17b-estradiol,CC12CCC3C(C1CCC2O)CCC4=C3C=CC(=C4)O,cho,272.388,272.35400000000004,0.00012482194516616474,0,20,0,0,0,False,0
V1,0,106,0.024095645174384117,0.37185996770858765,citric acid,C(C(=O)O)C(CC(=O)O)(C(=O)O)O,cho,192.123,192.07,0.0002758649406889857,0,13,0,0,0,False,0
V1,0,108,0.005505619570612907,0.0590897798538208,n-nonanol,CCCCCCCCCO,cho,144.25799999999998,144.25000000000003,5.5456196536463054e-05,0,10,0,0,0,False,0
V1,0,109,0.0034598042257130146,0.0361151397228241,2-pentanol,CCCC(C)O,cho,88.14999999999999,88.146,4.537719795794093e-05,0,6,0,0,0,False,0
V1,0,110,0.006562073715031147,0.06829063594341278,3-pentanol,CCC(CC)O,cho,88.14999999999999,88.146,4.537719795794093e-05,0,6,0,0,0,False,0
V1,0,114,0.0034855760168284178,0.04573556035757065,3-methyl-4-octanol,CCCCC(C(C)CC)O,cho,144.25799999999998,144.25000000000003,5.5456196536463054e-05,0,10,0,0,0,False,0
V1,0,116,0.0084484638646245,0.09513191133737564,2-methyl-2-butanol,CCC(C)(C)O,cho,88.14999999999999,88.146,4.537719795794093e-05,0,6,0,0,0,False,0
V1,0,121,0.002252002712339163,0.034087710082530975,6-methyl-1-heptanol,CC(C)CCCCCO,cho,130.231,130.22400000000002,5.37506430878798e-05,0,9,0,0,0,False,0
V1,0,123,0.20521163940429688,1.2441164255142212,diisopropylether,CC(C)OC(C)C,cho,102.17699999999999,102.154,0.00022509958209770975,0,7,0,0,0,False,0
V1,0,127,0.1053619235754013,0.18649077415466309,ethyl acetate,CCOC(=O)C,cho,88.106,88.06,0.0005220983814949731,0,6,0,0,0,False,0
V1,0,141,0.003557629184797406,0.03865740820765495,3-methyl-4-heptanol,CCCC(C(C)CC)O,cho,130.231,130.22400000000002,5.37506430878798e-05,0,9,0,0,0,False,0
V1,0,142,0.009918443858623505,0.04209987074136734,6-methyl-2-heptanol,CC(C)CCCC(C)O,cho,130.231,130.22400000000002,5.37506430878798e-05,0,9,0,0,0,False,0
V1,0,148,0.00871440302580595,0.06430634111166,diisobutylphthalat,CC(C)COC(=O)C1=CC=CC=C1C(=O)OCC(C)C,cho,278.348,280.3176,-0.007076034316754631,0,20,0,0,0,False,0
V1,0,154,0.012829339131712914,0.086916483938694,menthol,CC1CCC(C(C1)O)C(C)C,cho,156.269,156.26000000000002,5.759299669150231e-05,0,11,0,0,0,False,0
V1,0,161,0.006938366685062647,0.07064873725175858,"1,2-butanediol",CCC(CO)O,cho,90.122,90.12,2.2192139544130463e-05,0,6,0,0,0,False,0
V1,0,165,0.004622803535312414,0.01748882606625557,"2,2-dimethyl-1-pentanol",CCCC(C)(C)CO,cho,116.204,116.19799999999998,5.163333448088281e-05,0,8,0,0,0,False,0
V1,0,176,0.009444101713597775,0.0260693971067667,4-methyl-4-nonanol,CCCCCC(C)(CCC)O,cho,158.285,158.276,5.6859462362113256e-05,0,11,0,0,0,False,0
V1,0,177,0.016603518277406693,0.11882460117340088,4-methyl-undecane,CCCCCCCC(C)CCC,cho,170.34,170.328,7.044734061290026e-05,0,12,0,0,0,False,0
V1,0,180,0.02462131902575493,0.2406657189130783,fructose,C1C(C(C(C(O1)(CO)O)O)O)O,cho,180.156,180.1568,-4.440595927857061e-06,0,12,0,0,0,False,0
V1,0,183,0.003432846860960126,0.01835520938038826,3-methyl-1-butanol,CC(C)CCO,cho,88.14999999999999,88.146,4.537719795794093e-05,0,6,0,0,0,False,0
V1,0,197,0.01301487348973751,0.1993287354707718,"2-ethyl-1,3-hexanediol",CCCC(C(CC)CO)O,cho,146.23,146.224,4.103125213705816e-05,0,10,0,0,0,False,0
V1,0,209,0.035583458840847015,0.2261698693037033,levoglucosan,C1C2C(C(C(C(O1)O2)O)O)O,cho,162.141,162.1228,0.00011224798169484629,0,11,0,0,0,False,0
V1,0,217,0.04223763570189476,0.33882761001586914,rhamnose,CC1C(C(C(C(O1)O)O)O)O,cho,164.157,164.138,0.00011574285592452771,0,11,0,0,0,False,0
V1,0,221,0.041596755385398865,0.39001208543777466,"3-methyl-1,2,3-butanetricarboxylic acid",CC(C)(C(CC(=O)O)C(=O)O)C(=O)O,cho,204.178,204.122,0.0002742704894748149,0,14,0,0,0,False,0
V1,0,223,0.01817256212234497,0.058783870190382004,"1,2-dimethylcyclohexane",CC1CCCCC1C,cho,112.216,112.208,7.129108148562491e-05,0,8,0,0,0,False,0
V1,0,227,0.040623508393764496,0.47080516815185547,butyronitrile,CCCC#N,bimog_n_only,69.107,55.096,0.20274357156293865,1,5,0,0,1,True,1
V1,0,233,0.04598219320178032,0.25426098704338074,pyridine,C1=CC=NC=C1,bimog_n_only,79.10199999999999,65.09,0.1771383782963767,1,6,0,0,1,True,1
V1,0,234,0.03789505735039711,0.6837647557258606,2-methoxy-4-nitroaniline,COC1=C(C=CC(=C1)[N+](=O)[O-])N,bimog_n_only,168.152,152.074,0.09561587135448868,1,12,0,0,2,True,1
V1,0,258,0.03459959104657173,1.4431612491607666,quinineethylcarbonate,CCOC(=O)OC(C1CC2CCN1CC2C=C)C3=C4C=C(C=CC4=NC=C3)OC,bimog_n_only,396.48699999999997,369.3928000000001,0.06833565791564389,2,29,0,0,2,True,2
V1,0,262,0.01207088865339756,0.06906498968601227,amobarbital,CCC1(C(=O)NC(=O)NC1=O)CCC(C)C,bimog_n_only,226.27599999999998,199.208,0.11962382223479284,2,16,0,0,2,True,2
V1,0,266,0.008165685459971428,0.05893710255622864,isobutylbromide,CC(C)CBr,bimog_hal_only,137.01999999999998,57.112,0.5831849365056195,1,5,1,0,0,True,0
V1,0,267,0.005411905702203512,0.052108317613601685,isoamylbromide,CC(C)CCBr,bimog_hal_only,151.047,71.138,0.529034009281879,1,6,1,0,0,True,0
V1,0,271,0.014925004914402962,0.02456517145037651,tert-butyl-chloride,CC(C)(C)Cl,bimog_hal_only,92.569,57.112,0.3830331968585595,1,5,1,0,0,True,0
V1,0,272,0.024875348433852196,0.05952732637524605,1 -bromopropane,CCCBr,bimog_hal_only,122.993,43.086,0.6496873805826348,1,4,1,0,0,True,0
V1,0,273,0.00735852587968111,0.05301075056195259,1-iodobutane,CCCCI,bimog_hal_only,184.01999999999998,57.112,0.6896424301706336,1,5,1,0,0,True,0
V1,0,277,0.25181323289871216,0.9115376472473145,trichloroethylene,ClC=C(Cl)Cl,bimog_hal_only,131.389,25.028,0.8095122118289964,3,5,3,0,0,True,0
V1,0,279,0.06178810074925423,0.9803262948989868,griseofulvin,CC1CC(=O)C=C(C12C(=O)C3=C(O2)C(=C(C=C3OC)OC)Cl)OC,bimog_hal_only,352.77,319.148,0.09530855798395543,1,24,1,0,0,True,0
V1,0,283,0.007303218357264996,0.031129535287618637,4-chloroaniline,C1=CC(=CC=C1N)Cl,bimog_n_and_hal,127.574,76.09200000000001,0.4035461771207298,2,8,1,0,1,True,1
V1,0,287,0.02546756900846958,0.14852195978164673,3-trifluoromethylaniline,C1=CC(=CC(=C1)N)C(F)(F)F,bimog_n_and_hal,161.126,88.102,0.45321053088886953,4,11,3,0,1,True,1
V1,0,297,0.0168501827865839,0.4008563160896301,chlormadinone acetate,CC(=O)C1(CCC2C1(CCC3C2C=C(C4=CC(=O)CCC34C)Cl)C)OC(=O)C,bimog_hal_only,404.93399999999997,369.33799999999997,0.08790568339531879,1,28,1,0,0,True,0
V1,0,308,0.008746241219341755,0.1506439745426178,"n-(r-1-phenylethyl)-2,2’-diphenic imide",CC(c1ccccc1)n4c(=O)c2ccccc2c3ccccc3c4=O,bimog_n_only,327.383,311.30400000000003,0.049113729179584675,1,25,0,0,1,True,1
V1,0,309,0.011417040601372719,0.15181666612625122,"n-(r-1-phenylethyl)-4-nitro-1,8-naphthalimide",CC(c1ccccc1)n2c(=O)c4cccc3c(N(=O)=O)ccc(c2=O)c34,bimog_n_only,346.342,330.25,0.04646274491687408,1,26,0,0,2,True,1
V1,0,324,0.020767193287611008,0.2653343081474304,"9,9-bis(p-hydroxyphenyl)fluorene",Oc5ccc(C4(c1ccc(O)cc1)c2ccccc2c3ccccc34)cc5,cho,350.417,350.358,0.0001683708267576911,0,27,0,0,0,False,0
V1,0,325,0.027298707515001297,0.4292636811733246,"9,9-bis(p-aminophenyl)fluorene",Nc5ccc(C4(c1ccc(N)cc1)c2ccccc2c3ccccc34)cc5,bimog_n_only,348.44899999999996,316.37800000000004,0.09203929412912626,2,27,0,0,2,True,2
V1,0,331,0.036318589001894,0.465740442276001,prednisone,CC12CC(=O)C3C(C1CCC2(C(=O)CO)O)CCC4=CC(=O)C=CC34C,cho,358.43399999999997,359.3,-0.0024160654402205495,0,26,0,0,0,False,0
V1,0,333,0.05535171180963516,1.4098178148269653,warfarin,CC(=O)CC(C1=CC=CC=C1)C2=C(C3=CC=CC=C3OC2=O)O,cho,308.33299999999997,310.2540000000001,-0.00623027700570522,0,23,0,0,0,False,0
V1,0,337,0.054990630596876144,1.4098751544952393,fluorescamin,C1=CC=C(C=C1)C2=COC3(C2=O)C4=CC=CC=C4C(=O)O3,cho,278.263,295.2468,-0.06103506395029168,0,21,0,0,0,False,0
V1,0,345,0.019270602613687515,0.3829927444458008,Glafenine,C1=CC=C(C(=C1)C(=O)OCC(CO)O)NC2=C3C=CC(=CC3=NC=C2)Cl,bimog_n_and_hal,372.808,309.3088,0.17032681702109387,3,26,1,0,2,True,2
V1,0,351,0.01641533151268959,0.13795152306556702,Loratadine,CCOC(=O)N1CCC(=C2C3=C(CCC4=C2N=CC=C4)C=C(C=C3)Cl)CC1,bimog_n_and_hal,382.89099999999996,320.39480000000003,0.1632219091072915,3,27,1,0,2,True,2
V1,0,360,0.02352527156472206,0.44988831877708435,Linaprazan,CC1=C(C(=CC=C1)C)CNC2=CC(=CN3C2=NC(=C3C)C)C(=O)NCCO,bimog_n_only,366.465,339.34000000000003,0.07401798261771231,2,27,0,0,4,True,2
V1,0,364,0.017341773957014084,0.18481485545635223,Aceclofenac,C1=CC=C(C(=C1)CC(=O)OCC(=O)O)NC2=C(C=CC=C2Cl)Cl,bimog_n_and_hal,354.189,268.202,0.24277151464331193,3,23,2,0,1,True,1
V1,0,9,0.009731695055961609,0.04948802292346954,ethylenglycol,OCCO,cho,62.068,62.068,0.0,0,4,0,0,0,False,0
V1,0,12,0.046924542635679245,0.3724571168422699,flopropione,CCC(=O)C1=C(C=C(C=C1O)O)O,cho,182.17499999999998,182.08,0.0005214766021680584,0,13,0,0,0,False,0
V1,0,13,0.006509701255708933,0.024915751069784164,2-methyl-1-propanol,CC(C)CO,cho,74.12299999999999,74.11999999999999,4.047326740685975e-05,0,5,0,0,0,False,0
V1,0,14,0.008020655252039433,0.01729113794863224,n-hexanol,CCCCCCO,cho,102.17699999999999,102.172,4.8934691760371685e-05,0,7,0,0,0,False,0
V1,0,16,0.0776917040348053,0.2351955622434616,benzyl alcohol,c1ccc(cc1)CO,cho,108.14,108.134,5.548363232843467e-05,0,8,0,0,0,False,0
V1,0,22,0.008815916255116463,0.017152372747659683,2-ethyl-1-hexanol,CCCCC(CC)CO,cho,130.231,130.22400000000002,5.37506430878798e-05,0,9,0,0,0,False,0
V1,0,24,0.08835934102535248,0.2411516010761261,2-phenyl-1-ethanol,c1ccc(cc1)CCO,cho,122.167,122.16000000000001,5.7298615829037836e-05,0,9,0,0,0,False,0
V1,0,29,0.008230235427618027,0.04936205968260765,2-methylpentane,CCCC(C)C,cho,86.178,86.172,6.962333774285234e-05,0,6,0,0,0,False,0
V1,0,33,0.01776789128780365,0.13401074707508087,o-terphenyl,C1=CC=C(C=C1)C2=CC=CC=C2C3=CC=CC=C3,cho,230.30999999999997,230.29200000000003,7.815552950352078e-05,0,18,0,0,0,False,0
V1,0,37,0.012024390511214733,0.045010827481746674,n-pentylbenzene,CCCCCC1=CC=CC=C1,cho,148.249,148.238,7.419948869802351e-05,0,11,0,0,0,False,0
V1,0,39,0.005320282187312841,0.06149051710963249,sec-butylbenzene,CCC(C)C1=CC=CC=C1,cho,134.22199999999998,134.212,7.450343460824183e-05,0,10,0,0,0,False,0
V1,0,44,0.006914667785167694,0.04850690811872482,ethylcyclohexane,CCC1CCCCC1,cho,112.216,112.20800000000001,7.129108148551389e-05,0,8,0,0,0,False,0
V1,0,47,0.0060343374498188496,0.03454018756747246,n-butylcyclohexane,CCCCC1CCCCC1,cho,140.26999999999998,140.26,7.129108148562491e-05,0,10,0,0,0,False,0
V1,0,49,0.014479098841547966,0.06336550414562225,n-hexylcyclohexane,CCCCCCC1CCCCC1,cho,168.32399999999998,168.31199999999998,7.129108148573593e-05,0,12,0,0,0,False,0
V1,0,50,0.007361583411693573,0.06739993393421173,trans-2-hexene,CCCC=CC,cho,84.16199999999999,84.12,0.0004990375703998184,0,6,0,0,0,False,0
V1,0,59,0.13675475120544434,1.3556296825408936,propylencarbonate,CC1COC(=O)O1,cho,102.089,103.06080000000001,-0.009519145059702971,0,7,0,0,0,False,0
V1,0,61,0.005246930755674839,0.14836010336875916,sucrose,C(C1C(C(C(C(O1)OC2(C(C(C(O2)CO)O)O)CO)O)O)O)O,cho,342.297,342.242,0.0001606791762709392,0,23,0,0,0,False,0
V1,0,62,0.01663503423333168,0.0922858938574791,trehalose,C(C1C(C(C(C(O1)OC2C(C(C(C(O2)CO)O)O)O)O)O)O)O,cho,342.297,342.242,0.0001606791762709392,0,23,0,0,0,False,0
V1,0,63,0.009922697208821774,0.04895373433828354,dioctylphthalat,CCCCCCCCOC(=O)C1=CC=CC=C1C(=O)OCCCCCCCC,cho,390.56399999999996,392.5256,-0.0050224803105254345,0,28,0,0,0,False,0
V1,0,71,0.02818509377539158,0.7553327679634094,dianin’s compound,CC1(CC(C2=CC=CC=C2O1)(C)C3=CC=C(C=C3)O)COc1ccc(cc1)C2(c3c(OC(C2)(C)C)cccc3)C,cho,534.696,536.6268000000001,-0.0036110238341040546,0,40,0,0,0,False,0
V1,0,75,0.010231239721179008,0.10718245804309845,cholesterol,CC(C)CCCC(C)C1CCC2C1(CCC3C2CC=C4C3(CCC(C4)O)C)C,cho,386.664,386.63800000000003,6.724184304707226e-05,0,28,0,0,0,False,0
V1,0,80,0.020761415362358093,0.5116956830024719,epoxypropane,CC1CO1,cho,58.08,58.0788,2.0661157024703947e-05,0,4,0,0,0,False,0
V1,0,88,0.005921202711760998,0.03652041405439377,m-cresol,CC1=CC(=CC=C1)O,cho,108.14,108.11600000000001,0.0002219345293137387,0,8,0,0,0,False,0
V1,0,91,0.00598438223823905,0.1605103760957718,norethylnodrel,CC12CCC3C(C1CCC2(C#C)O)CCC4=C3CCC(=O)C4,cho,298.426,298.37200000000007,0.00018094938108581538,0,22,0,0,0,False,0
V1,0,92,0.007364859338849783,1.1633121967315674,beta-estradiol-3-benzoate,CC12CCC3C(C1CCC2O)CCC4=C3C=CC(=C4)OC(=O)C5=CC=CC=C5,cho,376.496,378.47280000000006,-0.005250520589860308,0,28,0,0,0,False,0
V1,0,105,0.01573619805276394,0.231850266456604,progesterone,CC(=O)C1CCC2C1(CCC3C2CCC4=CC(=O)CCC34C)C,cho,314.469,314.37,0.0003148164047965807,0,23,0,0,0,False,0
V1,0,120,0.0033269438426941633,0.054984401911497116,3-methyl-3-heptanol,CCCCC(C)(CC)O,cho,130.231,130.22400000000002,5.37506430878798e-05,0,9,0,0,0,False,0
V1,0,122,0.04867894574999809,0.5060344934463501,diethylether,CCOCC,cho,74.12299999999999,74.1208,2.968039609818618e-05,0,5,0,0,0,False,0
V1,0,146,0.009338734671473503,0.05310925096273422,3-methylpentane,CCC(C)CC,cho,86.178,86.172,6.962333774285234e-05,0,6,0,0,0,False,0
V1,0,149,0.005286842584609985,0.04946380853652954,"1,4-pentanediol",CC(CCCO)O,cho,104.149,104.14599999999999,2.8804885308653105e-05,0,7,0,0,0,False,0
V1,0,153,0.21154692769050598,1.1914650201797485,2-methyltetrahydrofuran,CC1CCCO1,cho,86.134,86.104,0.0003482945178443497,0,6,0,0,0,False,0
V1,0,155,0.011562930420041084,0.054337870329618454,n-butylbenzene,CCCCC1=CC=CC=C1,cho,134.22199999999998,134.212,7.450343460824183e-05,0,10,0,0,0,False,0
V1,0,164,0.01150188222527504,0.02352483570575714,"2,2-dimethyl-1-butanol",CCC(C)(C)CO,cho,102.17699999999999,102.172,4.8934691760371685e-05,0,7,0,0,0,False,0
V1,0,168,0.009761722758412361,0.02814551070332527,3-hexanol,CCCC(CC)O,cho,102.17699999999999,102.172,4.8934691760371685e-05,0,7,0,0,0,False,0
V1,0,172,0.010308759286999702,0.05271495133638382,3-methyl-4-nonanol,CCCCCC(C(C)CC)O,cho,158.285,158.276,5.6859462362113256e-05,0,11,0,0,0,False,0
V1,0,181,0.008736968040466309,0.023492267355322838,n-heptanol,CCCCCCCO,cho,116.204,116.198,5.1633334480771786e-05,0,8,0,0,0,False,0
V1,0,188,0.02893275022506714,0.8257649540901184,maltotetraose,C(C1C(C(C(C(O1)OC2C(OC(C(C2O)O)OC3C(OC(C(C3O)O)OC4C(OC(C(C4O)O)O)CO)CO)CO)O)O)O)O,cho,666.579,666.4499999999999,0.000193525448596521,0,45,0,0,0,False,0
V1,0,189,0.015296557918190956,0.20996253192424774,malic acid,C(C(C(=O)O)O)C(=O)O,cho,134.087,134.052,0.00026102455868204366,0,9,0,0,0,False,0
V1,0,190,0.033788081258535385,0.2992917001247406,pinonic acid,CC(=O)C1CC(C1(C)C)CC(=O)O,cho,184.23499999999999,184.166,0.000374521670692296,0,13,0,0,0,False,0
V1,0,191,0.006886829622089863,0.06259702146053314,"2-methylbutane-1,2,3,4-tetraol",CC(CO)(C(CO)O)O,cho,136.147,136.146,7.345002093317454e-06,0,9,0,0,0,False,0
V1,0,192,0.035618025809526443,0.16118744015693665,"1,2-isopooh",C=C(C)C(CO)OO,cho,118.132,118.09400000000001,0.0003216740595266554,0,8,0,0,0,False,0
V1,0,199,0.006022377870976925,0.05459801107645035,"1,2,6-hexanetriol",C(CCO)CC(CO)O,cho,134.175,134.17200000000003,2.2358859698035083e-05,0,9,0,0,0,False,0
V1,0,202,0.0032306737266480923,0.06960068643093109,"3-methyl-1,3,5-pentanetriol",CC(CCO)(CCO)O,cho,134.175,134.17200000000003,2.2358859698035083e-05,0,9,0,0,0,False,0
V1,0,204,0.006884540431201458,0.11269426345825195,gentiobiose,C(C1C(C(C(C(O1)OCC2C(C(C(C(O2)O)O)O)O)O)O)O)O,cho,342.297,342.2608,0.00010575611238194949,0,23,0,0,0,False,0
V1,0,211,0.03575630113482475,0.6647021174430847,maltohexaose,C(C1C(C(C(C(O1)OC2C(OC(C(C2O)O)OC3C(OC(C(C3O)O)OC4C(OC(C(C4O)O)OC5C(OC(C(C5O)O)OC6C(OC(C(C6O)O)O)CO)CO)CO)CO)CO)O)O)O)O,cho,990.861,990.658,0.0002048723282074283,0,67,0,0,0,False,0
V1,0,212,0.03437589854001999,0.9409494400024414,maltopentaose,C(C1C(C(C(C(O1)OC2C(OC(C(C2O)O)OC3C(OC(C(C3O)O)OC4C(OC(C(C4O)O)OC5C(OC(C(C5O)O)O)CO)CO)CO)CO)O)O)O)O,cho,828.72,828.554,0.0002003089101265676,0,56,0,0,0,False,0
V1,0,213,0.024948719888925552,0.42274197936058044,maltotriose,C(C1C(C(C(C(O1)OC2C(OC(C(C2O)O)OC3C(OC(C(C3O)O)O)CO)CO)O)O)O)O,cho,504.438,504.34600000000006,0.00018238118460534025,0,34,0,0,0,False,0
V1,0,214,0.013367789797484875,0.09378411620855331,nigerose,C(C1C(C(C(C(O1)O)O)OC2C(C(C(C(O2)CO)O)O)O)O)O,cho,342.297,342.242,0.0001606791762709392,0,23,0,0,0,False,0
V1,0,222,0.017571156844496727,0.04359739273786545,cyclooctanol,C1CCCC(CCC1)O,cho,128.215,128.20800000000003,5.459579612354659e-05,0,9,0,0,0,False,0
V1,0,224,0.009358149953186512,0.0608268603682518,2-methylbutane,CCC(C)C,cho,72.151,72.146,6.929910881336987e-05,0,5,0,0,0,False,0
V1,0,230,0.01603013649582863,0.03908473998308182,2-naphthylamine,C1=CC=C2C=C(C=CC2=C1)N,bimog_n_only,143.189,127.15600000000002,0.11197089161876939,1,11,0,0,1,True,1
V1,0,244,0.01230822317302227,0.12526950240135193,methyl n-phenylcarbamate,COC(=O)NC1=CC=CC=C1,bimog_n_only,151.165,137.1,0.0930440247411769,1,11,0,0,1,True,1
V1,0,245,0.018827427178621292,0.1240055188536644,ethyl n-phenylcarbamate,CCOC(=O)NC1=CC=CC=C1,bimog_n_only,165.192,151.16080000000002,0.08493873795341167,1,12,0,0,1,True,1
V1,0,247,0.05865709111094475,1.8944542407989502,dibucaine,CCCCOC1=NC2=CC=CC=C2C(=C1)C(=O)NCCN(CC)CC,bimog_n_only,343.471,316.38880000000006,0.07884857819146285,2,25,0,0,3,True,2
V1,0,248,0.01602313295006752,0.258099764585495,proxyphylline,CC(CN1C=NC2=C1C(=O)N(C(=O)N2C)C)O,bimog_n_only,238.24699999999999,184.192,0.22688638261971816,4,17,0,0,4,True,4
V1,0,252,0.03555958718061447,0.16288170218467712,diphylline,CN1C2=C(C(=O)N(C1=O)C)N(C=N2)CC(CO)O,bimog_n_only,254.24599999999998,200.192,0.21260511473140176,4,18,0,0,4,True,4
V1,0,254,0.0403885617852211,0.16650989651679993,phenobarbital,CCC1(C(=O)NC(=O)NC1=O)C2=CC=CC=C2,bimog_n_only,232.239,205.17000000000002,0.11655665069174426,2,17,0,0,2,True,2
V1,0,268,0.004190599545836449,0.03412582725286484,3-bromopentane,CCC(Br)CC,bimog_hal_only,151.047,71.138,0.529034009281879,1,6,1,0,0,True,0
V1,0,284,0.03879434987902641,0.1698898822069168,"3,4-dichloroaniline",C1=CC(=C(C=C1N)Cl)Cl,bimog_n_and_hal,162.019,75.08400000000002,0.5365728710830211,3,9,2,0,1,True,1
V1,0,285,0.008446445688605309,0.06506778299808502,2-chloroaniline,C1=CC=C(C(=C1)N)Cl,bimog_n_and_hal,127.574,76.09200000000001,0.4035461771207298,2,8,1,0,1,True,1
V1,0,289,0.020124241709709167,0.0847092866897583,m-fluorophenol,C1=CC(=CC(=C1)F)O,bimog_hal_only,112.103,93.082,0.1696743173688483,1,8,1,0,0,True,0
V1,0,296,0.010190022177994251,0.2447100132703781,spironolactone,CC(=O)SC1CC2=CC(=O)CCC2(C3C1C4CCC5(C4(CC3)C)CCC(=O)O5)C,cho,416.58299999999997,384.38,0.07730272238665514,1,29,0,1,0,True,1
V1,0,299,0.031671859323978424,0.4563728868961334,sulphisoxazole,CC1=C(ON=C1C)NS(=O)(=O)C2=CC=C(C=C2)N,bimog_n_only,267.31,200.1488,0.2512483633234821,4,18,0,1,3,True,4
V1,0,304,0.04964015260338783,1.03449285030365,probucol,CC(C)(C)C1=CC(=CC(=C1O)C(C)(C)C)SC(C)(C)SC2=CC(=C(C(=C2)C(C)(C)C)O)C(C)(C)C,cho,516.857,452.658,0.1242103715340993,2,35,0,2,0,True,2
V1,0,306,0.031114989891648293,0.4040066599845886,n-(s-1-naphthylethyl)-tetrachlorophthalimide,CC(c2ccc1ccccc1c2)n4c(=O)c3c(Cl)c(Cl)c(Cl)c(Cl)c3c4=O,bimog_n_and_hal,439.125,281.236,0.3595536578423001,5,27,4,0,1,True,1
V1,0,313,0.041818685829639435,0.43127888441085815,"n-(1,2,3,4-tetrahydro-1-naphthyl)-tetrachlorophthalimide",O=c2c1c(Cl)c(Cl)c(Cl)c(Cl)c1c(=O)n2c3cccc4ccccc34,bimog_n_and_hal,411.071,281.236,0.31584568115970235,5,25,4,0,1,True,1
V1,0,335,0.005407971795648336,0.10923442989587784,nandrolone,CC12CCC3C(C1CCC2O)CCC4=CC(=O)CCC34,cho,274.404,274.35200000000003,0.00018950161076358718,0,20,0,0,0,False,0
V1,0,341,0.08309962600469589,2.670684814453125,Bucindolol,CC(C)(CC1=CNC2=CC=CC=C21)NCC(COC3=CC=CC=C3C#N)O,bimog_n_only,363.46099999999996,334.37880000000007,0.08001463705872125,2,27,0,0,3,True,2
V1,0,348,0.023240335285663605,0.16376562416553497,Diazepam,CN1C(=O)CN=C(C2=C1C=CC(=C2)Cl)C3=CC=CC=C3,bimog_n_and_hal,284.746,221.22800000000004,0.22306898077584913,3,20,1,0,2,True,2
V1,0,350,0.10960499942302704,3.8339438438415527,Carvedilol,COC1=CC=CC=C1OCCNCC(COC2=CC=CC3=C2C4=CC=CC=C4N3)O,bimog_n_only,406.48199999999997,391.3736000000001,0.037168681516032365,1,30,0,0,2,True,1
V1,0,356,0.023727737367153168,0.26135146617889404,Clofoctol,CC(C)(C)CC(C)(C)C1=CC(=C(C=C1)O)CC2=C(C=C(C=C2)Cl)Cl,bimog_hal_only,365.344,294.40000000000003,0.19418411141280534,2,24,2,0,0,True,0
V1,0,359,0.023478113114833832,0.29901593923568726,Orlistat,CCCCCCCCCCCC(CC1C(C(=O)O1)CCCCCC)OC(=O)C(CC(C)C)NC=O,bimog_n_only,495.745,497.61400000000003,-0.0037700834098175484,0,35,0,0,1,False,0
V1,0,362,0.015896717086434364,0.11076418310403824,Acemetacin,CC1=C(C2=C(N1C(=O)C3=CC=C(C=C3)Cl)C=CC(=C2)OC)CC(=O)OCC(=O)O,bimog_n_and_hal,415.829,367.256,0.11681003489415132,2,29,1,0,1,True,1
V1,0,18,0.05410856753587723,0.4269416332244873,resorcinol,c1cc(cc(c1)O)O,cho,110.112,110.072,0.000363266492298675,0,8,0,0,0,False,0
V1,0,19,0.009160120971500874,0.20126934349536896,phenyl-salicylate,O=C(Oc2ccccc2)c1c(O)cccc1,cho,214.22,229.2088,-0.0699691905517692,0,16,0,0,0,False,0
V1,0,21,0.027964690700173378,0.2714172899723053,diethylphthalat,CCOC(=O)c1ccccc1C(=O)OCC,cho,222.23999999999998,224.2136,-0.008880489560835203,0,16,0,0,0,False,0
V1,0,28,0.0036263063084334135,0.019265787675976753,m-xylene,CC1=CC(=CC=C1)C,cho,106.16799999999999,106.16000000000001,7.535227187083215e-05,0,8,0,0,0,False,0
V1,0,34,0.011070558801293373,0.03566383197903633,toluol,Cc1ccccc1,cho,92.14099999999999,92.13400000000001,7.597052343666366e-05,0,7,0,0,0,False,0
V1,0,43,0.011979146860539913,0.06143573671579361,methylcyclohexane,CC1CCCCC1,cho,98.189,98.182,7.129108148562491e-05,0,7,0,0,0,False,0
V1,0,54,0.0060402387753129005,0.0955686941742897,4-methylnonane,CCCCCC(C)CCC,cho,142.286,142.276,7.028098337147348e-05,0,10,0,0,0,False,0
V1,0,55,0.01963098533451557,0.17112237215042114,2-isopropoxyethanol,CC(C)OCCO,cho,104.149,104.1468,2.112358255956792e-05,0,7,0,0,0,False,0
V1,0,76,0.02444451116025448,0.6984570622444153,beta-d-glucosepentaacetate,CC(=O)OCC1C(C(C(C(O1)OC(=O)C)OC(=O)C)OC(=O)C)OC(=O)C,cho,390.341,390.098,0.0006225326061058967,0,27,0,0,0,False,0
V1,0,78,0.04285043478012085,1.1416987180709839,"4,4’-dimethoxytetraphenylmethane",COc4ccc(C(c1ccccc1)(c2ccccc2)c3ccc(OC)cc3)cc4,cho,380.48699999999997,380.394,0.00024442359397292,0,29,0,0,0,False,0
V1,0,81,0.08672410249710083,0.22418415546417236,n-butylacetate,CCCCOC(=O)C,cho,116.16,116.11200000000001,0.00041322314049574427,0,8,0,0,0,False,0
V1,0,86,0.00572633370757103,0.022914912551641464,"1,3-butanediol",CC(CCO)O,cho,90.122,90.12,2.2192139544130463e-05,0,6,0,0,0,False,0
V1,0,93,0.006666587200015783,0.06316383928060532,ursodeoxycholic acid,CC(CCC(=O)O)C1CCC2C1(CCC3C2C(CC4C3(CCC(C4)O)C)O)C,cho,392.58,392.542,9.679555759334324e-05,0,28,0,0,0,False,0
V1,0,95,0.021648645401000977,0.7917903661727905,cholic acid,CC(CCC(=O)O)C1CCC2C1(C(CC3C2C(CC4C3(CCC(C4)O)C)O)O)C,cho,408.579,408.54200000000003,9.055776239108582e-05,0,29,0,0,0,False,0
V1,0,100,0.019929923117160797,0.38164934515953064,dehydrocholic acid,CC(CCC(=O)O)C1CCC2C1(C(=O)CC3C2C(=O)CC4C3(CCC(=O)C4)C)C,cho,402.531,403.394,-0.002143934255995239,0,29,0,0,0,False,0
V1,0,103,0.030437743291258812,0.22892698645591736,aspirin,CC(=O)OC1=CC=CC=C1C(=O)O,cho,180.159,180.09200000000004,0.00037189371610601984,0,13,0,0,0,False,0
V1,0,111,0.010140473023056984,0.0652618333697319,2-octanol,CCCCCCC(C)O,cho,130.231,130.22400000000002,5.37506430878798e-05,0,9,0,0,0,False,0
V1,0,115,0.011316008865833282,0.030658598989248276,2-methyl-2-propanol,CC(C)(C)O,cho,74.12299999999999,74.12,4.04732674066377e-05,0,5,0,0,0,False,0
V1,0,117,0.0067182062193751335,0.04792371392250061,2-methyl-2-heptanol,CCCCCC(C)(C)O,cho,130.231,130.22400000000002,5.37506430878798e-05,0,9,0,0,0,False,0
V1,0,125,0.01982111856341362,0.08454731851816177,methylethylketone,CCC(=O)C,cho,72.107,72.06000000000002,0.0006518091170064633,0,5,0,0,0,False,0
V1,0,132,0.046070270240306854,0.4994807839393616,3-methoxy-1-butanol,CC(CCO)OC,cho,104.149,104.112,0.0003552602521388337,0,7,0,0,0,False,0
V1,0,134,0.0025089476257562637,0.022068394348025322,2-methyl-1-butanol,CCC(C)CO,cho,88.14999999999999,88.146,4.537719795794093e-05,0,6,0,0,0,False,0
V1,0,137,0.0034526840317994356,0.01636519655585289,4-methyl-2-pentanol,CC(C)CC(C)O,cho,102.17699999999999,102.172,4.8934691760371685e-05,0,7,0,0,0,False,0
V1,0,139,0.0028777916450053453,0.021315094083547592,3-methyl-4-hexanol,CCC(C)C(CC)O,cho,116.204,116.198,5.1633334480771786e-05,0,8,0,0,0,False,0
V1,0,144,0.003406225936487317,0.02378295734524727,2-methyl-1-heptanol,CCCCCC(C)CO,cho,130.231,130.22400000000002,5.37506430878798e-05,0,9,0,0,0,False,0
V1,0,151,0.005678743124008179,0.04802705720067024,"1,5-hexanediol",CC(CCCCO)O,cho,118.176,118.172,3.384782020043886e-05,0,8,0,0,0,False,0
V1,0,152,0.00606571463868022,0.03598640486598015,iso-eugenol,CC=CC1=CC(=C(C=C1)O)OC,cho,164.204,164.108,0.0005846386202529308,0,12,0,0,0,False,0
V1,0,157,0.0058407410979270935,0.04417024925351143,cycloheptanol,C1CCCC(CC1)O,cho,114.18799999999999,114.182,5.254492591155735e-05,0,8,0,0,0,False,0
V1,0,166,0.0062431273981928825,0.04431581869721413,"2,2-dimethyl-1-hexanol",CCCCC(C)(C)CO,cho,130.231,130.22400000000002,5.37506430878798e-05,0,9,0,0,0,False,0
V1,0,178,0.0041273366659879684,0.019334236159920692,n-butanol,CCCCO,cho,74.12299999999999,74.11999999999999,4.047326740685975e-05,0,5,0,0,0,False,0
V1,0,186,0.006788587663322687,0.09543073177337646,"2,4,6-trimethylheptane",CC(C)CC(C)CC(C)C,cho,142.286,142.276,7.028098337147348e-05,0,10,0,0,0,False,0
V1,0,194,0.016011716797947884,0.25729289650917053,pinic acid,CC1(C(CC1C(=O)O)CC(=O)O)C,cho,186.207,186.166,0.00022018506286014539,0,13,0,0,0,False,0
V1,0,198,0.005449898540973663,0.04378321021795273,"1,2,7-heptanetriol",C(CCC(CO)O)CCO,cho,148.202,148.198,2.6990189066156134e-05,0,10,0,0,0,False,0
V1,0,226,0.1132577508687973,0.3351839482784271,acetaldehyd,CC=O,cho,44.053,44.034000000000006,0.0004312986629739779,0,3,0,0,0,False,0
V1,0,229,0.010403248481452465,0.0328899621963501,1-naphthylamine,C1=CC=C2C(=C1)C=CC=C2N,bimog_n_only,143.189,127.15600000000002,0.11197089161876939,1,11,0,0,1,True,1
V1,0,235,0.06456540524959564,0.6921201944351196,4-nitroaniline,C1=CC(=CC=C1N)[N+](=O)[O-],bimog_n_only,138.126,122.082,0.11615481516875903,1,10,0,0,2,True,1
V1,0,237,0.0468437559902668,0.6640360355377197,2-nitroaniline,C1=CC=C(C(=C1)N)[N+](=O)[O-],bimog_n_only,138.126,122.082,0.11615481516875903,1,10,0,0,2,True,1
V1,0,238,0.05440835282206535,0.6587437391281128,3-nitroaniline,C1=CC(=CC(=C1)[N+](=O)[O-])N,bimog_n_only,138.126,122.082,0.11615481516875903,1,10,0,0,2,True,1
V1,0,250,0.04159969836473465,0.37604230642318726,nialamide,C1=CC=C(C=C1)CNC(=O)CCNNC(=O)C2=CC=NC=C2,bimog_n_only,298.346,270.182,0.09440046120946821,2,22,0,0,4,True,2
V1,0,256,0.08946798741817474,0.5252022743225098,antipyrine,CC1=CC(=O)N(N1C)C2=CC=CC=C2,bimog_n_only,188.23,161.196,0.14362216437337294,2,14,0,0,2,True,2
V1,0,261,0.016448749229311943,0.31235259771347046,hexobarbital,CC1(C(=O)NC(=O)N(C1=O)C)C2=CCCCC2,bimog_n_only,236.271,210.21,0.11030130655052872,2,17,0,0,2,True,2
V1,0,264,0.03338375315070152,0.4480944275856018,dimethyl acetamide,CC(=O)N(C)C,bimog_n_only,87.122,73.06800000000001,0.16131401942104162,1,6,0,0,1,True,1
V1,0,282,0.058362286537885666,0.617473304271698,2-chloro-4-nitroaniline,C1=CC(=C(C=C1[N+](=O)[O-])Cl)N,bimog_n_and_hal,172.571,121.07400000000001,0.29841050929762236,2,11,1,0,2,True,1
V1,0,288,0.009628372266888618,0.040991149842739105,o-fluoroaniline,C1=CC=C(C(=C1)N)F,bimog_n_and_hal,111.119,76.09200000000001,0.3152206193360271,2,8,1,0,1,True,1
V1,0,293,0.013948231935501099,0.12833508849143982,flufenamic acid,C1=CC=C(C(=C1)C(=O)O)NC2=CC=CC(=C2)C(F)(F)F,bimog_n_and_hal,281.233,209.194,0.2561541497619412,4,20,3,0,1,True,1
V1,0,298,0.03271669149398804,0.5904606580734253,indomethacin,CC1=C(C2=C(N1C(=O)C3=CC=C(C=C3)Cl)C=CC(=C2)OC)CC(=O)O,bimog_n_and_hal,357.793,309.256,0.13565665063318744,2,25,1,0,1,True,1
V1,0,301,0.03472825139760971,0.21780915558338165,sulphathiazole,C1=CC(=CC=C1N)S(=O)(=O)NC2=NC=CS2,bimog_n_only,255.32399999999998,172.138,0.3258056430261158,5,16,0,2,3,True,5
V1,0,302,0.040783729404211044,0.846718966960907,sulphadimethoxine,COC1=NC(=NC(=C1)NS(=O)(=O)C2=CC=C(C=C2)N)OC,bimog_n_only,310.335,245.14,0.2100794302930704,5,21,0,1,4,True,5
V1,0,307,0.014703454449772835,0.13083775341510773,"n-(s-1-naphthylethyl)-2,2’-diphenic imide",CC(c2ccc1ccccc1c2)n5c(=O)c3ccccc3c4ccccc4c5=O,bimog_n_only,377.443,361.36,0.042610407399262806,1,29,0,0,1,True,1
V1,0,311,0.026637131348252296,0.337373286485672,n-(r-1-phenylethyl)-3-nitrophthalimide,CC(c1ccccc1)n3c(=O)c2cccc(N(=O)=O)c2c3=O,bimog_n_only,296.282,280.194,0.05429961995666277,1,22,0,0,2,True,1
V1,0,315,0.0954892486333847,1.1142468452453613,"1,3-dinitro-4,6-bis-(r-l’-phenylethylamino)benzene",CC(Nc2cc(NC(C)c1ccccc1)c(N(=O)=O)cc2N(=O)=O)c3ccccc3,bimog_n_only,406.442,406.324,0.000290324326718161,0,30,0,0,4,False,0
V1,0,321,0.02317471243441105,0.09655971825122833,n-(1-phenylethyl)-n’-(p-nitrophenyl)urea,CC(NC(=O)Nc1ccc(N(=O)=O)cc1)c2ccccc2,bimog_n_only,285.303,271.216,0.04937557614185617,1,21,0,0,3,True,1
V1,0,326,0.029991012066602707,0.1492702215909958,anilinephthalein,Nc4ccc(C3(c1ccc(N)cc1)OC(=O)c2ccccc23)cc4,bimog_n_only,316.36,286.27600000000007,0.09509419648501694,2,24,0,0,2,True,2
V1,0,330,0.022023681551218033,0.5438501834869385,budesonide,CCCC1OC2CC3C4CCC5=CC(=O)C=CC5(C4C(CC3(C2(O1)C(=O)CO)C)O)C,cho,430.541,432.4120000000001,-0.0043456952996348,0,31,0,0,0,False,0
V1,0,332,0.028963839635252953,0.7101253271102905,hydrocortisone,CC12CCC(=O)C=C1CCC3C2C(CC4(C3CCC4(C(=O)CO)O)C)O,cho,362.466,362.3780000000001,0.0002427813919095856,0,26,0,0,0,False,0
V1,0,338,0.021573767066001892,0.29992151260375977,ibuprofen,CC(C)CC1=CC=C(C=C1)C(C)C(=O)O,cho,206.285,206.256,0.00014058220423196488,0,15,0,0,0,False,0
V1,0,346,0.02549322508275509,0.25595253705978394,Pimozide,C1CN(CCC1N2C3=CC=CC=C3NC2=O)CCCC(C4=CC=C(C=C4)F)C5=CC=C(C=C5)F,bimog_n_and_hal,461.556,381.494,0.173461075145811,5,34,2,0,3,True,3
V1,0,363,0.022615471854805946,0.44810372591018677,Nilutamide,CC1(C(=O)N(C(=O)N1)C2=CC(=C(C=C2)[N+](=O)[O-])C(F)(F)F)C,bimog_n_and_hal,317.223,249.15200000000002,0.2145840623157842,4,22,3,0,3,True,1
V1,0,365,0.04287191107869148,0.3365705907344818,Miconazole,C1=CC(=C(C=C1Cl)Cl)COC(CN2C=CN=C2)C3=C(C=C(C=C3)Cl)Cl,bimog_n_and_hal,416.135,246.2928,0.40814206928040175,6,25,4,0,2,True,2
V1,1,0,0.02594909630715847,0.2988792359828949,glucose,C(C1C(C(C(C(O1)O)O)O)O)O,cho,180.156,180.13800000000003,9.991340837922635e-05,0,12,0,0,0,False,0
V1,1,7,0.01705390028655529,0.05862753838300705,n-propanol,CCCO,cho,60.096,60.093999999999994,3.328008519709602e-05,0,4,0,0,0,False,0
V1,1,11,0.016812579706311226,0.24181623756885529,maltitol,C(C1C(C(C(C(O1)OC(C(CO)O)C(C(CO)O)O)O)O)O)O,cho,344.313,344.276,0.00010746036309983165,0,23,0,0,0,False,0
V1,1,15,0.0071494085714221,0.017108570784330368,n-pentanol,CCCCCO,cho,88.14999999999999,88.146,4.537719795794093e-05,0,6,0,0,0,False,0
V1,1,20,0.05667779594659805,0.6255598068237305,dimethylphthalat,O=C(OC)c1ccccc1C(=O)OC,cho,194.186,196.092,-0.009815331692295093,0,14,0,0,0,False,0
V1,1,31,0.051078878343105316,0.19667848944664001,n-buten,C=CCC,cho,56.108,56.104,7.129108148562491e-05,0,4,0,0,0,False,0
V1,1,36,0.009704142808914185,0.02750360406935215,propylbenzene,CCCC1=CC=CC=C1,cho,120.195,120.18600000000002,7.487832272534689e-05,0,9,0,0,0,False,0
V1,1,38,0.011620849370956421,0.059955935925245285,n-hexylbenzene,CCCCCCC1=CC=CC=C1,cho,162.27599999999998,162.26399999999998,7.394808844196632e-05,0,12,0,0,0,False,0
V1,1,46,0.013240804895758629,0.042880039662122726,sec-butylcyclohexane,CCC(C)C1CCCCC1,cho,140.26999999999998,140.26,7.129108148562491e-05,0,10,0,0,0,False,0
V1,1,48,0.01330813579261303,0.04481891170144081,n-pentylcyclohexane,CCCCCC1CCCCC1,cho,154.297,154.28599999999997,7.129108148584695e-05,0,11,0,0,0,False,0
V1,1,52,0.015114031732082367,0.08413169533014297,cis-2-octene,CCCCCC=CC,cho,112.216,112.172,0.00039210094817132557,0,8,0,0,0,False,0
V1,1,53,0.01106107234954834,0.048896271735429764,3-methylhexane,CCCC(C)CC,cho,100.205,100.19800000000001,6.985679357307539e-05,0,7,0,0,0,False,0
V1,1,60,0.044002968817949295,0.7378447651863098,guajacol,COC1=CC=CC=C1O,cho,124.139,124.082,0.00045916271276558174,0,9,0,0,0,False,0
V1,1,64,0.009339488111436367,0.20074597001075745,naphthylsalyciate,C1=CC=C2C(=C1)C=CC=C2OC(=O)C3=CC=CC=C3O,cho,264.28,279.26480000000004,-0.05670046919933425,0,20,0,0,0,False,0
V1,1,67,0.0786556750535965,0.3184012174606323,methyl(s)(-)lactate,CC(C(=O)OC)O,cho,104.105,105.07600000000001,-0.009327121656020454,0,7,0,0,0,False,0
V1,1,68,0.04002467170357704,0.3583921492099762,(s)-glycerol acetonate,CC1(OCC(O1)CO)C,cho,132.159,132.1388,0.00015284619284339218,0,9,0,0,0,False,0
V1,1,72,0.014421068131923676,0.09088567644357681,4-(1-idianyl)phenol,C1CC2=CC=CC=C2C1C3=CC=C(C=C3)O,cho,210.27599999999998,210.24400000000003,0.00015218094314117803,0,16,0,0,0,False,0
V1,1,74,0.09929945319890976,1.367940902709961,salicin,C1=CC=C(C(=C1)CO)OC2C(C(C(C(O2)CO)O)O)O,cho,286.28,286.238,0.00014670951515993735,0,20,0,0,0,False,0
V1,1,77,0.017475813627243042,0.2516140937805176,3-pentadecylcyclohexanone,CCCCCCCCCCCCCCCC1CCCC(=O)C1,cho,308.55,308.49399999999997,0.000181494085237488,0,22,0,0,0,False,0
V1,1,82,0.015562156215310097,0.19481591880321503,camphor,CC1(C2CCC1(C(=O)C2)C)C,cho,152.237,152.192,0.0002955917418234755,0,11,0,0,0,False,0
V1,1,83,0.01091308705508709,0.05234116315841675,dibutylphthalat,CCCCOC(=O)C1=CC=CC=C1C(=O)OCCCC,cho,278.348,280.3176,-0.007076034316754631,0,20,0,0,0,False,0
V1,1,84,0.009555010125041008,0.050208814442157745,o-cresol,CC1=CC=CC=C1O,cho,108.14,108.11600000000001,0.0002219345293137387,0,8,0,0,0,False,0
V1,1,85,0.010115769691765308,0.046664003282785416,isopropranol,CC(C)O,cho,60.096,60.093999999999994,3.328008519709602e-05,0,4,0,0,0,False,0
V1,1,87,0.0072449008002877235,0.10951392352581024,"2,3-butanediol",CC(C(C)O)O,cho,90.122,90.12,2.2192139544130463e-05,0,6,0,0,0,False,0
V1,1,94,0.013116920366883278,0.048203807324171066,deoxycholic acid,CC(CCC(=O)O)C1CCC2C1(C(CC3C2CCC4C3(CCC(C4)O)C)O)C,cho,392.58,392.542,9.679555759334324e-05,0,28,0,0,0,False,0
V1,1,96,0.03304644301533699,0.2901462912559509,lactose,C(C1C(C(C(C(O1)OC(C(CO)O)C(C(C=O)O)O)O)O)O)O,cho,342.297,342.242,0.0001606791762709392,0,23,0,0,0,False,0
V1,1,97,0.009052028879523277,0.05814852565526962,diethylhexylphthalat,O=C(OCC(CC)CCCC)C1=CC=CC=C1C(OCC(CC)CCCC)=O,cho,390.56399999999996,392.5256,-0.0050224803105254345,0,28,0,0,0,False,0
V1,1,101,0.006932380609214306,0.1665479689836502,cellobiose,C(C1C(C(C(C(O1)OC2C(OC(C(C2O)O)O)CO)O)O)O)O,cho,342.297,342.242,0.0001606791762709392,0,23,0,0,0,False,0
V1,1,104,0.004480645060539246,0.11002633720636368,methyltestosterone,CC12CCC(=O)C=C1CCC3C2CCC4(C3CCC4(C)O)C,cho,302.45799999999997,302.40400000000005,0.0001785371853278983,0,22,0,0,0,False,0
V1,1,112,0.009929209016263485,0.02153189852833748,4-hetpanol,CCCC(CCC)O,cho,116.204,116.198,5.1633334480771786e-05,0,8,0,0,0,False,0
V1,1,119,0.0119624063372612,0.02760332264006138,6-methyl-3-heptanol,CCC(CCC(C)C)O,cho,130.231,130.22400000000002,5.37506430878798e-05,0,9,0,0,0,False,0
V1,1,124,0.041620396077632904,0.12567028403282166,acetone,CC(=O)C,cho,58.08,58.034,0.0007920110192837226,0,4,0,0,0,False,0
V1,1,128,0.08109110593795776,0.3330411911010742,benzaldehyde,C1=CC=C(C=C1)C=O,cho,106.124,106.1,0.00022615054087671282,0,8,0,0,0,False,0
V1,1,130,0.07719271630048752,1.4401359558105469,"1,3,5-trinaphthylbenzene",C1=CC=C2C(=C1)C=CC=C2C3=CC(=CC(=C3)C4=CC=CC5=CC=CC=C54)C6=CC=CC7=CC=CC=C76,cho,456.58799999999997,456.5520000000001,7.884569896687843e-05,0,36,0,0,0,False,0
V1,1,131,0.022352183237671852,0.10254894196987152,decalin,C1CCC2CCCCC2C1,cho,138.254,138.244,7.233063781153515e-05,0,10,0,0,0,False,0
V1,1,135,0.010992626659572124,0.027025997638702393,2-ethyl-1-butanol,CCC(CC)CO,cho,102.17699999999999,102.172,4.8934691760371685e-05,0,7,0,0,0,False,0
V1,1,136,0.009980444796383381,0.022287309169769287,3-methyl-2-pentanol,CCC(C)C(C)O,cho,102.17699999999999,102.172,4.8934691760371685e-05,0,7,0,0,0,False,0
V1,1,143,0.01062517799437046,0.020111503079533577,4-methyl-1-heptanol,CCCC(C)CCCO,cho,130.231,130.22400000000002,5.37506430878798e-05,0,9,0,0,0,False,0
V1,1,147,0.008558215573430061,0.034458473324775696,isopropylbenzene,CC(C)C1=CC=CC=C1,cho,120.195,120.18600000000002,7.487832272534689e-05,0,9,0,0,0,False,0
V1,1,150,0.018637171015143394,0.07562026381492615,"1,2-pentanediol",CCCC(CO)O,cho,104.149,104.14599999999999,2.8804885308653105e-05,0,7,0,0,0,False,0
V1,1,159,0.014785545878112316,0.04031027853488922,"2,3-dimethylbutane",CC(C)C(C)C,cho,86.178,86.172,6.962333774285234e-05,0,6,0,0,0,False,0
V1,1,162,0.01873815432190895,0.060173410922288895,cis-2-heptene,CCCCC=CC,cho,98.189,98.14600000000002,0.0004379309291262512,0,7,0,0,0,False,0
V1,1,163,0.008875034749507904,0.020497871562838554,2-methyl-1-pentanol,CCCC(C)CO,cho,102.17699999999999,102.172,4.8934691760371685e-05,0,7,0,0,0,False,0
V1,1,167,0.009271861985325813,0.02092856541275978,2-hexanol,CCCCC(C)O,cho,102.17699999999999,102.172,4.8934691760371685e-05,0,7,0,0,0,False,0
V1,1,169,0.010536396875977516,0.020026911050081253,3-heptanol,CCCCC(CC)O,cho,116.204,116.198,5.1633334480771786e-05,0,8,0,0,0,False,0
V1,1,170,0.01393211167305708,0.02695472165942192,2-heptanol,CCCCCC(C)O,cho,116.204,116.198,5.1633334480771786e-05,0,8,0,0,0,False,0
V1,1,171,0.013922840356826782,0.025798266753554344,4-nonanol,CCCCCC(CCC)O,cho,144.25799999999998,144.25000000000003,5.5456196536463054e-05,0,10,0,0,0,False,0
V1,1,174,0.005960357841104269,0.032707829028367996,2-methyl-2-hexanol,CCCCC(C)(C)O,cho,116.204,116.198,5.1633334480771786e-05,0,8,0,0,0,False,0
V1,1,182,0.012199373915791512,0.02136000618338585,n-octanol,CCCCCCCCO,cho,130.231,130.22400000000002,5.37506430878798e-05,0,9,0,0,0,False,0
V1,1,193,0.030553966760635376,0.5311180353164673,trans-beta-iepox,CC1(CO)OC1CO,cho,118.132,118.112,0.0001693021365930525,0,8,0,0,0,False,0
V1,1,195,0.010267441160976887,0.018939461559057236,"2,4-dimethyl-3-pentanol",CC(C)C(C(C)C)O,cho,116.204,116.198,5.1633334480771786e-05,0,8,0,0,0,False,0
V1,1,196,0.0061081768944859505,0.06817381829023361,erythritol,C(C(C(CO)O)O)O,cho,122.12,122.12,0.0,0,8,0,0,0,False,0
V1,1,205,0.005756866652518511,0.45295149087905884,isomalt,C(C1C(C(C(C(O1)OCC(C(C(C(CO)O)O)O)O)O)O)O)O,cho,344.313,344.2948,5.285888130857064e-05,0,23,0,0,0,False,0
V1,1,206,0.020423654466867447,0.5838983654975891,isomaltulose,C(C1C(C(C(C(O1)OCC(C(C(C(=O)CO)O)O)O)O)O)O)O,cho,342.297,343.25079999999997,-0.002786469060494179,0,23,0,0,0,False,0
V1,1,207,0.03369234874844551,0.297249972820282,kojibiose,C(C1C(C(C(C(O1)OC(C=O)C(C(C(CO)O)O)O)O)O)O)O,cho,342.297,342.242,0.0001606791762709392,0,23,0,0,0,False,0
V1,1,208,0.014634186401963234,0.11822042614221573,lactulose,C(C1C(C(C(C(O1)OC2C(OC(C2O)(CO)O)CO)O)O)O)O,cho,342.297,342.242,0.0001606791762709392,0,23,0,0,0,False,0
V1,1,215,0.016872065141797066,0.7151466608047485,nystose,C(C1C(C(C(C(O1)OC2(C(C(C(O2)CO)O)O)COC3(C(C(C(O3)CO)O)O)COC4(C(C(C(O4)CO)O)O)CO)O)O)O)O,cho,666.579,666.4875999999999,0.00013711803102112174,0,45,0,0,0,False,0
V1,1,216,0.015422672033309937,0.343512624502182,raffinose,C(C1C(C(C(C(O1)OCC2C(C(C(C(O2)OC3(C(C(C(O3)CO)O)O)CO)O)O)O)O)O)O)O,cho,504.438,504.36480000000006,0.00014511198601196984,0,34,0,0,0,False,0
V1,1,218,0.03783710300922394,0.4703839421272278,sorbose,C(C(C(C(C(=O)CO)O)O)O)O,cho,180.156,181.12800000000001,-0.005395324052487993,0,12,0,0,0,False,0
V1,1,219,0.015650445595383644,0.7654592394828796,stachyose,C(C1C(C(C(C(O1)OCC2C(C(C(C(O2)OCC3C(C(C(C(O3)OC4(C(C(C(O4)CO)O)O)CO)O)O)O)O)O)O)O)O)O)O,cho,666.579,666.4876,0.0001371180310208997,0,45,0,0,0,False,0
V1,1,220,0.025900447741150856,0.3617834448814392,turanose,C(C1C(C(C(C(O1)OC(C(C(CO)O)O)C(=O)CO)O)O)O)O,cho,342.297,343.23199999999997,-0.002731545996605078,0,23,0,0,0,False,0
V1,1,225,0.02764981985092163,0.0809745192527771,4-methylcyclohexen,CC1CCC=CC1,cho,96.173,96.13,0.00044711093550175995,0,7,0,0,0,False,0
V1,1,232,0.038592975586652756,0.17826665937900543,triethylamine,CCN(CC)CC,bimog_n_only,101.193,87.18,0.13847795796151896,1,7,0,0,1,True,1
V1,1,239,0.025763357058167458,0.2836979627609253,4-methoxyaniline,COC1=CC=C(C=C1)N,bimog_n_only,123.155,107.09200000000001,0.13042913401810718,1,9,0,0,1,True,1
V1,1,242,0.037252236157655716,0.2650105059146881,piperine,C1CCN(CC1)C(=O)C=CC=CC2=CC3=C(C=C2)OCO3,bimog_n_only,285.34299999999996,272.2416,0.045914565978488864,1,21,0,0,1,True,1
V1,1,246,0.020057592540979385,0.129623144865036,propyl n-phenylcarbamate,CCCOC(=O)NC1=CC=CC=C1,bimog_n_only,179.219,165.1868,0.07829638598586086,1,13,0,0,1,True,1
V1,1,253,0.05868879705667496,0.6741265058517456,nitrendipine,CCOC(=O)C1=C(NC(=C(C1C2=CC(=CC=C2)[N+](=O)[O-])C(=O)OC)C)C,bimog_n_only,360.366,349.28200000000004,0.030757618643268092,1,26,0,0,2,True,1
V1,1,259,0.010158957913517952,0.03119455836713314,pentobarbital,CCCC(C)C1(C(=O)NC(=O)NC1=O)CC,bimog_n_only,226.27599999999998,199.208,0.11962382223479284,2,16,0,0,2,True,2
V1,1,260,0.01724216528236866,0.830762505531311,atropine,CN1C2CCC1CC(C2)OC(=O)C(CO)C3=CC=CC=C3,bimog_n_only,289.375,276.326,0.04509373650107984,1,21,0,0,1,True,1
V1,1,265,0.023208271712064743,0.02267559804022312,1-bromobutane,CCCCBr,bimog_hal_only,137.01999999999998,57.112,0.5831849365056195,1,5,1,0,0,True,0
V1,1,269,0.04655627906322479,0.18162468075752258,9-bromophenanthrene,C1=CC=C2C(=C1)C=C(C3=CC=CC=C23)Br,bimog_hal_only,257.13,177.21200000000002,0.3108077626103527,1,15,1,0,0,True,0
V1,1,270,0.018965793773531914,0.04248618707060814,bromobenzene,C1=CC=C(C=C1)Br,bimog_hal_only,157.01,77.10000000000001,0.5089484746194509,1,7,1,0,0,True,0
V1,1,274,0.023505423218011856,0.02832113578915596,isobutylchloride,CC(C)CCl,bimog_hal_only,92.569,57.112,0.3830331968585595,1,5,1,0,0,True,0
V1,1,276,0.015073073096573353,0.05654606968164444,m-fluorotoluene,CC1=CC(=CC=C1)F,bimog_hal_only,110.131,91.12600000000002,0.17256721540710596,1,8,1,0,0,True,0
V1,1,278,0.13981042802333832,1.5827780961990356,hydrochloro-thiazide,C1NC2=CC(=C(C=C2S(=O)(=O)N1)S(=O)(=O)N)Cl,bimog_n_and_hal,297.745,219.07600000000002,0.26421602377873676,5,17,1,2,3,True,4
V1,1,286,0.01222422905266285,0.02418876439332962,3-chloroaniline,C1=CC(=CC(=C1)Cl)N,bimog_n_and_hal,127.574,76.09200000000001,0.4035461771207298,2,8,1,0,1,True,1
V1,1,290,0.045843083411455154,0.6984400153160095,ethacrynic acid,CCC(=C)C(=O)C1=C(C(=C(C=C1)OCC(=O)O)Cl)Cl,bimog_hal_only,303.141,233.1628,0.23084373278441384,2,19,2,0,0,True,0
V1,1,291,0.06109369918704033,0.2674197256565094,tolbutamide,CCCCNC(=O)NS(=O)(=O)C1=CC=C(C=C1)C,bimog_n_only,270.354,222.16,0.17826257425449588,2,18,0,1,2,True,2
V1,1,292,0.017101820558309555,0.17718496918678284,tolnaftate,CC1=CC(=CC=C1)N(C)C(=S)OC2=CC3=CC=CC=C3C=C2,bimog_n_only,307.418,263.34280000000007,0.14337221633085873,2,22,0,1,1,True,2
V1,1,295,0.07004056870937347,1.9280580282211304,chloramphenicol,C1=CC(=CC=C1C(C(CO)NC(=O)C(Cl)Cl)O)[N+](=O)[O-],bimog_n_and_hal,323.132,253.14200000000002,0.21659878934924426,2,20,2,0,2,True,0
V1,1,300,0.049499571323394775,0.39127248525619507,felodipine,CCOC(=O)C1=C(NC(=C(C1C2=C(C(=CC=C2)Cl)Cl)C(=O)OC)C)C,bimog_n_and_hal,384.259,302.284,0.21333267405578016,3,25,2,0,1,True,1
V1,1,303,0.012268327176570892,0.044519707560539246,chlorobenzene,C1=CC=C(C=C1)Cl,bimog_hal_only,112.559,77.10000000000001,0.31502589752929566,1,7,1,0,0,True,0
V1,1,312,0.013383494690060616,0.1825861632823944,"4-acetamido-n-(2’,4’-dimethylphenyl)-1,8naphthalimide",CC(=O)Nc2ccc4c(=O)n(c1ccc(C)cc1C)c(=O)c3cccc2c34,bimog_n_only,358.397,325.24399999999997,0.09250356448296171,2,27,0,0,2,True,2
V1,1,318,0.055957358330488205,1.1935137510299683,1’-(ethoxycarbonyl)ethyl-2-methyl-4-nitrophenylurethane,CCOC(=O)CCC(C(=O)OCC)c1ccc(N(=O)=O)cc1C,bimog_n_only,323.34499999999997,324.25399999999996,-0.0028112387697349916,0,23,0,0,1,False,0
V1,1,323,0.05342491716146469,0.6711493730545044,n-(2-tetrahydropyryl)saccharin,O=C2c1ccccc1S(=O)(=O)C2C3CCCOC3,bimog_n_only,266.318,234.17079999999999,0.12070982810024111,1,18,0,1,0,True,1
V1,1,327,0.010335204191505909,0.10230118036270142,"2,2,2-tris(chloromethyl)ethyl-p-nitrophenylurethane",O=C(Nc1ccc(N(=O)=O)cc1)OCC(CCl)(CCl)CCl,bimog_n_and_hal,355.605,235.1968,0.3386009758018026,4,21,3,0,2,True,1
V1,1,328,0.02852168120443821,0.35534852743148804,"2,2,3,3-tetrafluoropropyl-p-nitrophenylurethane",O=C(Nc1ccc(N(=O)=O)cc1)OCC(F)(F)C(F)F,bimog_n_and_hal,296.176,206.1368,0.30400572632488787,5,20,4,0,2,True,1
V1,1,336,0.013526576571166515,0.7778923511505127,simvastatin,CCC(C)(C)C(=O)OC1CC(C=C2C1C(C(C=C2)C)CCC3CC(CC(=O)O3)O)C,cho,418.57399999999996,420.462,-0.0045105524948994,0,30,0,0,0,False,0
V1,1,339,0.010091525502502918,0.2310885637998581,ketoprofen,CC(C1=CC(=CC=C1)C(=O)C2=CC=CC=C2)C(=O)O,cho,254.285,255.24400000000003,-0.003771358908311706,0,19,0,0,0,False,0
V1,1,347,0.09967667609453201,1.5452786684036255,Zolmitriptan,CN(C)CCC1=CNC2=C1C=C(C=C2)CC3COC(=O)N3,bimog_n_only,287.363,259.2848,0.09770986522273217,2,21,0,0,3,True,2
V1,1,349,0.05905383825302124,0.8178035616874695,Nifedipine,CC1=C(C(C(=C(N1)C)C(=O)OC)C2=CC=CC=C2[N+](=O)[O-])C(=O)OC,bimog_n_only,346.339,335.256,0.03200043887636106,1,25,0,0,2,True,1
V1,1,352,0.023597436025738716,0.5531241297721863,Clemastine,CC(C1=CC=CC=C1)(C2=CC=C(C=C2)Cl)OCCC3CCCN3C,bimog_n_and_hal,343.89799999999997,294.41880000000003,0.14387754508604278,2,24,1,0,1,True,1
V1,1,354,0.022625824436545372,0.0925329178571701,Bifonazole,C1=CC=C(C=C1)C2=CC=C(C=C2)C(C3=CC=CC=C3)N4C=CN=C4,bimog_n_only,310.4,282.364,0.09032216494845358,2,24,0,0,2,True,2
V1,1,355,0.025173628702759743,0.26662224531173706,Cinnarizine,C1CN(CCN1CC=CC2=CC=CC=C2)C(C3=CC=CC=C3)C4=CC=CC=C4,bimog_n_only,368.524,340.44800000000004,0.07618499744928409,2,28,0,0,2,True,2
V1,1,357,0.010488741099834442,0.2008780986070633,Tamoxifen,CCC(=C(C1=CC=CC=C1)C2=CC=C(C=C2)OCCN(C)C)C3=CC=CC=C3,bimog_n_only,371.524,357.4928,0.0377666045800541,1,28,0,0,1,True,1
V1,1,358,0.018070315942168236,0.10538413375616074,Procaine,CCN(CC)CCOC(=O)C1=CC=C(C=C1)N,bimog_n_only,236.315,207.2648,0.12292998751666206,2,17,0,0,2,True,2
V1,1,4,0.006970402784645557,0.11193597316741943,glycerol,OCC(O)CO,cho,92.094,92.09400000000001,-2.220446049250313e-16,0,6,0,0,0,False,0
V1,1,5,0.030869361013174057,0.21232850849628448,ribose,C1C(C(C(C(O1)O)O)O)O,cho,150.13,150.13080000000002,-5.328715113828153e-06,0,10,0,0,0,False,0
V1,1,6,0.030724942684173584,0.14213871955871582,ethanol,OCC,cho,46.069,46.068,2.1706570578983175e-05,0,3,0,0,0,False,0
V1,1,10,0.01619097962975502,0.3021479547023773,phenolphthalein,O=C1OC(C2=C1C=CC=C2)(C3=CC=C(C=C3)O[H])C4=CC=C(C=C4)O[H],cho,318.328,320.2560000000001,-0.006056645975220931,2,24,0,0,0,True,2
V1,1,23,0.007072995416820049,0.013440394774079323,5-methyl-3-heptanol,CCC(C)CC(CC)O,cho,130.231,130.22400000000002,5.37506430878798e-05,0,9,0,0,0,False,0
V1,1,30,0.015864655375480652,0.192165806889534,triphenylethene,C1=CC=C(C=C1)C=C(C2=CC=CC=C2)C3=CC=CC=C3,cho,256.34799999999996,256.328,7.801894299930279e-05,0,20,0,0,0,False,0
V1,1,40,0.007443614304065704,0.07190968841314316,tert-butyl-benzene,CC(C)(C)C1=CC=CC=C1,cho,134.22199999999998,134.212,7.450343460824183e-05,0,10,0,0,0,False,0
V1,1,41,0.006567957811057568,0.06366061419248581,3-methylheptane,CCCCC(C)CC,cho,114.232,114.224,7.003291547025281e-05,0,8,0,0,0,False,0
V1,1,69,0.05609922856092453,0.20218245685100555,(r)-nopol,CC1(C)[C@H]2CC=C(CCO)[C@@H]1C2,cho,166.26399999999998,166.25400000000002,6.0145311071346796e-05,0,12,0,0,0,False,0
V1,1,89,0.020794812589883804,0.3462221026420593,mephenesin,CC1=CC=CC=C1OCC(CO)O,cho,182.219,182.21280000000002,3.402499190519048e-05,0,13,0,0,0,False,0
V1,1,90,0.019376808777451515,0.8863652944564819,estradiol-17b-cypionate,CC12CCC3C(C1CCC2OC(=O)CCC4CCCC4)CCC5=C3C=CC(=C5)O,cho,396.57099999999997,396.494,0.00019416447496145572,0,29,0,0,0,False,0
V1,1,99,0.020607465878129005,0.16864058375358582,diethylstilbestrol,CCC(=C(CC)C1=CC=C(C=C1)O)C2=CC=C(C=C2)O,cho,268.356,268.304,0.00019377245151974698,0,20,0,0,0,False,0
V1,1,107,0.01318373717367649,0.2829904556274414,ergocalciferol,CC(C)C(C)C=CC(C)C1CCC2C1(CCCC2=CC=C3CC(CCC3=C)O)C,cho,396.659,396.5600000000001,0.00024958465583757583,0,29,0,0,0,False,0
V1,1,113,0.007947737351059914,0.040136147290468216,4-decanol,CCCCCCC(CCC)O,cho,158.285,158.276,5.6859462362113256e-05,0,11,0,0,0,False,0
V1,1,118,0.014662126079201698,0.058574724942445755,4-methyl-4-heptanol,CCCC(C)(CCC)O,cho,130.231,130.22400000000002,5.37506430878798e-05,0,9,0,0,0,False,0
V1,1,126,0.015363281592726707,0.05924399569630623,methylisobutylketone,CC(C)CC(=O)C,cho,100.161,100.11200000000001,0.0004892123680872995,0,7,0,0,0,False,0
V1,1,129,0.06381399929523468,0.36897027492523193,acetophenone,CC(=O)C1=CC=CC=C1,cho,120.151,120.10000000000001,0.0004244658804336554,0,9,0,0,0,False,0
V1,1,133,0.00378299574367702,0.026742994785308838,"2,4-pentanediol",CC(CC(C)O)O,cho,104.149,104.14599999999999,2.8804885308653105e-05,0,7,0,0,0,False,0
V1,1,138,0.0027923681773245335,0.02817368134856224,5-methyl-2-hexanol,CC(C)CCC(C)O,cho,116.204,116.198,5.1633334480771786e-05,0,8,0,0,0,False,0
V1,1,140,0.007087723817676306,0.01503580342978239,4-methyl-3-heptanol,CCCC(C)C(CC)O,cho,130.231,130.22400000000002,5.37506430878798e-05,0,9,0,0,0,False,0
V1,1,145,0.006853744387626648,0.012988683767616749,2-methyl-3-heptanol,CCCCC(C(C)C)O,cho,130.231,130.22400000000002,5.37506430878798e-05,0,9,0,0,0,False,0
V1,1,156,0.0040599266067147255,0.04440421611070633,cyclohexanol,C1CCC(CC1)O,cho,100.161,100.15599999999999,4.991962939682182e-05,0,7,0,0,0,False,0
V1,1,158,0.00790933333337307,0.04873671010136604,cycloheptane,C1CCCCCC1,cho,98.189,98.182,7.129108148562491e-05,0,7,0,0,0,False,0
V1,1,160,0.17934341728687286,0.47205811738967896,1-phenyl-1-propanol,CCC(C1=CC=CC=C1)O,cho,136.194,136.186,5.873973890169193e-05,0,10,0,0,0,False,0
V1,1,173,0.007166772149503231,0.03952668607234955,2-methyl-2-pentanol,CCCC(C)(C)O,cho,102.17699999999999,102.17199999999998,4.893469176048271e-05,0,7,0,0,0,False,0
V1,1,175,0.009165371768176556,0.04689518362283707,4-methy-4-octanol,CCCCC(C)(CCC)O,cho,144.25799999999998,144.25,5.54561965366851e-05,0,10,0,0,0,False,0
V1,1,179,0.01665555313229561,0.2174186408519745,xylose,C(C(C(C(C=O)O)O)O)O,cho,150.13,150.11200000000002,0.00011989609005513824,0,10,0,0,0,False,0
V1,1,184,0.011362333782017231,0.12905335426330566,"1,2,4-butanetriol",C(CO)C(CO)O,cho,106.121,106.12,9.42320558594556e-06,0,7,0,0,0,False,0
V1,1,185,0.01891341805458069,0.08122672885656357,benzene,C1=CC=CC=C1,cho,78.11399999999999,78.108,7.681081496258013e-05,0,6,0,0,0,False,0
V1,1,187,0.029513979330658913,0.34648019075393677,santonin,CC1C2CCC3(C=CC(=O)C(=C3C2OC1=O)C)C,cho,246.30599999999998,248.22,-0.00777082166086096,0,18,0,0,0,False,0
V1,1,200,0.026928234845399857,0.18350563943386078,"2-methyl-1,3-propanediol",CC(CO)CO,cho,90.122,90.12,2.2192139544130463e-05,0,6,0,0,0,False,0
V1,1,201,0.004219455178827047,0.02542717196047306,3-methyl-2-butanol,CC(C)C(C)O,cho,88.14999999999999,88.146,4.537719795794093e-05,0,6,0,0,0,False,0
V1,1,203,0.023021336644887924,0.15649597346782684,"1,3-propanediol",C(CO)CO,cho,76.095,76.094,1.3141467901989223e-05,0,5,0,0,0,False,0
V1,1,210,0.02567439153790474,1.1084963083267212,maltoheptaose,C(C1C(C(C(C(O1)OC2C(OC(C(C2O)O)OC3C(OC(C(C3O)O)OC4C(OC(C(C4O)O)OC5C(OC(C(C5O)O)OC6C(OC(C(C6O)O)OC7C(OC(C(C7O)O)O)CO)CO)CO)CO)CO)CO)O)O)O)O,cho,1153.002,1152.7620000000002,0.00020815228421089405,0,78,0,0,0,False,0
V1,1,228,0.12974999845027924,0.16416633129119873,4-cyanoaniline,C1=CC(=CC=C1C#N)N,bimog_n_only,118.139,88.102,0.25425134798838656,2,9,0,0,2,True,2
V1,1,231,0.02789447084069252,0.12263838201761246,m-toluidine,CC1=CC(=CC=C1)N,bimog_n_only,107.15599999999999,91.12600000000002,0.14959498301541652,1,8,0,0,1,True,1
V1,1,236,0.024394264444708824,0.17863336205482483,4-nitro-1-naphthylamine,C1=CC=C2C(=C1)C(=CC=C2[N+](=O)[O-])N,bimog_n_only,188.18599999999998,172.138,0.08527733200131771,1,14,0,0,2,True,1
V1,1,240,0.08340831100940704,0.40737637877464294,cinchonine,C=CC1CN2CCC1CC2C(C3=CC=NC4=CC=CC=C34)O,bimog_n_only,294.39799999999997,266.36600000000004,0.09521803816601992,2,22,0,0,2,True,2
V1,1,241,0.025397341698408127,0.7651583552360535,brucine,COC1=C(C=C2C(=C1)C34CCN5C3CC6C7C4N2C(=O)CC7OCC=C6C5)OC,bimog_n_only,394.471,366.33480000000003,0.07132640929244471,2,29,0,0,2,True,2
V1,1,243,0.0289511289447546,0.44820231199264526,benzyl n-phenylcarbamate,C1=CC=C(C=C1)COC(=O)NC2=CC=CC=C2,bimog_n_only,227.26299999999998,213.2268,0.06176192341032183,1,17,0,0,1,True,1
V1,1,249,0.12102881819009781,1.9604465961456299,eserine,CC12CCN(C1N(C3=C2C=C(C=C3)OC(=O)NC)C)C,bimog_n_only,275.352,249.2748,0.09470495947006008,2,20,0,0,3,True,2
V1,1,251,0.041459400206804276,0.48214372992515564,acetaminophen,CC(=O)NC1=CC=C(C=C1)O,bimog_n_only,151.165,136.08200000000002,0.09977838785433113,1,11,0,0,1,True,1
V1,1,255,0.06230948492884636,0.9230384826660156,quinidine,COC1=CC2=C(C=CN=C2C=C1)C(C3CC4CCN3CC4C=C)O,bimog_n_only,324.424,296.358,0.08651024585110834,2,24,0,0,2,True,2
V1,1,257,0.013521715998649597,0.07700596749782562,phenylbutazone,CCCCC1C(=O)N(N(C1=O)C2=CC=CC=C2)C3=CC=CC=C3,bimog_n_only,308.381,282.312,0.08453503944795548,2,23,0,0,2,True,2
V1,1,263,0.022380735725164413,0.3751677870750427,nimodipine,CC1=C(C(C(=C(N1)C)C(=O)OC(C)C)C2=CC(=CC=C2)[N+](=O)[O-])C(=O)OCCOC,bimog_n_only,418.44599999999997,407.326,0.026574516186078867,1,30,0,0,2,True,1
V1,1,275,0.00820282194763422,0.028692210093140602,iodobenzene,C1=CC=C(C=C1)I,bimog_hal_only,204.01,77.10000000000001,0.6220773491495515,1,7,1,0,0,True,0
V1,1,280,0.05158091336488724,0.4365999102592468,glibenclamide,COC1=C(C=C(C=C1)Cl)C(=O)NCCC2=CC=C(C=C2)S(=O)(=O)NC(=O)NC3CCCCC3,bimog_n_and_hal,494.013,411.2800000000001,0.16747130136251454,3,33,1,1,3,True,2
V1,1,281,0.08782670646905899,1.299178123474121,triphenyl phosphite,C1=CC=C(C=C1)OP(OC2=CC=CC=C2)OC3=CC=CC=C3,bimog_n_only,310.289,321.3804,-0.03574538575328168,1,22,0,0,0,True,1
V1,1,294,0.008710978552699089,0.2012203484773636,chorotrianisene,COC1=CC=C(C=C1)C(=C(C2=CC=C(C=C2)OC)Cl)C3=CC=C(C=C3)OC,bimog_hal_only,380.871,345.296,0.09340432849967573,1,27,1,0,0,True,0
V1,1,305,0.23147864639759064,1.7149837017059326,2-ethylhexylamine,CCCCC(CC)CN,bimog_n_only,129.24699999999999,129.19,0.00044101603905688513,0,9,0,0,1,False,0
V1,1,310,0.011582763865590096,0.30339670181274414,"n-(r-1-phenylethyl)-1,8-naphthalimide",CC(c1ccccc1)n2c(=O)c4cccc3cccc(c2=O)c34,bimog_n_only,301.34499999999997,285.26800000000003,0.053350810532777904,1,23,0,0,1,True,1
V1,1,314,0.005605211015790701,0.04800167307257652,"1-methyl-1-(p-hydroxyphenyl)-1,2,3,4tetrahydronaphthalene",CC3(c1ccc(O)cc1)CCCc2ccccc23,cho,238.32999999999998,238.29600000000005,0.00014265933789259222,0,18,0,0,0,False,0
V1,1,316,0.017583828419446945,0.27918100357055664,n-(r-1-phenylethyl)-n’-(p-nitrophenyl)thiourea,CC(NC(=S)Nc1ccc(N(=O)=O)cc1)c2ccccc2,bimog_n_only,301.371,254.226,0.15643509163124514,2,21,0,1,3,True,2
V1,1,317,0.03646836429834366,0.5248367786407471,1-menthyl-3-nitrophenylurethane,CC(C)C1CCC(C)CC1OC(=O)Nc2cccc(N(=O)=O)c2,bimog_n_only,320.389,306.31600000000003,0.04392472900130773,1,23,0,0,2,True,1
V1,1,319,0.021619003266096115,0.4389110505580902,"1,1,3-trimethyl-3-(p-carboxyphenyl)-indan-5-carboxylic acid",CC3(C)CC(C)(c1ccc(C(=O)O)cc1)c2cc(C(=O)O)ccc23,cho,324.376,324.324,0.00016030779095854708,0,24,0,0,0,False,0
V1,1,320,0.07633216679096222,2.382861375808716,"2-benzyl-(3,3’)spirobi-(benzo[f]chroman)",c7ccc(CC3CC2C(CCC1CCCCC12)OC36CCC5C(CCC4CCCCC45)O6)cc7,cho,462.71799999999996,462.65200000000004,0.00014263547128035015,0,34,0,0,0,False,0
V1,1,322,0.023127179592847824,0.48828548192977905,"n-( 1-phenylethyl)-2,4-dinitroaniline",CC(Nc1ccc(N(=O)=O)cc1N(=O)=O)c2ccccc2,bimog_n_only,287.275,287.19800000000004,0.00026803585414647557,0,21,0,0,3,False,0
V1,1,329,0.010657289996743202,0.10235965251922607,n-pentyl-p-nitrophenylurethane,CCCCCOC(=O)Nc1ccc(N(=O)=O)cc1,bimog_n_only,252.26999999999998,238.22079999999997,0.055691124588734375,1,18,0,0,2,True,1
V1,1,334,0.004705379251390696,0.044005412608385086,testosterone,CC12CCC3C(C1CCC2O)CCC4=CC(=O)CCC34C,cho,288.431,288.37800000000004,0.0001837527866281885,0,21,0,0,0,False,0
V1,1,340,0.024373121559619904,0.3535047173500061,Aripiprazole,C1CC(=O)NC2=C1C=CC(=C2)OCCCCN3CCN(CC3)C4=C(C(=CC=C4)Cl)Cl,bimog_n_and_hal,448.394,334.4028,0.25422106451022985,5,30,2,0,3,True,3
V1,1,342,0.03161822631955147,0.4972918629646301,Danazol,CC12CCC3C(C1CCC2(C#C)O)CCC4=CC5=C(CC34C)C=NO5,bimog_n_only,337.46299999999997,324.4448000000001,0.03857667359088213,1,25,0,0,1,True,1
V1,1,343,0.04509291425347328,0.3286324143409729,Bezafibrate,CC(C)(C(=O)O)OC1=CC=C(C=C1)CCNC(=O)C2=CC=C(C=C2)Cl,bimog_n_only,361.825,328.278,0.09271609203344144,1,25,1,0,1,True,0
V1,1,344,0.023843228816986084,0.15743818879127502,Ezetimibe,C1=CC(=CC=C1C2C(C(=O)N2C3=CC=C(C=C3)F)CCC(C4=CC=C(C=C4)F)O)O,bimog_n_and_hal,409.43199999999996,358.3620000000001,0.12473377752593806,3,30,2,0,1,True,1
V1,1,353,0.015162487514317036,0.06045136973261833,Clotrimazole,C1=CC=C(C=C1)C(C2=CC=CC=C2)(C3=CC=CC=C3Cl)N4C=CN=C4,bimog_n_and_hal,344.84499999999997,281.356,0.18410880250547346,3,25,1,0,2,True,2
V1,1,361,0.021469049155712128,0.2745518684387207,Isradipine,CC1=C(C(C(=C(N1)C)C(=O)OC(C)C)C2=CC=CC3=NON=C32)C(=O)OC,bimog_n_only,371.393,333.3188,0.10251727953946355,3,27,0,0,3,True,3
V1,1,366,0.005292056128382683,0.04103616997599602,Flurbiprofen,CC(C1=CC(=C(C=C1)C2=CC=CC=C2)F)C(=O)O,bimog_hal_only,244.265,225.236,0.07790309704624077,1,18,1,0,0,True,0
V1,1,367,0.012676897458732128,0.1396104097366333,Fenofibrate,CC(C)OC(=O)C(C)(C)OC1=CC=C(C=C1)C(=O)C2=CC=C(C=C2)Cl,bimog_hal_only,360.837,329.34680000000003,0.08726987531766406,1,25,1,0,0,True,0
V1,1,1,0.05848973989486694,0.198223277926445,tartaric acid,O=C(O)C(O)C(O)C(=O)O,cho,150.086,150.052,0.00022653678557638113,0,10,0,0,0,False,0
V1,1,2,0.07226178795099258,0.881513237953186,"1,2,3-propanetricarboxylic acid",C(C(CC(=O)O)C(=O)O)C(=O)O,cho,176.124,176.07,0.00030660216665534534,0,12,0,0,0,False,0
V1,1,3,0.047493964433670044,0.37707680463790894,"1,2,4-butanetricarboxylic acid",C(CC(=O)O)C(CC(=O)O)C(=O)O,cho,190.151,190.096,0.00028924381149719736,0,13,0,0,0,False,0
V1,1,8,0.017297351732850075,0.04815298691391945,methanol,CO,cho,32.042,32.042,0.0,0,2,0,0,0,False,0
V1,1,17,0.012329217046499252,0.023540643975138664,"propan-1,2-diol",CC(O)CO,cho,76.095,76.094,1.3141467901989223e-05,0,5,0,0,0,False,0
V1,1,25,0.00965371634811163,0.07921969890594482,2-butanol,CCC(C)O,cho,74.12299999999999,74.12,4.04732674066377e-05,0,5,0,0,0,False,0
V1,1,26,0.0029558646492660046,0.06884448230266571,"2,2-dimethyl-1-propanol",CC(CO)(C)C,cho,88.14999999999999,88.146,4.537719795794093e-05,0,6,0,0,0,False,0
V1,1,27,0.010300615802407265,0.03741251304745674,o-xylene,CC1=C(C)C=CC=C1,cho,106.16799999999999,106.16000000000001,7.535227187083215e-05,0,8,0,0,0,False,0
V1,1,32,0.028241073712706566,0.5165660977363586,4-methylstyrene,CC1=CC=C(C=C1)C=C,cho,118.17899999999999,118.17000000000002,7.615566217322733e-05,0,9,0,0,0,False,0
V1,1,35,0.01797015778720379,0.049231529235839844,ethylbenzene,CCc1ccccc1,cho,106.16799999999999,106.16000000000001,7.535227187083215e-05,0,8,0,0,0,False,0
V1,1,42,0.014475427567958832,0.06748013198375702,cyclohexene,C1CCC=CC1,cho,82.146,82.10400000000001,0.0005112847856254543,0,6,0,0,0,False,0
V1,1,45,0.014694648794829845,0.04374990984797478,isopropylcyclohexane,CC(C)C1CCCCC1,cho,126.243,126.23400000000001,7.129108148562491e-05,0,9,0,0,0,False,0
V1,1,51,0.013632801361382008,0.06349201500415802,1-heptene,CCCCCC=C,cho,98.189,98.182,7.129108148562491e-05,0,7,0,0,0,False,0
V1,1,56,0.008272744715213776,0.07828234136104584,"2,5-hexanediol",CC(CCC(C)O)O,cho,118.176,118.172,3.384782020043886e-05,0,8,0,0,0,False,0
V1,1,57,0.007422565016895533,0.04460965469479561,n-eugenol,COC1=C(C=CC(=C1)CC=C)O,cho,164.204,164.144,0.0003653991376580956,0,12,0,0,0,False,0
V1,1,58,0.01621691696345806,0.17558157444000244,sorbitol,C(C(C(C(C(CO)O)O)O)O)O,cho,182.172,182.172,0.0,0,12,0,0,0,False,0
V1,1,65,0.10516885668039322,0.2660556435585022,vinylacetate,CC(=O)OC=C,cho,86.09,86.04400000000001,0.0005343245440816435,0,6,0,0,0,False,0
V1,1,66,0.009872700087726116,0.13145121932029724,xylitol,C(C(C(C(CO)O)O)O)O,cho,152.146,152.14600000000002,-2.220446049250313e-16,0,10,0,0,0,False,0
V1,1,70,0.0242641381919384,0.4299837648868561,3-hydroxy-2-methylpropionate,CC(CO)C(=O)OC,cho,118.132,119.102,-0.00821115362475866,0,8,0,0,0,False,0
V1,1,73,0.023597266525030136,0.4533122479915619,2p-hydroxyphenoxytetrahydropyran,C1CCOC(C1)OC2=CC=CC=C2O,cho,194.23,194.1868,0.00022241672244238675,0,14,0,0,0,False,0
V1,1,79,0.06699013710021973,0.2617214024066925,lactic acid,CC(C(=O)O)O,cho,90.078,90.06,0.00019982681675878577,0,6,0,0,0,False,0
V1,1,98,0.011683868244290352,0.11714176088571548,cholecalciterol,CC(C)CCCC(C)C1CCC2C1(CCCC2=CC=C3CC(CCC3=C)O)C,cho,384.64799999999997,384.58600000000007,0.00016118633139883265,0,28,0,0,0,False,0
V1,1,102,0.06333060562610626,0.6994734406471252,17b-estradiol,CC12CCC3C(C1CCC2O)CCC4=C3C=CC(=C4)O,cho,272.388,272.35400000000004,0.00012482194516616474,0,20,0,0,0,False,0
V1,1,106,0.04199831560254097,0.30884799361228943,citric acid,C(C(=O)O)C(CC(=O)O)(C(=O)O)O,cho,192.123,192.07,0.0002758649406889857,0,13,0,0,0,False,0
V1,1,108,0.008462274447083473,0.09403785318136215,n-nonanol,CCCCCCCCCO,cho,144.25799999999998,144.25000000000003,5.5456196536463054e-05,0,10,0,0,0,False,0
V1,1,109,0.004507675766944885,0.032582513988018036,2-pentanol,CCCC(C)O,cho,88.14999999999999,88.146,4.537719795794093e-05,0,6,0,0,0,False,0
V1,1,110,0.007303246762603521,0.03879053518176079,3-pentanol,CCC(CC)O,cho,88.14999999999999,88.146,4.537719795794093e-05,0,6,0,0,0,False,0
V1,1,114,0.003858411218971014,0.023543352261185646,3-methyl-4-octanol,CCCCC(C(C)CC)O,cho,144.25799999999998,144.25000000000003,5.5456196536463054e-05,0,10,0,0,0,False,0
V1,1,116,0.016568440943956375,0.0957350954413414,2-methyl-2-butanol,CCC(C)(C)O,cho,88.14999999999999,88.146,4.537719795794093e-05,0,6,0,0,0,False,0
V1,1,121,0.006149778142571449,0.033796072006225586,6-methyl-1-heptanol,CC(C)CCCCCO,cho,130.231,130.22400000000002,5.37506430878798e-05,0,9,0,0,0,False,0
V1,1,123,0.21033243834972382,1.1948660612106323,diisopropylether,CC(C)OC(C)C,cho,102.17699999999999,102.154,0.00022509958209770975,0,7,0,0,0,False,0
V1,1,127,0.03621838241815567,0.2896868586540222,ethyl acetate,CCOC(=O)C,cho,88.106,88.06,0.0005220983814949731,0,6,0,0,0,False,0
V1,1,141,0.003211766015738249,0.030285049229860306,3-methyl-4-heptanol,CCCC(C(C)CC)O,cho,130.231,130.22400000000002,5.37506430878798e-05,0,9,0,0,0,False,0
V1,1,142,0.00735540222376585,0.06763948500156403,6-methyl-2-heptanol,CC(C)CCCC(C)O,cho,130.231,130.22400000000002,5.37506430878798e-05,0,9,0,0,0,False,0
V1,1,148,0.00342683051712811,0.06718369573354721,diisobutylphthalat,CC(C)COC(=O)C1=CC=CC=C1C(=O)OCC(C)C,cho,278.348,280.3176,-0.007076034316754631,0,20,0,0,0,False,0
V1,1,154,0.008525364100933075,0.09532052278518677,menthol,CC1CCC(C(C1)O)C(C)C,cho,156.269,156.26000000000002,5.759299669150231e-05,0,11,0,0,0,False,0
V1,1,161,0.017572199925780296,0.026156466454267502,"1,2-butanediol",CCC(CO)O,cho,90.122,90.12,2.2192139544130463e-05,0,6,0,0,0,False,0
V1,1,165,0.0028164125978946686,0.06418485939502716,"2,2-dimethyl-1-pentanol",CCCC(C)(C)CO,cho,116.204,116.19799999999998,5.163333448088281e-05,0,8,0,0,0,False,0
V1,1,176,0.007138659246265888,0.06791553646326065,4-methyl-4-nonanol,CCCCCC(C)(CCC)O,cho,158.285,158.276,5.6859462362113256e-05,0,11,0,0,0,False,0
V1,1,177,0.0189030971378088,0.08173398673534393,4-methyl-undecane,CCCCCCCC(C)CCC,cho,170.34,170.328,7.044734061290026e-05,0,12,0,0,0,False,0
V1,1,180,0.032794080674648285,0.2516622245311737,fructose,C1C(C(C(C(O1)(CO)O)O)O)O,cho,180.156,180.1568,-4.440595927857061e-06,0,12,0,0,0,False,0
V1,1,183,0.0061545539647340775,0.042298801243305206,3-methyl-1-butanol,CC(C)CCO,cho,88.14999999999999,88.146,4.537719795794093e-05,0,6,0,0,0,False,0
V1,1,197,0.02139710634946823,0.1356048583984375,"2-ethyl-1,3-hexanediol",CCCC(C(CC)CO)O,cho,146.23,146.224,4.103125213705816e-05,0,10,0,0,0,False,0
V1,1,209,0.043198637664318085,0.1465449333190918,levoglucosan,C1C2C(C(C(C(O1)O2)O)O)O,cho,162.141,162.1228,0.00011224798169484629,0,11,0,0,0,False,0
V1,1,217,0.0432778000831604,0.3107551634311676,rhamnose,CC1C(C(C(C(O1)O)O)O)O,cho,164.157,164.138,0.00011574285592452771,0,11,0,0,0,False,0
V1,1,221,0.03630344942212105,0.15696749091148376,"3-methyl-1,2,3-butanetricarboxylic acid",CC(C)(C(CC(=O)O)C(=O)O)C(=O)O,cho,204.178,204.122,0.0002742704894748149,0,14,0,0,0,False,0
V1,1,223,0.019712651148438454,0.04636816307902336,"1,2-dimethylcyclohexane",CC1CCCCC1C,cho,112.216,112.208,7.129108148562491e-05,0,8,0,0,0,False,0
V1,1,227,0.07780997455120087,0.24574971199035645,butyronitrile,CCCC#N,bimog_n_only,69.107,55.096,0.20274357156293865,1,5,0,0,1,True,1
V1,1,233,0.04697158560156822,0.2531190812587738,pyridine,C1=CC=NC=C1,bimog_n_only,79.10199999999999,65.09,0.1771383782963767,1,6,0,0,1,True,1
V1,1,234,0.05936027690768242,0.4374595582485199,2-methoxy-4-nitroaniline,COC1=C(C=CC(=C1)[N+](=O)[O-])N,bimog_n_only,168.152,152.074,0.09561587135448868,1,12,0,0,2,True,1
V1,1,258,0.029450614005327225,1.5111757516860962,quinineethylcarbonate,CCOC(=O)OC(C1CC2CCN1CC2C=C)C3=C4C=C(C=CC4=NC=C3)OC,bimog_n_only,396.48699999999997,369.3928000000001,0.06833565791564389,2,29,0,0,2,True,2
V1,1,262,0.009675847366452217,0.04953400045633316,amobarbital,CCC1(C(=O)NC(=O)NC1=O)CCC(C)C,bimog_n_only,226.27599999999998,199.208,0.11962382223479284,2,16,0,0,2,True,2
V1,1,266,0.01041127648204565,0.025062615051865578,isobutylbromide,CC(C)CBr,bimog_hal_only,137.01999999999998,57.112,0.5831849365056195,1,5,1,0,0,True,0
V1,1,267,0.012319815345108509,0.04069430008530617,isoamylbromide,CC(C)CCBr,bimog_hal_only,151.047,71.138,0.529034009281879,1,6,1,0,0,True,0
V1,1,271,0.01961781643331051,0.04995717480778694,tert-butyl-chloride,CC(C)(C)Cl,bimog_hal_only,92.569,57.112,0.3830331968585595,1,5,1,0,0,True,0
V1,1,272,0.03605217486619949,0.08111408352851868,1 -bromopropane,CCCBr,bimog_hal_only,122.993,43.086,0.6496873805826348,1,4,1,0,0,True,0
V1,1,273,0.010399185121059418,0.02874688245356083,1-iodobutane,CCCCI,bimog_hal_only,184.01999999999998,57.112,0.6896424301706336,1,5,1,0,0,True,0
V1,1,277,0.4058232307434082,0.7299290895462036,trichloroethylene,ClC=C(Cl)Cl,bimog_hal_only,131.389,25.028,0.8095122118289964,3,5,3,0,0,True,0
V1,1,279,0.03598187118768692,0.23206010460853577,griseofulvin,CC1CC(=O)C=C(C12C(=O)C3=C(O2)C(=C(C=C3OC)OC)Cl)OC,bimog_hal_only,352.77,319.148,0.09530855798395543,1,24,1,0,0,True,0
V1,1,283,0.006902893073856831,0.028994590044021606,4-chloroaniline,C1=CC(=CC=C1N)Cl,bimog_n_and_hal,127.574,76.09200000000001,0.4035461771207298,2,8,1,0,1,True,1
V1,1,287,0.026382122188806534,0.16886582970619202,3-trifluoromethylaniline,C1=CC(=CC(=C1)N)C(F)(F)F,bimog_n_and_hal,161.126,88.102,0.45321053088886953,4,11,3,0,1,True,1
V1,1,297,0.018323060125112534,0.2743205428123474,chlormadinone acetate,CC(=O)C1(CCC2C1(CCC3C2C=C(C4=CC(=O)CCC34C)Cl)C)OC(=O)C,bimog_hal_only,404.93399999999997,369.33799999999997,0.08790568339531879,1,28,1,0,0,True,0
V1,1,308,0.020135460421442986,0.2538859248161316,"n-(r-1-phenylethyl)-2,2’-diphenic imide",CC(c1ccccc1)n4c(=O)c2ccccc2c3ccccc3c4=O,bimog_n_only,327.383,311.30400000000003,0.049113729179584675,1,25,0,0,1,True,1
V1,1,309,0.015023460611701012,0.11913521587848663,"n-(r-1-phenylethyl)-4-nitro-1,8-naphthalimide",CC(c1ccccc1)n2c(=O)c4cccc3c(N(=O)=O)ccc(c2=O)c34,bimog_n_only,346.342,330.25,0.04646274491687408,1,26,0,0,2,True,1
V1,1,324,0.03114045225083828,0.34491342306137085,"9,9-bis(p-hydroxyphenyl)fluorene",Oc5ccc(C4(c1ccc(O)cc1)c2ccccc2c3ccccc34)cc5,cho,350.417,350.358,0.0001683708267576911,0,27,0,0,0,False,0
V1,1,325,0.019503504037857056,0.4449489116668701,"9,9-bis(p-aminophenyl)fluorene",Nc5ccc(C4(c1ccc(N)cc1)c2ccccc2c3ccccc34)cc5,bimog_n_only,348.44899999999996,316.37800000000004,0.09203929412912626,2,27,0,0,2,True,2
V1,1,331,0.05084410309791565,0.3991181254386902,prednisone,CC12CC(=O)C3C(C1CCC2(C(=O)CO)O)CCC4=CC(=O)C=CC34C,cho,358.43399999999997,359.3,-0.0024160654402205495,0,26,0,0,0,False,0
V1,1,333,0.06704002618789673,1.2034876346588135,warfarin,CC(=O)CC(C1=CC=CC=C1)C2=C(C3=CC=CC=C3OC2=O)O,cho,308.33299999999997,310.2540000000001,-0.00623027700570522,0,23,0,0,0,False,0
V1,1,337,0.08516915887594223,1.1710306406021118,fluorescamin,C1=CC=C(C=C1)C2=COC3(C2=O)C4=CC=CC=C4C(=O)O3,cho,278.263,295.2468,-0.06103506395029168,0,21,0,0,0,False,0
V1,1,345,0.02204291895031929,0.5465340614318848,Glafenine,C1=CC=C(C(=C1)C(=O)OCC(CO)O)NC2=C3C=CC(=CC3=NC=C2)Cl,bimog_n_and_hal,372.808,309.3088,0.17032681702109387,3,26,1,0,2,True,2
V1,1,351,0.009374675340950489,0.13546963036060333,Loratadine,CCOC(=O)N1CCC(=C2C3=C(CCC4=C2N=CC=C4)C=C(C=C3)Cl)CC1,bimog_n_and_hal,382.89099999999996,320.39480000000003,0.1632219091072915,3,27,1,0,2,True,2
V1,1,360,0.026574093848466873,0.8599569201469421,Linaprazan,CC1=C(C(=CC=C1)C)CNC2=CC(=CN3C2=NC(=C3C)C)C(=O)NCCO,bimog_n_only,366.465,339.34000000000003,0.07401798261771231,2,27,0,0,4,True,2
V1,1,364,0.014447887428104877,0.18580780923366547,Aceclofenac,C1=CC=C(C(=C1)CC(=O)OCC(=O)O)NC2=C(C=CC=C2Cl)Cl,bimog_n_and_hal,354.189,268.202,0.24277151464331193,3,23,2,0,1,True,1
V1,1,9,0.007967288605868816,0.04178252071142197,ethylenglycol,OCCO,cho,62.068,62.068,0.0,0,4,0,0,0,False,0
V1,1,12,0.09916229546070099,0.6011682748794556,flopropione,CCC(=O)C1=C(C=C(C=C1O)O)O,cho,182.17499999999998,182.08,0.0005214766021680584,0,13,0,0,0,False,0
V1,1,13,0.005508837755769491,0.0415860153734684,2-methyl-1-propanol,CC(C)CO,cho,74.12299999999999,74.11999999999999,4.047326740685975e-05,0,5,0,0,0,False,0
V1,1,14,0.005034381058067083,0.02566579543054104,n-hexanol,CCCCCCO,cho,102.17699999999999,102.172,4.8934691760371685e-05,0,7,0,0,0,False,0
V1,1,16,0.11995179951190948,0.0671299397945404,benzyl alcohol,c1ccc(cc1)CO,cho,108.14,108.134,5.548363232843467e-05,0,8,0,0,0,False,0
V1,1,22,0.007301224861294031,0.018843907862901688,2-ethyl-1-hexanol,CCCCC(CC)CO,cho,130.231,130.22400000000002,5.37506430878798e-05,0,9,0,0,0,False,0
V1,1,24,0.1098400354385376,0.12001323699951172,2-phenyl-1-ethanol,c1ccc(cc1)CCO,cho,122.167,122.16000000000001,5.7298615829037836e-05,0,9,0,0,0,False,0
V1,1,29,0.009932705201208591,0.05632263422012329,2-methylpentane,CCCC(C)C,cho,86.178,86.172,6.962333774285234e-05,0,6,0,0,0,False,0
V1,1,33,0.015786785632371902,0.06071529909968376,o-terphenyl,C1=CC=C(C=C1)C2=CC=CC=C2C3=CC=CC=C3,cho,230.30999999999997,230.29200000000003,7.815552950352078e-05,0,18,0,0,0,False,0
V1,1,37,0.01512095145881176,0.05469568446278572,n-pentylbenzene,CCCCCC1=CC=CC=C1,cho,148.249,148.238,7.419948869802351e-05,0,11,0,0,0,False,0
V1,1,39,0.0082121342420578,0.05824456736445427,sec-butylbenzene,CCC(C)C1=CC=CC=C1,cho,134.22199999999998,134.212,7.450343460824183e-05,0,10,0,0,0,False,0
V1,1,44,0.007994425483047962,0.03886866942048073,ethylcyclohexane,CCC1CCCCC1,cho,112.216,112.20800000000001,7.129108148551389e-05,0,8,0,0,0,False,0
V1,1,47,0.012848439626395702,0.03527500480413437,n-butylcyclohexane,CCCCC1CCCCC1,cho,140.26999999999998,140.26,7.129108148562491e-05,0,10,0,0,0,False,0
V1,1,49,0.01130968052893877,0.0596197172999382,n-hexylcyclohexane,CCCCCCC1CCCCC1,cho,168.32399999999998,168.31199999999998,7.129108148573593e-05,0,12,0,0,0,False,0
V1,1,50,0.00787387229502201,0.07767246663570404,trans-2-hexene,CCCC=CC,cho,84.16199999999999,84.12,0.0004990375703998184,0,6,0,0,0,False,0
V1,1,59,0.25291988253593445,1.1788649559020996,propylencarbonate,CC1COC(=O)O1,cho,102.089,103.06080000000001,-0.009519145059702971,0,7,0,0,0,False,0
V1,1,61,0.016951465979218483,0.1915958672761917,sucrose,C(C1C(C(C(C(O1)OC2(C(C(C(O2)CO)O)O)CO)O)O)O)O,cho,342.297,342.242,0.0001606791762709392,0,23,0,0,0,False,0
V1,1,62,0.006715815514326096,0.06158093363046646,trehalose,C(C1C(C(C(C(O1)OC2C(C(C(C(O2)CO)O)O)O)O)O)O)O,cho,342.297,342.242,0.0001606791762709392,0,23,0,0,0,False,0
V1,1,63,0.006920102052390575,0.04136504977941513,dioctylphthalat,CCCCCCCCOC(=O)C1=CC=CC=C1C(=O)OCCCCCCCC,cho,390.56399999999996,392.5256,-0.0050224803105254345,0,28,0,0,0,False,0
V1,1,71,0.03673916682600975,2.3168911933898926,dianin’s compound,CC1(CC(C2=CC=CC=C2O1)(C)C3=CC=C(C=C3)O)COc1ccc(cc1)C2(c3c(OC(C2)(C)C)cccc3)C,cho,534.696,536.6268000000001,-0.0036110238341040546,0,40,0,0,0,False,0
V1,1,75,0.008304530754685402,0.20109863579273224,cholesterol,CC(C)CCCC(C)C1CCC2C1(CCC3C2CC=C4C3(CCC(C4)O)C)C,cho,386.664,386.63800000000003,6.724184304707226e-05,0,28,0,0,0,False,0
V1,1,80,0.050042182207107544,0.3873898983001709,epoxypropane,CC1CO1,cho,58.08,58.0788,2.0661157024703947e-05,0,4,0,0,0,False,0
V1,1,88,0.008393900468945503,0.041841376572847366,m-cresol,CC1=CC(=CC=C1)O,cho,108.14,108.11600000000001,0.0002219345293137387,0,8,0,0,0,False,0
V1,1,91,0.01135130412876606,0.14994032680988312,norethylnodrel,CC12CCC3C(C1CCC2(C#C)O)CCC4=C3CCC(=O)C4,cho,298.426,298.37200000000007,0.00018094938108581538,0,22,0,0,0,False,0
V1,1,92,0.014514232985675335,0.5088469982147217,beta-estradiol-3-benzoate,CC12CCC3C(C1CCC2O)CCC4=C3C=CC(=C4)OC(=O)C5=CC=CC=C5,cho,376.496,378.47280000000006,-0.005250520589860308,0,28,0,0,0,False,0
V1,1,105,0.024170583114027977,0.15167178213596344,progesterone,CC(=O)C1CCC2C1(CCC3C2CCC4=CC(=O)CCC34C)C,cho,314.469,314.37,0.0003148164047965807,0,23,0,0,0,False,0
V1,1,120,0.012780919671058655,0.04746726155281067,3-methyl-3-heptanol,CCCCC(C)(CC)O,cho,130.231,130.22400000000002,5.37506430878798e-05,0,9,0,0,0,False,0
V1,1,122,0.0803009644150734,0.4260220527648926,diethylether,CCOCC,cho,74.12299999999999,74.1208,2.968039609818618e-05,0,5,0,0,0,False,0
V1,1,146,0.007167366798967123,0.056976038962602615,3-methylpentane,CCC(C)CC,cho,86.178,86.172,6.962333774285234e-05,0,6,0,0,0,False,0
V1,1,149,0.007275489158928394,0.03573707863688469,"1,4-pentanediol",CC(CCCO)O,cho,104.149,104.14599999999999,2.8804885308653105e-05,0,7,0,0,0,False,0
V1,1,153,0.21654701232910156,1.1809114217758179,2-methyltetrahydrofuran,CC1CCCO1,cho,86.134,86.104,0.0003482945178443497,0,6,0,0,0,False,0
V1,1,155,0.01783822290599346,0.05409538745880127,n-butylbenzene,CCCCC1=CC=CC=C1,cho,134.22199999999998,134.212,7.450343460824183e-05,0,10,0,0,0,False,0
V1,1,164,0.0039288136176764965,0.03974084183573723,"2,2-dimethyl-1-butanol",CCC(C)(C)CO,cho,102.17699999999999,102.172,4.8934691760371685e-05,0,7,0,0,0,False,0
V1,1,168,0.008235259912908077,0.0319536030292511,3-hexanol,CCCC(CC)O,cho,102.17699999999999,102.172,4.8934691760371685e-05,0,7,0,0,0,False,0
V1,1,172,0.009771337732672691,0.042533911764621735,3-methyl-4-nonanol,CCCCCC(C(C)CC)O,cho,158.285,158.276,5.6859462362113256e-05,0,11,0,0,0,False,0
V1,1,181,0.007641660515218973,0.0196659117937088,n-heptanol,CCCCCCCO,cho,116.204,116.198,5.1633334480771786e-05,0,8,0,0,0,False,0
V1,1,188,0.016272295266389847,0.8883247375488281,maltotetraose,C(C1C(C(C(C(O1)OC2C(OC(C(C2O)O)OC3C(OC(C(C3O)O)OC4C(OC(C(C4O)O)O)CO)CO)CO)O)O)O)O,cho,666.579,666.4499999999999,0.000193525448596521,0,45,0,0,0,False,0
V1,1,189,0.017641663551330566,0.3424242436885834,malic acid,C(C(C(=O)O)O)C(=O)O,cho,134.087,134.052,0.00026102455868204366,0,9,0,0,0,False,0
V1,1,190,0.018935495987534523,0.1005927100777626,pinonic acid,CC(=O)C1CC(C1(C)C)CC(=O)O,cho,184.23499999999999,184.166,0.000374521670692296,0,13,0,0,0,False,0
V1,1,191,0.009977881796658039,0.03283701092004776,"2-methylbutane-1,2,3,4-tetraol",CC(CO)(C(CO)O)O,cho,136.147,136.146,7.345002093317454e-06,0,9,0,0,0,False,0
V1,1,192,0.06867576390504837,0.41057077050209045,"1,2-isopooh",C=C(C)C(CO)OO,cho,118.132,118.09400000000001,0.0003216740595266554,0,8,0,0,0,False,0
V1,1,199,0.006843203213065863,0.03954113647341728,"1,2,6-hexanetriol",C(CCO)CC(CO)O,cho,134.175,134.17200000000003,2.2358859698035083e-05,0,9,0,0,0,False,0
V1,1,202,0.006213277578353882,0.058439720422029495,"3-methyl-1,3,5-pentanetriol",CC(CCO)(CCO)O,cho,134.175,134.17200000000003,2.2358859698035083e-05,0,9,0,0,0,False,0
V1,1,204,0.007295131683349609,0.1987110823392868,gentiobiose,C(C1C(C(C(C(O1)OCC2C(C(C(C(O2)O)O)O)O)O)O)O)O,cho,342.297,342.2608,0.00010575611238194949,0,23,0,0,0,False,0
V1,1,211,0.011736047454178333,0.6523725390434265,maltohexaose,C(C1C(C(C(C(O1)OC2C(OC(C(C2O)O)OC3C(OC(C(C3O)O)OC4C(OC(C(C4O)O)OC5C(OC(C(C5O)O)OC6C(OC(C(C6O)O)O)CO)CO)CO)CO)CO)O)O)O)O,cho,990.861,990.658,0.0002048723282074283,0,67,0,0,0,False,0
V1,1,212,0.012729267589747906,0.9273439645767212,maltopentaose,C(C1C(C(C(C(O1)OC2C(OC(C(C2O)O)OC3C(OC(C(C3O)O)OC4C(OC(C(C4O)O)OC5C(OC(C(C5O)O)O)CO)CO)CO)CO)O)O)O)O,cho,828.72,828.554,0.0002003089101265676,0,56,0,0,0,False,0
V1,1,213,0.008655364625155926,0.4189075827598572,maltotriose,C(C1C(C(C(C(O1)OC2C(OC(C(C2O)O)OC3C(OC(C(C3O)O)O)CO)CO)O)O)O)O,cho,504.438,504.34600000000006,0.00018238118460534025,0,34,0,0,0,False,0
V1,1,214,0.007323926780372858,0.053902409970760345,nigerose,C(C1C(C(C(C(O1)O)O)OC2C(C(C(C(O2)CO)O)O)O)O)O,cho,342.297,342.242,0.0001606791762709392,0,23,0,0,0,False,0
V1,1,222,0.010403783991932869,0.09292672574520111,cyclooctanol,C1CCCC(CCC1)O,cho,128.215,128.20800000000003,5.459579612354659e-05,0,9,0,0,0,False,0
V1,1,224,0.00913026463240385,0.06336367875337601,2-methylbutane,CCC(C)C,cho,72.151,72.146,6.929910881336987e-05,0,5,0,0,0,False,0
V1,1,230,0.01416091900318861,0.04571308195590973,2-naphthylamine,C1=CC=C2C=C(C=CC2=C1)N,bimog_n_only,143.189,127.15600000000002,0.11197089161876939,1,11,0,0,1,True,1
V1,1,244,0.03375895321369171,0.2002078741788864,methyl n-phenylcarbamate,COC(=O)NC1=CC=CC=C1,bimog_n_only,151.165,137.1,0.0930440247411769,1,11,0,0,1,True,1
V1,1,245,0.012035297229886055,0.10321955382823944,ethyl n-phenylcarbamate,CCOC(=O)NC1=CC=CC=C1,bimog_n_only,165.192,151.16080000000002,0.08493873795341167,1,12,0,0,1,True,1
V1,1,247,0.08193142712116241,2.2897870540618896,dibucaine,CCCCOC1=NC2=CC=CC=C2C(=C1)C(=O)NCCN(CC)CC,bimog_n_only,343.471,316.38880000000006,0.07884857819146285,2,25,0,0,3,True,2
V1,1,248,0.041774578392505646,0.5210009813308716,proxyphylline,CC(CN1C=NC2=C1C(=O)N(C(=O)N2C)C)O,bimog_n_only,238.24699999999999,184.192,0.22688638261971816,4,17,0,0,4,True,4
V1,1,252,0.054772842675447464,0.15388695895671844,diphylline,CN1C2=C(C(=O)N(C1=O)C)N(C=N2)CC(CO)O,bimog_n_only,254.24599999999998,200.192,0.21260511473140176,4,18,0,0,4,True,4
V1,1,254,0.029780369251966476,0.09129907190799713,phenobarbital,CCC1(C(=O)NC(=O)NC1=O)C2=CC=CC=C2,bimog_n_only,232.239,205.17000000000002,0.11655665069174426,2,17,0,0,2,True,2
V1,1,268,0.006580817047506571,0.04216398671269417,3-bromopentane,CCC(Br)CC,bimog_hal_only,151.047,71.138,0.529034009281879,1,6,1,0,0,True,0
V1,1,284,0.049603771418333054,0.18405568599700928,"3,4-dichloroaniline",C1=CC(=C(C=C1N)Cl)Cl,bimog_n_and_hal,162.019,75.08400000000002,0.5365728710830211,3,9,2,0,1,True,1
V1,1,285,0.01979999616742134,0.05996527150273323,2-chloroaniline,C1=CC=C(C(=C1)N)Cl,bimog_n_and_hal,127.574,76.09200000000001,0.4035461771207298,2,8,1,0,1,True,1
V1,1,289,0.02555118128657341,0.0887596607208252,m-fluorophenol,C1=CC(=CC(=C1)F)O,bimog_hal_only,112.103,93.082,0.1696743173688483,1,8,1,0,0,True,0
V1,1,296,0.01522325910627842,0.43026667833328247,spironolactone,CC(=O)SC1CC2=CC(=O)CCC2(C3C1C4CCC5(C4(CC3)C)CCC(=O)O5)C,cho,416.58299999999997,384.38,0.07730272238665514,1,29,0,1,0,True,1
V1,1,299,0.03642747923731804,0.5962042808532715,sulphisoxazole,CC1=C(ON=C1C)NS(=O)(=O)C2=CC=C(C=C2)N,bimog_n_only,267.31,200.1488,0.2512483633234821,4,18,0,1,3,True,4
V1,1,304,0.037102364003658295,0.506147563457489,probucol,CC(C)(C)C1=CC(=CC(=C1O)C(C)(C)C)SC(C)(C)SC2=CC(=C(C(=C2)C(C)(C)C)O)C(C)(C)C,cho,516.857,452.658,0.1242103715340993,2,35,0,2,0,True,2
V1,1,306,0.03728198632597923,0.43932828307151794,n-(s-1-naphthylethyl)-tetrachlorophthalimide,CC(c2ccc1ccccc1c2)n4c(=O)c3c(Cl)c(Cl)c(Cl)c(Cl)c3c4=O,bimog_n_and_hal,439.125,281.236,0.3595536578423001,5,27,4,0,1,True,1
V1,1,313,0.04056739807128906,0.47161102294921875,"n-(1,2,3,4-tetrahydro-1-naphthyl)-tetrachlorophthalimide",O=c2c1c(Cl)c(Cl)c(Cl)c(Cl)c1c(=O)n2c3cccc4ccccc34,bimog_n_and_hal,411.071,281.236,0.31584568115970235,5,25,4,0,1,True,1
V1,1,335,0.009994454681873322,0.0316106453537941,nandrolone,CC12CCC3C(C1CCC2O)CCC4=CC(=O)CCC34,cho,274.404,274.35200000000003,0.00018950161076358718,0,20,0,0,0,False,0
V1,1,341,0.11155833303928375,2.6382408142089844,Bucindolol,CC(C)(CC1=CNC2=CC=CC=C21)NCC(COC3=CC=CC=C3C#N)O,bimog_n_only,363.46099999999996,334.37880000000007,0.08001463705872125,2,27,0,0,3,True,2
V1,1,348,0.032231636345386505,0.2767391800880432,Diazepam,CN1C(=O)CN=C(C2=C1C=CC(=C2)Cl)C3=CC=CC=C3,bimog_n_and_hal,284.746,221.22800000000004,0.22306898077584913,3,20,1,0,2,True,2
V1,1,350,0.05475249141454697,1.6152747869491577,Carvedilol,COC1=CC=CC=C1OCCNCC(COC2=CC=CC3=C2C4=CC=CC=C4N3)O,bimog_n_only,406.48199999999997,391.3736000000001,0.037168681516032365,1,30,0,0,2,True,1
V1,1,356,0.028635770082473755,0.22459793090820312,Clofoctol,CC(C)(C)CC(C)(C)C1=CC(=C(C=C1)O)CC2=C(C=C(C=C2)Cl)Cl,bimog_hal_only,365.344,294.40000000000003,0.19418411141280534,2,24,2,0,0,True,0
V1,1,359,0.0547143891453743,0.5707825422286987,Orlistat,CCCCCCCCCCCC(CC1C(C(=O)O1)CCCCCC)OC(=O)C(CC(C)C)NC=O,bimog_n_only,495.745,497.61400000000003,-0.0037700834098175484,0,35,0,0,1,False,0
V1,1,362,0.012978175655007362,0.12533894181251526,Acemetacin,CC1=C(C2=C(N1C(=O)C3=CC=C(C=C3)Cl)C=CC(=C2)OC)CC(=O)OCC(=O)O,bimog_n_and_hal,415.829,367.256,0.11681003489415132,2,29,1,0,1,True,1
V1,1,18,0.06667875498533249,0.2683113217353821,resorcinol,c1cc(cc(c1)O)O,cho,110.112,110.072,0.000363266492298675,0,8,0,0,0,False,0
V1,1,19,0.01149570383131504,0.12014460563659668,phenyl-salicylate,O=C(Oc2ccccc2)c1c(O)cccc1,cho,214.22,229.2088,-0.0699691905517692,0,16,0,0,0,False,0
V1,1,21,0.016633177176117897,0.2688566744327545,diethylphthalat,CCOC(=O)c1ccccc1C(=O)OCC,cho,222.23999999999998,224.2136,-0.008880489560835203,0,16,0,0,0,False,0
V1,1,28,0.003580598859116435,0.041826486587524414,m-xylene,CC1=CC(=CC=C1)C,cho,106.16799999999999,106.16000000000001,7.535227187083215e-05,0,8,0,0,0,False,0
V1,1,34,0.010445106774568558,0.04165444150567055,toluol,Cc1ccccc1,cho,92.14099999999999,92.13400000000001,7.597052343666366e-05,0,7,0,0,0,False,0
V1,1,43,0.010641963221132755,0.057263653725385666,methylcyclohexane,CC1CCCCC1,cho,98.189,98.182,7.129108148562491e-05,0,7,0,0,0,False,0
V1,1,54,0.010968421585857868,0.07138067483901978,4-methylnonane,CCCCCC(C)CCC,cho,142.286,142.276,7.028098337147348e-05,0,10,0,0,0,False,0
V1,1,55,0.03364698961377144,0.19882071018218994,2-isopropoxyethanol,CC(C)OCCO,cho,104.149,104.1468,2.112358255956792e-05,0,7,0,0,0,False,0
V1,1,76,0.0493285171687603,0.7005969285964966,beta-d-glucosepentaacetate,CC(=O)OCC1C(C(C(C(O1)OC(=O)C)OC(=O)C)OC(=O)C)OC(=O)C,cho,390.341,390.098,0.0006225326061058967,0,27,0,0,0,False,0
V1,1,78,0.046015072613954544,1.4068372249603271,"4,4’-dimethoxytetraphenylmethane",COc4ccc(C(c1ccccc1)(c2ccccc2)c3ccc(OC)cc3)cc4,cho,380.48699999999997,380.394,0.00024442359397292,0,29,0,0,0,False,0
V1,1,81,0.012213115580379963,0.21087518334388733,n-butylacetate,CCCCOC(=O)C,cho,116.16,116.11200000000001,0.00041322314049574427,0,8,0,0,0,False,0
V1,1,86,0.008964747190475464,0.029159551486372948,"1,3-butanediol",CC(CCO)O,cho,90.122,90.12,2.2192139544130463e-05,0,6,0,0,0,False,0
V1,1,93,0.013098751194775105,0.14631704986095428,ursodeoxycholic acid,CC(CCC(=O)O)C1CCC2C1(CCC3C2C(CC4C3(CCC(C4)O)C)O)C,cho,392.58,392.542,9.679555759334324e-05,0,28,0,0,0,False,0
V1,1,95,0.026729559525847435,1.040395736694336,cholic acid,CC(CCC(=O)O)C1CCC2C1(C(CC3C2C(CC4C3(CCC(C4)O)C)O)O)C,cho,408.579,408.54200000000003,9.055776239108582e-05,0,29,0,0,0,False,0
V1,1,100,0.02685585990548134,0.26865747570991516,dehydrocholic acid,CC(CCC(=O)O)C1CCC2C1(C(=O)CC3C2C(=O)CC4C3(CCC(=O)C4)C)C,cho,402.531,403.394,-0.002143934255995239,0,29,0,0,0,False,0
V1,1,103,0.04140087962150574,0.35844630002975464,aspirin,CC(=O)OC1=CC=CC=C1C(=O)O,cho,180.159,180.09200000000004,0.00037189371610601984,0,13,0,0,0,False,0
V1,1,111,0.012997349724173546,0.05252593755722046,2-octanol,CCCCCCC(C)O,cho,130.231,130.22400000000002,5.37506430878798e-05,0,9,0,0,0,False,0
V1,1,115,0.018255135044455528,0.0710964947938919,2-methyl-2-propanol,CC(C)(C)O,cho,74.12299999999999,74.12,4.04732674066377e-05,0,5,0,0,0,False,0
V1,1,117,0.011755784042179585,0.06711431592702866,2-methyl-2-heptanol,CCCCCC(C)(C)O,cho,130.231,130.22400000000002,5.37506430878798e-05,0,9,0,0,0,False,0
V1,1,125,0.029126685112714767,0.08665364980697632,methylethylketone,CCC(=O)C,cho,72.107,72.06000000000002,0.0006518091170064633,0,5,0,0,0,False,0
V1,1,132,0.04484828561544418,0.41359299421310425,3-methoxy-1-butanol,CC(CCO)OC,cho,104.149,104.112,0.0003552602521388337,0,7,0,0,0,False,0
V1,1,134,0.006277965847402811,0.024818453937768936,2-methyl-1-butanol,CCC(C)CO,cho,88.14999999999999,88.146,4.537719795794093e-05,0,6,0,0,0,False,0
V1,1,137,0.004594072699546814,0.03856990858912468,4-methyl-2-pentanol,CC(C)CC(C)O,cho,102.17699999999999,102.172,4.8934691760371685e-05,0,7,0,0,0,False,0
V1,1,139,0.00695118447765708,0.04096582904458046,3-methyl-4-hexanol,CCC(C)C(CC)O,cho,116.204,116.198,5.1633334480771786e-05,0,8,0,0,0,False,0
V1,1,144,0.007394441403448582,0.03728490322828293,2-methyl-1-heptanol,CCCCCC(C)CO,cho,130.231,130.22400000000002,5.37506430878798e-05,0,9,0,0,0,False,0
V1,1,151,0.007922200486063957,0.043121058493852615,"1,5-hexanediol",CC(CCCCO)O,cho,118.176,118.172,3.384782020043886e-05,0,8,0,0,0,False,0
V1,1,152,0.009190911427140236,0.08263252675533295,iso-eugenol,CC=CC1=CC(=C(C=C1)O)OC,cho,164.204,164.108,0.0005846386202529308,0,12,0,0,0,False,0
V1,1,157,0.008805586956441402,0.021178390830755234,cycloheptanol,C1CCCC(CC1)O,cho,114.18799999999999,114.182,5.254492591155735e-05,0,8,0,0,0,False,0
V1,1,166,0.009688278660178185,0.029659107327461243,"2,2-dimethyl-1-hexanol",CCCCC(C)(C)CO,cho,130.231,130.22400000000002,5.37506430878798e-05,0,9,0,0,0,False,0
V1,1,178,0.01021003257483244,0.02179538458585739,n-butanol,CCCCO,cho,74.12299999999999,74.11999999999999,4.047326740685975e-05,0,5,0,0,0,False,0
V1,1,186,0.010293037630617619,0.08002712577581406,"2,4,6-trimethylheptane",CC(C)CC(C)CC(C)C,cho,142.286,142.276,7.028098337147348e-05,0,10,0,0,0,False,0
V1,1,194,0.011639302596449852,0.23084501922130585,pinic acid,CC1(C(CC1C(=O)O)CC(=O)O)C,cho,186.207,186.166,0.00022018506286014539,0,13,0,0,0,False,0
V1,1,198,0.005536897107958794,0.024639423936605453,"1,2,7-heptanetriol",C(CCC(CO)O)CCO,cho,148.202,148.198,2.6990189066156134e-05,0,10,0,0,0,False,0
V1,1,226,0.15053483843803406,0.5993892550468445,acetaldehyd,CC=O,cho,44.053,44.034000000000006,0.0004312986629739779,0,3,0,0,0,False,0
V1,1,229,0.012179242447018623,0.040069740265607834,1-naphthylamine,C1=CC=C2C(=C1)C=CC=C2N,bimog_n_only,143.189,127.15600000000002,0.11197089161876939,1,11,0,0,1,True,1
V1,1,235,0.12245471775531769,0.5572102665901184,4-nitroaniline,C1=CC(=CC=C1N)[N+](=O)[O-],bimog_n_only,138.126,122.082,0.11615481516875903,1,10,0,0,2,True,1
V1,1,237,0.09425381571054459,0.5485040545463562,2-nitroaniline,C1=CC=C(C(=C1)N)[N+](=O)[O-],bimog_n_only,138.126,122.082,0.11615481516875903,1,10,0,0,2,True,1
V1,1,238,0.11652598530054092,0.5486143231391907,3-nitroaniline,C1=CC(=CC(=C1)[N+](=O)[O-])N,bimog_n_only,138.126,122.082,0.11615481516875903,1,10,0,0,2,True,1
V1,1,250,0.021848788484930992,1.265476942062378,nialamide,C1=CC=C(C=C1)CNC(=O)CCNNC(=O)C2=CC=NC=C2,bimog_n_only,298.346,270.182,0.09440046120946821,2,22,0,0,4,True,2
V1,1,256,0.043022654950618744,0.6529949307441711,antipyrine,CC1=CC(=O)N(N1C)C2=CC=CC=C2,bimog_n_only,188.23,161.196,0.14362216437337294,2,14,0,0,2,True,2
V1,1,261,0.02085914835333824,0.11696343123912811,hexobarbital,CC1(C(=O)NC(=O)N(C1=O)C)C2=CCCCC2,bimog_n_only,236.271,210.21,0.11030130655052872,2,17,0,0,2,True,2
V1,1,264,0.051472075283527374,0.44812774658203125,dimethyl acetamide,CC(=O)N(C)C,bimog_n_only,87.122,73.06800000000001,0.16131401942104162,1,6,0,0,1,True,1
V1,1,282,0.11240746825933456,0.5220068693161011,2-chloro-4-nitroaniline,C1=CC(=C(C=C1[N+](=O)[O-])Cl)N,bimog_n_and_hal,172.571,121.07400000000001,0.29841050929762236,2,11,1,0,2,True,1
V1,1,288,0.011308685876429081,0.03859476372599602,o-fluoroaniline,C1=CC=C(C(=C1)N)F,bimog_n_and_hal,111.119,76.09200000000001,0.3152206193360271,2,8,1,0,1,True,1
V1,1,293,0.014140871353447437,0.13542743027210236,flufenamic acid,C1=CC=C(C(=C1)C(=O)O)NC2=CC=CC(=C2)C(F)(F)F,bimog_n_and_hal,281.233,209.194,0.2561541497619412,4,20,3,0,1,True,1
V1,1,298,0.03498243913054466,0.4076830744743347,indomethacin,CC1=C(C2=C(N1C(=O)C3=CC=C(C=C3)Cl)C=CC(=C2)OC)CC(=O)O,bimog_n_and_hal,357.793,309.256,0.13565665063318744,2,25,1,0,1,True,1
V1,1,301,0.047754980623722076,0.5298547148704529,sulphathiazole,C1=CC(=CC=C1N)S(=O)(=O)NC2=NC=CS2,bimog_n_only,255.32399999999998,172.138,0.3258056430261158,5,16,0,2,3,True,5
V1,1,302,0.05814356729388237,0.48430290818214417,sulphadimethoxine,COC1=NC(=NC(=C1)NS(=O)(=O)C2=CC=C(C=C2)N)OC,bimog_n_only,310.335,245.14,0.2100794302930704,5,21,0,1,4,True,5
V1,1,307,0.008496093563735485,0.24703475832939148,"n-(s-1-naphthylethyl)-2,2’-diphenic imide",CC(c2ccc1ccccc1c2)n5c(=O)c3ccccc3c4ccccc4c5=O,bimog_n_only,377.443,361.36,0.042610407399262806,1,29,0,0,1,True,1
V1,1,311,0.012746602296829224,0.21736876666545868,n-(r-1-phenylethyl)-3-nitrophthalimide,CC(c1ccccc1)n3c(=O)c2cccc(N(=O)=O)c2c3=O,bimog_n_only,296.282,280.194,0.05429961995666277,1,22,0,0,2,True,1
V1,1,315,0.026710620149970055,0.7947052717208862,"1,3-dinitro-4,6-bis-(r-l’-phenylethylamino)benzene",CC(Nc2cc(NC(C)c1ccccc1)c(N(=O)=O)cc2N(=O)=O)c3ccccc3,bimog_n_only,406.442,406.324,0.000290324326718161,0,30,0,0,4,False,0
V1,1,321,0.044079843908548355,0.31870442628860474,n-(1-phenylethyl)-n’-(p-nitrophenyl)urea,CC(NC(=O)Nc1ccc(N(=O)=O)cc1)c2ccccc2,bimog_n_only,285.303,271.216,0.04937557614185617,1,21,0,0,3,True,1
V1,1,326,0.03748490288853645,0.556047260761261,anilinephthalein,Nc4ccc(C3(c1ccc(N)cc1)OC(=O)c2ccccc23)cc4,bimog_n_only,316.36,286.27600000000007,0.09509419648501694,2,24,0,0,2,True,2
V1,1,330,0.04511558264493942,1.02767014503479,budesonide,CCCC1OC2CC3C4CCC5=CC(=O)C=CC5(C4C(CC3(C2(O1)C(=O)CO)C)O)C,cho,430.541,432.4120000000001,-0.0043456952996348,0,31,0,0,0,False,0
V1,1,332,0.03881962224841118,0.9027770757675171,hydrocortisone,CC12CCC(=O)C=C1CCC3C2C(CC4(C3CCC4(C(=O)CO)O)C)O,cho,362.466,362.3780000000001,0.0002427813919095856,0,26,0,0,0,False,0
V1,1,338,0.010042470879852772,0.31141120195388794,ibuprofen,CC(C)CC1=CC=C(C=C1)C(C)C(=O)O,cho,206.285,206.256,0.00014058220423196488,0,15,0,0,0,False,0
V1,1,346,0.023920433595776558,0.19199876487255096,Pimozide,C1CN(CCC1N2C3=CC=CC=C3NC2=O)CCCC(C4=CC=C(C=C4)F)C5=CC=C(C=C5)F,bimog_n_and_hal,461.556,381.494,0.173461075145811,5,34,2,0,3,True,3
V1,1,363,0.023046795278787613,1.1348330974578857,Nilutamide,CC1(C(=O)N(C(=O)N1)C2=CC(=C(C=C2)[N+](=O)[O-])C(F)(F)F)C,bimog_n_and_hal,317.223,249.15200000000002,0.2145840623157842,4,22,3,0,3,True,1
V1,1,365,0.04946155101060867,0.47736963629722595,Miconazole,C1=CC(=C(C=C1Cl)Cl)COC(CN2C=CN=C2)C3=C(C=C(C=C3)Cl)Cl,bimog_n_and_hal,416.135,246.2928,0.40814206928040175,6,25,4,0,2,True,2
V1,2,0,0.02350545860826969,0.2532019019126892,glucose,C(C1C(C(C(C(O1)O)O)O)O)O,cho,180.156,180.13800000000003,9.991340837922635e-05,0,12,0,0,0,False,0
V1,2,7,0.013782219961285591,0.033385224640369415,n-propanol,CCCO,cho,60.096,60.093999999999994,3.328008519709602e-05,0,4,0,0,0,False,0
V1,2,11,0.01773105189204216,0.2599593997001648,maltitol,C(C1C(C(C(C(O1)OC(C(CO)O)C(C(CO)O)O)O)O)O)O,cho,344.313,344.276,0.00010746036309983165,0,23,0,0,0,False,0
V1,2,15,0.004639368038624525,0.03190433233976364,n-pentanol,CCCCCO,cho,88.14999999999999,88.146,4.537719795794093e-05,0,6,0,0,0,False,0
V1,2,20,0.05858229845762253,0.3379383683204651,dimethylphthalat,O=C(OC)c1ccccc1C(=O)OC,cho,194.186,196.092,-0.009815331692295093,0,14,0,0,0,False,0
V1,2,31,0.023013969883322716,0.11725356429815292,n-buten,C=CCC,cho,56.108,56.104,7.129108148562491e-05,0,4,0,0,0,False,0
V1,2,36,0.004252578131854534,0.07243458926677704,propylbenzene,CCCC1=CC=CC=C1,cho,120.195,120.18600000000002,7.487832272534689e-05,0,9,0,0,0,False,0
V1,2,38,0.005702360533177853,0.1344592124223709,n-hexylbenzene,CCCCCCC1=CC=CC=C1,cho,162.27599999999998,162.26399999999998,7.394808844196632e-05,0,12,0,0,0,False,0
V1,2,46,0.0067712487652897835,0.04942391440272331,sec-butylcyclohexane,CCC(C)C1CCCCC1,cho,140.26999999999998,140.26,7.129108148562491e-05,0,10,0,0,0,False,0
V1,2,48,0.006932835094630718,0.0649300068616867,n-pentylcyclohexane,CCCCCC1CCCCC1,cho,154.297,154.28599999999997,7.129108148584695e-05,0,11,0,0,0,False,0
V1,2,52,0.013333611190319061,0.07448267191648483,cis-2-octene,CCCCCC=CC,cho,112.216,112.172,0.00039210094817132557,0,8,0,0,0,False,0
V1,2,53,0.008091917261481285,0.07462991774082184,3-methylhexane,CCCC(C)CC,cho,100.205,100.19800000000001,6.985679357307539e-05,0,7,0,0,0,False,0
V1,2,60,0.028980886563658714,0.15101322531700134,guajacol,COC1=CC=CC=C1O,cho,124.139,124.082,0.00045916271276558174,0,9,0,0,0,False,0
V1,2,64,0.010352743789553642,0.13401229679584503,naphthylsalyciate,C1=CC=C2C(=C1)C=CC=C2OC(=O)C3=CC=CC=C3O,cho,264.28,279.26480000000004,-0.05670046919933425,0,20,0,0,0,False,0
V1,2,67,0.023390918970108032,0.17332470417022705,methyl(s)(-)lactate,CC(C(=O)OC)O,cho,104.105,105.07600000000001,-0.009327121656020454,0,7,0,0,0,False,0
V1,2,68,0.058909643441438675,0.2884625196456909,(s)-glycerol acetonate,CC1(OCC(O1)CO)C,cho,132.159,132.1388,0.00015284619284339218,0,9,0,0,0,False,0
V1,2,72,0.006687629967927933,0.12468526512384415,4-(1-idianyl)phenol,C1CC2=CC=CC=C2C1C3=CC=C(C=C3)O,cho,210.27599999999998,210.24400000000003,0.00015218094314117803,0,16,0,0,0,False,0
V1,2,74,0.03247358277440071,0.7148828506469727,salicin,C1=CC=C(C(=C1)CO)OC2C(C(C(C(O2)CO)O)O)O,cho,286.28,286.238,0.00014670951515993735,0,20,0,0,0,False,0
V1,2,77,0.018043596297502518,0.5545517802238464,3-pentadecylcyclohexanone,CCCCCCCCCCCCCCCC1CCCC(=O)C1,cho,308.55,308.49399999999997,0.000181494085237488,0,22,0,0,0,False,0
V1,2,82,0.03637384623289108,0.1846388280391693,camphor,CC1(C2CCC1(C(=O)C2)C)C,cho,152.237,152.192,0.0002955917418234755,0,11,0,0,0,False,0
V1,2,83,0.007926749996840954,0.041925009340047836,dibutylphthalat,CCCCOC(=O)C1=CC=CC=C1C(=O)OCCCC,cho,278.348,280.3176,-0.007076034316754631,0,20,0,0,0,False,0
V1,2,84,0.007056900765746832,0.035373665392398834,o-cresol,CC1=CC=CC=C1O,cho,108.14,108.11600000000001,0.0002219345293137387,0,8,0,0,0,False,0
V1,2,85,0.008426272310316563,0.07409358024597168,isopropranol,CC(C)O,cho,60.096,60.093999999999994,3.328008519709602e-05,0,4,0,0,0,False,0
V1,2,87,0.007567728869616985,0.08522044122219086,"2,3-butanediol",CC(C(C)O)O,cho,90.122,90.12,2.2192139544130463e-05,0,6,0,0,0,False,0
V1,2,94,0.01109648309648037,0.04407190531492233,deoxycholic acid,CC(CCC(=O)O)C1CCC2C1(C(CC3C2CCC4C3(CCC(C4)O)C)O)C,cho,392.58,392.542,9.679555759334324e-05,0,28,0,0,0,False,0
V1,2,96,0.015343746170401573,0.11421652138233185,lactose,C(C1C(C(C(C(O1)OC(C(CO)O)C(C(C=O)O)O)O)O)O)O,cho,342.297,342.242,0.0001606791762709392,0,23,0,0,0,False,0
V1,2,97,0.009880314581096172,0.07035233825445175,diethylhexylphthalat,O=C(OCC(CC)CCCC)C1=CC=CC=C1C(OCC(CC)CCCC)=O,cho,390.56399999999996,392.5256,-0.0050224803105254345,0,28,0,0,0,False,0
V1,2,101,0.011315290816128254,0.11048345267772675,cellobiose,C(C1C(C(C(C(O1)OC2C(OC(C(C2O)O)O)CO)O)O)O)O,cho,342.297,342.242,0.0001606791762709392,0,23,0,0,0,False,0
V1,2,104,0.006322485860437155,0.15047681331634521,methyltestosterone,CC12CCC(=O)C=C1CCC3C2CCC4(C3CCC4(C)O)C,cho,302.45799999999997,302.40400000000005,0.0001785371853278983,0,22,0,0,0,False,0
V1,2,112,0.004930203314870596,0.03181164711713791,4-hetpanol,CCCC(CCC)O,cho,116.204,116.198,5.1633334480771786e-05,0,8,0,0,0,False,0
V1,2,119,0.004449117928743362,0.03154357150197029,6-methyl-3-heptanol,CCC(CCC(C)C)O,cho,130.231,130.22400000000002,5.37506430878798e-05,0,9,0,0,0,False,0
V1,2,124,0.024186015129089355,0.23887448012828827,acetone,CC(=O)C,cho,58.08,58.034,0.0007920110192837226,0,4,0,0,0,False,0
V1,2,128,0.04552315175533295,0.15825092792510986,benzaldehyde,C1=CC=C(C=C1)C=O,cho,106.124,106.1,0.00022615054087671282,0,8,0,0,0,False,0
V1,2,130,0.033024247735738754,1.3627221584320068,"1,3,5-trinaphthylbenzene",C1=CC=C2C(=C1)C=CC=C2C3=CC(=CC(=C3)C4=CC=CC5=CC=CC=C54)C6=CC=CC7=CC=CC=C76,cho,456.58799999999997,456.5520000000001,7.884569896687843e-05,0,36,0,0,0,False,0
V1,2,131,0.017184313386678696,0.11893652379512787,decalin,C1CCC2CCCCC2C1,cho,138.254,138.244,7.233063781153515e-05,0,10,0,0,0,False,0
V1,2,135,0.005045059137046337,0.030854564160108566,2-ethyl-1-butanol,CCC(CC)CO,cho,102.17699999999999,102.172,4.8934691760371685e-05,0,7,0,0,0,False,0
V1,2,136,0.005682461895048618,0.031572964042425156,3-methyl-2-pentanol,CCC(C)C(C)O,cho,102.17699999999999,102.172,4.8934691760371685e-05,0,7,0,0,0,False,0
V1,2,143,0.005728972610086203,0.026061248034238815,4-methyl-1-heptanol,CCCC(C)CCCO,cho,130.231,130.22400000000002,5.37506430878798e-05,0,9,0,0,0,False,0
V1,2,147,0.004557938314974308,0.07748726010322571,isopropylbenzene,CC(C)C1=CC=CC=C1,cho,120.195,120.18600000000002,7.487832272534689e-05,0,9,0,0,0,False,0
V1,2,150,0.010773563757538795,0.06520941108465195,"1,2-pentanediol",CCCC(CO)O,cho,104.149,104.14599999999999,2.8804885308653105e-05,0,7,0,0,0,False,0
V1,2,159,0.006093925330787897,0.04339676722884178,"2,3-dimethylbutane",CC(C)C(C)C,cho,86.178,86.172,6.962333774285234e-05,0,6,0,0,0,False,0
V1,2,162,0.011473530903458595,0.07772606611251831,cis-2-heptene,CCCCC=CC,cho,98.189,98.14600000000002,0.0004379309291262512,0,7,0,0,0,False,0
V1,2,163,0.005832632537931204,0.027381550520658493,2-methyl-1-pentanol,CCCC(C)CO,cho,102.17699999999999,102.172,4.8934691760371685e-05,0,7,0,0,0,False,0
V1,2,167,0.004905869718641043,0.02927762269973755,2-hexanol,CCCCC(C)O,cho,102.17699999999999,102.172,4.8934691760371685e-05,0,7,0,0,0,False,0
V1,2,169,0.00436690729111433,0.03716026246547699,3-heptanol,CCCCC(CC)O,cho,116.204,116.198,5.1633334480771786e-05,0,8,0,0,0,False,0
V1,2,170,0.006402802653610706,0.035071589052677155,2-heptanol,CCCCCC(C)O,cho,116.204,116.198,5.1633334480771786e-05,0,8,0,0,0,False,0
V1,2,171,0.005208529531955719,0.027475273236632347,4-nonanol,CCCCCC(CCC)O,cho,144.25799999999998,144.25000000000003,5.5456196536463054e-05,0,10,0,0,0,False,0
V1,2,174,0.005337337497621775,0.04373805597424507,2-methyl-2-hexanol,CCCCC(C)(C)O,cho,116.204,116.198,5.1633334480771786e-05,0,8,0,0,0,False,0
V1,2,182,0.007578092627227306,0.027387654408812523,n-octanol,CCCCCCCCO,cho,130.231,130.22400000000002,5.37506430878798e-05,0,9,0,0,0,False,0
V1,2,193,0.031740449368953705,0.4875296950340271,trans-beta-iepox,CC1(CO)OC1CO,cho,118.132,118.112,0.0001693021365930525,0,8,0,0,0,False,0
V1,2,195,0.003968372475355864,0.03604961186647415,"2,4-dimethyl-3-pentanol",CC(C)C(C(C)C)O,cho,116.204,116.198,5.1633334480771786e-05,0,8,0,0,0,False,0
V1,2,196,0.005461840890347958,0.03616052120923996,erythritol,C(C(C(CO)O)O)O,cho,122.12,122.12,0.0,0,8,0,0,0,False,0
V1,2,205,0.03387792035937309,0.42009788751602173,isomalt,C(C1C(C(C(C(O1)OCC(C(C(C(CO)O)O)O)O)O)O)O)O,cho,344.313,344.2948,5.285888130857064e-05,0,23,0,0,0,False,0
V1,2,206,0.03411765769124031,1.1440099477767944,isomaltulose,C(C1C(C(C(C(O1)OCC(C(C(C(=O)CO)O)O)O)O)O)O)O,cho,342.297,343.25079999999997,-0.002786469060494179,0,23,0,0,0,False,0
V1,2,207,0.018611935898661613,0.08125229179859161,kojibiose,C(C1C(C(C(C(O1)OC(C=O)C(C(C(CO)O)O)O)O)O)O)O,cho,342.297,342.242,0.0001606791762709392,0,23,0,0,0,False,0
V1,2,208,0.01285630278289318,0.14389939606189728,lactulose,C(C1C(C(C(C(O1)OC2C(OC(C2O)(CO)O)CO)O)O)O)O,cho,342.297,342.242,0.0001606791762709392,0,23,0,0,0,False,0
V1,2,215,0.027995795011520386,0.9039942026138306,nystose,C(C1C(C(C(C(O1)OC2(C(C(C(O2)CO)O)O)COC3(C(C(C(O3)CO)O)O)COC4(C(C(C(O4)CO)O)O)CO)O)O)O)O,cho,666.579,666.4875999999999,0.00013711803102112174,0,45,0,0,0,False,0
V1,2,216,0.022720571607351303,0.3826681077480316,raffinose,C(C1C(C(C(C(O1)OCC2C(C(C(C(O2)OC3(C(C(C(O3)CO)O)O)CO)O)O)O)O)O)O)O,cho,504.438,504.36480000000006,0.00014511198601196984,0,34,0,0,0,False,0
V1,2,218,0.04637764021754265,0.5851662158966064,sorbose,C(C(C(C(C(=O)CO)O)O)O)O,cho,180.156,181.12800000000001,-0.005395324052487993,0,12,0,0,0,False,0
V1,2,219,0.018926504999399185,0.9204527139663696,stachyose,C(C1C(C(C(C(O1)OCC2C(C(C(C(O2)OCC3C(C(C(C(O3)OC4(C(C(C(O4)CO)O)O)CO)O)O)O)O)O)O)O)O)O)O,cho,666.579,666.4876,0.0001371180310208997,0,45,0,0,0,False,0
V1,2,220,0.02343912050127983,0.8376908302307129,turanose,C(C1C(C(C(C(O1)OC(C(C(CO)O)O)C(=O)CO)O)O)O)O,cho,342.297,343.23199999999997,-0.002731545996605078,0,23,0,0,0,False,0
V1,2,225,0.017571523785591125,0.09467372298240662,4-methylcyclohexen,CC1CCC=CC1,cho,96.173,96.13,0.00044711093550175995,0,7,0,0,0,False,0
V1,2,232,0.0499141700565815,0.24185748398303986,triethylamine,CCN(CC)CC,bimog_n_only,101.193,87.18,0.13847795796151896,1,7,0,0,1,True,1
V1,2,239,0.03682386502623558,0.6281839609146118,4-methoxyaniline,COC1=CC=C(C=C1)N,bimog_n_only,123.155,107.09200000000001,0.13042913401810718,1,9,0,0,1,True,1
V1,2,242,0.01670413836836815,0.16269251704216003,piperine,C1CCN(CC1)C(=O)C=CC=CC2=CC3=C(C=C2)OCO3,bimog_n_only,285.34299999999996,272.2416,0.045914565978488864,1,21,0,0,1,True,1
V1,2,246,0.01606738567352295,0.05576249212026596,propyl n-phenylcarbamate,CCCOC(=O)NC1=CC=CC=C1,bimog_n_only,179.219,165.1868,0.07829638598586086,1,13,0,0,1,True,1
V1,2,253,0.01940704882144928,1.130695104598999,nitrendipine,CCOC(=O)C1=C(NC(=C(C1C2=CC(=CC=C2)[N+](=O)[O-])C(=O)OC)C)C,bimog_n_only,360.366,349.28200000000004,0.030757618643268092,1,26,0,0,2,True,1
V1,2,259,0.012272645719349384,0.10015368461608887,pentobarbital,CCCC(C)C1(C(=O)NC(=O)NC1=O)CC,bimog_n_only,226.27599999999998,199.208,0.11962382223479284,2,16,0,0,2,True,2
V1,2,260,0.03299479931592941,0.3816666007041931,atropine,CN1C2CCC1CC(C2)OC(=O)C(CO)C3=CC=CC=C3,bimog_n_only,289.375,276.326,0.04509373650107984,1,21,0,0,1,True,1
V1,2,265,0.006975507829338312,0.03295046091079712,1-bromobutane,CCCCBr,bimog_hal_only,137.01999999999998,57.112,0.5831849365056195,1,5,1,0,0,True,0
V1,2,269,0.04907256364822388,0.3508029282093048,9-bromophenanthrene,C1=CC=C2C(=C1)C=C(C3=CC=CC=C23)Br,bimog_hal_only,257.13,177.21200000000002,0.3108077626103527,1,15,1,0,0,True,0
V1,2,270,0.018250808119773865,0.07334737479686737,bromobenzene,C1=CC=C(C=C1)Br,bimog_hal_only,157.01,77.10000000000001,0.5089484746194509,1,7,1,0,0,True,0
V1,2,274,0.007962812669575214,0.030806327238678932,isobutylchloride,CC(C)CCl,bimog_hal_only,92.569,57.112,0.3830331968585595,1,5,1,0,0,True,0
V1,2,276,0.009821067564189434,0.0832325890660286,m-fluorotoluene,CC1=CC(=CC=C1)F,bimog_hal_only,110.131,91.12600000000002,0.17256721540710596,1,8,1,0,0,True,0
V1,2,278,0.028206074610352516,0.6636785864830017,hydrochloro-thiazide,C1NC2=CC(=C(C=C2S(=O)(=O)N1)S(=O)(=O)N)Cl,bimog_n_and_hal,297.745,219.07600000000002,0.26421602377873676,5,17,1,2,3,True,4
V1,2,286,0.006351661868393421,0.038560617715120316,3-chloroaniline,C1=CC(=CC(=C1)Cl)N,bimog_n_and_hal,127.574,76.09200000000001,0.4035461771207298,2,8,1,0,1,True,1
V1,2,290,0.018200987949967384,0.4556339383125305,ethacrynic acid,CCC(=C)C(=O)C1=C(C(=C(C=C1)OCC(=O)O)Cl)Cl,bimog_hal_only,303.141,233.1628,0.23084373278441384,2,19,2,0,0,True,0
V1,2,291,0.013403323478996754,0.26859602332115173,tolbutamide,CCCCNC(=O)NS(=O)(=O)C1=CC=C(C=C1)C,bimog_n_only,270.354,222.16,0.17826257425449588,2,18,0,1,2,True,2
V1,2,292,0.01627100631594658,0.09176813066005707,tolnaftate,CC1=CC(=CC=C1)N(C)C(=S)OC2=CC3=CC=CC=C3C=C2,bimog_n_only,307.418,263.34280000000007,0.14337221633085873,2,22,0,1,1,True,2
V1,2,295,0.06754530966281891,0.8052533864974976,chloramphenicol,C1=CC(=CC=C1C(C(CO)NC(=O)C(Cl)Cl)O)[N+](=O)[O-],bimog_n_and_hal,323.132,253.14200000000002,0.21659878934924426,2,20,2,0,2,True,0
V1,2,300,0.022840309888124466,0.37271371483802795,felodipine,CCOC(=O)C1=C(NC(=C(C1C2=C(C(=CC=C2)Cl)Cl)C(=O)OC)C)C,bimog_n_and_hal,384.259,302.284,0.21333267405578016,3,25,2,0,1,True,1
V1,2,303,0.012175644747912884,0.06820555031299591,chlorobenzene,C1=CC=C(C=C1)Cl,bimog_hal_only,112.559,77.10000000000001,0.31502589752929566,1,7,1,0,0,True,0
V1,2,312,0.013469497673213482,0.13534167408943176,"4-acetamido-n-(2’,4’-dimethylphenyl)-1,8naphthalimide",CC(=O)Nc2ccc4c(=O)n(c1ccc(C)cc1C)c(=O)c3cccc2c34,bimog_n_only,358.397,325.24399999999997,0.09250356448296171,2,27,0,0,2,True,2
V1,2,318,0.010789798572659492,1.362130880355835,1’-(ethoxycarbonyl)ethyl-2-methyl-4-nitrophenylurethane,CCOC(=O)CCC(C(=O)OCC)c1ccc(N(=O)=O)cc1C,bimog_n_only,323.34499999999997,324.25399999999996,-0.0028112387697349916,0,23,0,0,1,False,0
V1,2,323,0.039274707436561584,0.24868300557136536,n-(2-tetrahydropyryl)saccharin,O=C2c1ccccc1S(=O)(=O)C2C3CCCOC3,bimog_n_only,266.318,234.17079999999999,0.12070982810024111,1,18,0,1,0,True,1
V1,2,327,0.013845689594745636,0.0977703183889389,"2,2,2-tris(chloromethyl)ethyl-p-nitrophenylurethane",O=C(Nc1ccc(N(=O)=O)cc1)OCC(CCl)(CCl)CCl,bimog_n_and_hal,355.605,235.1968,0.3386009758018026,4,21,3,0,2,True,1
V1,2,328,0.020620856434106827,0.416378915309906,"2,2,3,3-tetrafluoropropyl-p-nitrophenylurethane",O=C(Nc1ccc(N(=O)=O)cc1)OCC(F)(F)C(F)F,bimog_n_and_hal,296.176,206.1368,0.30400572632488787,5,20,4,0,2,True,1
V1,2,336,0.028069395571947098,0.7181652784347534,simvastatin,CCC(C)(C)C(=O)OC1CC(C=C2C1C(C(C=C2)C)CCC3CC(CC(=O)O3)O)C,cho,418.57399999999996,420.462,-0.0045105524948994,0,30,0,0,0,False,0
V1,2,339,0.011683687567710876,0.2152303159236908,ketoprofen,CC(C1=CC(=CC=C1)C(=O)C2=CC=CC=C2)C(=O)O,cho,254.285,255.24400000000003,-0.003771358908311706,0,19,0,0,0,False,0
V1,2,347,0.10023882240056992,1.6360753774642944,Zolmitriptan,CN(C)CCC1=CNC2=C1C=C(C=C2)CC3COC(=O)N3,bimog_n_only,287.363,259.2848,0.09770986522273217,2,21,0,0,3,True,2
V1,2,349,0.01605585217475891,1.0832793712615967,Nifedipine,CC1=C(C(C(=C(N1)C)C(=O)OC)C2=CC=CC=C2[N+](=O)[O-])C(=O)OC,bimog_n_only,346.339,335.256,0.03200043887636106,1,25,0,0,2,True,1
V1,2,352,0.02205340936779976,0.24251072108745575,Clemastine,CC(C1=CC=CC=C1)(C2=CC=C(C=C2)Cl)OCCC3CCCN3C,bimog_n_and_hal,343.89799999999997,294.41880000000003,0.14387754508604278,2,24,1,0,1,True,1
V1,2,354,0.017387285828590393,0.11775670200586319,Bifonazole,C1=CC=C(C=C1)C2=CC=C(C=C2)C(C3=CC=CC=C3)N4C=CN=C4,bimog_n_only,310.4,282.364,0.09032216494845358,2,24,0,0,2,True,2
V1,2,355,0.023984525352716446,0.24889707565307617,Cinnarizine,C1CN(CCN1CC=CC2=CC=CC=C2)C(C3=CC=CC=C3)C4=CC=CC=C4,bimog_n_only,368.524,340.44800000000004,0.07618499744928409,2,28,0,0,2,True,2
V1,2,357,0.021783705800771713,0.21098509430885315,Tamoxifen,CCC(=C(C1=CC=CC=C1)C2=CC=C(C=C2)OCCN(C)C)C3=CC=CC=C3,bimog_n_only,371.524,357.4928,0.0377666045800541,1,28,0,0,1,True,1
V1,2,358,0.03623022884130478,0.20795917510986328,Procaine,CCN(CC)CCOC(=O)C1=CC=C(C=C1)N,bimog_n_only,236.315,207.2648,0.12292998751666206,2,17,0,0,2,True,2
V1,2,4,0.006288450211286545,0.11656017601490021,glycerol,OCC(O)CO,cho,92.094,92.09400000000001,-2.220446049250313e-16,0,6,0,0,0,False,0
V1,2,5,0.04235168173909187,0.13381505012512207,ribose,C1C(C(C(C(O1)O)O)O)O,cho,150.13,150.13080000000002,-5.328715113828153e-06,0,10,0,0,0,False,0
V1,2,6,0.013997366651892662,0.0828128308057785,ethanol,OCC,cho,46.069,46.068,2.1706570578983175e-05,0,3,0,0,0,False,0
V1,2,10,0.02034161053597927,0.4573062062263489,phenolphthalein,O=C1OC(C2=C1C=CC=C2)(C3=CC=C(C=C3)O[H])C4=CC=C(C=C4)O[H],cho,318.328,320.2560000000001,-0.006056645975220931,2,24,0,0,0,True,2
V1,2,23,0.004507529549300671,0.056045688688755035,5-methyl-3-heptanol,CCC(C)CC(CC)O,cho,130.231,130.22400000000002,5.37506430878798e-05,0,9,0,0,0,False,0
V1,2,30,0.008207842707633972,0.17357268929481506,triphenylethene,C1=CC=C(C=C1)C=C(C2=CC=CC=C2)C3=CC=CC=C3,cho,256.34799999999996,256.328,7.801894299930279e-05,0,20,0,0,0,False,0
V1,2,40,0.008066440001130104,0.021138887852430344,tert-butyl-benzene,CC(C)(C)C1=CC=CC=C1,cho,134.22199999999998,134.212,7.450343460824183e-05,0,10,0,0,0,False,0
V1,2,41,0.010722436010837555,0.10360793024301529,3-methylheptane,CCCCC(C)CC,cho,114.232,114.224,7.003291547025281e-05,0,8,0,0,0,False,0
V1,2,69,0.08517789840698242,0.2022053748369217,(r)-nopol,CC1(C)[C@H]2CC=C(CCO)[C@@H]1C2,cho,166.26399999999998,166.25400000000002,6.0145311071346796e-05,0,12,0,0,0,False,0
V1,2,89,0.03563164174556732,0.23747816681861877,mephenesin,CC1=CC=CC=C1OCC(CO)O,cho,182.219,182.21280000000002,3.402499190519048e-05,0,13,0,0,0,False,0
V1,2,90,0.009053459390997887,0.38152188062667847,estradiol-17b-cypionate,CC12CCC3C(C1CCC2OC(=O)CCC4CCCC4)CCC5=C3C=CC(=C5)O,cho,396.57099999999997,396.494,0.00019416447496145572,0,29,0,0,0,False,0
V1,2,99,0.02258722484111786,0.21463744342327118,diethylstilbestrol,CCC(=C(CC)C1=CC=C(C=C1)O)C2=CC=C(C=C2)O,cho,268.356,268.304,0.00019377245151974698,0,20,0,0,0,False,0
V1,2,107,0.01956379972398281,0.3767875134944916,ergocalciferol,CC(C)C(C)C=CC(C)C1CCC2C1(CCCC2=CC=C3CC(CCC3=C)O)C,cho,396.659,396.5600000000001,0.00024958465583757583,0,29,0,0,0,False,0
V1,2,113,0.005189930088818073,0.07649577409029007,4-decanol,CCCCCCC(CCC)O,cho,158.285,158.276,5.6859462362113256e-05,0,11,0,0,0,False,0
V1,2,118,0.012106338515877724,0.10172035545110703,4-methyl-4-heptanol,CCCC(C)(CCC)O,cho,130.231,130.22400000000002,5.37506430878798e-05,0,9,0,0,0,False,0
V1,2,126,0.016501564532518387,0.17664538323879242,methylisobutylketone,CC(C)CC(=O)C,cho,100.161,100.11200000000001,0.0004892123680872995,0,7,0,0,0,False,0
V1,2,129,0.018523385748267174,0.2829684019088745,acetophenone,CC(=O)C1=CC=CC=C1,cho,120.151,120.10000000000001,0.0004244658804336554,0,9,0,0,0,False,0
V1,2,133,0.0036329880822449923,0.025942351669073105,"2,4-pentanediol",CC(CC(C)O)O,cho,104.149,104.14599999999999,2.8804885308653105e-05,0,7,0,0,0,False,0
V1,2,138,0.0033653483260422945,0.0426572747528553,5-methyl-2-hexanol,CC(C)CCC(C)O,cho,116.204,116.198,5.1633334480771786e-05,0,8,0,0,0,False,0
V1,2,140,0.002776532666757703,0.06065971776843071,4-methyl-3-heptanol,CCCC(C)C(CC)O,cho,130.231,130.22400000000002,5.37506430878798e-05,0,9,0,0,0,False,0
V1,2,145,0.00415841257199645,0.056654613465070724,2-methyl-3-heptanol,CCCCC(C(C)C)O,cho,130.231,130.22400000000002,5.37506430878798e-05,0,9,0,0,0,False,0
V1,2,156,0.01249666977673769,0.04090125113725662,cyclohexanol,C1CCC(CC1)O,cho,100.161,100.15599999999999,4.991962939682182e-05,0,7,0,0,0,False,0
V1,2,158,0.005380125250667334,0.07116855680942535,cycloheptane,C1CCCCCC1,cho,98.189,98.182,7.129108148562491e-05,0,7,0,0,0,False,0
V1,2,160,0.0975741297006607,0.32150447368621826,1-phenyl-1-propanol,CCC(C1=CC=CC=C1)O,cho,136.194,136.186,5.873973890169193e-05,0,10,0,0,0,False,0
V1,2,173,0.004850210156291723,0.029251551255583763,2-methyl-2-pentanol,CCCC(C)(C)O,cho,102.17699999999999,102.17199999999998,4.893469176048271e-05,0,7,0,0,0,False,0
V1,2,175,0.005042663775384426,0.07148633152246475,4-methy-4-octanol,CCCCC(C)(CCC)O,cho,144.25799999999998,144.25,5.54561965366851e-05,0,10,0,0,0,False,0
V1,2,179,0.015498911961913109,0.3962985873222351,xylose,C(C(C(C(C=O)O)O)O)O,cho,150.13,150.11200000000002,0.00011989609005513824,0,10,0,0,0,False,0
V1,2,184,0.018273934721946716,0.06558514386415482,"1,2,4-butanetriol",C(CO)C(CO)O,cho,106.121,106.12,9.42320558594556e-06,0,7,0,0,0,False,0
V1,2,185,0.015033066272735596,0.0430225133895874,benzene,C1=CC=CC=C1,cho,78.11399999999999,78.108,7.681081496258013e-05,0,6,0,0,0,False,0
V1,2,187,0.038371700793504715,0.26480627059936523,santonin,CC1C2CCC3(C=CC(=O)C(=C3C2OC1=O)C)C,cho,246.30599999999998,248.22,-0.00777082166086096,0,18,0,0,0,False,0
V1,2,200,0.011206937953829765,0.14485788345336914,"2-methyl-1,3-propanediol",CC(CO)CO,cho,90.122,90.12,2.2192139544130463e-05,0,6,0,0,0,False,0
V1,2,201,0.003473785473033786,0.04469558596611023,3-methyl-2-butanol,CC(C)C(C)O,cho,88.14999999999999,88.146,4.537719795794093e-05,0,6,0,0,0,False,0
V1,2,203,0.01448704581707716,0.05161767080426216,"1,3-propanediol",C(CO)CO,cho,76.095,76.094,1.3141467901989223e-05,0,5,0,0,0,False,0
V1,2,210,0.020451685413718224,0.9733268618583679,maltoheptaose,C(C1C(C(C(C(O1)OC2C(OC(C(C2O)O)OC3C(OC(C(C3O)O)OC4C(OC(C(C4O)O)OC5C(OC(C(C5O)O)OC6C(OC(C(C6O)O)OC7C(OC(C(C7O)O)O)CO)CO)CO)CO)CO)CO)O)O)O)O,cho,1153.002,1152.7620000000002,0.00020815228421089405,0,78,0,0,0,False,0
V1,2,228,0.08305777609348297,0.21946187317371368,4-cyanoaniline,C1=CC(=CC=C1C#N)N,bimog_n_only,118.139,88.102,0.25425134798838656,2,9,0,0,2,True,2
V1,2,231,0.024315055459737778,0.09751605242490768,m-toluidine,CC1=CC(=CC=C1)N,bimog_n_only,107.15599999999999,91.12600000000002,0.14959498301541652,1,8,0,0,1,True,1
V1,2,236,0.029691418632864952,0.2525717616081238,4-nitro-1-naphthylamine,C1=CC=C2C(=C1)C(=CC=C2[N+](=O)[O-])N,bimog_n_only,188.18599999999998,172.138,0.08527733200131771,1,14,0,0,2,True,1
V1,2,240,0.07990976423025131,0.49630624055862427,cinchonine,C=CC1CN2CCC1CC2C(C3=CC=NC4=CC=CC=C34)O,bimog_n_only,294.39799999999997,266.36600000000004,0.09521803816601992,2,22,0,0,2,True,2
V1,2,241,0.025230493396520615,0.3867878019809723,brucine,COC1=C(C=C2C(=C1)C34CCN5C3CC6C7C4N2C(=O)CC7OCC=C6C5)OC,bimog_n_only,394.471,366.33480000000003,0.07132640929244471,2,29,0,0,2,True,2
V1,2,243,0.033669643104076385,0.47856831550598145,benzyl n-phenylcarbamate,C1=CC=C(C=C1)COC(=O)NC2=CC=CC=C2,bimog_n_only,227.26299999999998,213.2268,0.06176192341032183,1,17,0,0,1,True,1
V1,2,249,0.1013341173529625,1.6774132251739502,eserine,CC12CCN(C1N(C3=C2C=C(C=C3)OC(=O)NC)C)C,bimog_n_only,275.352,249.2748,0.09470495947006008,2,20,0,0,3,True,2
V1,2,251,0.05143280699849129,0.4730908274650574,acetaminophen,CC(=O)NC1=CC=C(C=C1)O,bimog_n_only,151.165,136.08200000000002,0.09977838785433113,1,11,0,0,1,True,1
V1,2,255,0.05276036262512207,0.9694685935974121,quinidine,COC1=CC2=C(C=CN=C2C=C1)C(C3CC4CCN3CC4C=C)O,bimog_n_only,324.424,296.358,0.08651024585110834,2,24,0,0,2,True,2
V1,2,257,0.015409447252750397,0.12884210050106049,phenylbutazone,CCCCC1C(=O)N(N(C1=O)C2=CC=CC=C2)C3=CC=CC=C3,bimog_n_only,308.381,282.312,0.08453503944795548,2,23,0,0,2,True,2
V1,2,263,0.03075270727276802,0.6681893467903137,nimodipine,CC1=C(C(C(=C(N1)C)C(=O)OC(C)C)C2=CC(=CC=C2)[N+](=O)[O-])C(=O)OCCOC,bimog_n_only,418.44599999999997,407.326,0.026574516186078867,1,30,0,0,2,True,1
V1,2,275,0.007527303881943226,0.06807887554168701,iodobenzene,C1=CC=C(C=C1)I,bimog_hal_only,204.01,77.10000000000001,0.6220773491495515,1,7,1,0,0,True,0
V1,2,280,0.022412585094571114,0.19109709560871124,glibenclamide,COC1=C(C=C(C=C1)Cl)C(=O)NCCC2=CC=C(C=C2)S(=O)(=O)NC(=O)NC3CCCCC3,bimog_n_and_hal,494.013,411.2800000000001,0.16747130136251454,3,33,1,1,3,True,2
V1,2,281,0.06076894327998161,1.2047849893569946,triphenyl phosphite,C1=CC=C(C=C1)OP(OC2=CC=CC=C2)OC3=CC=CC=C3,bimog_n_only,310.289,321.3804,-0.03574538575328168,1,22,0,0,0,True,1
V1,2,294,0.026053180918097496,0.3009558618068695,chorotrianisene,COC1=CC=C(C=C1)C(=C(C2=CC=C(C=C2)OC)Cl)C3=CC=C(C=C3)OC,bimog_hal_only,380.871,345.296,0.09340432849967573,1,27,1,0,0,True,0
V1,2,305,0.26032209396362305,1.660610556602478,2-ethylhexylamine,CCCCC(CC)CN,bimog_n_only,129.24699999999999,129.19,0.00044101603905688513,0,9,0,0,1,False,0
V1,2,310,0.01678917370736599,0.3494258522987366,"n-(r-1-phenylethyl)-1,8-naphthalimide",CC(c1ccccc1)n2c(=O)c4cccc3cccc(c2=O)c34,bimog_n_only,301.34499999999997,285.26800000000003,0.053350810532777904,1,23,0,0,1,True,1
V1,2,314,0.004386984743177891,0.06003269553184509,"1-methyl-1-(p-hydroxyphenyl)-1,2,3,4tetrahydronaphthalene",CC3(c1ccc(O)cc1)CCCc2ccccc23,cho,238.32999999999998,238.29600000000005,0.00014265933789259222,0,18,0,0,0,False,0
V1,2,316,0.028420578688383102,0.2889690399169922,n-(r-1-phenylethyl)-n’-(p-nitrophenyl)thiourea,CC(NC(=S)Nc1ccc(N(=O)=O)cc1)c2ccccc2,bimog_n_only,301.371,254.226,0.15643509163124514,2,21,0,1,3,True,2
V1,2,317,0.018034351989626884,0.6524184942245483,1-menthyl-3-nitrophenylurethane,CC(C)C1CCC(C)CC1OC(=O)Nc2cccc(N(=O)=O)c2,bimog_n_only,320.389,306.31600000000003,0.04392472900130773,1,23,0,0,2,True,1
V1,2,319,0.04396308213472366,0.7854546308517456,"1,1,3-trimethyl-3-(p-carboxyphenyl)-indan-5-carboxylic acid",CC3(C)CC(C)(c1ccc(C(=O)O)cc1)c2cc(C(=O)O)ccc23,cho,324.376,324.324,0.00016030779095854708,0,24,0,0,0,False,0
V1,2,320,0.08519017696380615,1.9960479736328125,"2-benzyl-(3,3’)spirobi-(benzo[f]chroman)",c7ccc(CC3CC2C(CCC1CCCCC12)OC36CCC5C(CCC4CCCCC45)O6)cc7,cho,462.71799999999996,462.65200000000004,0.00014263547128035015,0,34,0,0,0,False,0
V1,2,322,0.008721480146050453,0.6610156893730164,"n-( 1-phenylethyl)-2,4-dinitroaniline",CC(Nc1ccc(N(=O)=O)cc1N(=O)=O)c2ccccc2,bimog_n_only,287.275,287.19800000000004,0.00026803585414647557,0,21,0,0,3,False,0
V1,2,329,0.011161411181092262,0.08364597707986832,n-pentyl-p-nitrophenylurethane,CCCCCOC(=O)Nc1ccc(N(=O)=O)cc1,bimog_n_only,252.26999999999998,238.22079999999997,0.055691124588734375,1,18,0,0,2,True,1
V1,2,334,0.007162890397012234,0.05202595144510269,testosterone,CC12CCC3C(C1CCC2O)CCC4=CC(=O)CCC34C,cho,288.431,288.37800000000004,0.0001837527866281885,0,21,0,0,0,False,0
V1,2,340,0.015191547572612762,0.6007590293884277,Aripiprazole,C1CC(=O)NC2=C1C=CC(=C2)OCCCCN3CCN(CC3)C4=C(C(=CC=C4)Cl)Cl,bimog_n_and_hal,448.394,334.4028,0.25422106451022985,5,30,2,0,3,True,3
V1,2,342,0.02881551906466484,0.5862108469009399,Danazol,CC12CCC3C(C1CCC2(C#C)O)CCC4=CC5=C(CC34C)C=NO5,bimog_n_only,337.46299999999997,324.4448000000001,0.03857667359088213,1,25,0,0,1,True,1
V1,2,343,0.03718658164143562,0.5949372053146362,Bezafibrate,CC(C)(C(=O)O)OC1=CC=C(C=C1)CCNC(=O)C2=CC=C(C=C2)Cl,bimog_n_only,361.825,328.278,0.09271609203344144,1,25,1,0,1,True,0
V1,2,344,0.011263033375144005,0.07653781026601791,Ezetimibe,C1=CC(=CC=C1C2C(C(=O)N2C3=CC=C(C=C3)F)CCC(C4=CC=C(C=C4)F)O)O,bimog_n_and_hal,409.43199999999996,358.3620000000001,0.12473377752593806,3,30,2,0,1,True,1
V1,2,353,0.014913951978087425,0.15220661461353302,Clotrimazole,C1=CC=C(C=C1)C(C2=CC=CC=C2)(C3=CC=CC=C3Cl)N4C=CN=C4,bimog_n_and_hal,344.84499999999997,281.356,0.18410880250547346,3,25,1,0,2,True,2
V1,2,361,0.01797442138195038,0.22009292244911194,Isradipine,CC1=C(C(C(=C(N1)C)C(=O)OC(C)C)C2=CC=CC3=NON=C32)C(=O)OC,bimog_n_only,371.393,333.3188,0.10251727953946355,3,27,0,0,3,True,3
V1,2,366,0.016959641128778458,0.12906484305858612,Flurbiprofen,CC(C1=CC(=C(C=C1)C2=CC=CC=C2)F)C(=O)O,bimog_hal_only,244.265,225.236,0.07790309704624077,1,18,1,0,0,True,0
V1,2,367,0.012770247645676136,0.24701419472694397,Fenofibrate,CC(C)OC(=O)C(C)(C)OC1=CC=C(C=C1)C(=O)C2=CC=C(C=C2)Cl,bimog_hal_only,360.837,329.34680000000003,0.08726987531766406,1,25,1,0,0,True,0
V1,2,1,0.052831828594207764,0.3986801505088806,tartaric acid,O=C(O)C(O)C(O)C(=O)O,cho,150.086,150.052,0.00022653678557638113,0,10,0,0,0,False,0
V1,2,2,0.048492178320884705,0.18739990890026093,"1,2,3-propanetricarboxylic acid",C(C(CC(=O)O)C(=O)O)C(=O)O,cho,176.124,176.07,0.00030660216665534534,0,12,0,0,0,False,0
V1,2,3,0.030751680955290794,0.21534189581871033,"1,2,4-butanetricarboxylic acid",C(CC(=O)O)C(CC(=O)O)C(=O)O,cho,190.151,190.096,0.00028924381149719736,0,13,0,0,0,False,0
V1,2,8,0.026195103302598,0.22950033843517303,methanol,CO,cho,32.042,32.042,0.0,0,2,0,0,0,False,0
V1,2,17,0.010115591809153557,0.04286559671163559,"propan-1,2-diol",CC(O)CO,cho,76.095,76.094,1.3141467901989223e-05,0,5,0,0,0,False,0
V1,2,25,0.009729944169521332,0.1211194396018982,2-butanol,CCC(C)O,cho,74.12299999999999,74.12,4.04732674066377e-05,0,5,0,0,0,False,0
V1,2,26,0.002917479258030653,0.024229729548096657,"2,2-dimethyl-1-propanol",CC(CO)(C)C,cho,88.14999999999999,88.146,4.537719795794093e-05,0,6,0,0,0,False,0
V1,2,27,0.01124506164342165,0.04986564442515373,o-xylene,CC1=C(C)C=CC=C1,cho,106.16799999999999,106.16000000000001,7.535227187083215e-05,0,8,0,0,0,False,0
V1,2,32,0.0192339438945055,0.26636800169944763,4-methylstyrene,CC1=CC=C(C=C1)C=C,cho,118.17899999999999,118.17000000000002,7.615566217322733e-05,0,9,0,0,0,False,0
V1,2,35,0.008178564719855785,0.04473979398608208,ethylbenzene,CCc1ccccc1,cho,106.16799999999999,106.16000000000001,7.535227187083215e-05,0,8,0,0,0,False,0
V1,2,42,0.012953202240169048,0.08838886767625809,cyclohexene,C1CCC=CC1,cho,82.146,82.10400000000001,0.0005112847856254543,0,6,0,0,0,False,0
V1,2,45,0.011211994104087353,0.03671925514936447,isopropylcyclohexane,CC(C)C1CCCCC1,cho,126.243,126.23400000000001,7.129108148562491e-05,0,9,0,0,0,False,0
V1,2,51,0.02311481162905693,0.07801035046577454,1-heptene,CCCCCC=C,cho,98.189,98.182,7.129108148562491e-05,0,7,0,0,0,False,0
V1,2,56,0.006727135274559259,0.028768429532647133,"2,5-hexanediol",CC(CCC(C)O)O,cho,118.176,118.172,3.384782020043886e-05,0,8,0,0,0,False,0
V1,2,57,0.006609019823372364,0.04691461846232414,n-eugenol,COC1=C(C=CC(=C1)CC=C)O,cho,164.204,164.144,0.0003653991376580956,0,12,0,0,0,False,0
V1,2,58,0.01887340284883976,0.23508162796497345,sorbitol,C(C(C(C(C(CO)O)O)O)O)O,cho,182.172,182.172,0.0,0,12,0,0,0,False,0
V1,2,65,0.0836014375090599,0.5837169885635376,vinylacetate,CC(=O)OC=C,cho,86.09,86.04400000000001,0.0005343245440816435,0,6,0,0,0,False,0
V1,2,66,0.013946729712188244,0.09053819626569748,xylitol,C(C(C(C(CO)O)O)O)O,cho,152.146,152.14600000000002,-2.220446049250313e-16,0,10,0,0,0,False,0
V1,2,70,0.061501432210206985,0.34054237604141235,3-hydroxy-2-methylpropionate,CC(CO)C(=O)OC,cho,118.132,119.102,-0.00821115362475866,0,8,0,0,0,False,0
V1,2,73,0.021301044151186943,0.40439170598983765,2p-hydroxyphenoxytetrahydropyran,C1CCOC(C1)OC2=CC=CC=C2O,cho,194.23,194.1868,0.00022241672244238675,0,14,0,0,0,False,0
V1,2,79,0.0285013560205698,0.08763659000396729,lactic acid,CC(C(=O)O)O,cho,90.078,90.06,0.00019982681675878577,0,6,0,0,0,False,0
V1,2,98,0.023206233978271484,0.24944253265857697,cholecalciterol,CC(C)CCCC(C)C1CCC2C1(CCCC2=CC=C3CC(CCC3=C)O)C,cho,384.64799999999997,384.58600000000007,0.00016118633139883265,0,28,0,0,0,False,0
V1,2,102,0.07678532600402832,0.9281137585639954,17b-estradiol,CC12CCC3C(C1CCC2O)CCC4=C3C=CC(=C4)O,cho,272.388,272.35400000000004,0.00012482194516616474,0,20,0,0,0,False,0
V1,2,106,0.022804642096161842,0.4732801914215088,citric acid,C(C(=O)O)C(CC(=O)O)(C(=O)O)O,cho,192.123,192.07,0.0002758649406889857,0,13,0,0,0,False,0
V1,2,108,0.0076412176713347435,0.059565115720033646,n-nonanol,CCCCCCCCCO,cho,144.25799999999998,144.25000000000003,5.5456196536463054e-05,0,10,0,0,0,False,0
V1,2,109,0.007416150067001581,0.03127623349428177,2-pentanol,CCCC(C)O,cho,88.14999999999999,88.146,4.537719795794093e-05,0,6,0,0,0,False,0
V1,2,110,0.011178660206496716,0.07746097445487976,3-pentanol,CCC(CC)O,cho,88.14999999999999,88.146,4.537719795794093e-05,0,6,0,0,0,False,0
V1,2,114,0.011401327326893806,0.02159305475652218,3-methyl-4-octanol,CCCCC(C(C)CC)O,cho,144.25799999999998,144.25000000000003,5.5456196536463054e-05,0,10,0,0,0,False,0
V1,2,116,0.00825350359082222,0.10772433131933212,2-methyl-2-butanol,CCC(C)(C)O,cho,88.14999999999999,88.146,4.537719795794093e-05,0,6,0,0,0,False,0
V1,2,121,0.011232723481953144,0.035728633403778076,6-methyl-1-heptanol,CC(C)CCCCCO,cho,130.231,130.22400000000002,5.37506430878798e-05,0,9,0,0,0,False,0
V1,2,123,0.22103536128997803,1.1728684902191162,diisopropylether,CC(C)OC(C)C,cho,102.17699999999999,102.154,0.00022509958209770975,0,7,0,0,0,False,0
V1,2,127,0.05210568755865097,0.22344744205474854,ethyl acetate,CCOC(=O)C,cho,88.106,88.06,0.0005220983814949731,0,6,0,0,0,False,0
V1,2,141,0.010385232977569103,0.0259039755910635,3-methyl-4-heptanol,CCCC(C(C)CC)O,cho,130.231,130.22400000000002,5.37506430878798e-05,0,9,0,0,0,False,0
V1,2,142,0.006543879397213459,0.0393950454890728,6-methyl-2-heptanol,CC(C)CCCC(C)O,cho,130.231,130.22400000000002,5.37506430878798e-05,0,9,0,0,0,False,0
V1,2,148,0.00575867248699069,0.06606873869895935,diisobutylphthalat,CC(C)COC(=O)C1=CC=CC=C1C(=O)OCC(C)C,cho,278.348,280.3176,-0.007076034316754631,0,20,0,0,0,False,0
V1,2,154,0.008305621333420277,0.08305774629116058,menthol,CC1CCC(C(C1)O)C(C)C,cho,156.269,156.26000000000002,5.759299669150231e-05,0,11,0,0,0,False,0
V1,2,161,0.011515297926962376,0.07076539844274521,"1,2-butanediol",CCC(CO)O,cho,90.122,90.12,2.2192139544130463e-05,0,6,0,0,0,False,0
V1,2,165,0.007961297407746315,0.02315560355782509,"2,2-dimethyl-1-pentanol",CCCC(C)(C)CO,cho,116.204,116.19799999999998,5.163333448088281e-05,0,8,0,0,0,False,0
V1,2,176,0.008418726734817028,0.026679646223783493,4-methyl-4-nonanol,CCCCCC(C)(CCC)O,cho,158.285,158.276,5.6859462362113256e-05,0,11,0,0,0,False,0
V1,2,177,0.03185277432203293,0.1463206708431244,4-methyl-undecane,CCCCCCCC(C)CCC,cho,170.34,170.328,7.044734061290026e-05,0,12,0,0,0,False,0
V1,2,180,0.022205637767910957,0.20886430144309998,fructose,C1C(C(C(C(O1)(CO)O)O)O)O,cho,180.156,180.1568,-4.440595927857061e-06,0,12,0,0,0,False,0
V1,2,183,0.008204033598303795,0.023247092962265015,3-methyl-1-butanol,CC(C)CCO,cho,88.14999999999999,88.146,4.537719795794093e-05,0,6,0,0,0,False,0
V1,2,197,0.024132724851369858,0.1736377328634262,"2-ethyl-1,3-hexanediol",CCCC(C(CC)CO)O,cho,146.23,146.224,4.103125213705816e-05,0,10,0,0,0,False,0
V1,2,209,0.01490611769258976,0.2473643720149994,levoglucosan,C1C2C(C(C(C(O1)O2)O)O)O,cho,162.141,162.1228,0.00011224798169484629,0,11,0,0,0,False,0
V1,2,217,0.060704708099365234,0.2807053327560425,rhamnose,CC1C(C(C(C(O1)O)O)O)O,cho,164.157,164.138,0.00011574285592452771,0,11,0,0,0,False,0
V1,2,221,0.024149375036358833,0.3933151364326477,"3-methyl-1,2,3-butanetricarboxylic acid",CC(C)(C(CC(=O)O)C(=O)O)C(=O)O,cho,204.178,204.122,0.0002742704894748149,0,14,0,0,0,False,0
V1,2,223,0.017874304205179214,0.035489995032548904,"1,2-dimethylcyclohexane",CC1CCCCC1C,cho,112.216,112.208,7.129108148562491e-05,0,8,0,0,0,False,0
V1,2,227,0.0675857663154602,0.47445258498191833,butyronitrile,CCCC#N,bimog_n_only,69.107,55.096,0.20274357156293865,1,5,0,0,1,True,1
V1,2,233,0.07447894662618637,0.2025412768125534,pyridine,C1=CC=NC=C1,bimog_n_only,79.10199999999999,65.09,0.1771383782963767,1,6,0,0,1,True,1
V1,2,234,0.020843390375375748,0.11770929396152496,2-methoxy-4-nitroaniline,COC1=C(C=CC(=C1)[N+](=O)[O-])N,bimog_n_only,168.152,152.074,0.09561587135448868,1,12,0,0,2,True,1
V1,2,258,0.01898868754506111,0.7571408748626709,quinineethylcarbonate,CCOC(=O)OC(C1CC2CCN1CC2C=C)C3=C4C=C(C=CC4=NC=C3)OC,bimog_n_only,396.48699999999997,369.3928000000001,0.06833565791564389,2,29,0,0,2,True,2
V1,2,262,0.012138983234763145,0.04164950177073479,amobarbital,CCC1(C(=O)NC(=O)NC1=O)CCC(C)C,bimog_n_only,226.27599999999998,199.208,0.11962382223479284,2,16,0,0,2,True,2
V1,2,266,0.014638707041740417,0.04367922618985176,isobutylbromide,CC(C)CBr,bimog_hal_only,137.01999999999998,57.112,0.5831849365056195,1,5,1,0,0,True,0
V1,2,267,0.012288806028664112,0.04065864160656929,isoamylbromide,CC(C)CCBr,bimog_hal_only,151.047,71.138,0.529034009281879,1,6,1,0,0,True,0
V1,2,271,0.013334291987121105,0.07575277984142303,tert-butyl-chloride,CC(C)(C)Cl,bimog_hal_only,92.569,57.112,0.3830331968585595,1,5,1,0,0,True,0
V1,2,272,0.03367452695965767,0.14944195747375488,1 -bromopropane,CCCBr,bimog_hal_only,122.993,43.086,0.6496873805826348,1,4,1,0,0,True,0
V1,2,273,0.01397946197539568,0.047795750200748444,1-iodobutane,CCCCI,bimog_hal_only,184.01999999999998,57.112,0.6896424301706336,1,5,1,0,0,True,0
V1,2,277,0.34845593571662903,1.5189075469970703,trichloroethylene,ClC=C(Cl)Cl,bimog_hal_only,131.389,25.028,0.8095122118289964,3,5,3,0,0,True,0
V1,2,279,0.02489853836596012,0.5062494277954102,griseofulvin,CC1CC(=O)C=C(C12C(=O)C3=C(O2)C(=C(C=C3OC)OC)Cl)OC,bimog_hal_only,352.77,319.148,0.09530855798395543,1,24,1,0,0,True,0
V1,2,283,0.024593910202383995,0.026083018630743027,4-chloroaniline,C1=CC(=CC=C1N)Cl,bimog_n_and_hal,127.574,76.09200000000001,0.4035461771207298,2,8,1,0,1,True,1
V1,2,287,0.017804818227887154,0.12152226269245148,3-trifluoromethylaniline,C1=CC(=CC(=C1)N)C(F)(F)F,bimog_n_and_hal,161.126,88.102,0.45321053088886953,4,11,3,0,1,True,1
V1,2,297,0.02158370614051819,0.23069730401039124,chlormadinone acetate,CC(=O)C1(CCC2C1(CCC3C2C=C(C4=CC(=O)CCC34C)Cl)C)OC(=O)C,bimog_hal_only,404.93399999999997,369.33799999999997,0.08790568339531879,1,28,1,0,0,True,0
V1,2,308,0.014873134903609753,0.312299519777298,"n-(r-1-phenylethyl)-2,2’-diphenic imide",CC(c1ccccc1)n4c(=O)c2ccccc2c3ccccc3c4=O,bimog_n_only,327.383,311.30400000000003,0.049113729179584675,1,25,0,0,1,True,1
V1,2,309,0.018777795135974884,0.35613369941711426,"n-(r-1-phenylethyl)-4-nitro-1,8-naphthalimide",CC(c1ccccc1)n2c(=O)c4cccc3c(N(=O)=O)ccc(c2=O)c34,bimog_n_only,346.342,330.25,0.04646274491687408,1,26,0,0,2,True,1
V1,2,324,0.018983587622642517,0.22460384666919708,"9,9-bis(p-hydroxyphenyl)fluorene",Oc5ccc(C4(c1ccc(O)cc1)c2ccccc2c3ccccc34)cc5,cho,350.417,350.358,0.0001683708267576911,0,27,0,0,0,False,0
V1,2,325,0.025525908917188644,0.3493589460849762,"9,9-bis(p-aminophenyl)fluorene",Nc5ccc(C4(c1ccc(N)cc1)c2ccccc2c3ccccc34)cc5,bimog_n_only,348.44899999999996,316.37800000000004,0.09203929412912626,2,27,0,0,2,True,2
V1,2,331,0.03063901886343956,0.6752307415008545,prednisone,CC12CC(=O)C3C(C1CCC2(C(=O)CO)O)CCC4=CC(=O)C=CC34C,cho,358.43399999999997,359.3,-0.0024160654402205495,0,26,0,0,0,False,0
V1,2,333,0.061699043959379196,1.3241170644760132,warfarin,CC(=O)CC(C1=CC=CC=C1)C2=C(C3=CC=CC=C3OC2=O)O,cho,308.33299999999997,310.2540000000001,-0.00623027700570522,0,23,0,0,0,False,0
V1,2,337,0.058370184153318405,0.7776138782501221,fluorescamin,C1=CC=C(C=C1)C2=COC3(C2=O)C4=CC=CC=C4C(=O)O3,cho,278.263,295.2468,-0.06103506395029168,0,21,0,0,0,False,0
V1,2,345,0.01943046599626541,0.6477636098861694,Glafenine,C1=CC=C(C(=C1)C(=O)OCC(CO)O)NC2=C3C=CC(=CC3=NC=C2)Cl,bimog_n_and_hal,372.808,309.3088,0.17032681702109387,3,26,1,0,2,True,2
V1,2,351,0.007093608379364014,0.3958638906478882,Loratadine,CCOC(=O)N1CCC(=C2C3=C(CCC4=C2N=CC=C4)C=C(C=C3)Cl)CC1,bimog_n_and_hal,382.89099999999996,320.39480000000003,0.1632219091072915,3,27,1,0,2,True,2
V1,2,360,0.01626886986196041,0.6883121728897095,Linaprazan,CC1=C(C(=CC=C1)C)CNC2=CC(=CN3C2=NC(=C3C)C)C(=O)NCCO,bimog_n_only,366.465,339.34000000000003,0.07401798261771231,2,27,0,0,4,True,2
V1,2,364,0.008312791585922241,0.18348264694213867,Aceclofenac,C1=CC=C(C(=C1)CC(=O)OCC(=O)O)NC2=C(C=CC=C2Cl)Cl,bimog_n_and_hal,354.189,268.202,0.24277151464331193,3,23,2,0,1,True,1
V1,2,9,0.009212655015289783,0.060248423367738724,ethylenglycol,OCCO,cho,62.068,62.068,0.0,0,4,0,0,0,False,0
V1,2,12,0.1036967784166336,0.646560788154602,flopropione,CCC(=O)C1=C(C=C(C=C1O)O)O,cho,182.17499999999998,182.08,0.0005214766021680584,0,13,0,0,0,False,0
V1,2,13,0.005258721299469471,0.025462012737989426,2-methyl-1-propanol,CC(C)CO,cho,74.12299999999999,74.11999999999999,4.047326740685975e-05,0,5,0,0,0,False,0
V1,2,14,0.004817270673811436,0.040716588497161865,n-hexanol,CCCCCCO,cho,102.17699999999999,102.172,4.8934691760371685e-05,0,7,0,0,0,False,0
V1,2,16,0.15655162930488586,0.39451494812965393,benzyl alcohol,c1ccc(cc1)CO,cho,108.14,108.134,5.548363232843467e-05,0,8,0,0,0,False,0
V1,2,22,0.004481145180761814,0.028355762362480164,2-ethyl-1-hexanol,CCCCC(CC)CO,cho,130.231,130.22400000000002,5.37506430878798e-05,0,9,0,0,0,False,0
V1,2,24,0.14435341954231262,0.37826862931251526,2-phenyl-1-ethanol,c1ccc(cc1)CCO,cho,122.167,122.16000000000001,5.7298615829037836e-05,0,9,0,0,0,False,0
V1,2,29,0.014231515116989613,0.04076779633760452,2-methylpentane,CCCC(C)C,cho,86.178,86.172,6.962333774285234e-05,0,6,0,0,0,False,0
V1,2,33,0.021437540650367737,0.1565224826335907,o-terphenyl,C1=CC=C(C=C1)C2=CC=CC=C2C3=CC=CC=C3,cho,230.30999999999997,230.29200000000003,7.815552950352078e-05,0,18,0,0,0,False,0
V1,2,37,0.014709815382957458,0.05385301634669304,n-pentylbenzene,CCCCCC1=CC=CC=C1,cho,148.249,148.238,7.419948869802351e-05,0,11,0,0,0,False,0
V1,2,39,0.008962662890553474,0.04350053519010544,sec-butylbenzene,CCC(C)C1=CC=CC=C1,cho,134.22199999999998,134.212,7.450343460824183e-05,0,10,0,0,0,False,0
V1,2,44,0.005623683333396912,0.03057953715324402,ethylcyclohexane,CCC1CCCCC1,cho,112.216,112.20800000000001,7.129108148551389e-05,0,8,0,0,0,False,0
V1,2,47,0.012390480376780033,0.032099414616823196,n-butylcyclohexane,CCCCC1CCCCC1,cho,140.26999999999998,140.26,7.129108148562491e-05,0,10,0,0,0,False,0
V1,2,49,0.012525433674454689,0.05730777233839035,n-hexylcyclohexane,CCCCCCC1CCCCC1,cho,168.32399999999998,168.31199999999998,7.129108148573593e-05,0,12,0,0,0,False,0
V1,2,50,0.00872226431965828,0.05867161601781845,trans-2-hexene,CCCC=CC,cho,84.16199999999999,84.12,0.0004990375703998184,0,6,0,0,0,False,0
V1,2,59,0.14214518666267395,1.4302443265914917,propylencarbonate,CC1COC(=O)O1,cho,102.089,103.06080000000001,-0.009519145059702971,0,7,0,0,0,False,0
V1,2,61,0.005326985847204924,0.3231715261936188,sucrose,C(C1C(C(C(C(O1)OC2(C(C(C(O2)CO)O)O)CO)O)O)O)O,cho,342.297,342.242,0.0001606791762709392,0,23,0,0,0,False,0
V1,2,62,0.013035716488957405,0.08369018882513046,trehalose,C(C1C(C(C(C(O1)OC2C(C(C(C(O2)CO)O)O)O)O)O)O)O,cho,342.297,342.242,0.0001606791762709392,0,23,0,0,0,False,0
V1,2,63,0.01619512215256691,0.1087854728102684,dioctylphthalat,CCCCCCCCOC(=O)C1=CC=CC=C1C(=O)OCCCCCCCC,cho,390.56399999999996,392.5256,-0.0050224803105254345,0,28,0,0,0,False,0
V1,2,71,0.015349579975008965,0.97887122631073,dianin’s compound,CC1(CC(C2=CC=CC=C2O1)(C)C3=CC=C(C=C3)O)COc1ccc(cc1)C2(c3c(OC(C2)(C)C)cccc3)C,cho,534.696,536.6268000000001,-0.0036110238341040546,0,40,0,0,0,False,0
V1,2,75,0.021880825981497765,0.19500502943992615,cholesterol,CC(C)CCCC(C)C1CCC2C1(CCC3C2CC=C4C3(CCC(C4)O)C)C,cho,386.664,386.63800000000003,6.724184304707226e-05,0,28,0,0,0,False,0
V1,2,80,0.09816814213991165,0.3558811843395233,epoxypropane,CC1CO1,cho,58.08,58.0788,2.0661157024703947e-05,0,4,0,0,0,False,0
V1,2,88,0.007540218532085419,0.03722626715898514,m-cresol,CC1=CC(=CC=C1)O,cho,108.14,108.11600000000001,0.0002219345293137387,0,8,0,0,0,False,0
V1,2,91,0.006606870796531439,0.1472826898097992,norethylnodrel,CC12CCC3C(C1CCC2(C#C)O)CCC4=C3CCC(=O)C4,cho,298.426,298.37200000000007,0.00018094938108581538,0,22,0,0,0,False,0
V1,2,92,0.024188900366425514,0.8301235437393188,beta-estradiol-3-benzoate,CC12CCC3C(C1CCC2O)CCC4=C3C=CC(=C4)OC(=O)C5=CC=CC=C5,cho,376.496,378.47280000000006,-0.005250520589860308,0,28,0,0,0,False,0
V1,2,105,0.02213418111205101,0.2872307598590851,progesterone,CC(=O)C1CCC2C1(CCC3C2CCC4=CC(=O)CCC34C)C,cho,314.469,314.37,0.0003148164047965807,0,23,0,0,0,False,0
V1,2,120,0.008168881759047508,0.05694829300045967,3-methyl-3-heptanol,CCCCC(C)(CC)O,cho,130.231,130.22400000000002,5.37506430878798e-05,0,9,0,0,0,False,0
V1,2,122,0.04497795179486275,0.3725181221961975,diethylether,CCOCC,cho,74.12299999999999,74.1208,2.968039609818618e-05,0,5,0,0,0,False,0
V1,2,146,0.012641290202736855,0.04553375765681267,3-methylpentane,CCC(C)CC,cho,86.178,86.172,6.962333774285234e-05,0,6,0,0,0,False,0
V1,2,149,0.004953538067638874,0.023741981014609337,"1,4-pentanediol",CC(CCCO)O,cho,104.149,104.14599999999999,2.8804885308653105e-05,0,7,0,0,0,False,0
V1,2,153,0.15284213423728943,1.2216517925262451,2-methyltetrahydrofuran,CC1CCCO1,cho,86.134,86.104,0.0003482945178443497,0,6,0,0,0,False,0
V1,2,155,0.019913682714104652,0.04801105335354805,n-butylbenzene,CCCCC1=CC=CC=C1,cho,134.22199999999998,134.212,7.450343460824183e-05,0,10,0,0,0,False,0
V1,2,164,0.005199241451919079,0.05696992948651314,"2,2-dimethyl-1-butanol",CCC(C)(C)CO,cho,102.17699999999999,102.172,4.8934691760371685e-05,0,7,0,0,0,False,0
V1,2,168,0.005109385121613741,0.02484382875263691,3-hexanol,CCCC(CC)O,cho,102.17699999999999,102.172,4.8934691760371685e-05,0,7,0,0,0,False,0
V1,2,172,0.0061088791117072105,0.05510903522372246,3-methyl-4-nonanol,CCCCCC(C(C)CC)O,cho,158.285,158.276,5.6859462362113256e-05,0,11,0,0,0,False,0
V1,2,181,0.00439393101260066,0.03848280757665634,n-heptanol,CCCCCCCO,cho,116.204,116.198,5.1633334480771786e-05,0,8,0,0,0,False,0
V1,2,188,0.025483429431915283,0.7527968883514404,maltotetraose,C(C1C(C(C(C(O1)OC2C(OC(C(C2O)O)OC3C(OC(C(C3O)O)OC4C(OC(C(C4O)O)O)CO)CO)CO)O)O)O)O,cho,666.579,666.4499999999999,0.000193525448596521,0,45,0,0,0,False,0
V1,2,189,0.009899361990392208,0.23806042969226837,malic acid,C(C(C(=O)O)O)C(=O)O,cho,134.087,134.052,0.00026102455868204366,0,9,0,0,0,False,0
V1,2,190,0.02786627970635891,0.10606478154659271,pinonic acid,CC(=O)C1CC(C1(C)C)CC(=O)O,cho,184.23499999999999,184.166,0.000374521670692296,0,13,0,0,0,False,0
V1,2,191,0.005968471057713032,0.06397722661495209,"2-methylbutane-1,2,3,4-tetraol",CC(CO)(C(CO)O)O,cho,136.147,136.146,7.345002093317454e-06,0,9,0,0,0,False,0
V1,2,192,0.06314998120069504,0.37163013219833374,"1,2-isopooh",C=C(C)C(CO)OO,cho,118.132,118.09400000000001,0.0003216740595266554,0,8,0,0,0,False,0
V1,2,199,0.01082049310207367,0.0735936313867569,"1,2,6-hexanetriol",C(CCO)CC(CO)O,cho,134.175,134.17200000000003,2.2358859698035083e-05,0,9,0,0,0,False,0
V1,2,202,0.0052091642282903194,0.06820188462734222,"3-methyl-1,3,5-pentanetriol",CC(CCO)(CCO)O,cho,134.175,134.17200000000003,2.2358859698035083e-05,0,9,0,0,0,False,0
V1,2,204,0.016331208869814873,0.29096126556396484,gentiobiose,C(C1C(C(C(C(O1)OCC2C(C(C(C(O2)O)O)O)O)O)O)O)O,cho,342.297,342.2608,0.00010575611238194949,0,23,0,0,0,False,0
V1,2,211,0.026659011840820312,0.5908933877944946,maltohexaose,C(C1C(C(C(C(O1)OC2C(OC(C(C2O)O)OC3C(OC(C(C3O)O)OC4C(OC(C(C4O)O)OC5C(OC(C(C5O)O)OC6C(OC(C(C6O)O)O)CO)CO)CO)CO)CO)O)O)O)O,cho,990.861,990.658,0.0002048723282074283,0,67,0,0,0,False,0
V1,2,212,0.025811994448304176,0.8694837689399719,maltopentaose,C(C1C(C(C(C(O1)OC2C(OC(C(C2O)O)OC3C(OC(C(C3O)O)OC4C(OC(C(C4O)O)OC5C(OC(C(C5O)O)O)CO)CO)CO)CO)O)O)O)O,cho,828.72,828.554,0.0002003089101265676,0,56,0,0,0,False,0
V1,2,213,0.01839943788945675,0.32088300585746765,maltotriose,C(C1C(C(C(C(O1)OC2C(OC(C(C2O)O)OC3C(OC(C(C3O)O)O)CO)CO)O)O)O)O,cho,504.438,504.34600000000006,0.00018238118460534025,0,34,0,0,0,False,0
V1,2,214,0.012333715334534645,0.07064469158649445,nigerose,C(C1C(C(C(C(O1)O)O)OC2C(C(C(C(O2)CO)O)O)O)O)O,cho,342.297,342.242,0.0001606791762709392,0,23,0,0,0,False,0
V1,2,222,0.008729918859899044,0.1061723381280899,cyclooctanol,C1CCCC(CCC1)O,cho,128.215,128.20800000000003,5.459579612354659e-05,0,9,0,0,0,False,0
V1,2,224,0.014404179528355598,0.050313401967287064,2-methylbutane,CCC(C)C,cho,72.151,72.146,6.929910881336987e-05,0,5,0,0,0,False,0
V1,2,230,0.0250789113342762,0.0580948106944561,2-naphthylamine,C1=CC=C2C=C(C=CC2=C1)N,bimog_n_only,143.189,127.15600000000002,0.11197089161876939,1,11,0,0,1,True,1
V1,2,244,0.032052893191576004,0.1788695603609085,methyl n-phenylcarbamate,COC(=O)NC1=CC=CC=C1,bimog_n_only,151.165,137.1,0.0930440247411769,1,11,0,0,1,True,1
V1,2,245,0.013454219326376915,0.06444381177425385,ethyl n-phenylcarbamate,CCOC(=O)NC1=CC=CC=C1,bimog_n_only,165.192,151.16080000000002,0.08493873795341167,1,12,0,0,1,True,1
V1,2,247,0.04803061857819557,1.2656980752944946,dibucaine,CCCCOC1=NC2=CC=CC=C2C(=C1)C(=O)NCCN(CC)CC,bimog_n_only,343.471,316.38880000000006,0.07884857819146285,2,25,0,0,3,True,2
V1,2,248,0.031120415776968002,0.16954636573791504,proxyphylline,CC(CN1C=NC2=C1C(=O)N(C(=O)N2C)C)O,bimog_n_only,238.24699999999999,184.192,0.22688638261971816,4,17,0,0,4,True,4
V1,2,252,0.05368046835064888,0.17445629835128784,diphylline,CN1C2=C(C(=O)N(C1=O)C)N(C=N2)CC(CO)O,bimog_n_only,254.24599999999998,200.192,0.21260511473140176,4,18,0,0,4,True,4
V1,2,254,0.02839851751923561,0.07142458856105804,phenobarbital,CCC1(C(=O)NC(=O)NC1=O)C2=CC=CC=C2,bimog_n_only,232.239,205.17000000000002,0.11655665069174426,2,17,0,0,2,True,2
V1,2,268,0.007116144988685846,0.0299091637134552,3-bromopentane,CCC(Br)CC,bimog_hal_only,151.047,71.138,0.529034009281879,1,6,1,0,0,True,0
V1,2,284,0.029562752693891525,0.154142826795578,"3,4-dichloroaniline",C1=CC(=C(C=C1N)Cl)Cl,bimog_n_and_hal,162.019,75.08400000000002,0.5365728710830211,3,9,2,0,1,True,1
V1,2,285,0.0065583735704422,0.04896143823862076,2-chloroaniline,C1=CC=C(C(=C1)N)Cl,bimog_n_and_hal,127.574,76.09200000000001,0.4035461771207298,2,8,1,0,1,True,1
V1,2,289,0.027919506654143333,0.25006136298179626,m-fluorophenol,C1=CC(=CC(=C1)F)O,bimog_hal_only,112.103,93.082,0.1696743173688483,1,8,1,0,0,True,0
V1,2,296,0.018587734550237656,0.05641155317425728,spironolactone,CC(=O)SC1CC2=CC(=O)CCC2(C3C1C4CCC5(C4(CC3)C)CCC(=O)O5)C,cho,416.58299999999997,384.38,0.07730272238665514,1,29,0,1,0,True,1
V1,2,299,0.023908767849206924,0.33485227823257446,sulphisoxazole,CC1=C(ON=C1C)NS(=O)(=O)C2=CC=C(C=C2)N,bimog_n_only,267.31,200.1488,0.2512483633234821,4,18,0,1,3,True,4
V1,2,304,0.03293026238679886,0.9153086543083191,probucol,CC(C)(C)C1=CC(=CC(=C1O)C(C)(C)C)SC(C)(C)SC2=CC(=C(C(=C2)C(C)(C)C)O)C(C)(C)C,cho,516.857,452.658,0.1242103715340993,2,35,0,2,0,True,2
V1,2,306,0.03389650955796242,0.3240725100040436,n-(s-1-naphthylethyl)-tetrachlorophthalimide,CC(c2ccc1ccccc1c2)n4c(=O)c3c(Cl)c(Cl)c(Cl)c(Cl)c3c4=O,bimog_n_and_hal,439.125,281.236,0.3595536578423001,5,27,4,0,1,True,1
V1,2,313,0.04388916492462158,0.34202858805656433,"n-(1,2,3,4-tetrahydro-1-naphthyl)-tetrachlorophthalimide",O=c2c1c(Cl)c(Cl)c(Cl)c(Cl)c1c(=O)n2c3cccc4ccccc34,bimog_n_and_hal,411.071,281.236,0.31584568115970235,5,25,4,0,1,True,1
V1,2,335,0.01038247812539339,0.07549092918634415,nandrolone,CC12CCC3C(C1CCC2O)CCC4=CC(=O)CCC34,cho,274.404,274.35200000000003,0.00018950161076358718,0,20,0,0,0,False,0
V1,2,341,0.07906726747751236,1.7364965677261353,Bucindolol,CC(C)(CC1=CNC2=CC=CC=C21)NCC(COC3=CC=CC=C3C#N)O,bimog_n_only,363.46099999999996,334.37880000000007,0.08001463705872125,2,27,0,0,3,True,2
V1,2,348,0.0326005294919014,0.2494441568851471,Diazepam,CN1C(=O)CN=C(C2=C1C=CC(=C2)Cl)C3=CC=CC=C3,bimog_n_and_hal,284.746,221.22800000000004,0.22306898077584913,3,20,1,0,2,True,2
V1,2,350,0.06754041463136673,2.011293411254883,Carvedilol,COC1=CC=CC=C1OCCNCC(COC2=CC=CC3=C2C4=CC=CC=C4N3)O,bimog_n_only,406.48199999999997,391.3736000000001,0.037168681516032365,1,30,0,0,2,True,1
V1,2,356,0.022030945867300034,0.35392189025878906,Clofoctol,CC(C)(C)CC(C)(C)C1=CC(=C(C=C1)O)CC2=C(C=C(C=C2)Cl)Cl,bimog_hal_only,365.344,294.40000000000003,0.19418411141280534,2,24,2,0,0,True,0
V1,2,359,0.05034301429986954,1.055119276046753,Orlistat,CCCCCCCCCCCC(CC1C(C(=O)O1)CCCCCC)OC(=O)C(CC(C)C)NC=O,bimog_n_only,495.745,497.61400000000003,-0.0037700834098175484,0,35,0,0,1,False,0
V1,2,362,0.013247179798781872,0.14943453669548035,Acemetacin,CC1=C(C2=C(N1C(=O)C3=CC=C(C=C3)Cl)C=CC(=C2)OC)CC(=O)OCC(=O)O,bimog_n_and_hal,415.829,367.256,0.11681003489415132,2,29,1,0,1,True,1
V1,2,18,0.061056941747665405,0.5217067003250122,resorcinol,c1cc(cc(c1)O)O,cho,110.112,110.072,0.000363266492298675,0,8,0,0,0,False,0
V1,2,19,0.009878196753561497,0.3083946704864502,phenyl-salicylate,O=C(Oc2ccccc2)c1c(O)cccc1,cho,214.22,229.2088,-0.0699691905517692,0,16,0,0,0,False,0
V1,2,21,0.017698179930448532,0.11951740086078644,diethylphthalat,CCOC(=O)c1ccccc1C(=O)OCC,cho,222.23999999999998,224.2136,-0.008880489560835203,0,16,0,0,0,False,0
V1,2,28,0.011044550687074661,0.030589312314987183,m-xylene,CC1=CC(=CC=C1)C,cho,106.16799999999999,106.16000000000001,7.535227187083215e-05,0,8,0,0,0,False,0
V1,2,34,0.01470755971968174,0.06136263534426689,toluol,Cc1ccccc1,cho,92.14099999999999,92.13400000000001,7.597052343666366e-05,0,7,0,0,0,False,0
V1,2,43,0.005602773278951645,0.0818280577659607,methylcyclohexane,CC1CCCCC1,cho,98.189,98.182,7.129108148562491e-05,0,7,0,0,0,False,0
V1,2,54,0.014924036338925362,0.07994629442691803,4-methylnonane,CCCCCC(C)CCC,cho,142.286,142.276,7.028098337147348e-05,0,10,0,0,0,False,0
V1,2,55,0.02853929065167904,0.2364913523197174,2-isopropoxyethanol,CC(C)OCCO,cho,104.149,104.1468,2.112358255956792e-05,0,7,0,0,0,False,0
V1,2,76,0.03468284010887146,1.6489967107772827,beta-d-glucosepentaacetate,CC(=O)OCC1C(C(C(C(O1)OC(=O)C)OC(=O)C)OC(=O)C)OC(=O)C,cho,390.341,390.098,0.0006225326061058967,0,27,0,0,0,False,0
V1,2,78,0.03575470671057701,1.0068359375,"4,4’-dimethoxytetraphenylmethane",COc4ccc(C(c1ccccc1)(c2ccccc2)c3ccc(OC)cc3)cc4,cho,380.48699999999997,380.394,0.00024442359397292,0,29,0,0,0,False,0
V1,2,81,0.05475784093141556,0.1669590175151825,n-butylacetate,CCCCOC(=O)C,cho,116.16,116.11200000000001,0.00041322314049574427,0,8,0,0,0,False,0
V1,2,86,0.008315188810229301,0.07694016396999359,"1,3-butanediol",CC(CCO)O,cho,90.122,90.12,2.2192139544130463e-05,0,6,0,0,0,False,0
V1,2,93,0.008306514471769333,0.06429413706064224,ursodeoxycholic acid,CC(CCC(=O)O)C1CCC2C1(CCC3C2C(CC4C3(CCC(C4)O)C)O)C,cho,392.58,392.542,9.679555759334324e-05,0,28,0,0,0,False,0
V1,2,95,0.02103828638792038,0.33117175102233887,cholic acid,CC(CCC(=O)O)C1CCC2C1(C(CC3C2C(CC4C3(CCC(C4)O)C)O)O)C,cho,408.579,408.54200000000003,9.055776239108582e-05,0,29,0,0,0,False,0
V1,2,100,0.011092419736087322,0.4415024220943451,dehydrocholic acid,CC(CCC(=O)O)C1CCC2C1(C(=O)CC3C2C(=O)CC4C3(CCC(=O)C4)C)C,cho,402.531,403.394,-0.002143934255995239,0,29,0,0,0,False,0
V1,2,103,0.00978456623852253,0.25445666909217834,aspirin,CC(=O)OC1=CC=CC=C1C(=O)O,cho,180.159,180.09200000000004,0.00037189371610601984,0,13,0,0,0,False,0
V1,2,111,0.007303035352379084,0.07206415385007858,2-octanol,CCCCCCC(C)O,cho,130.231,130.22400000000002,5.37506430878798e-05,0,9,0,0,0,False,0
V1,2,115,0.015707027167081833,0.051545239984989166,2-methyl-2-propanol,CC(C)(C)O,cho,74.12299999999999,74.12,4.04732674066377e-05,0,5,0,0,0,False,0
V1,2,117,0.005229170434176922,0.051595401018857956,2-methyl-2-heptanol,CCCCCC(C)(C)O,cho,130.231,130.22400000000002,5.37506430878798e-05,0,9,0,0,0,False,0
V1,2,125,0.015069675631821156,0.07870317995548248,methylethylketone,CCC(=O)C,cho,72.107,72.06000000000002,0.0006518091170064633,0,5,0,0,0,False,0
V1,2,132,0.06896213442087173,0.593025803565979,3-methoxy-1-butanol,CC(CCO)OC,cho,104.149,104.112,0.0003552602521388337,0,7,0,0,0,False,0
V1,2,134,0.0035005502868443727,0.028447100892663002,2-methyl-1-butanol,CCC(C)CO,cho,88.14999999999999,88.146,4.537719795794093e-05,0,6,0,0,0,False,0
V1,2,137,0.003119352739304304,0.030505668371915817,4-methyl-2-pentanol,CC(C)CC(C)O,cho,102.17699999999999,102.172,4.8934691760371685e-05,0,7,0,0,0,False,0
V1,2,139,0.00317758833989501,0.020426930859684944,3-methyl-4-hexanol,CCC(C)C(CC)O,cho,116.204,116.198,5.1633334480771786e-05,0,8,0,0,0,False,0
V1,2,144,0.003928112797439098,0.02097209170460701,2-methyl-1-heptanol,CCCCCC(C)CO,cho,130.231,130.22400000000002,5.37506430878798e-05,0,9,0,0,0,False,0
V1,2,151,0.007361757569015026,0.03752964362502098,"1,5-hexanediol",CC(CCCCO)O,cho,118.176,118.172,3.384782020043886e-05,0,8,0,0,0,False,0
V1,2,152,0.00897878035902977,0.12065939605236053,iso-eugenol,CC=CC1=CC(=C(C=C1)O)OC,cho,164.204,164.108,0.0005846386202529308,0,12,0,0,0,False,0
V1,2,157,0.005175494588911533,0.06571207195520401,cycloheptanol,C1CCCC(CC1)O,cho,114.18799999999999,114.182,5.254492591155735e-05,0,8,0,0,0,False,0
V1,2,166,0.005863994359970093,0.04195140674710274,"2,2-dimethyl-1-hexanol",CCCCC(C)(C)CO,cho,130.231,130.22400000000002,5.37506430878798e-05,0,9,0,0,0,False,0
V1,2,178,0.00416459608823061,0.036060988903045654,n-butanol,CCCCO,cho,74.12299999999999,74.11999999999999,4.047326740685975e-05,0,5,0,0,0,False,0
V1,2,186,0.01603114977478981,0.097676120698452,"2,4,6-trimethylheptane",CC(C)CC(C)CC(C)C,cho,142.286,142.276,7.028098337147348e-05,0,10,0,0,0,False,0
V1,2,194,0.029660586267709732,0.10744167864322662,pinic acid,CC1(C(CC1C(=O)O)CC(=O)O)C,cho,186.207,186.166,0.00022018506286014539,0,13,0,0,0,False,0
V1,2,198,0.006817387882620096,0.07248517125844955,"1,2,7-heptanetriol",C(CCC(CO)O)CCO,cho,148.202,148.198,2.6990189066156134e-05,0,10,0,0,0,False,0
V1,2,226,0.32816213369369507,0.21892774105072021,acetaldehyd,CC=O,cho,44.053,44.034000000000006,0.0004312986629739779,0,3,0,0,0,False,0
V1,2,229,0.012978315353393555,0.0680771917104721,1-naphthylamine,C1=CC=C2C(=C1)C=CC=C2N,bimog_n_only,143.189,127.15600000000002,0.11197089161876939,1,11,0,0,1,True,1
V1,2,235,0.11248984187841415,0.472195565700531,4-nitroaniline,C1=CC(=CC=C1N)[N+](=O)[O-],bimog_n_only,138.126,122.082,0.11615481516875903,1,10,0,0,2,True,1
V1,2,237,0.08439375460147858,0.44928064942359924,2-nitroaniline,C1=CC=C(C(=C1)N)[N+](=O)[O-],bimog_n_only,138.126,122.082,0.11615481516875903,1,10,0,0,2,True,1
V1,2,238,0.1079321950674057,0.4485677182674408,3-nitroaniline,C1=CC(=CC(=C1)[N+](=O)[O-])N,bimog_n_only,138.126,122.082,0.11615481516875903,1,10,0,0,2,True,1
V1,2,250,0.09018255770206451,0.2299181967973709,nialamide,C1=CC=C(C=C1)CNC(=O)CCNNC(=O)C2=CC=NC=C2,bimog_n_only,298.346,270.182,0.09440046120946821,2,22,0,0,4,True,2
V1,2,256,0.05859128385782242,0.06974416226148605,antipyrine,CC1=CC(=O)N(N1C)C2=CC=CC=C2,bimog_n_only,188.23,161.196,0.14362216437337294,2,14,0,0,2,True,2
V1,2,261,0.028995607048273087,0.09177242964506149,hexobarbital,CC1(C(=O)NC(=O)N(C1=O)C)C2=CCCCC2,bimog_n_only,236.271,210.21,0.11030130655052872,2,17,0,0,2,True,2
V1,2,264,0.04380656033754349,0.19665735960006714,dimethyl acetamide,CC(=O)N(C)C,bimog_n_only,87.122,73.06800000000001,0.16131401942104162,1,6,0,0,1,True,1
V1,2,282,0.10492725670337677,0.4031526446342468,2-chloro-4-nitroaniline,C1=CC(=C(C=C1[N+](=O)[O-])Cl)N,bimog_n_and_hal,172.571,121.07400000000001,0.29841050929762236,2,11,1,0,2,True,1
V1,2,288,0.007781796157360077,0.07506294548511505,o-fluoroaniline,C1=CC=C(C(=C1)N)F,bimog_n_and_hal,111.119,76.09200000000001,0.3152206193360271,2,8,1,0,1,True,1
V1,2,293,0.01447902899235487,0.11687616258859634,flufenamic acid,C1=CC=C(C(=C1)C(=O)O)NC2=CC=CC(=C2)C(F)(F)F,bimog_n_and_hal,281.233,209.194,0.2561541497619412,4,20,3,0,1,True,1
V1,2,298,0.016428660601377487,0.4022439122200012,indomethacin,CC1=C(C2=C(N1C(=O)C3=CC=C(C=C3)Cl)C=CC(=C2)OC)CC(=O)O,bimog_n_and_hal,357.793,309.256,0.13565665063318744,2,25,1,0,1,True,1
V1,2,301,0.01650286838412285,0.3405127227306366,sulphathiazole,C1=CC(=CC=C1N)S(=O)(=O)NC2=NC=CS2,bimog_n_only,255.32399999999998,172.138,0.3258056430261158,5,16,0,2,3,True,5
V1,2,302,0.08909852057695389,0.6526275873184204,sulphadimethoxine,COC1=NC(=NC(=C1)NS(=O)(=O)C2=CC=C(C=C2)N)OC,bimog_n_only,310.335,245.14,0.2100794302930704,5,21,0,1,4,True,5
V1,2,307,0.01794571615755558,0.2709043025970459,"n-(s-1-naphthylethyl)-2,2’-diphenic imide",CC(c2ccc1ccccc1c2)n5c(=O)c3ccccc3c4ccccc4c5=O,bimog_n_only,377.443,361.36,0.042610407399262806,1,29,0,0,1,True,1
V1,2,311,0.00982646830379963,0.10262805223464966,n-(r-1-phenylethyl)-3-nitrophthalimide,CC(c1ccccc1)n3c(=O)c2cccc(N(=O)=O)c2c3=O,bimog_n_only,296.282,280.194,0.05429961995666277,1,22,0,0,2,True,1
V1,2,315,0.04757612198591232,0.6787532567977905,"1,3-dinitro-4,6-bis-(r-l’-phenylethylamino)benzene",CC(Nc2cc(NC(C)c1ccccc1)c(N(=O)=O)cc2N(=O)=O)c3ccccc3,bimog_n_only,406.442,406.324,0.000290324326718161,0,30,0,0,4,False,0
V1,2,321,0.0318751335144043,0.2298230230808258,n-(1-phenylethyl)-n’-(p-nitrophenyl)urea,CC(NC(=O)Nc1ccc(N(=O)=O)cc1)c2ccccc2,bimog_n_only,285.303,271.216,0.04937557614185617,1,21,0,0,3,True,1
V1,2,326,0.03669686242938042,0.383739709854126,anilinephthalein,Nc4ccc(C3(c1ccc(N)cc1)OC(=O)c2ccccc23)cc4,bimog_n_only,316.36,286.27600000000007,0.09509419648501694,2,24,0,0,2,True,2
V1,2,330,0.03465994447469711,0.7292250394821167,budesonide,CCCC1OC2CC3C4CCC5=CC(=O)C=CC5(C4C(CC3(C2(O1)C(=O)CO)C)O)C,cho,430.541,432.4120000000001,-0.0043456952996348,0,31,0,0,0,False,0
V1,2,332,0.011439375579357147,0.20595049858093262,hydrocortisone,CC12CCC(=O)C=C1CCC3C2C(CC4(C3CCC4(C(=O)CO)O)C)O,cho,362.466,362.3780000000001,0.0002427813919095856,0,26,0,0,0,False,0
V1,2,338,0.015426376834511757,0.19250382483005524,ibuprofen,CC(C)CC1=CC=C(C=C1)C(C)C(=O)O,cho,206.285,206.256,0.00014058220423196488,0,15,0,0,0,False,0
V1,2,346,0.01518680714070797,0.12475711107254028,Pimozide,C1CN(CCC1N2C3=CC=CC=C3NC2=O)CCCC(C4=CC=C(C=C4)F)C5=CC=C(C=C5)F,bimog_n_and_hal,461.556,381.494,0.173461075145811,5,34,2,0,3,True,3
V1,2,363,0.08559077978134155,1.3873878717422485,Nilutamide,CC1(C(=O)N(C(=O)N1)C2=CC(=C(C=C2)[N+](=O)[O-])C(F)(F)F)C,bimog_n_and_hal,317.223,249.15200000000002,0.2145840623157842,4,22,3,0,3,True,1
V1,2,365,0.025903427973389626,0.30226483941078186,Miconazole,C1=CC(=C(C=C1Cl)Cl)COC(CN2C=CN=C2)C3=C(C=C(C=C3)Cl)Cl,bimog_n_and_hal,416.135,246.2928,0.40814206928040175,6,25,4,0,2,True,2
V2,0,0,0.02446024864912033,0.2625754475593567,glucose,C(C1C(C(C(C(O1)O)O)O)O)O,cho,180.156,180.13800000000003,9.991340837922635e-05,0,12,0,0,0,False,0
V2,0,7,0.008331594057381153,0.07952769100666046,n-propanol,CCCO,cho,60.096,60.093999999999994,3.328008519709602e-05,0,4,0,0,0,False,0
V2,0,11,0.007254107389599085,0.3574197292327881,maltitol,C(C1C(C(C(C(O1)OC(C(CO)O)C(C(CO)O)O)O)O)O)O,cho,344.313,344.276,0.00010746036309983165,0,23,0,0,0,False,0
V2,0,15,0.003461383283138275,0.04436845704913139,n-pentanol,CCCCCO,cho,88.14999999999999,88.146,4.537719795794093e-05,0,6,0,0,0,False,0
V2,0,20,0.06454017013311386,0.29455065727233887,dimethylphthalat,O=C(OC)c1ccccc1C(=O)OC,cho,194.186,196.092,-0.009815331692295093,0,14,0,0,0,False,0
V2,0,31,0.023061804473400116,0.2017158567905426,n-buten,C=CCC,cho,56.108,56.104,7.129108148562491e-05,0,4,0,0,0,False,0
V2,0,36,0.011320346966385841,0.044131554663181305,propylbenzene,CCCC1=CC=CC=C1,cho,120.195,120.18600000000002,7.487832272534689e-05,0,9,0,0,0,False,0
V2,0,38,0.026897534728050232,0.06159382313489914,n-hexylbenzene,CCCCCCC1=CC=CC=C1,cho,162.27599999999998,162.26399999999998,7.394808844196632e-05,0,12,0,0,0,False,0
V2,0,46,0.008783035911619663,0.07291670143604279,sec-butylcyclohexane,CCC(C)C1CCCCC1,cho,140.26999999999998,140.26,7.129108148562491e-05,0,10,0,0,0,False,0
V2,0,48,0.013440611772239208,0.08874104171991348,n-pentylcyclohexane,CCCCCC1CCCCC1,cho,154.297,154.28599999999997,7.129108148584695e-05,0,11,0,0,0,False,0
V2,0,52,0.011728904210031033,0.10209222137928009,cis-2-octene,CCCCCC=CC,cho,112.216,112.172,0.00039210094817132557,0,8,0,0,0,False,0
V2,0,53,0.01870621368288994,0.05445706844329834,3-methylhexane,CCCC(C)CC,cho,100.205,100.19800000000001,6.985679357307539e-05,0,7,0,0,0,False,0
V2,0,60,0.0350511409342289,0.11690523475408554,guajacol,COC1=CC=CC=C1O,cho,124.139,124.082,0.00045916271276558174,0,9,0,0,0,False,0
V2,0,64,0.0098728584125638,0.14502248167991638,naphthylsalyciate,C1=CC=C2C(=C1)C=CC=C2OC(=O)C3=CC=CC=C3O,cho,264.28,279.26480000000004,-0.05670046919933425,0,20,0,0,0,False,0
V2,0,67,0.14783518016338348,0.6872616410255432,methyl(s)(-)lactate,CC(C(=O)OC)O,cho,104.105,105.07600000000001,-0.009327121656020454,0,7,0,0,0,False,0
V2,0,68,0.023992348462343216,0.46606308221817017,(s)-glycerol acetonate,CC1(OCC(O1)CO)C,cho,132.159,132.1388,0.00015284619284339218,0,9,0,0,0,False,0
V2,0,72,0.019741181284189224,0.20919351279735565,4-(1-idianyl)phenol,C1CC2=CC=CC=C2C1C3=CC=C(C=C3)O,cho,210.27599999999998,210.24400000000003,0.00015218094314117803,0,16,0,0,0,False,0
V2,0,74,0.05313049629330635,0.9632858037948608,salicin,C1=CC=C(C(=C1)CO)OC2C(C(C(C(O2)CO)O)O)O,cho,286.28,286.238,0.00014670951515993735,0,20,0,0,0,False,0
V2,0,77,0.013914769515395164,0.295827716588974,3-pentadecylcyclohexanone,CCCCCCCCCCCCCCCC1CCCC(=O)C1,cho,308.55,308.49399999999997,0.000181494085237488,0,22,0,0,0,False,0
V2,0,82,0.013600127771496773,0.299609512090683,camphor,CC1(C2CCC1(C(=O)C2)C)C,cho,152.237,152.192,0.0002955917418234755,0,11,0,0,0,False,0
V2,0,83,0.011732225306332111,0.060116272419691086,dibutylphthalat,CCCCOC(=O)C1=CC=CC=C1C(=O)OCCCC,cho,278.348,280.3176,-0.007076034316754631,0,20,0,0,0,False,0
V2,0,84,0.008424805477261543,0.057215236127376556,o-cresol,CC1=CC=CC=C1O,cho,108.14,108.11600000000001,0.0002219345293137387,0,8,0,0,0,False,0
V2,0,85,0.006866010837256908,0.04889676719903946,isopropranol,CC(C)O,cho,60.096,60.093999999999994,3.328008519709602e-05,0,4,0,0,0,False,0
V2,0,87,0.011615516617894173,0.09865938872098923,"2,3-butanediol",CC(C(C)O)O,cho,90.122,90.12,2.2192139544130463e-05,0,6,0,0,0,False,0
V2,0,94,0.011919254437088966,0.09477885812520981,deoxycholic acid,CC(CCC(=O)O)C1CCC2C1(C(CC3C2CCC4C3(CCC(C4)O)C)O)C,cho,392.58,392.542,9.679555759334324e-05,0,28,0,0,0,False,0
V2,0,96,0.018599428236484528,0.20296207070350647,lactose,C(C1C(C(C(C(O1)OC(C(CO)O)C(C(C=O)O)O)O)O)O)O,cho,342.297,342.242,0.0001606791762709392,0,23,0,0,0,False,0
V2,0,97,0.014875555410981178,0.15979713201522827,diethylhexylphthalat,O=C(OCC(CC)CCCC)C1=CC=CC=C1C(OCC(CC)CCCC)=O,cho,390.56399999999996,392.5256,-0.0050224803105254345,0,28,0,0,0,False,0
V2,0,101,0.0055266148410737514,0.15464386343955994,cellobiose,C(C1C(C(C(C(O1)OC2C(OC(C(C2O)O)O)CO)O)O)O)O,cho,342.297,342.242,0.0001606791762709392,0,23,0,0,0,False,0
V2,0,104,0.009444884955883026,0.13478942215442657,methyltestosterone,CC12CCC(=O)C=C1CCC3C2CCC4(C3CCC4(C)O)C,cho,302.45799999999997,302.40400000000005,0.0001785371853278983,0,22,0,0,0,False,0
V2,0,112,0.002938121324405074,0.023369992151856422,4-hetpanol,CCCC(CCC)O,cho,116.204,116.198,5.1633334480771786e-05,0,8,0,0,0,False,0
V2,0,119,0.003115443978458643,0.028010088950395584,6-methyl-3-heptanol,CCC(CCC(C)C)O,cho,130.231,130.22400000000002,5.37506430878798e-05,0,9,0,0,0,False,0
V2,0,124,0.03319942206144333,0.30067628622055054,acetone,CC(=O)C,cho,58.08,58.034,0.0007920110192837226,0,4,0,0,0,False,0
V2,0,128,0.04910769313573837,0.17340992391109467,benzaldehyde,C1=CC=C(C=C1)C=O,cho,106.124,106.1,0.00022615054087671282,0,8,0,0,0,False,0
V2,0,130,0.05492301657795906,2.8165788650512695,"1,3,5-trinaphthylbenzene",C1=CC=C2C(=C1)C=CC=C2C3=CC(=CC(=C3)C4=CC=CC5=CC=CC=C54)C6=CC=CC7=CC=CC=C76,cho,456.58799999999997,456.5520000000001,7.884569896687843e-05,0,36,0,0,0,False,0
V2,0,131,0.01622599922120571,0.1117035523056984,decalin,C1CCC2CCCCC2C1,cho,138.254,138.244,7.233063781153515e-05,0,10,0,0,0,False,0
V2,0,135,0.0042663984932005405,0.039695028215646744,2-ethyl-1-butanol,CCC(CC)CO,cho,102.17699999999999,102.172,4.8934691760371685e-05,0,7,0,0,0,False,0
V2,0,136,0.007528658956289291,0.05217729136347771,3-methyl-2-pentanol,CCC(C)C(C)O,cho,102.17699999999999,102.172,4.8934691760371685e-05,0,7,0,0,0,False,0
V2,0,143,0.004137767944484949,0.04707247391343117,4-methyl-1-heptanol,CCCC(C)CCCO,cho,130.231,130.22400000000002,5.37506430878798e-05,0,9,0,0,0,False,0
V2,0,147,0.0158730149269104,0.04000559449195862,isopropylbenzene,CC(C)C1=CC=CC=C1,cho,120.195,120.18600000000002,7.487832272534689e-05,0,9,0,0,0,False,0
V2,0,150,0.011850704438984394,0.04815322160720825,"1,2-pentanediol",CCCC(CO)O,cho,104.149,104.14599999999999,2.8804885308653105e-05,0,7,0,0,0,False,0
V2,0,159,0.019816281273961067,0.042598895728588104,"2,3-dimethylbutane",CC(C)C(C)C,cho,86.178,86.172,6.962333774285234e-05,0,6,0,0,0,False,0
V2,0,162,0.012111424468457699,0.07052435725927353,cis-2-heptene,CCCCC=CC,cho,98.189,98.14600000000002,0.0004379309291262512,0,7,0,0,0,False,0
V2,0,163,0.0034428895451128483,0.03750487416982651,2-methyl-1-pentanol,CCCC(C)CO,cho,102.17699999999999,102.172,4.8934691760371685e-05,0,7,0,0,0,False,0
V2,0,167,0.0070587024092674255,0.04942672699689865,2-hexanol,CCCCC(C)O,cho,102.17699999999999,102.172,4.8934691760371685e-05,0,7,0,0,0,False,0
V2,0,169,0.0032569454051554203,0.022781599313020706,3-heptanol,CCCCC(CC)O,cho,116.204,116.198,5.1633334480771786e-05,0,8,0,0,0,False,0
V2,0,170,0.00926878023892641,0.028787830844521523,2-heptanol,CCCCCC(C)O,cho,116.204,116.198,5.1633334480771786e-05,0,8,0,0,0,False,0
V2,0,171,0.003997121937572956,0.043914757668972015,4-nonanol,CCCCCC(CCC)O,cho,144.25799999999998,144.25000000000003,5.5456196536463054e-05,0,10,0,0,0,False,0
V2,0,174,0.004630560055375099,0.06938177347183228,2-methyl-2-hexanol,CCCCC(C)(C)O,cho,116.204,116.198,5.1633334480771786e-05,0,8,0,0,0,False,0
V2,0,182,0.00456339493393898,0.04123375564813614,n-octanol,CCCCCCCCO,cho,130.231,130.22400000000002,5.37506430878798e-05,0,9,0,0,0,False,0
V2,0,193,0.03276708722114563,0.46449536085128784,trans-beta-iepox,CC1(CO)OC1CO,cho,118.132,118.112,0.0001693021365930525,0,8,0,0,0,False,0
V2,0,195,0.0038697433192282915,0.02905329130589962,"2,4-dimethyl-3-pentanol",CC(C)C(C(C)C)O,cho,116.204,116.198,5.1633334480771786e-05,0,8,0,0,0,False,0
V2,0,196,0.0061976248398423195,0.04191887378692627,erythritol,C(C(C(CO)O)O)O,cho,122.12,122.12,0.0,0,8,0,0,0,False,0
V2,0,205,0.015799913555383682,0.5284101366996765,isomalt,C(C1C(C(C(C(O1)OCC(C(C(C(CO)O)O)O)O)O)O)O)O,cho,344.313,344.2948,5.285888130857064e-05,0,23,0,0,0,False,0
V2,0,206,0.02529103122651577,0.7198346257209778,isomaltulose,C(C1C(C(C(C(O1)OCC(C(C(C(=O)CO)O)O)O)O)O)O)O,cho,342.297,343.25079999999997,-0.002786469060494179,0,23,0,0,0,False,0
V2,0,207,0.018682539463043213,0.20759907364845276,kojibiose,C(C1C(C(C(C(O1)OC(C=O)C(C(C(CO)O)O)O)O)O)O)O,cho,342.297,342.242,0.0001606791762709392,0,23,0,0,0,False,0
V2,0,208,0.008267400786280632,0.08870252221822739,lactulose,C(C1C(C(C(C(O1)OC2C(OC(C2O)(CO)O)CO)O)O)O)O,cho,342.297,342.242,0.0001606791762709392,0,23,0,0,0,False,0
V2,0,215,0.017342781648039818,0.7185834050178528,nystose,C(C1C(C(C(C(O1)OC2(C(C(C(O2)CO)O)O)COC3(C(C(C(O3)CO)O)O)COC4(C(C(C(O4)CO)O)O)CO)O)O)O)O,cho,666.579,666.4875999999999,0.00013711803102112174,0,45,0,0,0,False,0
V2,0,216,0.016300305724143982,0.3691769242286682,raffinose,C(C1C(C(C(C(O1)OCC2C(C(C(C(O2)OC3(C(C(C(O3)CO)O)O)CO)O)O)O)O)O)O)O,cho,504.438,504.36480000000006,0.00014511198601196984,0,34,0,0,0,False,0
V2,0,218,0.037782974541187286,0.27946099638938904,sorbose,C(C(C(C(C(=O)CO)O)O)O)O,cho,180.156,181.12800000000001,-0.005395324052487993,0,12,0,0,0,False,0
V2,0,219,0.019466929137706757,0.7838040590286255,stachyose,C(C1C(C(C(C(O1)OCC2C(C(C(C(O2)OCC3C(C(C(C(O3)OC4(C(C(C(O4)CO)O)O)CO)O)O)O)O)O)O)O)O)O)O,cho,666.579,666.4876,0.0001371180310208997,0,45,0,0,0,False,0
V2,0,220,0.012787481769919395,0.48641616106033325,turanose,C(C1C(C(C(C(O1)OC(C(C(CO)O)O)C(=O)CO)O)O)O)O,cho,342.297,343.23199999999997,-0.002731545996605078,0,23,0,0,0,False,0
V2,0,225,0.015835938975214958,0.08866477012634277,4-methylcyclohexen,CC1CCC=CC1,cho,96.173,96.13,0.00044711093550175995,0,7,0,0,0,False,0
V2,0,232,0.06357570737600327,0.34938350319862366,triethylamine,CCN(CC)CC,bimog_n_only,101.193,87.18,0.13847795796151896,1,7,0,0,1,True,1
V2,0,239,0.031095081940293312,0.13207054138183594,4-methoxyaniline,COC1=CC=C(C=C1)N,bimog_n_only,123.155,107.09200000000001,0.13042913401810718,1,9,0,0,1,True,1
V2,0,242,0.012179709039628506,0.24181541800498962,piperine,C1CCN(CC1)C(=O)C=CC=CC2=CC3=C(C=C2)OCO3,bimog_n_only,285.34299999999996,272.2416,0.045914565978488864,1,21,0,0,1,True,1
V2,0,246,0.01761794462800026,0.07498160004615784,propyl n-phenylcarbamate,CCCOC(=O)NC1=CC=CC=C1,bimog_n_only,179.219,165.1868,0.07829638598586086,1,13,0,0,1,True,1
V2,0,253,0.028651345521211624,1.6826225519180298,nitrendipine,CCOC(=O)C1=C(NC(=C(C1C2=CC(=CC=C2)[N+](=O)[O-])C(=O)OC)C)C,bimog_n_only,360.366,349.28200000000004,0.030757618643268092,1,26,0,0,2,True,1
V2,0,259,0.009969627484679222,0.0326085165143013,pentobarbital,CCCC(C)C1(C(=O)NC(=O)NC1=O)CC,bimog_n_only,226.27599999999998,199.208,0.11962382223479284,2,16,0,0,2,True,2
V2,0,260,0.0390469953417778,0.5382503271102905,atropine,CN1C2CCC1CC(C2)OC(=O)C(CO)C3=CC=CC=C3,bimog_n_only,289.375,276.326,0.04509373650107984,1,21,0,0,1,True,1
V2,0,265,0.01931101642549038,0.0331890806555748,1-bromobutane,CCCCBr,bimog_hal_only,137.01999999999998,57.112,0.5831849365056195,1,5,1,0,0,True,0
V2,0,269,0.049006037414073944,0.6718676686286926,9-bromophenanthrene,C1=CC=C2C(=C1)C=C(C3=CC=CC=C23)Br,bimog_hal_only,257.13,177.21200000000002,0.3108077626103527,1,15,1,0,0,True,0
V2,0,270,0.01656368002295494,0.13891100883483887,bromobenzene,C1=CC=C(C=C1)Br,bimog_hal_only,157.01,77.10000000000001,0.5089484746194509,1,7,1,0,0,True,0
V2,0,274,0.01151768397539854,0.07215545326471329,isobutylchloride,CC(C)CCl,bimog_hal_only,92.569,57.112,0.3830331968585595,1,5,1,0,0,True,0
V2,0,276,0.040587782859802246,0.3038584589958191,m-fluorotoluene,CC1=CC(=CC=C1)F,bimog_hal_only,110.131,91.12600000000002,0.17256721540710596,1,8,1,0,0,True,0
V2,0,278,0.03269750624895096,0.586525559425354,hydrochloro-thiazide,C1NC2=CC(=C(C=C2S(=O)(=O)N1)S(=O)(=O)N)Cl,bimog_n_and_hal,297.745,219.07600000000002,0.26421602377873676,5,17,1,2,3,True,4
V2,0,286,0.008099517785012722,0.03418897092342377,3-chloroaniline,C1=CC(=CC(=C1)Cl)N,bimog_n_and_hal,127.574,76.09200000000001,0.4035461771207298,2,8,1,0,1,True,1
V2,0,290,0.07511570304632187,0.702716588973999,ethacrynic acid,CCC(=C)C(=O)C1=C(C(=C(C=C1)OCC(=O)O)Cl)Cl,bimog_hal_only,303.141,233.1628,0.23084373278441384,2,19,2,0,0,True,0
V2,0,291,0.03248395770788193,0.5570001602172852,tolbutamide,CCCCNC(=O)NS(=O)(=O)C1=CC=C(C=C1)C,bimog_n_only,270.354,222.16,0.17826257425449588,2,18,0,1,2,True,2
V2,0,292,0.027349695563316345,0.20389556884765625,tolnaftate,CC1=CC(=CC=C1)N(C)C(=S)OC2=CC3=CC=CC=C3C=C2,bimog_n_only,307.418,263.34280000000007,0.14337221633085873,2,22,0,1,1,True,2
V2,0,295,0.07222851365804672,0.692821741104126,chloramphenicol,C1=CC(=CC=C1C(C(CO)NC(=O)C(Cl)Cl)O)[N+](=O)[O-],bimog_n_and_hal,323.132,253.14200000000002,0.21659878934924426,2,20,2,0,2,True,0
V2,0,300,0.04357720538973808,0.3078281879425049,felodipine,CCOC(=O)C1=C(NC(=C(C1C2=C(C(=CC=C2)Cl)Cl)C(=O)OC)C)C,bimog_n_and_hal,384.259,302.284,0.21333267405578016,3,25,2,0,1,True,1
V2,0,303,0.020493265241384506,0.24645960330963135,chlorobenzene,C1=CC=C(C=C1)Cl,bimog_hal_only,112.559,77.10000000000001,0.31502589752929566,1,7,1,0,0,True,0
V2,0,312,0.02319410815834999,0.295780748128891,"4-acetamido-n-(2’,4’-dimethylphenyl)-1,8naphthalimide",CC(=O)Nc2ccc4c(=O)n(c1ccc(C)cc1C)c(=O)c3cccc2c34,bimog_n_only,358.397,325.24399999999997,0.09250356448296171,2,27,0,0,2,True,2
V2,0,318,0.07073911279439926,2.1814961433410645,1’-(ethoxycarbonyl)ethyl-2-methyl-4-nitrophenylurethane,CCOC(=O)CCC(C(=O)OCC)c1ccc(N(=O)=O)cc1C,bimog_n_only,323.34499999999997,324.25399999999996,-0.0028112387697349916,0,23,0,0,1,False,0
V2,0,323,0.02080819010734558,0.5669068098068237,n-(2-tetrahydropyryl)saccharin,O=C2c1ccccc1S(=O)(=O)C2C3CCCOC3,bimog_n_only,266.318,234.17079999999999,0.12070982810024111,1,18,0,1,0,True,1
V2,0,327,0.08713201433420181,0.8138910531997681,"2,2,2-tris(chloromethyl)ethyl-p-nitrophenylurethane",O=C(Nc1ccc(N(=O)=O)cc1)OCC(CCl)(CCl)CCl,bimog_n_and_hal,355.605,235.1968,0.3386009758018026,4,21,3,0,2,True,1
V2,0,328,0.10282504558563232,0.7025678157806396,"2,2,3,3-tetrafluoropropyl-p-nitrophenylurethane",O=C(Nc1ccc(N(=O)=O)cc1)OCC(F)(F)C(F)F,bimog_n_and_hal,296.176,206.1368,0.30400572632488787,5,20,4,0,2,True,1
V2,0,336,0.04520781338214874,0.1901538074016571,simvastatin,CCC(C)(C)C(=O)OC1CC(C=C2C1C(C(C=C2)C)CCC3CC(CC(=O)O3)O)C,cho,418.57399999999996,420.462,-0.0045105524948994,0,30,0,0,0,False,0
V2,0,339,0.012942368164658546,0.26538926362991333,ketoprofen,CC(C1=CC(=CC=C1)C(=O)C2=CC=CC=C2)C(=O)O,cho,254.285,255.24400000000003,-0.003771358908311706,0,19,0,0,0,False,0
V2,0,347,0.08934672176837921,1.4899494647979736,Zolmitriptan,CN(C)CCC1=CNC2=C1C=C(C=C2)CC3COC(=O)N3,bimog_n_only,287.363,259.2848,0.09770986522273217,2,21,0,0,3,True,2
V2,0,349,0.030774766579270363,1.8739780187606812,Nifedipine,CC1=C(C(C(=C(N1)C)C(=O)OC)C2=CC=CC=C2[N+](=O)[O-])C(=O)OC,bimog_n_only,346.339,335.256,0.03200043887636106,1,25,0,0,2,True,1
V2,0,352,0.0166364386677742,0.3081561326980591,Clemastine,CC(C1=CC=CC=C1)(C2=CC=C(C=C2)Cl)OCCC3CCCN3C,bimog_n_and_hal,343.89799999999997,294.41880000000003,0.14387754508604278,2,24,1,0,1,True,1
V2,0,354,0.02513328567147255,0.578009307384491,Bifonazole,C1=CC=C(C=C1)C2=CC=C(C=C2)C(C3=CC=CC=C3)N4C=CN=C4,bimog_n_only,310.4,282.364,0.09032216494845358,2,24,0,0,2,True,2
V2,0,355,0.019345398992300034,0.4540100693702698,Cinnarizine,C1CN(CCN1CC=CC2=CC=CC=C2)C(C3=CC=CC=C3)C4=CC=CC=C4,bimog_n_only,368.524,340.44800000000004,0.07618499744928409,2,28,0,0,2,True,2
V2,0,357,0.029824215918779373,0.6780203580856323,Tamoxifen,CCC(=C(C1=CC=CC=C1)C2=CC=C(C=C2)OCCN(C)C)C3=CC=CC=C3,bimog_n_only,371.524,357.4928,0.0377666045800541,1,28,0,0,1,True,1
V2,0,358,0.05148434638977051,0.20471413433551788,Procaine,CCN(CC)CCOC(=O)C1=CC=C(C=C1)N,bimog_n_only,236.315,207.2648,0.12292998751666206,2,17,0,0,2,True,2
V2,0,4,0.009014531970024109,0.032975804060697556,glycerol,OCC(O)CO,cho,92.094,92.09400000000001,-2.220446049250313e-16,0,6,0,0,0,False,0
V2,0,5,0.037247978150844574,0.16646842658519745,ribose,C1C(C(C(C(O1)O)O)O)O,cho,150.13,150.13080000000002,-5.328715113828153e-06,0,10,0,0,0,False,0
V2,0,6,0.022466685622930527,0.058698587119579315,ethanol,OCC,cho,46.069,46.068,2.1706570578983175e-05,0,3,0,0,0,False,0
V2,0,10,0.029760777950286865,0.4755985736846924,phenolphthalein,O=C1OC(C2=C1C=CC=C2)(C3=CC=C(C=C3)O[H])C4=CC=C(C=C4)O[H],cho,318.328,320.2560000000001,-0.006056645975220931,2,24,0,0,0,True,2
V2,0,23,0.003069754224270582,0.046852122992277145,5-methyl-3-heptanol,CCC(C)CC(CC)O,cho,130.231,130.22400000000002,5.37506430878798e-05,0,9,0,0,0,False,0
V2,0,30,0.0067201042547822,0.09466378390789032,triphenylethene,C1=CC=C(C=C1)C=C(C2=CC=CC=C2)C3=CC=CC=C3,cho,256.34799999999996,256.328,7.801894299930279e-05,0,20,0,0,0,False,0
V2,0,40,0.008893487975001335,0.05832582712173462,tert-butyl-benzene,CC(C)(C)C1=CC=CC=C1,cho,134.22199999999998,134.212,7.450343460824183e-05,0,10,0,0,0,False,0
V2,0,41,0.010884259827435017,0.07535795122385025,3-methylheptane,CCCCC(C)CC,cho,114.232,114.224,7.003291547025281e-05,0,8,0,0,0,False,0
V2,0,69,0.09639905393123627,0.2592932879924774,(r)-nopol,CC1(C)[C@H]2CC=C(CCO)[C@@H]1C2,cho,166.26399999999998,166.25400000000002,6.0145311071346796e-05,0,12,0,0,0,False,0
V2,0,89,0.021458083763718605,0.4279080331325531,mephenesin,CC1=CC=CC=C1OCC(CO)O,cho,182.219,182.21280000000002,3.402499190519048e-05,0,13,0,0,0,False,0
V2,0,90,0.014784653671085835,0.2966492176055908,estradiol-17b-cypionate,CC12CCC3C(C1CCC2OC(=O)CCC4CCCC4)CCC5=C3C=CC(=C5)O,cho,396.57099999999997,396.494,0.00019416447496145572,0,29,0,0,0,False,0
V2,0,99,0.030825991183519363,0.12394901365041733,diethylstilbestrol,CCC(=C(CC)C1=CC=C(C=C1)O)C2=CC=C(C=C2)O,cho,268.356,268.304,0.00019377245151974698,0,20,0,0,0,False,0
V2,0,107,0.007363433483988047,0.36318692564964294,ergocalciferol,CC(C)C(C)C=CC(C)C1CCC2C1(CCCC2=CC=C3CC(CCC3=C)O)C,cho,396.659,396.5600000000001,0.00024958465583757583,0,29,0,0,0,False,0
V2,0,113,0.004297139588743448,0.07970225811004639,4-decanol,CCCCCCC(CCC)O,cho,158.285,158.276,5.6859462362113256e-05,0,11,0,0,0,False,0
V2,0,118,0.009950591251254082,0.10314492136240005,4-methyl-4-heptanol,CCCC(C)(CCC)O,cho,130.231,130.22400000000002,5.37506430878798e-05,0,9,0,0,0,False,0
V2,0,126,0.011881907470524311,0.14508572220802307,methylisobutylketone,CC(C)CC(=O)C,cho,100.161,100.11200000000001,0.0004892123680872995,0,7,0,0,0,False,0
V2,0,129,0.033216603100299835,0.21333074569702148,acetophenone,CC(=O)C1=CC=CC=C1,cho,120.151,120.10000000000001,0.0004244658804336554,0,9,0,0,0,False,0
V2,0,133,0.0048243338242173195,0.02881842851638794,"2,4-pentanediol",CC(CC(C)O)O,cho,104.149,104.14599999999999,2.8804885308653105e-05,0,7,0,0,0,False,0
V2,0,138,0.004289514850825071,0.03411862254142761,5-methyl-2-hexanol,CC(C)CCC(C)O,cho,116.204,116.198,5.1633334480771786e-05,0,8,0,0,0,False,0
V2,0,140,0.0028398085851222277,0.04654857516288757,4-methyl-3-heptanol,CCCC(C)C(CC)O,cho,130.231,130.22400000000002,5.37506430878798e-05,0,9,0,0,0,False,0
V2,0,145,0.0030369036830961704,0.04585154354572296,2-methyl-3-heptanol,CCCCC(C(C)C)O,cho,130.231,130.22400000000002,5.37506430878798e-05,0,9,0,0,0,False,0
V2,0,156,0.004915791563689709,0.027565384283661842,cyclohexanol,C1CCC(CC1)O,cho,100.161,100.15599999999999,4.991962939682182e-05,0,7,0,0,0,False,0
V2,0,158,0.012691845186054707,0.07925665378570557,cycloheptane,C1CCCCCC1,cho,98.189,98.182,7.129108148562491e-05,0,7,0,0,0,False,0
V2,0,160,0.15344685316085815,0.25857943296432495,1-phenyl-1-propanol,CCC(C1=CC=CC=C1)O,cho,136.194,136.186,5.873973890169193e-05,0,10,0,0,0,False,0
V2,0,173,0.007285648491233587,0.03688891977071762,2-methyl-2-pentanol,CCCC(C)(C)O,cho,102.17699999999999,102.17199999999998,4.893469176048271e-05,0,7,0,0,0,False,0
V2,0,175,0.007686656899750233,0.0754595547914505,4-methy-4-octanol,CCCCC(C)(CCC)O,cho,144.25799999999998,144.25,5.54561965366851e-05,0,10,0,0,0,False,0
V2,0,179,0.03050972893834114,0.1705576777458191,xylose,C(C(C(C(C=O)O)O)O)O,cho,150.13,150.11200000000002,0.00011989609005513824,0,10,0,0,0,False,0
V2,0,184,0.015460987575352192,0.07549917697906494,"1,2,4-butanetriol",C(CO)C(CO)O,cho,106.121,106.12,9.42320558594556e-06,0,7,0,0,0,False,0
V2,0,185,0.014215590432286263,0.09887906163930893,benzene,C1=CC=CC=C1,cho,78.11399999999999,78.108,7.681081496258013e-05,0,6,0,0,0,False,0
V2,0,187,0.05060712248086929,0.30620160698890686,santonin,CC1C2CCC3(C=CC(=O)C(=C3C2OC1=O)C)C,cho,246.30599999999998,248.22,-0.00777082166086096,0,18,0,0,0,False,0
V2,0,200,0.031088750809431076,0.11275319010019302,"2-methyl-1,3-propanediol",CC(CO)CO,cho,90.122,90.12,2.2192139544130463e-05,0,6,0,0,0,False,0
V2,0,201,0.004586448892951012,0.03357194364070892,3-methyl-2-butanol,CC(C)C(C)O,cho,88.14999999999999,88.146,4.537719795794093e-05,0,6,0,0,0,False,0
V2,0,203,0.015427226200699806,0.16282789409160614,"1,3-propanediol",C(CO)CO,cho,76.095,76.094,1.3141467901989223e-05,0,5,0,0,0,False,0
V2,0,210,0.028705377131700516,0.9823414087295532,maltoheptaose,C(C1C(C(C(C(O1)OC2C(OC(C(C2O)O)OC3C(OC(C(C3O)O)OC4C(OC(C(C4O)O)OC5C(OC(C(C5O)O)OC6C(OC(C(C6O)O)OC7C(OC(C(C7O)O)O)CO)CO)CO)CO)CO)CO)O)O)O)O,cho,1153.002,1152.7620000000002,0.00020815228421089405,0,78,0,0,0,False,0
V2,0,228,0.10541419684886932,0.5660139918327332,4-cyanoaniline,C1=CC(=CC=C1C#N)N,bimog_n_only,118.139,88.102,0.25425134798838656,2,9,0,0,2,True,2
V2,0,231,0.021823614835739136,0.30659058690071106,m-toluidine,CC1=CC(=CC=C1)N,bimog_n_only,107.15599999999999,91.12600000000002,0.14959498301541652,1,8,0,0,1,True,1
V2,0,236,0.057230375707149506,0.34535473585128784,4-nitro-1-naphthylamine,C1=CC=C2C(=C1)C(=CC=C2[N+](=O)[O-])N,bimog_n_only,188.18599999999998,172.138,0.08527733200131771,1,14,0,0,2,True,1
V2,0,240,0.11033787578344345,0.3479246199131012,cinchonine,C=CC1CN2CCC1CC2C(C3=CC=NC4=CC=CC=C34)O,bimog_n_only,294.39799999999997,266.36600000000004,0.09521803816601992,2,22,0,0,2,True,2
V2,0,241,0.03814692050218582,0.201524019241333,brucine,COC1=C(C=C2C(=C1)C34CCN5C3CC6C7C4N2C(=O)CC7OCC=C6C5)OC,bimog_n_only,394.471,366.33480000000003,0.07132640929244471,2,29,0,0,2,True,2
V2,0,243,0.03299816697835922,0.18258258700370789,benzyl n-phenylcarbamate,C1=CC=C(C=C1)COC(=O)NC2=CC=CC=C2,bimog_n_only,227.26299999999998,213.2268,0.06176192341032183,1,17,0,0,1,True,1
V2,0,249,0.10635383427143097,1.8130820989608765,eserine,CC12CCN(C1N(C3=C2C=C(C=C3)OC(=O)NC)C)C,bimog_n_only,275.352,249.2748,0.09470495947006008,2,20,0,0,3,True,2
V2,0,251,0.030069788917899132,0.37380608916282654,acetaminophen,CC(=O)NC1=CC=C(C=C1)O,bimog_n_only,151.165,136.08200000000002,0.09977838785433113,1,11,0,0,1,True,1
V2,0,255,0.06157714128494263,0.5374593734741211,quinidine,COC1=CC2=C(C=CN=C2C=C1)C(C3CC4CCN3CC4C=C)O,bimog_n_only,324.424,296.358,0.08651024585110834,2,24,0,0,2,True,2
V2,0,257,0.0299810953438282,0.18902531266212463,phenylbutazone,CCCCC1C(=O)N(N(C1=O)C2=CC=CC=C2)C3=CC=CC=C3,bimog_n_only,308.381,282.312,0.08453503944795548,2,23,0,0,2,True,2
V2,0,263,0.023126760497689247,0.4487519860267639,nimodipine,CC1=C(C(C(=C(N1)C)C(=O)OC(C)C)C2=CC(=CC=C2)[N+](=O)[O-])C(=O)OCCOC,bimog_n_only,418.44599999999997,407.326,0.026574516186078867,1,30,0,0,2,True,1
V2,0,275,0.010814697481691837,0.12307824939489365,iodobenzene,C1=CC=C(C=C1)I,bimog_hal_only,204.01,77.10000000000001,0.6220773491495515,1,7,1,0,0,True,0
V2,0,280,0.01951218582689762,0.798634946346283,glibenclamide,COC1=C(C=C(C=C1)Cl)C(=O)NCCC2=CC=C(C=C2)S(=O)(=O)NC(=O)NC3CCCCC3,bimog_n_and_hal,494.013,411.2800000000001,0.16747130136251454,3,33,1,1,3,True,2
V2,0,281,0.05998452752828598,1.2504323720932007,triphenyl phosphite,C1=CC=C(C=C1)OP(OC2=CC=CC=C2)OC3=CC=CC=C3,bimog_n_only,310.289,321.3804,-0.03574538575328168,1,22,0,0,0,True,1
V2,0,294,0.017363592982292175,0.16641351580619812,chorotrianisene,COC1=CC=C(C=C1)C(=C(C2=CC=C(C=C2)OC)Cl)C3=CC=C(C=C3)OC,bimog_hal_only,380.871,345.296,0.09340432849967573,1,27,1,0,0,True,0
V2,0,305,0.23658089339733124,1.919182538986206,2-ethylhexylamine,CCCCC(CC)CN,bimog_n_only,129.24699999999999,129.19,0.00044101603905688513,0,9,0,0,1,False,0
V2,0,310,0.00787968747317791,0.10838381946086884,"n-(r-1-phenylethyl)-1,8-naphthalimide",CC(c1ccccc1)n2c(=O)c4cccc3cccc(c2=O)c34,bimog_n_only,301.34499999999997,285.26800000000003,0.053350810532777904,1,23,0,0,1,True,1
V2,0,314,0.020872682332992554,0.22965297102928162,"1-methyl-1-(p-hydroxyphenyl)-1,2,3,4tetrahydronaphthalene",CC3(c1ccc(O)cc1)CCCc2ccccc23,cho,238.32999999999998,238.29600000000005,0.00014265933789259222,0,18,0,0,0,False,0
V2,0,316,0.026660308241844177,0.32121455669403076,n-(r-1-phenylethyl)-n’-(p-nitrophenyl)thiourea,CC(NC(=S)Nc1ccc(N(=O)=O)cc1)c2ccccc2,bimog_n_only,301.371,254.226,0.15643509163124514,2,21,0,1,3,True,2
V2,0,317,0.03057156875729561,0.65434330701828,1-menthyl-3-nitrophenylurethane,CC(C)C1CCC(C)CC1OC(=O)Nc2cccc(N(=O)=O)c2,bimog_n_only,320.389,306.31600000000003,0.04392472900130773,1,23,0,0,2,True,1
V2,0,319,0.016109649091959,0.42135152220726013,"1,1,3-trimethyl-3-(p-carboxyphenyl)-indan-5-carboxylic acid",CC3(C)CC(C)(c1ccc(C(=O)O)cc1)c2cc(C(=O)O)ccc23,cho,324.376,324.324,0.00016030779095854708,0,24,0,0,0,False,0
V2,0,320,0.0847470760345459,2.3630127906799316,"2-benzyl-(3,3’)spirobi-(benzo[f]chroman)",c7ccc(CC3CC2C(CCC1CCCCC12)OC36CCC5C(CCC4CCCCC45)O6)cc7,cho,462.71799999999996,462.65200000000004,0.00014263547128035015,0,34,0,0,0,False,0
V2,0,322,0.06099677085876465,1.5490847826004028,"n-( 1-phenylethyl)-2,4-dinitroaniline",CC(Nc1ccc(N(=O)=O)cc1N(=O)=O)c2ccccc2,bimog_n_only,287.275,287.19800000000004,0.00026803585414647557,0,21,0,0,3,False,0
V2,0,329,0.01901172660291195,0.10822783410549164,n-pentyl-p-nitrophenylurethane,CCCCCOC(=O)Nc1ccc(N(=O)=O)cc1,bimog_n_only,252.26999999999998,238.22079999999997,0.055691124588734375,1,18,0,0,2,True,1
V2,0,334,0.008906793780624866,0.042116258293390274,testosterone,CC12CCC3C(C1CCC2O)CCC4=CC(=O)CCC34C,cho,288.431,288.37800000000004,0.0001837527866281885,0,21,0,0,0,False,0
V2,0,340,0.03483103960752487,0.5822164416313171,Aripiprazole,C1CC(=O)NC2=C1C=CC(=C2)OCCCCN3CCN(CC3)C4=C(C(=CC=C4)Cl)Cl,bimog_n_and_hal,448.394,334.4028,0.25422106451022985,5,30,2,0,3,True,3
V2,0,342,0.04436216130852699,0.8110912442207336,Danazol,CC12CCC3C(C1CCC2(C#C)O)CCC4=CC5=C(CC34C)C=NO5,bimog_n_only,337.46299999999997,324.4448000000001,0.03857667359088213,1,25,0,0,1,True,1
V2,0,343,0.06044676899909973,0.2998115122318268,Bezafibrate,CC(C)(C(=O)O)OC1=CC=C(C=C1)CCNC(=O)C2=CC=C(C=C2)Cl,bimog_n_only,361.825,328.278,0.09271609203344144,1,25,1,0,1,True,0
V2,0,344,0.023776507005095482,0.9034929275512695,Ezetimibe,C1=CC(=CC=C1C2C(C(=O)N2C3=CC=C(C=C3)F)CCC(C4=CC=C(C=C4)F)O)O,bimog_n_and_hal,409.43199999999996,358.3620000000001,0.12473377752593806,3,30,2,0,1,True,1
V2,0,353,0.010488592088222504,0.4718642830848694,Clotrimazole,C1=CC=C(C=C1)C(C2=CC=CC=C2)(C3=CC=CC=C3Cl)N4C=CN=C4,bimog_n_and_hal,344.84499999999997,281.356,0.18410880250547346,3,25,1,0,2,True,2
V2,0,361,0.023309925571084023,0.9848304986953735,Isradipine,CC1=C(C(C(=C(N1)C)C(=O)OC(C)C)C2=CC=CC3=NON=C32)C(=O)OC,bimog_n_only,371.393,333.3188,0.10251727953946355,3,27,0,0,3,True,3
V2,0,366,0.011831602081656456,0.11373649537563324,Flurbiprofen,CC(C1=CC(=C(C=C1)C2=CC=CC=C2)F)C(=O)O,bimog_hal_only,244.265,225.236,0.07790309704624077,1,18,1,0,0,True,0
V2,0,367,0.012548558413982391,0.3157353699207306,Fenofibrate,CC(C)OC(=O)C(C)(C)OC1=CC=C(C=C1)C(=O)C2=CC=C(C=C2)Cl,bimog_hal_only,360.837,329.34680000000003,0.08726987531766406,1,25,1,0,0,True,0
V2,0,1,0.12715300917625427,0.3763112723827362,tartaric acid,O=C(O)C(O)C(O)C(=O)O,cho,150.086,150.052,0.00022653678557638113,0,10,0,0,0,False,0
V2,0,2,0.08206561207771301,0.6868783235549927,"1,2,3-propanetricarboxylic acid",C(C(CC(=O)O)C(=O)O)C(=O)O,cho,176.124,176.07,0.00030660216665534534,0,12,0,0,0,False,0
V2,0,3,0.06138021871447563,0.44149142503738403,"1,2,4-butanetricarboxylic acid",C(CC(=O)O)C(CC(=O)O)C(=O)O,cho,190.151,190.096,0.00028924381149719736,0,13,0,0,0,False,0
V2,0,8,0.018208522349596024,0.22117507457733154,methanol,CO,cho,32.042,32.042,0.0,0,2,0,0,0,False,0
V2,0,17,0.01505789440125227,0.13853266835212708,"propan-1,2-diol",CC(O)CO,cho,76.095,76.094,1.3141467901989223e-05,0,5,0,0,0,False,0
V2,0,25,0.009702369570732117,0.17654606699943542,2-butanol,CCC(C)O,cho,74.12299999999999,74.12,4.04732674066377e-05,0,5,0,0,0,False,0
V2,0,26,0.007844971492886543,0.07331345230340958,"2,2-dimethyl-1-propanol",CC(CO)(C)C,cho,88.14999999999999,88.146,4.537719795794093e-05,0,6,0,0,0,False,0
V2,0,27,0.005333079490810633,0.051801569759845734,o-xylene,CC1=C(C)C=CC=C1,cho,106.16799999999999,106.16000000000001,7.535227187083215e-05,0,8,0,0,0,False,0
V2,0,32,0.018641306087374687,0.19542622566223145,4-methylstyrene,CC1=CC=C(C=C1)C=C,cho,118.17899999999999,118.17000000000002,7.615566217322733e-05,0,9,0,0,0,False,0
V2,0,35,0.010939565487205982,0.07565848529338837,ethylbenzene,CCc1ccccc1,cho,106.16799999999999,106.16000000000001,7.535227187083215e-05,0,8,0,0,0,False,0
V2,0,42,0.0168849378824234,0.11642005294561386,cyclohexene,C1CCC=CC1,cho,82.146,82.10400000000001,0.0005112847856254543,0,6,0,0,0,False,0
V2,0,45,0.011387928389012814,0.10874845832586288,isopropylcyclohexane,CC(C)C1CCCCC1,cho,126.243,126.23400000000001,7.129108148562491e-05,0,9,0,0,0,False,0
V2,0,51,0.010321452282369137,0.10298611968755722,1-heptene,CCCCCC=C,cho,98.189,98.182,7.129108148562491e-05,0,7,0,0,0,False,0
V2,0,56,0.014470499940216541,0.17560932040214539,"2,5-hexanediol",CC(CCC(C)O)O,cho,118.176,118.172,3.384782020043886e-05,0,8,0,0,0,False,0
V2,0,57,0.0046698423102498055,0.08371518552303314,n-eugenol,COC1=C(C=CC(=C1)CC=C)O,cho,164.204,164.144,0.0003653991376580956,0,12,0,0,0,False,0
V2,0,58,0.016790028661489487,0.230729341506958,sorbitol,C(C(C(C(C(CO)O)O)O)O)O,cho,182.172,182.172,0.0,0,12,0,0,0,False,0
V2,0,65,0.39290136098861694,1.0827553272247314,vinylacetate,CC(=O)OC=C,cho,86.09,86.04400000000001,0.0005343245440816435,0,6,0,0,0,False,0
V2,0,66,0.012196322903037071,0.10638151317834854,xylitol,C(C(C(C(CO)O)O)O)O,cho,152.146,152.14600000000002,-2.220446049250313e-16,0,10,0,0,0,False,0
V2,0,70,0.10272431373596191,0.6670554876327515,3-hydroxy-2-methylpropionate,CC(CO)C(=O)OC,cho,118.132,119.102,-0.00821115362475866,0,8,0,0,0,False,0
V2,0,73,0.05515044927597046,0.5799328088760376,2p-hydroxyphenoxytetrahydropyran,C1CCOC(C1)OC2=CC=CC=C2O,cho,194.23,194.1868,0.00022241672244238675,0,14,0,0,0,False,0
V2,0,79,0.12582901120185852,0.5051325559616089,lactic acid,CC(C(=O)O)O,cho,90.078,90.06,0.00019982681675878577,0,6,0,0,0,False,0
V2,0,98,0.007539263926446438,0.19902940094470978,cholecalciterol,CC(C)CCCC(C)C1CCC2C1(CCCC2=CC=C3CC(CCC3=C)O)C,cho,384.64799999999997,384.58600000000007,0.00016118633139883265,0,28,0,0,0,False,0
V2,0,102,0.07362324744462967,0.7436872720718384,17b-estradiol,CC12CCC3C(C1CCC2O)CCC4=C3C=CC(=C4)O,cho,272.388,272.35400000000004,0.00012482194516616474,0,20,0,0,0,False,0
V2,0,106,0.03848893567919731,0.3657028079032898,citric acid,C(C(=O)O)C(CC(=O)O)(C(=O)O)O,cho,192.123,192.07,0.0002758649406889857,0,13,0,0,0,False,0
V2,0,108,0.005935093853622675,0.09758477658033371,n-nonanol,CCCCCCCCCO,cho,144.25799999999998,144.25000000000003,5.5456196536463054e-05,0,10,0,0,0,False,0
V2,0,109,0.005149335600435734,0.050139568746089935,2-pentanol,CCCC(C)O,cho,88.14999999999999,88.146,4.537719795794093e-05,0,6,0,0,0,False,0
V2,0,110,0.014230829663574696,0.0767078548669815,3-pentanol,CCC(CC)O,cho,88.14999999999999,88.146,4.537719795794093e-05,0,6,0,0,0,False,0
V2,0,114,0.004482715856283903,0.060304902493953705,3-methyl-4-octanol,CCCCC(C(C)CC)O,cho,144.25799999999998,144.25000000000003,5.5456196536463054e-05,0,10,0,0,0,False,0
V2,0,116,0.01286547351628542,0.11032811552286148,2-methyl-2-butanol,CCC(C)(C)O,cho,88.14999999999999,88.146,4.537719795794093e-05,0,6,0,0,0,False,0
V2,0,121,0.002221314935013652,0.05326824262738228,6-methyl-1-heptanol,CC(C)CCCCCO,cho,130.231,130.22400000000002,5.37506430878798e-05,0,9,0,0,0,False,0
V2,0,123,0.18415145576000214,1.1565797328948975,diisopropylether,CC(C)OC(C)C,cho,102.17699999999999,102.154,0.00022509958209770975,0,7,0,0,0,False,0
V2,0,127,0.07452855259180069,0.27085068821907043,ethyl acetate,CCOC(=O)C,cho,88.106,88.06,0.0005220983814949731,0,6,0,0,0,False,0
V2,0,141,0.003321836469694972,0.06776943802833557,3-methyl-4-heptanol,CCCC(C(C)CC)O,cho,130.231,130.22400000000002,5.37506430878798e-05,0,9,0,0,0,False,0
V2,0,142,0.009338061325252056,0.08556016534566879,6-methyl-2-heptanol,CC(C)CCCC(C)O,cho,130.231,130.22400000000002,5.37506430878798e-05,0,9,0,0,0,False,0
V2,0,148,0.010099773295223713,0.115262471139431,diisobutylphthalat,CC(C)COC(=O)C1=CC=CC=C1C(=O)OCC(C)C,cho,278.348,280.3176,-0.007076034316754631,0,20,0,0,0,False,0
V2,0,154,0.006847451440989971,0.1395215541124344,menthol,CC1CCC(C(C1)O)C(C)C,cho,156.269,156.26000000000002,5.759299669150231e-05,0,11,0,0,0,False,0
V2,0,161,0.008989132009446621,0.12805965542793274,"1,2-butanediol",CCC(CO)O,cho,90.122,90.12,2.2192139544130463e-05,0,6,0,0,0,False,0
V2,0,165,0.0055400049313902855,0.06666868925094604,"2,2-dimethyl-1-pentanol",CCCC(C)(C)CO,cho,116.204,116.19799999999998,5.163333448088281e-05,0,8,0,0,0,False,0
V2,0,176,0.004411595873534679,0.11048581451177597,4-methyl-4-nonanol,CCCCCC(C)(CCC)O,cho,158.285,158.276,5.6859462362113256e-05,0,11,0,0,0,False,0
V2,0,177,0.02088494971394539,0.10667695850133896,4-methyl-undecane,CCCCCCCC(C)CCC,cho,170.34,170.328,7.044734061290026e-05,0,12,0,0,0,False,0
V2,0,180,0.024817151948809624,0.27839672565460205,fructose,C1C(C(C(C(O1)(CO)O)O)O)O,cho,180.156,180.1568,-4.440595927857061e-06,0,12,0,0,0,False,0
V2,0,183,0.005187577567994595,0.039070285856723785,3-methyl-1-butanol,CC(C)CCO,cho,88.14999999999999,88.146,4.537719795794093e-05,0,6,0,0,0,False,0
V2,0,197,0.006935961544513702,0.12368786334991455,"2-ethyl-1,3-hexanediol",CCCC(C(CC)CO)O,cho,146.23,146.224,4.103125213705816e-05,0,10,0,0,0,False,0
V2,0,209,0.016866866499185562,0.3131370544433594,levoglucosan,C1C2C(C(C(C(O1)O2)O)O)O,cho,162.141,162.1228,0.00011224798169484629,0,11,0,0,0,False,0
V2,0,217,0.05760917067527771,0.2950202524662018,rhamnose,CC1C(C(C(C(O1)O)O)O)O,cho,164.157,164.138,0.00011574285592452771,0,11,0,0,0,False,0
V2,0,221,0.05341682955622673,0.30962738394737244,"3-methyl-1,2,3-butanetricarboxylic acid",CC(C)(C(CC(=O)O)C(=O)O)C(=O)O,cho,204.178,204.122,0.0002742704894748149,0,14,0,0,0,False,0
V2,0,223,0.02645324170589447,0.1047157496213913,"1,2-dimethylcyclohexane",CC1CCCCC1C,cho,112.216,112.208,7.129108148562491e-05,0,8,0,0,0,False,0
V2,0,227,0.10437901318073273,0.4029514789581299,butyronitrile,CCCC#N,bimog_n_only,69.107,55.096,0.20274357156293865,1,5,0,0,1,True,1
V2,0,233,0.036713697016239166,0.3250280022621155,pyridine,C1=CC=NC=C1,bimog_n_only,79.10199999999999,65.09,0.1771383782963767,1,6,0,0,1,True,1
V2,0,234,0.01943727396428585,1.0129560232162476,2-methoxy-4-nitroaniline,COC1=C(C=CC(=C1)[N+](=O)[O-])N,bimog_n_only,168.152,152.074,0.09561587135448868,1,12,0,0,2,True,1
V2,0,258,0.03758017346262932,0.49864083528518677,quinineethylcarbonate,CCOC(=O)OC(C1CC2CCN1CC2C=C)C3=C4C=C(C=CC4=NC=C3)OC,bimog_n_only,396.48699999999997,369.3928000000001,0.06833565791564389,2,29,0,0,2,True,2
V2,0,262,0.015411329455673695,0.06092977523803711,amobarbital,CCC1(C(=O)NC(=O)NC1=O)CCC(C)C,bimog_n_only,226.27599999999998,199.208,0.11962382223479284,2,16,0,0,2,True,2
V2,0,266,0.015550637617707253,0.05751941725611687,isobutylbromide,CC(C)CBr,bimog_hal_only,137.01999999999998,57.112,0.5831849365056195,1,5,1,0,0,True,0
V2,0,267,0.01760401949286461,0.04461619630455971,isoamylbromide,CC(C)CCBr,bimog_hal_only,151.047,71.138,0.529034009281879,1,6,1,0,0,True,0
V2,0,271,0.0291114691644907,0.12024786323308945,tert-butyl-chloride,CC(C)(C)Cl,bimog_hal_only,92.569,57.112,0.3830331968585595,1,5,1,0,0,True,0
V2,0,272,0.050377458333969116,0.12875327467918396,1 -bromopropane,CCCBr,bimog_hal_only,122.993,43.086,0.6496873805826348,1,4,1,0,0,True,0
V2,0,273,0.023157041519880295,0.06414522230625153,1-iodobutane,CCCCI,bimog_hal_only,184.01999999999998,57.112,0.6896424301706336,1,5,1,0,0,True,0
V2,0,277,0.347346693277359,1.6701877117156982,trichloroethylene,ClC=C(Cl)Cl,bimog_hal_only,131.389,25.028,0.8095122118289964,3,5,3,0,0,True,0
V2,0,279,0.017869766801595688,0.7654043436050415,griseofulvin,CC1CC(=O)C=C(C12C(=O)C3=C(O2)C(=C(C=C3OC)OC)Cl)OC,bimog_hal_only,352.77,319.148,0.09530855798395543,1,24,1,0,0,True,0
V2,0,283,0.013671940192580223,0.06679995357990265,4-chloroaniline,C1=CC(=CC=C1N)Cl,bimog_n_and_hal,127.574,76.09200000000001,0.4035461771207298,2,8,1,0,1,True,1
V2,0,287,0.07344217598438263,0.05959004908800125,3-trifluoromethylaniline,C1=CC(=CC(=C1)N)C(F)(F)F,bimog_n_and_hal,161.126,88.102,0.45321053088886953,4,11,3,0,1,True,1
V2,0,297,0.028418967500329018,0.4264928698539734,chlormadinone acetate,CC(=O)C1(CCC2C1(CCC3C2C=C(C4=CC(=O)CCC34C)Cl)C)OC(=O)C,bimog_hal_only,404.93399999999997,369.33799999999997,0.08790568339531879,1,28,1,0,0,True,0
V2,0,308,0.01603282429277897,0.1376492977142334,"n-(r-1-phenylethyl)-2,2’-diphenic imide",CC(c1ccccc1)n4c(=O)c2ccccc2c3ccccc3c4=O,bimog_n_only,327.383,311.30400000000003,0.049113729179584675,1,25,0,0,1,True,1
V2,0,309,0.012762096710503101,0.1122819185256958,"n-(r-1-phenylethyl)-4-nitro-1,8-naphthalimide",CC(c1ccccc1)n2c(=O)c4cccc3c(N(=O)=O)ccc(c2=O)c34,bimog_n_only,346.342,330.25,0.04646274491687408,1,26,0,0,2,True,1
V2,0,324,0.021868757903575897,0.19552502036094666,"9,9-bis(p-hydroxyphenyl)fluorene",Oc5ccc(C4(c1ccc(O)cc1)c2ccccc2c3ccccc34)cc5,cho,350.417,350.358,0.0001683708267576911,0,27,0,0,0,False,0
V2,0,325,0.0194552019238472,0.25341591238975525,"9,9-bis(p-aminophenyl)fluorene",Nc5ccc(C4(c1ccc(N)cc1)c2ccccc2c3ccccc34)cc5,bimog_n_only,348.44899999999996,316.37800000000004,0.09203929412912626,2,27,0,0,2,True,2
V2,0,331,0.03152535855770111,0.710013210773468,prednisone,CC12CC(=O)C3C(C1CCC2(C(=O)CO)O)CCC4=CC(=O)C=CC34C,cho,358.43399999999997,359.3,-0.0024160654402205495,0,26,0,0,0,False,0
V2,0,333,0.07134288549423218,0.9893845319747925,warfarin,CC(=O)CC(C1=CC=CC=C1)C2=C(C3=CC=CC=C3OC2=O)O,cho,308.33299999999997,310.2540000000001,-0.00623027700570522,0,23,0,0,0,False,0
V2,0,337,0.04911632090806961,0.75030118227005,fluorescamin,C1=CC=C(C=C1)C2=COC3(C2=O)C4=CC=CC=C4C(=O)O3,cho,278.263,295.2468,-0.06103506395029168,0,21,0,0,0,False,0
V2,0,345,0.03195415064692497,0.5298565030097961,Glafenine,C1=CC=C(C(=C1)C(=O)OCC(CO)O)NC2=C3C=CC(=CC3=NC=C2)Cl,bimog_n_and_hal,372.808,309.3088,0.17032681702109387,3,26,1,0,2,True,2
V2,0,351,0.012228555977344513,0.380349338054657,Loratadine,CCOC(=O)N1CCC(=C2C3=C(CCC4=C2N=CC=C4)C=C(C=C3)Cl)CC1,bimog_n_and_hal,382.89099999999996,320.39480000000003,0.1632219091072915,3,27,1,0,2,True,2
V2,0,360,0.027828669175505638,1.0573456287384033,Linaprazan,CC1=C(C(=CC=C1)C)CNC2=CC(=CN3C2=NC(=C3C)C)C(=O)NCCO,bimog_n_only,366.465,339.34000000000003,0.07401798261771231,2,27,0,0,4,True,2
V2,0,364,0.015436341054737568,0.10472574084997177,Aceclofenac,C1=CC=C(C(=C1)CC(=O)OCC(=O)O)NC2=C(C=CC=C2Cl)Cl,bimog_n_and_hal,354.189,268.202,0.24277151464331193,3,23,2,0,1,True,1
V2,0,9,0.022157855331897736,0.06785968691110611,ethylenglycol,OCCO,cho,62.068,62.068,0.0,0,4,0,0,0,False,0
V2,0,12,0.08128409832715988,0.5655781030654907,flopropione,CCC(=O)C1=C(C=C(C=C1O)O)O,cho,182.17499999999998,182.08,0.0005214766021680584,0,13,0,0,0,False,0
V2,0,13,0.009786594659090042,0.040287770330905914,2-methyl-1-propanol,CC(C)CO,cho,74.12299999999999,74.11999999999999,4.047326740685975e-05,0,5,0,0,0,False,0
V2,0,14,0.008181748911738396,0.042453259229660034,n-hexanol,CCCCCCO,cho,102.17699999999999,102.172,4.8934691760371685e-05,0,7,0,0,0,False,0
V2,0,16,0.0230572409927845,0.1216595396399498,benzyl alcohol,c1ccc(cc1)CO,cho,108.14,108.134,5.548363232843467e-05,0,8,0,0,0,False,0
V2,0,22,0.007571510970592499,0.021915240213274956,2-ethyl-1-hexanol,CCCCC(CC)CO,cho,130.231,130.22400000000002,5.37506430878798e-05,0,9,0,0,0,False,0
V2,0,24,0.02954002656042576,0.14837118983268738,2-phenyl-1-ethanol,c1ccc(cc1)CCO,cho,122.167,122.16000000000001,5.7298615829037836e-05,0,9,0,0,0,False,0
V2,0,29,0.01470271684229374,0.05640096589922905,2-methylpentane,CCCC(C)C,cho,86.178,86.172,6.962333774285234e-05,0,6,0,0,0,False,0
V2,0,33,0.006185696925967932,0.1170789822936058,o-terphenyl,C1=CC=C(C=C1)C2=CC=CC=C2C3=CC=CC=C3,cho,230.30999999999997,230.29200000000003,7.815552950352078e-05,0,18,0,0,0,False,0
V2,0,37,0.010614661499857903,0.05622054263949394,n-pentylbenzene,CCCCCC1=CC=CC=C1,cho,148.249,148.238,7.419948869802351e-05,0,11,0,0,0,False,0
V2,0,39,0.004941440187394619,0.04033505544066429,sec-butylbenzene,CCC(C)C1=CC=CC=C1,cho,134.22199999999998,134.212,7.450343460824183e-05,0,10,0,0,0,False,0
V2,0,44,0.007451807148754597,0.04238239675760269,ethylcyclohexane,CCC1CCCCC1,cho,112.216,112.20800000000001,7.129108148551389e-05,0,8,0,0,0,False,0
V2,0,47,0.007053890265524387,0.042696911841630936,n-butylcyclohexane,CCCCC1CCCCC1,cho,140.26999999999998,140.26,7.129108148562491e-05,0,10,0,0,0,False,0
V2,0,49,0.009647419676184654,0.10953488200902939,n-hexylcyclohexane,CCCCCCC1CCCCC1,cho,168.32399999999998,168.31199999999998,7.129108148573593e-05,0,12,0,0,0,False,0
V2,0,50,0.011916479095816612,0.08524439483880997,trans-2-hexene,CCCC=CC,cho,84.16199999999999,84.12,0.0004990375703998184,0,6,0,0,0,False,0
V2,0,59,0.10815946012735367,1.5897736549377441,propylencarbonate,CC1COC(=O)O1,cho,102.089,103.06080000000001,-0.009519145059702971,0,7,0,0,0,False,0
V2,0,61,0.011621191166341305,0.2413240373134613,sucrose,C(C1C(C(C(C(O1)OC2(C(C(C(O2)CO)O)O)CO)O)O)O)O,cho,342.297,342.242,0.0001606791762709392,0,23,0,0,0,False,0
V2,0,62,0.013721113093197346,0.06302616745233536,trehalose,C(C1C(C(C(C(O1)OC2C(C(C(C(O2)CO)O)O)O)O)O)O)O,cho,342.297,342.242,0.0001606791762709392,0,23,0,0,0,False,0
V2,0,63,0.010491259396076202,0.08712641149759293,dioctylphthalat,CCCCCCCCOC(=O)C1=CC=CC=C1C(=O)OCCCCCCCC,cho,390.56399999999996,392.5256,-0.0050224803105254345,0,28,0,0,0,False,0
V2,0,71,0.019957205280661583,0.9369376301765442,dianin’s compound,CC1(CC(C2=CC=CC=C2O1)(C)C3=CC=C(C=C3)O)COc1ccc(cc1)C2(c3c(OC(C2)(C)C)cccc3)C,cho,534.696,536.6268000000001,-0.0036110238341040546,0,40,0,0,0,False,0
V2,0,75,0.004783358424901962,0.5208408236503601,cholesterol,CC(C)CCCC(C)C1CCC2C1(CCC3C2CC=C4C3(CCC(C4)O)C)C,cho,386.664,386.63800000000003,6.724184304707226e-05,0,28,0,0,0,False,0
V2,0,80,0.0802358016371727,0.4925474226474762,epoxypropane,CC1CO1,cho,58.08,58.0788,2.0661157024703947e-05,0,4,0,0,0,False,0
V2,0,88,0.005115771200507879,0.046091772615909576,m-cresol,CC1=CC(=CC=C1)O,cho,108.14,108.11600000000001,0.0002219345293137387,0,8,0,0,0,False,0
V2,0,91,0.00628645857796073,0.14124330878257751,norethylnodrel,CC12CCC3C(C1CCC2(C#C)O)CCC4=C3CCC(=O)C4,cho,298.426,298.37200000000007,0.00018094938108581538,0,22,0,0,0,False,0
V2,0,92,0.01998910680413246,1.3113594055175781,beta-estradiol-3-benzoate,CC12CCC3C(C1CCC2O)CCC4=C3C=CC(=C4)OC(=O)C5=CC=CC=C5,cho,376.496,378.47280000000006,-0.005250520589860308,0,28,0,0,0,False,0
V2,0,105,0.030515259131789207,0.13629212975502014,progesterone,CC(=O)C1CCC2C1(CCC3C2CCC4=CC(=O)CCC34C)C,cho,314.469,314.37,0.0003148164047965807,0,23,0,0,0,False,0
V2,0,120,0.013086466118693352,0.043098919093608856,3-methyl-3-heptanol,CCCCC(C)(CC)O,cho,130.231,130.22400000000002,5.37506430878798e-05,0,9,0,0,0,False,0
V2,0,122,0.04251553863286972,0.40143370628356934,diethylether,CCOCC,cho,74.12299999999999,74.1208,2.968039609818618e-05,0,5,0,0,0,False,0
V2,0,146,0.012825092300772667,0.05734051391482353,3-methylpentane,CCC(C)CC,cho,86.178,86.172,6.962333774285234e-05,0,6,0,0,0,False,0
V2,0,149,0.007588174194097519,0.04422605782747269,"1,4-pentanediol",CC(CCCO)O,cho,104.149,104.14599999999999,2.8804885308653105e-05,0,7,0,0,0,False,0
V2,0,153,0.16379505395889282,1.1447482109069824,2-methyltetrahydrofuran,CC1CCCO1,cho,86.134,86.104,0.0003482945178443497,0,6,0,0,0,False,0
V2,0,155,0.01457366906106472,0.048441093415021896,n-butylbenzene,CCCCC1=CC=CC=C1,cho,134.22199999999998,134.212,7.450343460824183e-05,0,10,0,0,0,False,0
V2,0,164,0.005019263364374638,0.05417454242706299,"2,2-dimethyl-1-butanol",CCC(C)(C)CO,cho,102.17699999999999,102.172,4.8934691760371685e-05,0,7,0,0,0,False,0
V2,0,168,0.006001386791467667,0.046639584004879,3-hexanol,CCCC(CC)O,cho,102.17699999999999,102.172,4.8934691760371685e-05,0,7,0,0,0,False,0
V2,0,172,0.004859638400375843,0.037330809980630875,3-methyl-4-nonanol,CCCCCC(C(C)CC)O,cho,158.285,158.276,5.6859462362113256e-05,0,11,0,0,0,False,0
V2,0,181,0.007697211112827063,0.02947028912603855,n-heptanol,CCCCCCCO,cho,116.204,116.198,5.1633334480771786e-05,0,8,0,0,0,False,0
V2,0,188,0.022381547838449478,0.877867579460144,maltotetraose,C(C1C(C(C(C(O1)OC2C(OC(C(C2O)O)OC3C(OC(C(C3O)O)OC4C(OC(C(C4O)O)O)CO)CO)CO)O)O)O)O,cho,666.579,666.4499999999999,0.000193525448596521,0,45,0,0,0,False,0
V2,0,189,0.010353018529713154,0.2260245829820633,malic acid,C(C(C(=O)O)O)C(=O)O,cho,134.087,134.052,0.00026102455868204366,0,9,0,0,0,False,0
V2,0,190,0.014723655767738819,0.11726327240467072,pinonic acid,CC(=O)C1CC(C1(C)C)CC(=O)O,cho,184.23499999999999,184.166,0.000374521670692296,0,13,0,0,0,False,0
V2,0,191,0.019145676866173744,0.08878207206726074,"2-methylbutane-1,2,3,4-tetraol",CC(CO)(C(CO)O)O,cho,136.147,136.146,7.345002093317454e-06,0,9,0,0,0,False,0
V2,0,192,0.0698002278804779,0.5670509338378906,"1,2-isopooh",C=C(C)C(CO)OO,cho,118.132,118.09400000000001,0.0003216740595266554,0,8,0,0,0,False,0
V2,0,199,0.014922937378287315,0.06444775313138962,"1,2,6-hexanetriol",C(CCO)CC(CO)O,cho,134.175,134.17200000000003,2.2358859698035083e-05,0,9,0,0,0,False,0
V2,0,202,0.018271008506417274,0.09713497012853622,"3-methyl-1,3,5-pentanetriol",CC(CCO)(CCO)O,cho,134.175,134.17200000000003,2.2358859698035083e-05,0,9,0,0,0,False,0
V2,0,204,0.016070161014795303,0.29734212160110474,gentiobiose,C(C1C(C(C(C(O1)OCC2C(C(C(C(O2)O)O)O)O)O)O)O)O,cho,342.297,342.2608,0.00010575611238194949,0,23,0,0,0,False,0
V2,0,211,0.02057698927819729,0.7976083159446716,maltohexaose,C(C1C(C(C(C(O1)OC2C(OC(C(C2O)O)OC3C(OC(C(C3O)O)OC4C(OC(C(C4O)O)OC5C(OC(C(C5O)O)OC6C(OC(C(C6O)O)O)CO)CO)CO)CO)CO)O)O)O)O,cho,990.861,990.658,0.0002048723282074283,0,67,0,0,0,False,0
V2,0,212,0.019741535186767578,1.072516679763794,maltopentaose,C(C1C(C(C(C(O1)OC2C(OC(C(C2O)O)OC3C(OC(C(C3O)O)OC4C(OC(C(C4O)O)OC5C(OC(C(C5O)O)O)CO)CO)CO)CO)O)O)O)O,cho,828.72,828.554,0.0002003089101265676,0,56,0,0,0,False,0
V2,0,213,0.01819717325270176,0.3437103033065796,maltotriose,C(C1C(C(C(C(O1)OC2C(OC(C(C2O)O)OC3C(OC(C(C3O)O)O)CO)CO)O)O)O)O,cho,504.438,504.34600000000006,0.00018238118460534025,0,34,0,0,0,False,0
V2,0,214,0.015448562800884247,0.060272492468357086,nigerose,C(C1C(C(C(C(O1)O)O)OC2C(C(C(C(O2)CO)O)O)O)O)O,cho,342.297,342.242,0.0001606791762709392,0,23,0,0,0,False,0
V2,0,222,0.00644380459561944,0.13717308640480042,cyclooctanol,C1CCCC(CCC1)O,cho,128.215,128.20800000000003,5.459579612354659e-05,0,9,0,0,0,False,0
V2,0,224,0.024270731955766678,0.08723754435777664,2-methylbutane,CCC(C)C,cho,72.151,72.146,6.929910881336987e-05,0,5,0,0,0,False,0
V2,0,230,0.015092894434928894,0.052785474807024,2-naphthylamine,C1=CC=C2C=C(C=CC2=C1)N,bimog_n_only,143.189,127.15600000000002,0.11197089161876939,1,11,0,0,1,True,1
V2,0,244,0.01930580660700798,0.11100691556930542,methyl n-phenylcarbamate,COC(=O)NC1=CC=CC=C1,bimog_n_only,151.165,137.1,0.0930440247411769,1,11,0,0,1,True,1
V2,0,245,0.025316689163446426,0.13180458545684814,ethyl n-phenylcarbamate,CCOC(=O)NC1=CC=CC=C1,bimog_n_only,165.192,151.16080000000002,0.08493873795341167,1,12,0,0,1,True,1
V2,0,247,0.06778757274150848,1.5168392658233643,dibucaine,CCCCOC1=NC2=CC=CC=C2C(=C1)C(=O)NCCN(CC)CC,bimog_n_only,343.471,316.38880000000006,0.07884857819146285,2,25,0,0,3,True,2
V2,0,248,0.032681576907634735,0.19513633847236633,proxyphylline,CC(CN1C=NC2=C1C(=O)N(C(=O)N2C)C)O,bimog_n_only,238.24699999999999,184.192,0.22688638261971816,4,17,0,0,4,True,4
V2,0,252,0.029790397733449936,0.35742244124412537,diphylline,CN1C2=C(C(=O)N(C1=O)C)N(C=N2)CC(CO)O,bimog_n_only,254.24599999999998,200.192,0.21260511473140176,4,18,0,0,4,True,4
V2,0,254,0.03042447566986084,0.09019090235233307,phenobarbital,CCC1(C(=O)NC(=O)NC1=O)C2=CC=CC=C2,bimog_n_only,232.239,205.17000000000002,0.11655665069174426,2,17,0,0,2,True,2
V2,0,268,0.021174585446715355,0.028919458389282227,3-bromopentane,CCC(Br)CC,bimog_hal_only,151.047,71.138,0.529034009281879,1,6,1,0,0,True,0
V2,0,284,0.044361867010593414,0.10207445919513702,"3,4-dichloroaniline",C1=CC(=C(C=C1N)Cl)Cl,bimog_n_and_hal,162.019,75.08400000000002,0.5365728710830211,3,9,2,0,1,True,1
V2,0,285,0.007220228668302298,0.03962995484471321,2-chloroaniline,C1=CC=C(C(=C1)N)Cl,bimog_n_and_hal,127.574,76.09200000000001,0.4035461771207298,2,8,1,0,1,True,1
V2,0,289,0.04460405185818672,0.18946807086467743,m-fluorophenol,C1=CC(=CC(=C1)F)O,bimog_hal_only,112.103,93.082,0.1696743173688483,1,8,1,0,0,True,0
V2,0,296,0.008887874893844128,0.12443705648183823,spironolactone,CC(=O)SC1CC2=CC(=O)CCC2(C3C1C4CCC5(C4(CC3)C)CCC(=O)O5)C,cho,416.58299999999997,384.38,0.07730272238665514,1,29,0,1,0,True,1
V2,0,299,0.047681815922260284,0.11801835149526596,sulphisoxazole,CC1=C(ON=C1C)NS(=O)(=O)C2=CC=C(C=C2)N,bimog_n_only,267.31,200.1488,0.2512483633234821,4,18,0,1,3,True,4
V2,0,304,0.07503277063369751,1.239930510520935,probucol,CC(C)(C)C1=CC(=CC(=C1O)C(C)(C)C)SC(C)(C)SC2=CC(=C(C(=C2)C(C)(C)C)O)C(C)(C)C,cho,516.857,452.658,0.1242103715340993,2,35,0,2,0,True,2
V2,0,306,0.02826525643467903,0.17145133018493652,n-(s-1-naphthylethyl)-tetrachlorophthalimide,CC(c2ccc1ccccc1c2)n4c(=O)c3c(Cl)c(Cl)c(Cl)c(Cl)c3c4=O,bimog_n_and_hal,439.125,281.236,0.3595536578423001,5,27,4,0,1,True,1
V2,0,313,0.029597973451018333,0.1493888795375824,"n-(1,2,3,4-tetrahydro-1-naphthyl)-tetrachlorophthalimide",O=c2c1c(Cl)c(Cl)c(Cl)c(Cl)c1c(=O)n2c3cccc4ccccc34,bimog_n_and_hal,411.071,281.236,0.31584568115970235,5,25,4,0,1,True,1
V2,0,335,0.017542764544487,0.09155093878507614,nandrolone,CC12CCC3C(C1CCC2O)CCC4=CC(=O)CCC34,cho,274.404,274.35200000000003,0.00018950161076358718,0,20,0,0,0,False,0
V2,0,341,0.09197979420423508,2.0251715183258057,Bucindolol,CC(C)(CC1=CNC2=CC=CC=C21)NCC(COC3=CC=CC=C3C#N)O,bimog_n_only,363.46099999999996,334.37880000000007,0.08001463705872125,2,27,0,0,3,True,2
V2,0,348,0.032601248472929,0.36623916029930115,Diazepam,CN1C(=O)CN=C(C2=C1C=CC(=C2)Cl)C3=CC=CC=C3,bimog_n_and_hal,284.746,221.22800000000004,0.22306898077584913,3,20,1,0,2,True,2
V2,0,350,0.1003432646393776,1.3362382650375366,Carvedilol,COC1=CC=CC=C1OCCNCC(COC2=CC=CC3=C2C4=CC=CC=C4N3)O,bimog_n_only,406.48199999999997,391.3736000000001,0.037168681516032365,1,30,0,0,2,True,1
V2,0,356,0.07498567551374435,0.5981261134147644,Clofoctol,CC(C)(C)CC(C)(C)C1=CC(=C(C=C1)O)CC2=C(C=C(C=C2)Cl)Cl,bimog_hal_only,365.344,294.40000000000003,0.19418411141280534,2,24,2,0,0,True,0
V2,0,359,0.01944083347916603,0.2393074333667755,Orlistat,CCCCCCCCCCCC(CC1C(C(=O)O1)CCCCCC)OC(=O)C(CC(C)C)NC=O,bimog_n_only,495.745,497.61400000000003,-0.0037700834098175484,0,35,0,0,1,False,0
V2,0,362,0.008758370764553547,0.37025055289268494,Acemetacin,CC1=C(C2=C(N1C(=O)C3=CC=C(C=C3)Cl)C=CC(=C2)OC)CC(=O)OCC(=O)O,bimog_n_and_hal,415.829,367.256,0.11681003489415132,2,29,1,0,1,True,1
V2,0,18,0.0977257713675499,0.39880070090293884,resorcinol,c1cc(cc(c1)O)O,cho,110.112,110.072,0.000363266492298675,0,8,0,0,0,False,0
V2,0,19,0.01126478798687458,0.09592580795288086,phenyl-salicylate,O=C(Oc2ccccc2)c1c(O)cccc1,cho,214.22,229.2088,-0.0699691905517692,0,16,0,0,0,False,0
V2,0,21,0.019980624318122864,0.08906988799571991,diethylphthalat,CCOC(=O)c1ccccc1C(=O)OCC,cho,222.23999999999998,224.2136,-0.008880489560835203,0,16,0,0,0,False,0
V2,0,28,0.0035889886785298586,0.027592265978455544,m-xylene,CC1=CC(=CC=C1)C,cho,106.16799999999999,106.16000000000001,7.535227187083215e-05,0,8,0,0,0,False,0
V2,0,34,0.01638752594590187,0.0385562926530838,toluol,Cc1ccccc1,cho,92.14099999999999,92.13400000000001,7.597052343666366e-05,0,7,0,0,0,False,0
V2,0,43,0.008935260586440563,0.05060529708862305,methylcyclohexane,CC1CCCCC1,cho,98.189,98.182,7.129108148562491e-05,0,7,0,0,0,False,0
V2,0,54,0.010795204900205135,0.09157904237508774,4-methylnonane,CCCCCC(C)CCC,cho,142.286,142.276,7.028098337147348e-05,0,10,0,0,0,False,0
V2,0,55,0.010940233245491982,0.1924753487110138,2-isopropoxyethanol,CC(C)OCCO,cho,104.149,104.1468,2.112358255956792e-05,0,7,0,0,0,False,0
V2,0,76,0.04616575315594673,1.196321725845337,beta-d-glucosepentaacetate,CC(=O)OCC1C(C(C(C(O1)OC(=O)C)OC(=O)C)OC(=O)C)OC(=O)C,cho,390.341,390.098,0.0006225326061058967,0,27,0,0,0,False,0
V2,0,78,0.04208306968212128,0.6036235094070435,"4,4’-dimethoxytetraphenylmethane",COc4ccc(C(c1ccccc1)(c2ccccc2)c3ccc(OC)cc3)cc4,cho,380.48699999999997,380.394,0.00024442359397292,0,29,0,0,0,False,0
V2,0,81,0.04213669151067734,0.3460012972354889,n-butylacetate,CCCCOC(=O)C,cho,116.16,116.11200000000001,0.00041322314049574427,0,8,0,0,0,False,0
V2,0,86,0.009942839853465557,0.03476113826036453,"1,3-butanediol",CC(CCO)O,cho,90.122,90.12,2.2192139544130463e-05,0,6,0,0,0,False,0
V2,0,93,0.005865644663572311,0.04098536819219589,ursodeoxycholic acid,CC(CCC(=O)O)C1CCC2C1(CCC3C2C(CC4C3(CCC(C4)O)C)O)C,cho,392.58,392.542,9.679555759334324e-05,0,28,0,0,0,False,0
V2,0,95,0.01425536535680294,0.1619550883769989,cholic acid,CC(CCC(=O)O)C1CCC2C1(C(CC3C2C(CC4C3(CCC(C4)O)C)O)O)C,cho,408.579,408.54200000000003,9.055776239108582e-05,0,29,0,0,0,False,0
V2,0,100,0.030366351827979088,0.39716964960098267,dehydrocholic acid,CC(CCC(=O)O)C1CCC2C1(C(=O)CC3C2C(=O)CC4C3(CCC(=O)C4)C)C,cho,402.531,403.394,-0.002143934255995239,0,29,0,0,0,False,0
V2,0,103,0.07411809265613556,0.7474595308303833,aspirin,CC(=O)OC1=CC=CC=C1C(=O)O,cho,180.159,180.09200000000004,0.00037189371610601984,0,13,0,0,0,False,0
V2,0,111,0.011557690799236298,0.06442506611347198,2-octanol,CCCCCCC(C)O,cho,130.231,130.22400000000002,5.37506430878798e-05,0,9,0,0,0,False,0
V2,0,115,0.008198408409953117,0.05772637203335762,2-methyl-2-propanol,CC(C)(C)O,cho,74.12299999999999,74.12,4.04732674066377e-05,0,5,0,0,0,False,0
V2,0,117,0.00869052391499281,0.06901144236326218,2-methyl-2-heptanol,CCCCCC(C)(C)O,cho,130.231,130.22400000000002,5.37506430878798e-05,0,9,0,0,0,False,0
V2,0,125,0.014379240572452545,0.04105835407972336,methylethylketone,CCC(=O)C,cho,72.107,72.06000000000002,0.0006518091170064633,0,5,0,0,0,False,0
V2,0,132,0.05748371034860611,0.5687028169631958,3-methoxy-1-butanol,CC(CCO)OC,cho,104.149,104.112,0.0003552602521388337,0,7,0,0,0,False,0
V2,0,134,0.005412266589701176,0.020818065851926804,2-methyl-1-butanol,CCC(C)CO,cho,88.14999999999999,88.146,4.537719795794093e-05,0,6,0,0,0,False,0
V2,0,137,0.007075551897287369,0.02208855003118515,4-methyl-2-pentanol,CC(C)CC(C)O,cho,102.17699999999999,102.172,4.8934691760371685e-05,0,7,0,0,0,False,0
V2,0,139,0.00552792614325881,0.012890639714896679,3-methyl-4-hexanol,CCC(C)C(CC)O,cho,116.204,116.198,5.1633334480771786e-05,0,8,0,0,0,False,0
V2,0,144,0.006077936384826899,0.021279549226164818,2-methyl-1-heptanol,CCCCCC(C)CO,cho,130.231,130.22400000000002,5.37506430878798e-05,0,9,0,0,0,False,0
V2,0,151,0.004738657735288143,0.033596597611904144,"1,5-hexanediol",CC(CCCCO)O,cho,118.176,118.172,3.384782020043886e-05,0,8,0,0,0,False,0
V2,0,152,0.008687896654009819,0.07275247573852539,iso-eugenol,CC=CC1=CC(=C(C=C1)O)OC,cho,164.204,164.108,0.0005846386202529308,0,12,0,0,0,False,0
V2,0,157,0.008095875382423401,0.026618177071213722,cycloheptanol,C1CCCC(CC1)O,cho,114.18799999999999,114.182,5.254492591155735e-05,0,8,0,0,0,False,0
V2,0,166,0.009629765525460243,0.021990718320012093,"2,2-dimethyl-1-hexanol",CCCCC(C)(C)CO,cho,130.231,130.22400000000002,5.37506430878798e-05,0,9,0,0,0,False,0
V2,0,178,0.00686268974095583,0.02522134780883789,n-butanol,CCCCO,cho,74.12299999999999,74.11999999999999,4.047326740685975e-05,0,5,0,0,0,False,0
V2,0,186,0.014172653667628765,0.09468479454517365,"2,4,6-trimethylheptane",CC(C)CC(C)CC(C)C,cho,142.286,142.276,7.028098337147348e-05,0,10,0,0,0,False,0
V2,0,194,0.023436035960912704,0.14535567164421082,pinic acid,CC1(C(CC1C(=O)O)CC(=O)O)C,cho,186.207,186.166,0.00022018506286014539,0,13,0,0,0,False,0
V2,0,198,0.0033304295502603054,0.07532789558172226,"1,2,7-heptanetriol",C(CCC(CO)O)CCO,cho,148.202,148.198,2.6990189066156134e-05,0,10,0,0,0,False,0
V2,0,226,0.04973045736551285,0.2747291922569275,acetaldehyd,CC=O,cho,44.053,44.034000000000006,0.0004312986629739779,0,3,0,0,0,False,0
V2,0,229,0.017809752374887466,0.04122568294405937,1-naphthylamine,C1=CC=C2C(=C1)C=CC=C2N,bimog_n_only,143.189,127.15600000000002,0.11197089161876939,1,11,0,0,1,True,1
V2,0,235,0.09307684749364853,0.38007205724716187,4-nitroaniline,C1=CC(=CC=C1N)[N+](=O)[O-],bimog_n_only,138.126,122.082,0.11615481516875903,1,10,0,0,2,True,1
V2,0,237,0.0724697858095169,0.34173300862312317,2-nitroaniline,C1=CC=C(C(=C1)N)[N+](=O)[O-],bimog_n_only,138.126,122.082,0.11615481516875903,1,10,0,0,2,True,1
V2,0,238,0.09050475060939789,0.33668631315231323,3-nitroaniline,C1=CC(=CC(=C1)[N+](=O)[O-])N,bimog_n_only,138.126,122.082,0.11615481516875903,1,10,0,0,2,True,1
V2,0,250,0.020283598452806473,0.10786721855401993,nialamide,C1=CC=C(C=C1)CNC(=O)CCNNC(=O)C2=CC=NC=C2,bimog_n_only,298.346,270.182,0.09440046120946821,2,22,0,0,4,True,2
V2,0,256,0.04938837140798569,0.3279629647731781,antipyrine,CC1=CC(=O)N(N1C)C2=CC=CC=C2,bimog_n_only,188.23,161.196,0.14362216437337294,2,14,0,0,2,True,2
V2,0,261,0.009956794790923595,0.1640489548444748,hexobarbital,CC1(C(=O)NC(=O)N(C1=O)C)C2=CCCCC2,bimog_n_only,236.271,210.21,0.11030130655052872,2,17,0,0,2,True,2
V2,0,264,0.05490115284919739,0.23084577918052673,dimethyl acetamide,CC(=O)N(C)C,bimog_n_only,87.122,73.06800000000001,0.16131401942104162,1,6,0,0,1,True,1
V2,0,282,0.09364916384220123,0.4284153878688812,2-chloro-4-nitroaniline,C1=CC(=C(C=C1[N+](=O)[O-])Cl)N,bimog_n_and_hal,172.571,121.07400000000001,0.29841050929762236,2,11,1,0,2,True,1
V2,0,288,0.01766042411327362,0.0681699737906456,o-fluoroaniline,C1=CC=C(C(=C1)N)F,bimog_n_and_hal,111.119,76.09200000000001,0.3152206193360271,2,8,1,0,1,True,1
V2,0,293,0.07001522928476334,0.5341681241989136,flufenamic acid,C1=CC=C(C(=C1)C(=O)O)NC2=CC=CC(=C2)C(F)(F)F,bimog_n_and_hal,281.233,209.194,0.2561541497619412,4,20,3,0,1,True,1
V2,0,298,0.028909027576446533,0.5677870512008667,indomethacin,CC1=C(C2=C(N1C(=O)C3=CC=C(C=C3)Cl)C=CC(=C2)OC)CC(=O)O,bimog_n_and_hal,357.793,309.256,0.13565665063318744,2,25,1,0,1,True,1
V2,0,301,0.03542904928326607,0.49784478545188904,sulphathiazole,C1=CC(=CC=C1N)S(=O)(=O)NC2=NC=CS2,bimog_n_only,255.32399999999998,172.138,0.3258056430261158,5,16,0,2,3,True,5
V2,0,302,0.0667862743139267,0.6748062968254089,sulphadimethoxine,COC1=NC(=NC(=C1)NS(=O)(=O)C2=CC=C(C=C2)N)OC,bimog_n_only,310.335,245.14,0.2100794302930704,5,21,0,1,4,True,5
V2,0,307,0.009532198309898376,0.1340634673833847,"n-(s-1-naphthylethyl)-2,2’-diphenic imide",CC(c2ccc1ccccc1c2)n5c(=O)c3ccccc3c4ccccc4c5=O,bimog_n_only,377.443,361.36,0.042610407399262806,1,29,0,0,1,True,1
V2,0,311,0.009488804265856743,0.23300917446613312,n-(r-1-phenylethyl)-3-nitrophthalimide,CC(c1ccccc1)n3c(=O)c2cccc(N(=O)=O)c2c3=O,bimog_n_only,296.282,280.194,0.05429961995666277,1,22,0,0,2,True,1
V2,0,315,0.03288283571600914,1.4305391311645508,"1,3-dinitro-4,6-bis-(r-l’-phenylethylamino)benzene",CC(Nc2cc(NC(C)c1ccccc1)c(N(=O)=O)cc2N(=O)=O)c3ccccc3,bimog_n_only,406.442,406.324,0.000290324326718161,0,30,0,0,4,False,0
V2,0,321,0.04011392593383789,0.6068248748779297,n-(1-phenylethyl)-n’-(p-nitrophenyl)urea,CC(NC(=O)Nc1ccc(N(=O)=O)cc1)c2ccccc2,bimog_n_only,285.303,271.216,0.04937557614185617,1,21,0,0,3,True,1
V2,0,326,0.028862550854682922,0.5720899701118469,anilinephthalein,Nc4ccc(C3(c1ccc(N)cc1)OC(=O)c2ccccc23)cc4,bimog_n_only,316.36,286.27600000000007,0.09509419648501694,2,24,0,0,2,True,2
V2,0,330,0.061782896518707275,1.2778772115707397,budesonide,CCCC1OC2CC3C4CCC5=CC(=O)C=CC5(C4C(CC3(C2(O1)C(=O)CO)C)O)C,cho,430.541,432.4120000000001,-0.0043456952996348,0,31,0,0,0,False,0
V2,0,332,0.03409241884946823,0.1973847895860672,hydrocortisone,CC12CCC(=O)C=C1CCC3C2C(CC4(C3CCC4(C(=O)CO)O)C)O,cho,362.466,362.3780000000001,0.0002427813919095856,0,26,0,0,0,False,0
V2,0,338,0.01206596102565527,0.21979999542236328,ibuprofen,CC(C)CC1=CC=C(C=C1)C(C)C(=O)O,cho,206.285,206.256,0.00014058220423196488,0,15,0,0,0,False,0
V2,0,346,0.010740654543042183,0.3435792326927185,Pimozide,C1CN(CCC1N2C3=CC=CC=C3NC2=O)CCCC(C4=CC=C(C=C4)F)C5=CC=C(C=C5)F,bimog_n_and_hal,461.556,381.494,0.173461075145811,5,34,2,0,3,True,3
V2,0,363,0.06504862010478973,0.6836494207382202,Nilutamide,CC1(C(=O)N(C(=O)N1)C2=CC(=C(C=C2)[N+](=O)[O-])C(F)(F)F)C,bimog_n_and_hal,317.223,249.15200000000002,0.2145840623157842,4,22,3,0,3,True,1
V2,0,365,0.017354050651192665,0.8341947793960571,Miconazole,C1=CC(=C(C=C1Cl)Cl)COC(CN2C=CN=C2)C3=C(C=C(C=C3)Cl)Cl,bimog_n_and_hal,416.135,246.2928,0.40814206928040175,6,25,4,0,2,True,2
V2,1,0,0.027943748980760574,0.21383234858512878,glucose,C(C1C(C(C(C(O1)O)O)O)O)O,cho,180.156,180.13800000000003,9.991340837922635e-05,0,12,0,0,0,False,0
V2,1,7,0.021444180980324745,0.03584779426455498,n-propanol,CCCO,cho,60.096,60.093999999999994,3.328008519709602e-05,0,4,0,0,0,False,0
V2,1,11,0.007765463553369045,0.261721134185791,maltitol,C(C1C(C(C(C(O1)OC(C(CO)O)C(C(CO)O)O)O)O)O)O,cho,344.313,344.276,0.00010746036309983165,0,23,0,0,0,False,0
V2,1,15,0.005042998120188713,0.02774941362440586,n-pentanol,CCCCCO,cho,88.14999999999999,88.146,4.537719795794093e-05,0,6,0,0,0,False,0
V2,1,20,0.03175879269838333,0.2846373915672302,dimethylphthalat,O=C(OC)c1ccccc1C(=O)OC,cho,194.186,196.092,-0.009815331692295093,0,14,0,0,0,False,0
V2,1,31,0.03255090117454529,0.08854204416275024,n-buten,C=CCC,cho,56.108,56.104,7.129108148562491e-05,0,4,0,0,0,False,0
V2,1,36,0.00764471897855401,0.019483186304569244,propylbenzene,CCCC1=CC=CC=C1,cho,120.195,120.18600000000002,7.487832272534689e-05,0,9,0,0,0,False,0
V2,1,38,0.013453173451125622,0.09564689546823502,n-hexylbenzene,CCCCCCC1=CC=CC=C1,cho,162.27599999999998,162.26399999999998,7.394808844196632e-05,0,12,0,0,0,False,0
V2,1,46,0.00525439390912652,0.055676013231277466,sec-butylcyclohexane,CCC(C)C1CCCCC1,cho,140.26999999999998,140.26,7.129108148562491e-05,0,10,0,0,0,False,0
V2,1,48,0.008652557618916035,0.05969064310193062,n-pentylcyclohexane,CCCCCC1CCCCC1,cho,154.297,154.28599999999997,7.129108148584695e-05,0,11,0,0,0,False,0
V2,1,52,0.012381422333419323,0.06531860679388046,cis-2-octene,CCCCCC=CC,cho,112.216,112.172,0.00039210094817132557,0,8,0,0,0,False,0
V2,1,53,0.019567256793379784,0.059025563299655914,3-methylhexane,CCCC(C)CC,cho,100.205,100.19800000000001,6.985679357307539e-05,0,7,0,0,0,False,0
V2,1,60,0.061302006244659424,0.31777653098106384,guajacol,COC1=CC=CC=C1O,cho,124.139,124.082,0.00045916271276558174,0,9,0,0,0,False,0
V2,1,64,0.009081252850592136,0.21984489262104034,naphthylsalyciate,C1=CC=C2C(=C1)C=CC=C2OC(=O)C3=CC=CC=C3O,cho,264.28,279.26480000000004,-0.05670046919933425,0,20,0,0,0,False,0
V2,1,67,0.10982086509466171,0.38990357518196106,methyl(s)(-)lactate,CC(C(=O)OC)O,cho,104.105,105.07600000000001,-0.009327121656020454,0,7,0,0,0,False,0
V2,1,68,0.0387851856648922,0.20553994178771973,(s)-glycerol acetonate,CC1(OCC(O1)CO)C,cho,132.159,132.1388,0.00015284619284339218,0,9,0,0,0,False,0
V2,1,72,0.013139394111931324,0.06539446115493774,4-(1-idianyl)phenol,C1CC2=CC=CC=C2C1C3=CC=C(C=C3)O,cho,210.27599999999998,210.24400000000003,0.00015218094314117803,0,16,0,0,0,False,0
V2,1,74,0.03716002032160759,0.9717334508895874,salicin,C1=CC=C(C(=C1)CO)OC2C(C(C(C(O2)CO)O)O)O,cho,286.28,286.238,0.00014670951515993735,0,20,0,0,0,False,0
V2,1,77,0.01132057886570692,0.16953174769878387,3-pentadecylcyclohexanone,CCCCCCCCCCCCCCCC1CCCC(=O)C1,cho,308.55,308.49399999999997,0.000181494085237488,0,22,0,0,0,False,0
V2,1,82,0.01992836408317089,0.15502262115478516,camphor,CC1(C2CCC1(C(=O)C2)C)C,cho,152.237,152.192,0.0002955917418234755,0,11,0,0,0,False,0
V2,1,83,0.009019182063639164,0.034169185906648636,dibutylphthalat,CCCCOC(=O)C1=CC=CC=C1C(=O)OCCCC,cho,278.348,280.3176,-0.007076034316754631,0,20,0,0,0,False,0
V2,1,84,0.006987951695919037,0.04642273858189583,o-cresol,CC1=CC=CC=C1O,cho,108.14,108.11600000000001,0.0002219345293137387,0,8,0,0,0,False,0
V2,1,85,0.01534965354949236,0.09685324132442474,isopropranol,CC(C)O,cho,60.096,60.093999999999994,3.328008519709602e-05,0,4,0,0,0,False,0
V2,1,87,0.016089335083961487,0.08254300057888031,"2,3-butanediol",CC(C(C)O)O,cho,90.122,90.12,2.2192139544130463e-05,0,6,0,0,0,False,0
V2,1,94,0.008109509944915771,0.054466743022203445,deoxycholic acid,CC(CCC(=O)O)C1CCC2C1(C(CC3C2CCC4C3(CCC(C4)O)C)O)C,cho,392.58,392.542,9.679555759334324e-05,0,28,0,0,0,False,0
V2,1,96,0.02554687298834324,0.2961951792240143,lactose,C(C1C(C(C(C(O1)OC(C(CO)O)C(C(C=O)O)O)O)O)O)O,cho,342.297,342.242,0.0001606791762709392,0,23,0,0,0,False,0
V2,1,97,0.009328304789960384,0.04659634456038475,diethylhexylphthalat,O=C(OCC(CC)CCCC)C1=CC=CC=C1C(OCC(CC)CCCC)=O,cho,390.56399999999996,392.5256,-0.0050224803105254345,0,28,0,0,0,False,0
V2,1,101,0.007473349571228027,0.10243409872055054,cellobiose,C(C1C(C(C(C(O1)OC2C(OC(C(C2O)O)O)CO)O)O)O)O,cho,342.297,342.242,0.0001606791762709392,0,23,0,0,0,False,0
V2,1,104,0.008932875469326973,0.1230757087469101,methyltestosterone,CC12CCC(=O)C=C1CCC3C2CCC4(C3CCC4(C)O)C,cho,302.45799999999997,302.40400000000005,0.0001785371853278983,0,22,0,0,0,False,0
V2,1,112,0.0037302665878087282,0.03714432567358017,4-hetpanol,CCCC(CCC)O,cho,116.204,116.198,5.1633334480771786e-05,0,8,0,0,0,False,0
V2,1,119,0.004549854435026646,0.03902962803840637,6-methyl-3-heptanol,CCC(CCC(C)C)O,cho,130.231,130.22400000000002,5.37506430878798e-05,0,9,0,0,0,False,0
V2,1,124,0.03807499259710312,0.23512129485607147,acetone,CC(=O)C,cho,58.08,58.034,0.0007920110192837226,0,4,0,0,0,False,0
V2,1,128,0.03359612077474594,0.4325482249259949,benzaldehyde,C1=CC=C(C=C1)C=O,cho,106.124,106.1,0.00022615054087671282,0,8,0,0,0,False,0
V2,1,130,0.08506210148334503,1.8770742416381836,"1,3,5-trinaphthylbenzene",C1=CC=C2C(=C1)C=CC=C2C3=CC(=CC(=C3)C4=CC=CC5=CC=CC=C54)C6=CC=CC7=CC=CC=C76,cho,456.58799999999997,456.5520000000001,7.884569896687843e-05,0,36,0,0,0,False,0
V2,1,131,0.00963505171239376,0.12245305627584457,decalin,C1CCC2CCCCC2C1,cho,138.254,138.244,7.233063781153515e-05,0,10,0,0,0,False,0
V2,1,135,0.004719944670796394,0.030445415526628494,2-ethyl-1-butanol,CCC(CC)CO,cho,102.17699999999999,102.172,4.8934691760371685e-05,0,7,0,0,0,False,0
V2,1,136,0.004043771419674158,0.03225136548280716,3-methyl-2-pentanol,CCC(C)C(C)O,cho,102.17699999999999,102.172,4.8934691760371685e-05,0,7,0,0,0,False,0
V2,1,143,0.004537043161690235,0.04331834986805916,4-methyl-1-heptanol,CCCC(C)CCCO,cho,130.231,130.22400000000002,5.37506430878798e-05,0,9,0,0,0,False,0
V2,1,147,0.006515036337077618,0.026403093710541725,isopropylbenzene,CC(C)C1=CC=CC=C1,cho,120.195,120.18600000000002,7.487832272534689e-05,0,9,0,0,0,False,0
V2,1,150,0.010038620792329311,0.025274718180298805,"1,2-pentanediol",CCCC(CO)O,cho,104.149,104.14599999999999,2.8804885308653105e-05,0,7,0,0,0,False,0
V2,1,159,0.017011994495987892,0.05332617089152336,"2,3-dimethylbutane",CC(C)C(C)C,cho,86.178,86.172,6.962333774285234e-05,0,6,0,0,0,False,0
V2,1,162,0.012432655319571495,0.05154862254858017,cis-2-heptene,CCCCC=CC,cho,98.189,98.14600000000002,0.0004379309291262512,0,7,0,0,0,False,0
V2,1,163,0.004905232228338718,0.0404549166560173,2-methyl-1-pentanol,CCCC(C)CO,cho,102.17699999999999,102.172,4.8934691760371685e-05,0,7,0,0,0,False,0
V2,1,167,0.003782284678891301,0.030285686254501343,2-hexanol,CCCCC(C)O,cho,102.17699999999999,102.172,4.8934691760371685e-05,0,7,0,0,0,False,0
V2,1,169,0.003550304565578699,0.04065098240971565,3-heptanol,CCCCC(CC)O,cho,116.204,116.198,5.1633334480771786e-05,0,8,0,0,0,False,0
V2,1,170,0.005346476566046476,0.03510690852999687,2-heptanol,CCCCCC(C)O,cho,116.204,116.198,5.1633334480771786e-05,0,8,0,0,0,False,0
V2,1,171,0.005050689913332462,0.03376517817378044,4-nonanol,CCCCCC(CCC)O,cho,144.25799999999998,144.25000000000003,5.5456196536463054e-05,0,10,0,0,0,False,0
V2,1,174,0.00501567916944623,0.06354434788227081,2-methyl-2-hexanol,CCCCC(C)(C)O,cho,116.204,116.198,5.1633334480771786e-05,0,8,0,0,0,False,0
V2,1,182,0.0045191505923867226,0.04039602726697922,n-octanol,CCCCCCCCO,cho,130.231,130.22400000000002,5.37506430878798e-05,0,9,0,0,0,False,0
V2,1,193,0.03635238856077194,0.37052664160728455,trans-beta-iepox,CC1(CO)OC1CO,cho,118.132,118.112,0.0001693021365930525,0,8,0,0,0,False,0
V2,1,195,0.004228186793625355,0.03943642973899841,"2,4-dimethyl-3-pentanol",CC(C)C(C(C)C)O,cho,116.204,116.198,5.1633334480771786e-05,0,8,0,0,0,False,0
V2,1,196,0.006433360278606415,0.027520637959241867,erythritol,C(C(C(CO)O)O)O,cho,122.12,122.12,0.0,0,8,0,0,0,False,0
V2,1,205,0.01714138127863407,0.4378887116909027,isomalt,C(C1C(C(C(C(O1)OCC(C(C(C(CO)O)O)O)O)O)O)O)O,cho,344.313,344.2948,5.285888130857064e-05,0,23,0,0,0,False,0
V2,1,206,0.04239118844270706,1.1647993326187134,isomaltulose,C(C1C(C(C(C(O1)OCC(C(C(C(=O)CO)O)O)O)O)O)O)O,cho,342.297,343.25079999999997,-0.002786469060494179,0,23,0,0,0,False,0
V2,1,207,0.027562547475099564,0.34002408385276794,kojibiose,C(C1C(C(C(C(O1)OC(C=O)C(C(C(CO)O)O)O)O)O)O)O,cho,342.297,342.242,0.0001606791762709392,0,23,0,0,0,False,0
V2,1,208,0.007285011000931263,0.04948533698916435,lactulose,C(C1C(C(C(C(O1)OC2C(OC(C2O)(CO)O)CO)O)O)O)O,cho,342.297,342.242,0.0001606791762709392,0,23,0,0,0,False,0
V2,1,215,0.027740109711885452,0.7522438168525696,nystose,C(C1C(C(C(C(O1)OC2(C(C(C(O2)CO)O)O)COC3(C(C(C(O3)CO)O)O)COC4(C(C(C(O4)CO)O)O)CO)O)O)O)O,cho,666.579,666.4875999999999,0.00013711803102112174,0,45,0,0,0,False,0
V2,1,216,0.019646864384412766,0.39739370346069336,raffinose,C(C1C(C(C(C(O1)OCC2C(C(C(C(O2)OC3(C(C(C(O3)CO)O)O)CO)O)O)O)O)O)O)O,cho,504.438,504.36480000000006,0.00014511198601196984,0,34,0,0,0,False,0
V2,1,218,0.07041434943675995,0.5322631001472473,sorbose,C(C(C(C(C(=O)CO)O)O)O)O,cho,180.156,181.12800000000001,-0.005395324052487993,0,12,0,0,0,False,0
V2,1,219,0.02317039854824543,0.7578853368759155,stachyose,C(C1C(C(C(C(O1)OCC2C(C(C(C(O2)OCC3C(C(C(C(O3)OC4(C(C(C(O4)CO)O)O)CO)O)O)O)O)O)O)O)O)O)O,cho,666.579,666.4876,0.0001371180310208997,0,45,0,0,0,False,0
V2,1,220,0.04051430895924568,0.7818738222122192,turanose,C(C1C(C(C(C(O1)OC(C(C(CO)O)O)C(=O)CO)O)O)O)O,cho,342.297,343.23199999999997,-0.002731545996605078,0,23,0,0,0,False,0
V2,1,225,0.008547195233404636,0.06951736658811569,4-methylcyclohexen,CC1CCC=CC1,cho,96.173,96.13,0.00044711093550175995,0,7,0,0,0,False,0
V2,1,232,0.054384708404541016,0.28153425455093384,triethylamine,CCN(CC)CC,bimog_n_only,101.193,87.18,0.13847795796151896,1,7,0,0,1,True,1
V2,1,239,0.03231305629014969,0.15854598581790924,4-methoxyaniline,COC1=CC=C(C=C1)N,bimog_n_only,123.155,107.09200000000001,0.13042913401810718,1,9,0,0,1,True,1
V2,1,242,0.03547578677535057,0.5467510223388672,piperine,C1CCN(CC1)C(=O)C=CC=CC2=CC3=C(C=C2)OCO3,bimog_n_only,285.34299999999996,272.2416,0.045914565978488864,1,21,0,0,1,True,1
V2,1,246,0.015174495987594128,0.08827158808708191,propyl n-phenylcarbamate,CCCOC(=O)NC1=CC=CC=C1,bimog_n_only,179.219,165.1868,0.07829638598586086,1,13,0,0,1,True,1
V2,1,253,0.03267509862780571,0.9962297677993774,nitrendipine,CCOC(=O)C1=C(NC(=C(C1C2=CC(=CC=C2)[N+](=O)[O-])C(=O)OC)C)C,bimog_n_only,360.366,349.28200000000004,0.030757618643268092,1,26,0,0,2,True,1
V2,1,259,0.009255285374820232,0.032468993216753006,pentobarbital,CCCC(C)C1(C(=O)NC(=O)NC1=O)CC,bimog_n_only,226.27599999999998,199.208,0.11962382223479284,2,16,0,0,2,True,2
V2,1,260,0.005540226586163044,0.34004563093185425,atropine,CN1C2CCC1CC(C2)OC(=O)C(CO)C3=CC=CC=C3,bimog_n_only,289.375,276.326,0.04509373650107984,1,21,0,0,1,True,1
V2,1,265,0.013459237292408943,0.024420933797955513,1-bromobutane,CCCCBr,bimog_hal_only,137.01999999999998,57.112,0.5831849365056195,1,5,1,0,0,True,0
V2,1,269,0.09641657769680023,0.8111810684204102,9-bromophenanthrene,C1=CC=C2C(=C1)C=C(C3=CC=CC=C23)Br,bimog_hal_only,257.13,177.21200000000002,0.3108077626103527,1,15,1,0,0,True,0
V2,1,270,0.024104613810777664,0.056076258420944214,bromobenzene,C1=CC=C(C=C1)Br,bimog_hal_only,157.01,77.10000000000001,0.5089484746194509,1,7,1,0,0,True,0
V2,1,274,0.01416582427918911,0.04394116997718811,isobutylchloride,CC(C)CCl,bimog_hal_only,92.569,57.112,0.3830331968585595,1,5,1,0,0,True,0
V2,1,276,0.037980902940034866,0.15486812591552734,m-fluorotoluene,CC1=CC(=CC=C1)F,bimog_hal_only,110.131,91.12600000000002,0.17256721540710596,1,8,1,0,0,True,0
V2,1,278,0.08241254091262817,0.606909453868866,hydrochloro-thiazide,C1NC2=CC(=C(C=C2S(=O)(=O)N1)S(=O)(=O)N)Cl,bimog_n_and_hal,297.745,219.07600000000002,0.26421602377873676,5,17,1,2,3,True,4
V2,1,286,0.0069283172488212585,0.026152491569519043,3-chloroaniline,C1=CC(=CC(=C1)Cl)N,bimog_n_and_hal,127.574,76.09200000000001,0.4035461771207298,2,8,1,0,1,True,1
V2,1,290,0.0629560574889183,0.32817259430885315,ethacrynic acid,CCC(=C)C(=O)C1=C(C(=C(C=C1)OCC(=O)O)Cl)Cl,bimog_hal_only,303.141,233.1628,0.23084373278441384,2,19,2,0,0,True,0
V2,1,291,0.018194185569882393,0.13150331377983093,tolbutamide,CCCCNC(=O)NS(=O)(=O)C1=CC=C(C=C1)C,bimog_n_only,270.354,222.16,0.17826257425449588,2,18,0,1,2,True,2
V2,1,292,0.03871460631489754,0.4288638234138489,tolnaftate,CC1=CC(=CC=C1)N(C)C(=S)OC2=CC3=CC=CC=C3C=C2,bimog_n_only,307.418,263.34280000000007,0.14337221633085873,2,22,0,1,1,True,2
V2,1,295,0.051745593547821045,1.065686583518982,chloramphenicol,C1=CC(=CC=C1C(C(CO)NC(=O)C(Cl)Cl)O)[N+](=O)[O-],bimog_n_and_hal,323.132,253.14200000000002,0.21659878934924426,2,20,2,0,2,True,0
V2,1,300,0.031891122460365295,0.21093173325061798,felodipine,CCOC(=O)C1=C(NC(=C(C1C2=C(C(=CC=C2)Cl)Cl)C(=O)OC)C)C,bimog_n_and_hal,384.259,302.284,0.21333267405578016,3,25,2,0,1,True,1
V2,1,303,0.03149033337831497,0.06711601465940475,chlorobenzene,C1=CC=C(C=C1)Cl,bimog_hal_only,112.559,77.10000000000001,0.31502589752929566,1,7,1,0,0,True,0
V2,1,312,0.018077144399285316,0.4010531008243561,"4-acetamido-n-(2’,4’-dimethylphenyl)-1,8naphthalimide",CC(=O)Nc2ccc4c(=O)n(c1ccc(C)cc1C)c(=O)c3cccc2c34,bimog_n_only,358.397,325.24399999999997,0.09250356448296171,2,27,0,0,2,True,2
V2,1,318,0.03283018618822098,1.3483049869537354,1’-(ethoxycarbonyl)ethyl-2-methyl-4-nitrophenylurethane,CCOC(=O)CCC(C(=O)OCC)c1ccc(N(=O)=O)cc1C,bimog_n_only,323.34499999999997,324.25399999999996,-0.0028112387697349916,0,23,0,0,1,False,0
V2,1,323,0.07683432102203369,0.11840298026800156,n-(2-tetrahydropyryl)saccharin,O=C2c1ccccc1S(=O)(=O)C2C3CCCOC3,bimog_n_only,266.318,234.17079999999999,0.12070982810024111,1,18,0,1,0,True,1
V2,1,327,0.05673816800117493,0.17129938304424286,"2,2,2-tris(chloromethyl)ethyl-p-nitrophenylurethane",O=C(Nc1ccc(N(=O)=O)cc1)OCC(CCl)(CCl)CCl,bimog_n_and_hal,355.605,235.1968,0.3386009758018026,4,21,3,0,2,True,1
V2,1,328,0.043307285755872726,0.29484260082244873,"2,2,3,3-tetrafluoropropyl-p-nitrophenylurethane",O=C(Nc1ccc(N(=O)=O)cc1)OCC(F)(F)C(F)F,bimog_n_and_hal,296.176,206.1368,0.30400572632488787,5,20,4,0,2,True,1
V2,1,336,0.029813045635819435,0.7572742700576782,simvastatin,CCC(C)(C)C(=O)OC1CC(C=C2C1C(C(C=C2)C)CCC3CC(CC(=O)O3)O)C,cho,418.57399999999996,420.462,-0.0045105524948994,0,30,0,0,0,False,0
V2,1,339,0.011974502354860306,0.3664579391479492,ketoprofen,CC(C1=CC(=CC=C1)C(=O)C2=CC=CC=C2)C(=O)O,cho,254.285,255.24400000000003,-0.003771358908311706,0,19,0,0,0,False,0
V2,1,347,0.10657302290201187,1.5486795902252197,Zolmitriptan,CN(C)CCC1=CNC2=C1C=C(C=C2)CC3COC(=O)N3,bimog_n_only,287.363,259.2848,0.09770986522273217,2,21,0,0,3,True,2
V2,1,349,0.03675737977027893,1.1004804372787476,Nifedipine,CC1=C(C(C(=C(N1)C)C(=O)OC)C2=CC=CC=C2[N+](=O)[O-])C(=O)OC,bimog_n_only,346.339,335.256,0.03200043887636106,1,25,0,0,2,True,1
V2,1,352,0.03147139400243759,0.1272488534450531,Clemastine,CC(C1=CC=CC=C1)(C2=CC=C(C=C2)Cl)OCCC3CCCN3C,bimog_n_and_hal,343.89799999999997,294.41880000000003,0.14387754508604278,2,24,1,0,1,True,1
V2,1,354,0.0325787290930748,0.3378209173679352,Bifonazole,C1=CC=C(C=C1)C2=CC=C(C=C2)C(C3=CC=CC=C3)N4C=CN=C4,bimog_n_only,310.4,282.364,0.09032216494845358,2,24,0,0,2,True,2
V2,1,355,0.025364989414811134,0.3699027895927429,Cinnarizine,C1CN(CCN1CC=CC2=CC=CC=C2)C(C3=CC=CC=C3)C4=CC=CC=C4,bimog_n_only,368.524,340.44800000000004,0.07618499744928409,2,28,0,0,2,True,2
V2,1,357,0.01766803488135338,0.9233040809631348,Tamoxifen,CCC(=C(C1=CC=CC=C1)C2=CC=C(C=C2)OCCN(C)C)C3=CC=CC=C3,bimog_n_only,371.524,357.4928,0.0377666045800541,1,28,0,0,1,True,1
V2,1,358,0.03972718119621277,0.11666138470172882,Procaine,CCN(CC)CCOC(=O)C1=CC=C(C=C1)N,bimog_n_only,236.315,207.2648,0.12292998751666206,2,17,0,0,2,True,2
V2,1,4,0.011029531247913837,0.10281114280223846,glycerol,OCC(O)CO,cho,92.094,92.09400000000001,-2.220446049250313e-16,0,6,0,0,0,False,0
V2,1,5,0.039246801286935806,0.1458940953016281,ribose,C1C(C(C(C(O1)O)O)O)O,cho,150.13,150.13080000000002,-5.328715113828153e-06,0,10,0,0,0,False,0
V2,1,6,0.008459515869617462,0.05967289209365845,ethanol,OCC,cho,46.069,46.068,2.1706570578983175e-05,0,3,0,0,0,False,0
V2,1,10,0.028964530676603317,0.3328123092651367,phenolphthalein,O=C1OC(C2=C1C=CC=C2)(C3=CC=C(C=C3)O[H])C4=CC=C(C=C4)O[H],cho,318.328,320.2560000000001,-0.006056645975220931,2,24,0,0,0,True,2
V2,1,23,0.0037848628126084805,0.02779402770102024,5-methyl-3-heptanol,CCC(C)CC(CC)O,cho,130.231,130.22400000000002,5.37506430878798e-05,0,9,0,0,0,False,0
V2,1,30,0.020020807161927223,0.12447104603052139,triphenylethene,C1=CC=C(C=C1)C=C(C2=CC=CC=C2)C3=CC=CC=C3,cho,256.34799999999996,256.328,7.801894299930279e-05,0,20,0,0,0,False,0
V2,1,40,0.013921892270445824,0.09144994616508484,tert-butyl-benzene,CC(C)(C)C1=CC=CC=C1,cho,134.22199999999998,134.212,7.450343460824183e-05,0,10,0,0,0,False,0
V2,1,41,0.01093334425240755,0.0676002949476242,3-methylheptane,CCCCC(C)CC,cho,114.232,114.224,7.003291547025281e-05,0,8,0,0,0,False,0
V2,1,69,0.04768499359488487,0.2160303294658661,(r)-nopol,CC1(C)[C@H]2CC=C(CCO)[C@@H]1C2,cho,166.26399999999998,166.25400000000002,6.0145311071346796e-05,0,12,0,0,0,False,0
V2,1,89,0.0262701865285635,0.20509937405586243,mephenesin,CC1=CC=CC=C1OCC(CO)O,cho,182.219,182.21280000000002,3.402499190519048e-05,0,13,0,0,0,False,0
V2,1,90,0.029931236058473587,0.3712848722934723,estradiol-17b-cypionate,CC12CCC3C(C1CCC2OC(=O)CCC4CCCC4)CCC5=C3C=CC(=C5)O,cho,396.57099999999997,396.494,0.00019416447496145572,0,29,0,0,0,False,0
V2,1,99,0.0322648286819458,0.3360784649848938,diethylstilbestrol,CCC(=C(CC)C1=CC=C(C=C1)O)C2=CC=C(C=C2)O,cho,268.356,268.304,0.00019377245151974698,0,20,0,0,0,False,0
V2,1,107,0.016427049413323402,0.33124643564224243,ergocalciferol,CC(C)C(C)C=CC(C)C1CCC2C1(CCCC2=CC=C3CC(CCC3=C)O)C,cho,396.659,396.5600000000001,0.00024958465583757583,0,29,0,0,0,False,0
V2,1,113,0.006005309522151947,0.034603334963321686,4-decanol,CCCCCCC(CCC)O,cho,158.285,158.276,5.6859462362113256e-05,0,11,0,0,0,False,0
V2,1,118,0.00815697479993105,0.05054948478937149,4-methyl-4-heptanol,CCCC(C)(CCC)O,cho,130.231,130.22400000000002,5.37506430878798e-05,0,9,0,0,0,False,0
V2,1,126,0.02008817531168461,0.10257180035114288,methylisobutylketone,CC(C)CC(=O)C,cho,100.161,100.11200000000001,0.0004892123680872995,0,7,0,0,0,False,0
V2,1,129,0.0593300461769104,0.19711542129516602,acetophenone,CC(=O)C1=CC=CC=C1,cho,120.151,120.10000000000001,0.0004244658804336554,0,9,0,0,0,False,0
V2,1,133,0.00771857425570488,0.035455137491226196,"2,4-pentanediol",CC(CC(C)O)O,cho,104.149,104.14599999999999,2.8804885308653105e-05,0,7,0,0,0,False,0
V2,1,138,0.0041412352584302425,0.027709107846021652,5-methyl-2-hexanol,CC(C)CCC(C)O,cho,116.204,116.198,5.1633334480771786e-05,0,8,0,0,0,False,0
V2,1,140,0.0034528891555964947,0.0312044620513916,4-methyl-3-heptanol,CCCC(C)C(CC)O,cho,130.231,130.22400000000002,5.37506430878798e-05,0,9,0,0,0,False,0
V2,1,145,0.003927227109670639,0.02818228304386139,2-methyl-3-heptanol,CCCCC(C(C)C)O,cho,130.231,130.22400000000002,5.37506430878798e-05,0,9,0,0,0,False,0
V2,1,156,0.007221234031021595,0.031565696001052856,cyclohexanol,C1CCC(CC1)O,cho,100.161,100.15599999999999,4.991962939682182e-05,0,7,0,0,0,False,0
V2,1,158,0.010053363628685474,0.05806431919336319,cycloheptane,C1CCCCCC1,cho,98.189,98.182,7.129108148562491e-05,0,7,0,0,0,False,0
V2,1,160,0.12091691792011261,0.23209059238433838,1-phenyl-1-propanol,CCC(C1=CC=CC=C1)O,cho,136.194,136.186,5.873973890169193e-05,0,10,0,0,0,False,0
V2,1,173,0.0043806349858641624,0.04267974942922592,2-methyl-2-pentanol,CCCC(C)(C)O,cho,102.17699999999999,102.17199999999998,4.893469176048271e-05,0,7,0,0,0,False,0
V2,1,175,0.007441885769367218,0.016939569264650345,4-methy-4-octanol,CCCCC(C)(CCC)O,cho,144.25799999999998,144.25,5.54561965366851e-05,0,10,0,0,0,False,0
V2,1,179,0.011236964724957943,0.11276187747716904,xylose,C(C(C(C(C=O)O)O)O)O,cho,150.13,150.11200000000002,0.00011989609005513824,0,10,0,0,0,False,0
V2,1,184,0.012308898381888866,0.10154707729816437,"1,2,4-butanetriol",C(CO)C(CO)O,cho,106.121,106.12,9.42320558594556e-06,0,7,0,0,0,False,0
V2,1,185,0.01613692380487919,0.1287066638469696,benzene,C1=CC=CC=C1,cho,78.11399999999999,78.108,7.681081496258013e-05,0,6,0,0,0,False,0
V2,1,187,0.014598438516259193,0.18417994678020477,santonin,CC1C2CCC3(C=CC(=O)C(=C3C2OC1=O)C)C,cho,246.30599999999998,248.22,-0.00777082166086096,0,18,0,0,0,False,0
V2,1,200,0.019954431802034378,0.23549869656562805,"2-methyl-1,3-propanediol",CC(CO)CO,cho,90.122,90.12,2.2192139544130463e-05,0,6,0,0,0,False,0
V2,1,201,0.004090092610567808,0.033399708569049835,3-methyl-2-butanol,CC(C)C(C)O,cho,88.14999999999999,88.146,4.537719795794093e-05,0,6,0,0,0,False,0
V2,1,203,0.01742011308670044,0.30452021956443787,"1,3-propanediol",C(CO)CO,cho,76.095,76.094,1.3141467901989223e-05,0,5,0,0,0,False,0
V2,1,210,0.01753791980445385,1.0169880390167236,maltoheptaose,C(C1C(C(C(C(O1)OC2C(OC(C(C2O)O)OC3C(OC(C(C3O)O)OC4C(OC(C(C4O)O)OC5C(OC(C(C5O)O)OC6C(OC(C(C6O)O)OC7C(OC(C(C7O)O)O)CO)CO)CO)CO)CO)CO)O)O)O)O,cho,1153.002,1152.7620000000002,0.00020815228421089405,0,78,0,0,0,False,0
V2,1,228,0.1212848648428917,0.23783335089683533,4-cyanoaniline,C1=CC(=CC=C1C#N)N,bimog_n_only,118.139,88.102,0.25425134798838656,2,9,0,0,2,True,2
V2,1,231,0.035833992063999176,0.0743379145860672,m-toluidine,CC1=CC(=CC=C1)N,bimog_n_only,107.15599999999999,91.12600000000002,0.14959498301541652,1,8,0,0,1,True,1
V2,1,236,0.03994329646229744,0.17907339334487915,4-nitro-1-naphthylamine,C1=CC=C2C(=C1)C(=CC=C2[N+](=O)[O-])N,bimog_n_only,188.18599999999998,172.138,0.08527733200131771,1,14,0,0,2,True,1
V2,1,240,0.08871246129274368,0.39105966687202454,cinchonine,C=CC1CN2CCC1CC2C(C3=CC=NC4=CC=CC=C34)O,bimog_n_only,294.39799999999997,266.36600000000004,0.09521803816601992,2,22,0,0,2,True,2
V2,1,241,0.03074321709573269,0.12066660821437836,brucine,COC1=C(C=C2C(=C1)C34CCN5C3CC6C7C4N2C(=O)CC7OCC=C6C5)OC,bimog_n_only,394.471,366.33480000000003,0.07132640929244471,2,29,0,0,2,True,2
V2,1,243,0.043927084654569626,0.5539299249649048,benzyl n-phenylcarbamate,C1=CC=C(C=C1)COC(=O)NC2=CC=CC=C2,bimog_n_only,227.26299999999998,213.2268,0.06176192341032183,1,17,0,0,1,True,1
V2,1,249,0.11433277279138565,1.7343295812606812,eserine,CC12CCN(C1N(C3=C2C=C(C=C3)OC(=O)NC)C)C,bimog_n_only,275.352,249.2748,0.09470495947006008,2,20,0,0,3,True,2
V2,1,251,0.12170491367578506,0.8348225355148315,acetaminophen,CC(=O)NC1=CC=C(C=C1)O,bimog_n_only,151.165,136.08200000000002,0.09977838785433113,1,11,0,0,1,True,1
V2,1,255,0.021923813968896866,0.7195783853530884,quinidine,COC1=CC2=C(C=CN=C2C=C1)C(C3CC4CCN3CC4C=C)O,bimog_n_only,324.424,296.358,0.08651024585110834,2,24,0,0,2,True,2
V2,1,257,0.01247609592974186,0.1643383800983429,phenylbutazone,CCCCC1C(=O)N(N(C1=O)C2=CC=CC=C2)C3=CC=CC=C3,bimog_n_only,308.381,282.312,0.08453503944795548,2,23,0,0,2,True,2
V2,1,263,0.011655179783701897,0.4364914298057556,nimodipine,CC1=C(C(C(=C(N1)C)C(=O)OC(C)C)C2=CC(=CC=C2)[N+](=O)[O-])C(=O)OCCOC,bimog_n_only,418.44599999999997,407.326,0.026574516186078867,1,30,0,0,2,True,1
V2,1,275,0.03474085405468941,0.25213533639907837,iodobenzene,C1=CC=C(C=C1)I,bimog_hal_only,204.01,77.10000000000001,0.6220773491495515,1,7,1,0,0,True,0
V2,1,280,0.02892959490418434,1.1990283727645874,glibenclamide,COC1=C(C=C(C=C1)Cl)C(=O)NCCC2=CC=C(C=C2)S(=O)(=O)NC(=O)NC3CCCCC3,bimog_n_and_hal,494.013,411.2800000000001,0.16747130136251454,3,33,1,1,3,True,2
V2,1,281,0.051360178738832474,1.0869969129562378,triphenyl phosphite,C1=CC=C(C=C1)OP(OC2=CC=CC=C2)OC3=CC=CC=C3,bimog_n_only,310.289,321.3804,-0.03574538575328168,1,22,0,0,0,True,1
V2,1,294,0.02415439486503601,0.3098013401031494,chorotrianisene,COC1=CC=C(C=C1)C(=C(C2=CC=C(C=C2)OC)Cl)C3=CC=C(C=C3)OC,bimog_hal_only,380.871,345.296,0.09340432849967573,1,27,1,0,0,True,0
V2,1,305,0.26814284920692444,1.5948703289031982,2-ethylhexylamine,CCCCC(CC)CN,bimog_n_only,129.24699999999999,129.19,0.00044101603905688513,0,9,0,0,1,False,0
V2,1,310,0.012574252672493458,0.05726490542292595,"n-(r-1-phenylethyl)-1,8-naphthalimide",CC(c1ccccc1)n2c(=O)c4cccc3cccc(c2=O)c34,bimog_n_only,301.34499999999997,285.26800000000003,0.053350810532777904,1,23,0,0,1,True,1
V2,1,314,0.014062832109630108,0.18399682641029358,"1-methyl-1-(p-hydroxyphenyl)-1,2,3,4tetrahydronaphthalene",CC3(c1ccc(O)cc1)CCCc2ccccc23,cho,238.32999999999998,238.29600000000005,0.00014265933789259222,0,18,0,0,0,False,0
V2,1,316,0.05069699138402939,0.40636926889419556,n-(r-1-phenylethyl)-n’-(p-nitrophenyl)thiourea,CC(NC(=S)Nc1ccc(N(=O)=O)cc1)c2ccccc2,bimog_n_only,301.371,254.226,0.15643509163124514,2,21,0,1,3,True,2
V2,1,317,0.030366182327270508,0.2796395421028137,1-menthyl-3-nitrophenylurethane,CC(C)C1CCC(C)CC1OC(=O)Nc2cccc(N(=O)=O)c2,bimog_n_only,320.389,306.31600000000003,0.04392472900130773,1,23,0,0,2,True,1
V2,1,319,0.021369529888033867,0.40190377831459045,"1,1,3-trimethyl-3-(p-carboxyphenyl)-indan-5-carboxylic acid",CC3(C)CC(C)(c1ccc(C(=O)O)cc1)c2cc(C(=O)O)ccc23,cho,324.376,324.324,0.00016030779095854708,0,24,0,0,0,False,0
V2,1,320,0.08210062980651855,2.091459274291992,"2-benzyl-(3,3’)spirobi-(benzo[f]chroman)",c7ccc(CC3CC2C(CCC1CCCCC12)OC36CCC5C(CCC4CCCCC45)O6)cc7,cho,462.71799999999996,462.65200000000004,0.00014263547128035015,0,34,0,0,0,False,0
V2,1,322,0.06548615545034409,0.8692060708999634,"n-( 1-phenylethyl)-2,4-dinitroaniline",CC(Nc1ccc(N(=O)=O)cc1N(=O)=O)c2ccccc2,bimog_n_only,287.275,287.19800000000004,0.00026803585414647557,0,21,0,0,3,False,0
V2,1,329,0.019321557134389877,0.21552400290966034,n-pentyl-p-nitrophenylurethane,CCCCCOC(=O)Nc1ccc(N(=O)=O)cc1,bimog_n_only,252.26999999999998,238.22079999999997,0.055691124588734375,1,18,0,0,2,True,1
V2,1,334,0.011181578040122986,0.05472680181264877,testosterone,CC12CCC3C(C1CCC2O)CCC4=CC(=O)CCC34C,cho,288.431,288.37800000000004,0.0001837527866281885,0,21,0,0,0,False,0
V2,1,340,0.026582473888993263,0.7633546590805054,Aripiprazole,C1CC(=O)NC2=C1C=CC(=C2)OCCCCN3CCN(CC3)C4=C(C(=CC=C4)Cl)Cl,bimog_n_and_hal,448.394,334.4028,0.25422106451022985,5,30,2,0,3,True,3
V2,1,342,0.02832655981183052,0.34413591027259827,Danazol,CC12CCC3C(C1CCC2(C#C)O)CCC4=CC5=C(CC34C)C=NO5,bimog_n_only,337.46299999999997,324.4448000000001,0.03857667359088213,1,25,0,0,1,True,1
V2,1,343,0.029774466529488564,0.4249972403049469,Bezafibrate,CC(C)(C(=O)O)OC1=CC=C(C=C1)CCNC(=O)C2=CC=C(C=C2)Cl,bimog_n_only,361.825,328.278,0.09271609203344144,1,25,1,0,1,True,0
V2,1,344,0.04074365645647049,0.6727088689804077,Ezetimibe,C1=CC(=CC=C1C2C(C(=O)N2C3=CC=C(C=C3)F)CCC(C4=CC=C(C=C4)F)O)O,bimog_n_and_hal,409.43199999999996,358.3620000000001,0.12473377752593806,3,30,2,0,1,True,1
V2,1,353,0.02042662911117077,0.30046790838241577,Clotrimazole,C1=CC=C(C=C1)C(C2=CC=CC=C2)(C3=CC=CC=C3Cl)N4C=CN=C4,bimog_n_and_hal,344.84499999999997,281.356,0.18410880250547346,3,25,1,0,2,True,2
V2,1,361,0.035822462290525436,0.28899314999580383,Isradipine,CC1=C(C(C(=C(N1)C)C(=O)OC(C)C)C2=CC=CC3=NON=C32)C(=O)OC,bimog_n_only,371.393,333.3188,0.10251727953946355,3,27,0,0,3,True,3
V2,1,366,0.018934305757284164,0.1352502852678299,Flurbiprofen,CC(C1=CC(=C(C=C1)C2=CC=CC=C2)F)C(=O)O,bimog_hal_only,244.265,225.236,0.07790309704624077,1,18,1,0,0,True,0
V2,1,367,0.011315872892737389,0.1106845885515213,Fenofibrate,CC(C)OC(=O)C(C)(C)OC1=CC=C(C=C1)C(=O)C2=CC=C(C=C2)Cl,bimog_hal_only,360.837,329.34680000000003,0.08726987531766406,1,25,1,0,0,True,0
V2,1,1,0.07284952700138092,0.35261765122413635,tartaric acid,O=C(O)C(O)C(O)C(=O)O,cho,150.086,150.052,0.00022653678557638113,0,10,0,0,0,False,0
V2,1,2,0.057495199143886566,0.4150448739528656,"1,2,3-propanetricarboxylic acid",C(C(CC(=O)O)C(=O)O)C(=O)O,cho,176.124,176.07,0.00030660216665534534,0,12,0,0,0,False,0
V2,1,3,0.062442708760499954,0.3872627913951874,"1,2,4-butanetricarboxylic acid",C(CC(=O)O)C(CC(=O)O)C(=O)O,cho,190.151,190.096,0.00028924381149719736,0,13,0,0,0,False,0
V2,1,8,0.02057143673300743,0.06195240467786789,methanol,CO,cho,32.042,32.042,0.0,0,2,0,0,0,False,0
V2,1,17,0.010960863903164864,0.041385333985090256,"propan-1,2-diol",CC(O)CO,cho,76.095,76.094,1.3141467901989223e-05,0,5,0,0,0,False,0
V2,1,25,0.01242915354669094,0.042664870619773865,2-butanol,CCC(C)O,cho,74.12299999999999,74.12,4.04732674066377e-05,0,5,0,0,0,False,0
V2,1,26,0.006765076424926519,0.034198254346847534,"2,2-dimethyl-1-propanol",CC(CO)(C)C,cho,88.14999999999999,88.146,4.537719795794093e-05,0,6,0,0,0,False,0
V2,1,27,0.011386372148990631,0.06539054214954376,o-xylene,CC1=C(C)C=CC=C1,cho,106.16799999999999,106.16000000000001,7.535227187083215e-05,0,8,0,0,0,False,0
V2,1,32,0.03993061184883118,0.05928623676300049,4-methylstyrene,CC1=CC=C(C=C1)C=C,cho,118.17899999999999,118.17000000000002,7.615566217322733e-05,0,9,0,0,0,False,0
V2,1,35,0.007056905888020992,0.08995561301708221,ethylbenzene,CCc1ccccc1,cho,106.16799999999999,106.16000000000001,7.535227187083215e-05,0,8,0,0,0,False,0
V2,1,42,0.018376505002379417,0.07565286755561829,cyclohexene,C1CCC=CC1,cho,82.146,82.10400000000001,0.0005112847856254543,0,6,0,0,0,False,0
V2,1,45,0.006567506585270166,0.08710356801748276,isopropylcyclohexane,CC(C)C1CCCCC1,cho,126.243,126.23400000000001,7.129108148562491e-05,0,9,0,0,0,False,0
V2,1,51,0.01487200241535902,0.10506649315357208,1-heptene,CCCCCC=C,cho,98.189,98.182,7.129108148562491e-05,0,7,0,0,0,False,0
V2,1,56,0.012444810941815376,0.04272235184907913,"2,5-hexanediol",CC(CCC(C)O)O,cho,118.176,118.172,3.384782020043886e-05,0,8,0,0,0,False,0
V2,1,57,0.005942704621702433,0.021478775888681412,n-eugenol,COC1=C(C=CC(=C1)CC=C)O,cho,164.204,164.144,0.0003653991376580956,0,12,0,0,0,False,0
V2,1,58,0.013169115409255028,0.19234421849250793,sorbitol,C(C(C(C(C(CO)O)O)O)O)O,cho,182.172,182.172,0.0,0,12,0,0,0,False,0
V2,1,65,0.13372555375099182,0.7036848068237305,vinylacetate,CC(=O)OC=C,cho,86.09,86.04400000000001,0.0005343245440816435,0,6,0,0,0,False,0
V2,1,66,0.009118271060287952,0.09378319978713989,xylitol,C(C(C(C(CO)O)O)O)O,cho,152.146,152.14600000000002,-2.220446049250313e-16,0,10,0,0,0,False,0
V2,1,70,0.08750724792480469,0.4844039976596832,3-hydroxy-2-methylpropionate,CC(CO)C(=O)OC,cho,118.132,119.102,-0.00821115362475866,0,8,0,0,0,False,0
V2,1,73,0.06743720918893814,0.7661176323890686,2p-hydroxyphenoxytetrahydropyran,C1CCOC(C1)OC2=CC=CC=C2O,cho,194.23,194.1868,0.00022241672244238675,0,14,0,0,0,False,0
V2,1,79,0.04129797965288162,0.33616796135902405,lactic acid,CC(C(=O)O)O,cho,90.078,90.06,0.00019982681675878577,0,6,0,0,0,False,0
V2,1,98,0.011116581968963146,0.13865984976291656,cholecalciterol,CC(C)CCCC(C)C1CCC2C1(CCCC2=CC=C3CC(CCC3=C)O)C,cho,384.64799999999997,384.58600000000007,0.00016118633139883265,0,28,0,0,0,False,0
V2,1,102,0.053891099989414215,0.4219578206539154,17b-estradiol,CC12CCC3C(C1CCC2O)CCC4=C3C=CC(=C4)O,cho,272.388,272.35400000000004,0.00012482194516616474,0,20,0,0,0,False,0
V2,1,106,0.029413793236017227,0.28914856910705566,citric acid,C(C(=O)O)C(CC(=O)O)(C(=O)O)O,cho,192.123,192.07,0.0002758649406889857,0,13,0,0,0,False,0
V2,1,108,0.00436446676030755,0.058882903307676315,n-nonanol,CCCCCCCCCO,cho,144.25799999999998,144.25000000000003,5.5456196536463054e-05,0,10,0,0,0,False,0
V2,1,109,0.0038511462043970823,0.038258954882621765,2-pentanol,CCCC(C)O,cho,88.14999999999999,88.146,4.537719795794093e-05,0,6,0,0,0,False,0
V2,1,110,0.007444858551025391,0.036292027682065964,3-pentanol,CCC(CC)O,cho,88.14999999999999,88.146,4.537719795794093e-05,0,6,0,0,0,False,0
V2,1,114,0.004209509119391441,0.03335222229361534,3-methyl-4-octanol,CCCCC(C(C)CC)O,cho,144.25799999999998,144.25000000000003,5.5456196536463054e-05,0,10,0,0,0,False,0
V2,1,116,0.006280364003032446,0.05319228023290634,2-methyl-2-butanol,CCC(C)(C)O,cho,88.14999999999999,88.146,4.537719795794093e-05,0,6,0,0,0,False,0
V2,1,121,0.0032919023651629686,0.031159663572907448,6-methyl-1-heptanol,CC(C)CCCCCO,cho,130.231,130.22400000000002,5.37506430878798e-05,0,9,0,0,0,False,0
V2,1,123,0.188791424036026,1.2290332317352295,diisopropylether,CC(C)OC(C)C,cho,102.17699999999999,102.154,0.00022509958209770975,0,7,0,0,0,False,0
V2,1,127,0.09294583648443222,0.34894031286239624,ethyl acetate,CCOC(=O)C,cho,88.106,88.06,0.0005220983814949731,0,6,0,0,0,False,0
V2,1,141,0.003936504013836384,0.021165724843740463,3-methyl-4-heptanol,CCCC(C(C)CC)O,cho,130.231,130.22400000000002,5.37506430878798e-05,0,9,0,0,0,False,0
V2,1,142,0.010645609349012375,0.056946247816085815,6-methyl-2-heptanol,CC(C)CCCC(C)O,cho,130.231,130.22400000000002,5.37506430878798e-05,0,9,0,0,0,False,0
V2,1,148,0.007799231912940741,0.1056431382894516,diisobutylphthalat,CC(C)COC(=O)C1=CC=CC=C1C(=O)OCC(C)C,cho,278.348,280.3176,-0.007076034316754631,0,20,0,0,0,False,0
V2,1,154,0.009984883479773998,0.07412958890199661,menthol,CC1CCC(C(C1)O)C(C)C,cho,156.269,156.26000000000002,5.759299669150231e-05,0,11,0,0,0,False,0
V2,1,161,0.010816754773259163,0.0630168691277504,"1,2-butanediol",CCC(CO)O,cho,90.122,90.12,2.2192139544130463e-05,0,6,0,0,0,False,0
V2,1,165,0.007145783863961697,0.039766810834407806,"2,2-dimethyl-1-pentanol",CCCC(C)(C)CO,cho,116.204,116.19799999999998,5.163333448088281e-05,0,8,0,0,0,False,0
V2,1,176,0.006260913796722889,0.04205893352627754,4-methyl-4-nonanol,CCCCCC(C)(CCC)O,cho,158.285,158.276,5.6859462362113256e-05,0,11,0,0,0,False,0
V2,1,177,0.023641524836421013,0.11500867456197739,4-methyl-undecane,CCCCCCCC(C)CCC,cho,170.34,170.328,7.044734061290026e-05,0,12,0,0,0,False,0
V2,1,180,0.02763712778687477,0.21586103737354279,fructose,C1C(C(C(C(O1)(CO)O)O)O)O,cho,180.156,180.1568,-4.440595927857061e-06,0,12,0,0,0,False,0
V2,1,183,0.004340772517025471,0.014492737129330635,3-methyl-1-butanol,CC(C)CCO,cho,88.14999999999999,88.146,4.537719795794093e-05,0,6,0,0,0,False,0
V2,1,197,0.020510397851467133,0.0938248559832573,"2-ethyl-1,3-hexanediol",CCCC(C(CC)CO)O,cho,146.23,146.224,4.103125213705816e-05,0,10,0,0,0,False,0
V2,1,209,0.06141012907028198,0.3430710434913635,levoglucosan,C1C2C(C(C(C(O1)O2)O)O)O,cho,162.141,162.1228,0.00011224798169484629,0,11,0,0,0,False,0
V2,1,217,0.0354870967566967,0.4688151776790619,rhamnose,CC1C(C(C(C(O1)O)O)O)O,cho,164.157,164.138,0.00011574285592452771,0,11,0,0,0,False,0
V2,1,221,0.06332588195800781,0.3688528537750244,"3-methyl-1,2,3-butanetricarboxylic acid",CC(C)(C(CC(=O)O)C(=O)O)C(=O)O,cho,204.178,204.122,0.0002742704894748149,0,14,0,0,0,False,0
V2,1,223,0.02112361416220665,0.0769737958908081,"1,2-dimethylcyclohexane",CC1CCCCC1C,cho,112.216,112.208,7.129108148562491e-05,0,8,0,0,0,False,0
V2,1,227,0.07394559681415558,0.22309625148773193,butyronitrile,CCCC#N,bimog_n_only,69.107,55.096,0.20274357156293865,1,5,0,0,1,True,1
V2,1,233,0.025379125028848648,0.3320426344871521,pyridine,C1=CC=NC=C1,bimog_n_only,79.10199999999999,65.09,0.1771383782963767,1,6,0,0,1,True,1
V2,1,234,0.03842729330062866,0.15263935923576355,2-methoxy-4-nitroaniline,COC1=C(C=CC(=C1)[N+](=O)[O-])N,bimog_n_only,168.152,152.074,0.09561587135448868,1,12,0,0,2,True,1
V2,1,258,0.04849297180771828,0.9842990636825562,quinineethylcarbonate,CCOC(=O)OC(C1CC2CCN1CC2C=C)C3=C4C=C(C=CC4=NC=C3)OC,bimog_n_only,396.48699999999997,369.3928000000001,0.06833565791564389,2,29,0,0,2,True,2
V2,1,262,0.013397887349128723,0.0518217459321022,amobarbital,CCC1(C(=O)NC(=O)NC1=O)CCC(C)C,bimog_n_only,226.27599999999998,199.208,0.11962382223479284,2,16,0,0,2,True,2
V2,1,266,0.014144192449748516,0.11358261108398438,isobutylbromide,CC(C)CBr,bimog_hal_only,137.01999999999998,57.112,0.5831849365056195,1,5,1,0,0,True,0
V2,1,267,0.010770400054752827,0.04412180930376053,isoamylbromide,CC(C)CCBr,bimog_hal_only,151.047,71.138,0.529034009281879,1,6,1,0,0,True,0
V2,1,271,0.017724590376019478,0.10437852144241333,tert-butyl-chloride,CC(C)(C)Cl,bimog_hal_only,92.569,57.112,0.3830331968585595,1,5,1,0,0,True,0
V2,1,272,0.04917045682668686,0.2374524176120758,1 -bromopropane,CCCBr,bimog_hal_only,122.993,43.086,0.6496873805826348,1,4,1,0,0,True,0
V2,1,273,0.03669895976781845,0.26703566312789917,1-iodobutane,CCCCI,bimog_hal_only,184.01999999999998,57.112,0.6896424301706336,1,5,1,0,0,True,0
V2,1,277,0.4585334360599518,1.6705706119537354,trichloroethylene,ClC=C(Cl)Cl,bimog_hal_only,131.389,25.028,0.8095122118289964,3,5,3,0,0,True,0
V2,1,279,0.07122405618429184,1.4399503469467163,griseofulvin,CC1CC(=O)C=C(C12C(=O)C3=C(O2)C(=C(C=C3OC)OC)Cl)OC,bimog_hal_only,352.77,319.148,0.09530855798395543,1,24,1,0,0,True,0
V2,1,283,0.0054727476090192795,0.04145032539963722,4-chloroaniline,C1=CC(=CC=C1N)Cl,bimog_n_and_hal,127.574,76.09200000000001,0.4035461771207298,2,8,1,0,1,True,1
V2,1,287,0.02661292627453804,0.08259031921625137,3-trifluoromethylaniline,C1=CC(=CC(=C1)N)C(F)(F)F,bimog_n_and_hal,161.126,88.102,0.45321053088886953,4,11,3,0,1,True,1
V2,1,297,0.033624034374952316,0.08211764693260193,chlormadinone acetate,CC(=O)C1(CCC2C1(CCC3C2C=C(C4=CC(=O)CCC34C)Cl)C)OC(=O)C,bimog_hal_only,404.93399999999997,369.33799999999997,0.08790568339531879,1,28,1,0,0,True,0
V2,1,308,0.008455676957964897,0.10088174045085907,"n-(r-1-phenylethyl)-2,2’-diphenic imide",CC(c1ccccc1)n4c(=O)c2ccccc2c3ccccc3c4=O,bimog_n_only,327.383,311.30400000000003,0.049113729179584675,1,25,0,0,1,True,1
V2,1,309,0.021095609292387962,0.26258349418640137,"n-(r-1-phenylethyl)-4-nitro-1,8-naphthalimide",CC(c1ccccc1)n2c(=O)c4cccc3c(N(=O)=O)ccc(c2=O)c34,bimog_n_only,346.342,330.25,0.04646274491687408,1,26,0,0,2,True,1
V2,1,324,0.035217512398958206,0.6150200963020325,"9,9-bis(p-hydroxyphenyl)fluorene",Oc5ccc(C4(c1ccc(O)cc1)c2ccccc2c3ccccc34)cc5,cho,350.417,350.358,0.0001683708267576911,0,27,0,0,0,False,0
V2,1,325,0.02085925079882145,0.22875165939331055,"9,9-bis(p-aminophenyl)fluorene",Nc5ccc(C4(c1ccc(N)cc1)c2ccccc2c3ccccc34)cc5,bimog_n_only,348.44899999999996,316.37800000000004,0.09203929412912626,2,27,0,0,2,True,2
V2,1,331,0.043032899498939514,0.4553716778755188,prednisone,CC12CC(=O)C3C(C1CCC2(C(=O)CO)O)CCC4=CC(=O)C=CC34C,cho,358.43399999999997,359.3,-0.0024160654402205495,0,26,0,0,0,False,0
V2,1,333,0.06329730898141861,0.8027657270431519,warfarin,CC(=O)CC(C1=CC=CC=C1)C2=C(C3=CC=CC=C3OC2=O)O,cho,308.33299999999997,310.2540000000001,-0.00623027700570522,0,23,0,0,0,False,0
V2,1,337,0.040511395782232285,0.6899138689041138,fluorescamin,C1=CC=C(C=C1)C2=COC3(C2=O)C4=CC=CC=C4C(=O)O3,cho,278.263,295.2468,-0.06103506395029168,0,21,0,0,0,False,0
V2,1,345,0.022872576490044594,0.5731792449951172,Glafenine,C1=CC=C(C(=C1)C(=O)OCC(CO)O)NC2=C3C=CC(=CC3=NC=C2)Cl,bimog_n_and_hal,372.808,309.3088,0.17032681702109387,3,26,1,0,2,True,2
V2,1,351,0.013321924023330212,0.12554316222667694,Loratadine,CCOC(=O)N1CCC(=C2C3=C(CCC4=C2N=CC=C4)C=C(C=C3)Cl)CC1,bimog_n_and_hal,382.89099999999996,320.39480000000003,0.1632219091072915,3,27,1,0,2,True,2
V2,1,360,0.03205538168549538,0.9756382703781128,Linaprazan,CC1=C(C(=CC=C1)C)CNC2=CC(=CN3C2=NC(=C3C)C)C(=O)NCCO,bimog_n_only,366.465,339.34000000000003,0.07401798261771231,2,27,0,0,4,True,2
V2,1,364,0.020861145108938217,0.30103418231010437,Aceclofenac,C1=CC=C(C(=C1)CC(=O)OCC(=O)O)NC2=C(C=CC=C2Cl)Cl,bimog_n_and_hal,354.189,268.202,0.24277151464331193,3,23,2,0,1,True,1
V2,1,9,0.01300570648163557,0.0703996866941452,ethylenglycol,OCCO,cho,62.068,62.068,0.0,0,4,0,0,0,False,0
V2,1,12,0.1098150759935379,0.5411332845687866,flopropione,CCC(=O)C1=C(C=C(C=C1O)O)O,cho,182.17499999999998,182.08,0.0005214766021680584,0,13,0,0,0,False,0
V2,1,13,0.007371096406131983,0.02872670628130436,2-methyl-1-propanol,CC(C)CO,cho,74.12299999999999,74.11999999999999,4.047326740685975e-05,0,5,0,0,0,False,0
V2,1,14,0.0032442540396004915,0.022889310494065285,n-hexanol,CCCCCCO,cho,102.17699999999999,102.172,4.8934691760371685e-05,0,7,0,0,0,False,0
V2,1,16,0.06542248278856277,0.15660271048545837,benzyl alcohol,c1ccc(cc1)CO,cho,108.14,108.134,5.548363232843467e-05,0,8,0,0,0,False,0
V2,1,22,0.004680676851421595,0.01945437118411064,2-ethyl-1-hexanol,CCCCC(CC)CO,cho,130.231,130.22400000000002,5.37506430878798e-05,0,9,0,0,0,False,0
V2,1,24,0.06266947835683823,0.1555059850215912,2-phenyl-1-ethanol,c1ccc(cc1)CCO,cho,122.167,122.16000000000001,5.7298615829037836e-05,0,9,0,0,0,False,0
V2,1,29,0.010271957144141197,0.059688787907361984,2-methylpentane,CCCC(C)C,cho,86.178,86.172,6.962333774285234e-05,0,6,0,0,0,False,0
V2,1,33,0.010599050670862198,0.17445425689220428,o-terphenyl,C1=CC=C(C=C1)C2=CC=CC=C2C3=CC=CC=C3,cho,230.30999999999997,230.29200000000003,7.815552950352078e-05,0,18,0,0,0,False,0
V2,1,37,0.015060639008879662,0.0762944221496582,n-pentylbenzene,CCCCCC1=CC=CC=C1,cho,148.249,148.238,7.419948869802351e-05,0,11,0,0,0,False,0
V2,1,39,0.006400960497558117,0.05880921334028244,sec-butylbenzene,CCC(C)C1=CC=CC=C1,cho,134.22199999999998,134.212,7.450343460824183e-05,0,10,0,0,0,False,0
V2,1,44,0.011352842673659325,0.024357372894883156,ethylcyclohexane,CCC1CCCCC1,cho,112.216,112.20800000000001,7.129108148551389e-05,0,8,0,0,0,False,0
V2,1,47,0.008651424199342728,0.037265680730342865,n-butylcyclohexane,CCCCC1CCCCC1,cho,140.26999999999998,140.26,7.129108148562491e-05,0,10,0,0,0,False,0
V2,1,49,0.010032296180725098,0.05398527905344963,n-hexylcyclohexane,CCCCCCC1CCCCC1,cho,168.32399999999998,168.31199999999998,7.129108148573593e-05,0,12,0,0,0,False,0
V2,1,50,0.008141737431287766,0.10476204007863998,trans-2-hexene,CCCC=CC,cho,84.16199999999999,84.12,0.0004990375703998184,0,6,0,0,0,False,0
V2,1,59,0.19043852388858795,0.7465515732765198,propylencarbonate,CC1COC(=O)O1,cho,102.089,103.06080000000001,-0.009519145059702971,0,7,0,0,0,False,0
V2,1,61,0.006290003657341003,0.1807667315006256,sucrose,C(C1C(C(C(C(O1)OC2(C(C(C(O2)CO)O)O)CO)O)O)O)O,cho,342.297,342.242,0.0001606791762709392,0,23,0,0,0,False,0
V2,1,62,0.014119741506874561,0.11021099239587784,trehalose,C(C1C(C(C(C(O1)OC2C(C(C(C(O2)CO)O)O)O)O)O)O)O,cho,342.297,342.242,0.0001606791762709392,0,23,0,0,0,False,0
V2,1,63,0.013662132434546947,0.11184270679950714,dioctylphthalat,CCCCCCCCOC(=O)C1=CC=CC=C1C(=O)OCCCCCCCC,cho,390.56399999999996,392.5256,-0.0050224803105254345,0,28,0,0,0,False,0
V2,1,71,0.01754075661301613,1.935329794883728,dianin’s compound,CC1(CC(C2=CC=CC=C2O1)(C)C3=CC=C(C=C3)O)COc1ccc(cc1)C2(c3c(OC(C2)(C)C)cccc3)C,cho,534.696,536.6268000000001,-0.0036110238341040546,0,40,0,0,0,False,0
V2,1,75,0.010570593178272247,0.3333529531955719,cholesterol,CC(C)CCCC(C)C1CCC2C1(CCC3C2CC=C4C3(CCC(C4)O)C)C,cho,386.664,386.63800000000003,6.724184304707226e-05,0,28,0,0,0,False,0
V2,1,80,0.055498331785202026,0.48246973752975464,epoxypropane,CC1CO1,cho,58.08,58.0788,2.0661157024703947e-05,0,4,0,0,0,False,0
V2,1,88,0.007127308286726475,0.04254835471510887,m-cresol,CC1=CC(=CC=C1)O,cho,108.14,108.11600000000001,0.0002219345293137387,0,8,0,0,0,False,0
V2,1,91,0.011147350072860718,0.1227281242609024,norethylnodrel,CC12CCC3C(C1CCC2(C#C)O)CCC4=C3CCC(=O)C4,cho,298.426,298.37200000000007,0.00018094938108581538,0,22,0,0,0,False,0
V2,1,92,0.007886579260230064,0.5801049470901489,beta-estradiol-3-benzoate,CC12CCC3C(C1CCC2O)CCC4=C3C=CC(=C4)OC(=O)C5=CC=CC=C5,cho,376.496,378.47280000000006,-0.005250520589860308,0,28,0,0,0,False,0
V2,1,105,0.019468020647764206,0.08713512122631073,progesterone,CC(=O)C1CCC2C1(CCC3C2CCC4=CC(=O)CCC34C)C,cho,314.469,314.37,0.0003148164047965807,0,23,0,0,0,False,0
V2,1,120,0.005133187863975763,0.05683330446481705,3-methyl-3-heptanol,CCCCC(C)(CC)O,cho,130.231,130.22400000000002,5.37506430878798e-05,0,9,0,0,0,False,0
V2,1,122,0.048078738152980804,0.46302422881126404,diethylether,CCOCC,cho,74.12299999999999,74.1208,2.968039609818618e-05,0,5,0,0,0,False,0
V2,1,146,0.00535168033093214,0.06411327421665192,3-methylpentane,CCC(C)CC,cho,86.178,86.172,6.962333774285234e-05,0,6,0,0,0,False,0
V2,1,149,0.0072089554741978645,0.045186322182416916,"1,4-pentanediol",CC(CCCO)O,cho,104.149,104.14599999999999,2.8804885308653105e-05,0,7,0,0,0,False,0
V2,1,153,0.21007756888866425,1.190782904624939,2-methyltetrahydrofuran,CC1CCCO1,cho,86.134,86.104,0.0003482945178443497,0,6,0,0,0,False,0
V2,1,155,0.014923552051186562,0.06526283919811249,n-butylbenzene,CCCCC1=CC=CC=C1,cho,134.22199999999998,134.212,7.450343460824183e-05,0,10,0,0,0,False,0
V2,1,164,0.006567156407982111,0.02957248128950596,"2,2-dimethyl-1-butanol",CCC(C)(C)CO,cho,102.17699999999999,102.172,4.8934691760371685e-05,0,7,0,0,0,False,0
V2,1,168,0.006491797976195812,0.02830108441412449,3-hexanol,CCCC(CC)O,cho,102.17699999999999,102.172,4.8934691760371685e-05,0,7,0,0,0,False,0
V2,1,172,0.004645693115890026,0.05064823478460312,3-methyl-4-nonanol,CCCCCC(C(C)CC)O,cho,158.285,158.276,5.6859462362113256e-05,0,11,0,0,0,False,0
V2,1,181,0.0042853569611907005,0.023581048473715782,n-heptanol,CCCCCCCO,cho,116.204,116.198,5.1633334480771786e-05,0,8,0,0,0,False,0
V2,1,188,0.02633177675306797,0.9571657180786133,maltotetraose,C(C1C(C(C(C(O1)OC2C(OC(C(C2O)O)OC3C(OC(C(C3O)O)OC4C(OC(C(C4O)O)O)CO)CO)CO)O)O)O)O,cho,666.579,666.4499999999999,0.000193525448596521,0,45,0,0,0,False,0
V2,1,189,0.011588165536522865,0.17278793454170227,malic acid,C(C(C(=O)O)O)C(=O)O,cho,134.087,134.052,0.00026102455868204366,0,9,0,0,0,False,0
V2,1,190,0.016368011012673378,0.34935909509658813,pinonic acid,CC(=O)C1CC(C1(C)C)CC(=O)O,cho,184.23499999999999,184.166,0.000374521670692296,0,13,0,0,0,False,0
V2,1,191,0.016589270904660225,0.1173878163099289,"2-methylbutane-1,2,3,4-tetraol",CC(CO)(C(CO)O)O,cho,136.147,136.146,7.345002093317454e-06,0,9,0,0,0,False,0
V2,1,192,0.04187846928834915,0.30585312843322754,"1,2-isopooh",C=C(C)C(CO)OO,cho,118.132,118.09400000000001,0.0003216740595266554,0,8,0,0,0,False,0
V2,1,199,0.014711359515786171,0.042867954820394516,"1,2,6-hexanetriol",C(CCO)CC(CO)O,cho,134.175,134.17200000000003,2.2358859698035083e-05,0,9,0,0,0,False,0
V2,1,202,0.014562336727976799,0.03440993279218674,"3-methyl-1,3,5-pentanetriol",CC(CCO)(CCO)O,cho,134.175,134.17200000000003,2.2358859698035083e-05,0,9,0,0,0,False,0
V2,1,204,0.007826251909136772,0.1049095168709755,gentiobiose,C(C1C(C(C(C(O1)OCC2C(C(C(C(O2)O)O)O)O)O)O)O)O,cho,342.297,342.2608,0.00010575611238194949,0,23,0,0,0,False,0
V2,1,211,0.02954050339758396,0.7593964338302612,maltohexaose,C(C1C(C(C(C(O1)OC2C(OC(C(C2O)O)OC3C(OC(C(C3O)O)OC4C(OC(C(C4O)O)OC5C(OC(C(C5O)O)OC6C(OC(C(C6O)O)O)CO)CO)CO)CO)CO)O)O)O)O,cho,990.861,990.658,0.0002048723282074283,0,67,0,0,0,False,0
V2,1,212,0.028656816110014915,1.039569616317749,maltopentaose,C(C1C(C(C(C(O1)OC2C(OC(C(C2O)O)OC3C(OC(C(C3O)O)OC4C(OC(C(C4O)O)OC5C(OC(C(C5O)O)O)CO)CO)CO)CO)O)O)O)O,cho,828.72,828.554,0.0002003089101265676,0,56,0,0,0,False,0
V2,1,213,0.021782411262392998,0.44523411989212036,maltotriose,C(C1C(C(C(C(O1)OC2C(OC(C(C2O)O)OC3C(OC(C(C3O)O)O)CO)CO)O)O)O)O,cho,504.438,504.34600000000006,0.00018238118460534025,0,34,0,0,0,False,0
V2,1,214,0.015208211727440357,0.13079936802387238,nigerose,C(C1C(C(C(C(O1)O)O)OC2C(C(C(C(O2)CO)O)O)O)O)O,cho,342.297,342.242,0.0001606791762709392,0,23,0,0,0,False,0
V2,1,222,0.011750764213502407,0.07322222739458084,cyclooctanol,C1CCCC(CCC1)O,cho,128.215,128.20800000000003,5.459579612354659e-05,0,9,0,0,0,False,0
V2,1,224,0.011535117402672768,0.0538877435028553,2-methylbutane,CCC(C)C,cho,72.151,72.146,6.929910881336987e-05,0,5,0,0,0,False,0
V2,1,230,0.015544265508651733,0.06222496181726456,2-naphthylamine,C1=CC=C2C=C(C=CC2=C1)N,bimog_n_only,143.189,127.15600000000002,0.11197089161876939,1,11,0,0,1,True,1
V2,1,244,0.029802674427628517,0.09560279548168182,methyl n-phenylcarbamate,COC(=O)NC1=CC=CC=C1,bimog_n_only,151.165,137.1,0.0930440247411769,1,11,0,0,1,True,1
V2,1,245,0.011508096009492874,0.17750932276248932,ethyl n-phenylcarbamate,CCOC(=O)NC1=CC=CC=C1,bimog_n_only,165.192,151.16080000000002,0.08493873795341167,1,12,0,0,1,True,1
V2,1,247,0.06035749986767769,1.5601741075515747,dibucaine,CCCCOC1=NC2=CC=CC=C2C(=C1)C(=O)NCCN(CC)CC,bimog_n_only,343.471,316.38880000000006,0.07884857819146285,2,25,0,0,3,True,2
V2,1,248,0.033757857978343964,0.18504202365875244,proxyphylline,CC(CN1C=NC2=C1C(=O)N(C(=O)N2C)C)O,bimog_n_only,238.24699999999999,184.192,0.22688638261971816,4,17,0,0,4,True,4
V2,1,252,0.036314480006694794,0.24276527762413025,diphylline,CN1C2=C(C(=O)N(C1=O)C)N(C=N2)CC(CO)O,bimog_n_only,254.24599999999998,200.192,0.21260511473140176,4,18,0,0,4,True,4
V2,1,254,0.027851689606904984,0.15656058490276337,phenobarbital,CCC1(C(=O)NC(=O)NC1=O)C2=CC=CC=C2,bimog_n_only,232.239,205.17000000000002,0.11655665069174426,2,17,0,0,2,True,2
V2,1,268,0.02199706807732582,0.06086539104580879,3-bromopentane,CCC(Br)CC,bimog_hal_only,151.047,71.138,0.529034009281879,1,6,1,0,0,True,0
V2,1,284,0.04890036582946777,0.05538051202893257,"3,4-dichloroaniline",C1=CC(=C(C=C1N)Cl)Cl,bimog_n_and_hal,162.019,75.08400000000002,0.5365728710830211,3,9,2,0,1,True,1
V2,1,285,0.010489479638636112,0.028962742537260056,2-chloroaniline,C1=CC=C(C(=C1)N)Cl,bimog_n_and_hal,127.574,76.09200000000001,0.4035461771207298,2,8,1,0,1,True,1
V2,1,289,0.016507407650351524,0.17717020213603973,m-fluorophenol,C1=CC(=CC(=C1)F)O,bimog_hal_only,112.103,93.082,0.1696743173688483,1,8,1,0,0,True,0
V2,1,296,0.017967144027352333,0.22454185783863068,spironolactone,CC(=O)SC1CC2=CC(=O)CCC2(C3C1C4CCC5(C4(CC3)C)CCC(=O)O5)C,cho,416.58299999999997,384.38,0.07730272238665514,1,29,0,1,0,True,1
V2,1,299,0.036908380687236786,0.39962175488471985,sulphisoxazole,CC1=C(ON=C1C)NS(=O)(=O)C2=CC=C(C=C2)N,bimog_n_only,267.31,200.1488,0.2512483633234821,4,18,0,1,3,True,4
V2,1,304,0.05699583888053894,0.7705448269844055,probucol,CC(C)(C)C1=CC(=CC(=C1O)C(C)(C)C)SC(C)(C)SC2=CC(=C(C(=C2)C(C)(C)C)O)C(C)(C)C,cho,516.857,452.658,0.1242103715340993,2,35,0,2,0,True,2
V2,1,306,0.033279966562986374,0.5959893465042114,n-(s-1-naphthylethyl)-tetrachlorophthalimide,CC(c2ccc1ccccc1c2)n4c(=O)c3c(Cl)c(Cl)c(Cl)c(Cl)c3c4=O,bimog_n_and_hal,439.125,281.236,0.3595536578423001,5,27,4,0,1,True,1
V2,1,313,0.023253843188285828,0.4538363516330719,"n-(1,2,3,4-tetrahydro-1-naphthyl)-tetrachlorophthalimide",O=c2c1c(Cl)c(Cl)c(Cl)c(Cl)c1c(=O)n2c3cccc4ccccc34,bimog_n_and_hal,411.071,281.236,0.31584568115970235,5,25,4,0,1,True,1
V2,1,335,0.014343330636620522,0.08446057885885239,nandrolone,CC12CCC3C(C1CCC2O)CCC4=CC(=O)CCC34,cho,274.404,274.35200000000003,0.00018950161076358718,0,20,0,0,0,False,0
V2,1,341,0.08627154678106308,2.8438193798065186,Bucindolol,CC(C)(CC1=CNC2=CC=CC=C21)NCC(COC3=CC=CC=C3C#N)O,bimog_n_only,363.46099999999996,334.37880000000007,0.08001463705872125,2,27,0,0,3,True,2
V2,1,348,0.014015068300068378,0.20621712505817413,Diazepam,CN1C(=O)CN=C(C2=C1C=CC(=C2)Cl)C3=CC=CC=C3,bimog_n_and_hal,284.746,221.22800000000004,0.22306898077584913,3,20,1,0,2,True,2
V2,1,350,0.07936365157365799,2.8863301277160645,Carvedilol,COC1=CC=CC=C1OCCNCC(COC2=CC=CC3=C2C4=CC=CC=C4N3)O,bimog_n_only,406.48199999999997,391.3736000000001,0.037168681516032365,1,30,0,0,2,True,1
V2,1,356,0.03974855691194534,0.6146745681762695,Clofoctol,CC(C)(C)CC(C)(C)C1=CC(=C(C=C1)O)CC2=C(C=C(C=C2)Cl)Cl,bimog_hal_only,365.344,294.40000000000003,0.19418411141280534,2,24,2,0,0,True,0
V2,1,359,0.044094253331422806,0.7436405420303345,Orlistat,CCCCCCCCCCCC(CC1C(C(=O)O1)CCCCCC)OC(=O)C(CC(C)C)NC=O,bimog_n_only,495.745,497.61400000000003,-0.0037700834098175484,0,35,0,0,1,False,0
V2,1,362,0.011412913911044598,0.31497302651405334,Acemetacin,CC1=C(C2=C(N1C(=O)C3=CC=C(C=C3)Cl)C=CC(=C2)OC)CC(=O)OCC(=O)O,bimog_n_and_hal,415.829,367.256,0.11681003489415132,2,29,1,0,1,True,1
V2,1,18,0.0837874561548233,0.5828911066055298,resorcinol,c1cc(cc(c1)O)O,cho,110.112,110.072,0.000363266492298675,0,8,0,0,0,False,0
V2,1,19,0.0070130303502082825,0.11856245994567871,phenyl-salicylate,O=C(Oc2ccccc2)c1c(O)cccc1,cho,214.22,229.2088,-0.0699691905517692,0,16,0,0,0,False,0
V2,1,21,0.025914812460541725,0.26301127672195435,diethylphthalat,CCOC(=O)c1ccccc1C(=O)OCC,cho,222.23999999999998,224.2136,-0.008880489560835203,0,16,0,0,0,False,0
V2,1,28,0.014070825651288033,0.049775321036577225,m-xylene,CC1=CC(=CC=C1)C,cho,106.16799999999999,106.16000000000001,7.535227187083215e-05,0,8,0,0,0,False,0
V2,1,34,0.021941516548395157,0.05354303866624832,toluol,Cc1ccccc1,cho,92.14099999999999,92.13400000000001,7.597052343666366e-05,0,7,0,0,0,False,0
V2,1,43,0.011102460324764252,0.042685218155384064,methylcyclohexane,CC1CCCCC1,cho,98.189,98.182,7.129108148562491e-05,0,7,0,0,0,False,0
V2,1,54,0.010279491543769836,0.10300805419683456,4-methylnonane,CCCCCC(C)CCC,cho,142.286,142.276,7.028098337147348e-05,0,10,0,0,0,False,0
V2,1,55,0.05419667810201645,0.2950116991996765,2-isopropoxyethanol,CC(C)OCCO,cho,104.149,104.1468,2.112358255956792e-05,0,7,0,0,0,False,0
V2,1,76,0.0556696280837059,0.7132185101509094,beta-d-glucosepentaacetate,CC(=O)OCC1C(C(C(C(O1)OC(=O)C)OC(=O)C)OC(=O)C)OC(=O)C,cho,390.341,390.098,0.0006225326061058967,0,27,0,0,0,False,0
V2,1,78,0.03434031084179878,1.1644841432571411,"4,4’-dimethoxytetraphenylmethane",COc4ccc(C(c1ccccc1)(c2ccccc2)c3ccc(OC)cc3)cc4,cho,380.48699999999997,380.394,0.00024442359397292,0,29,0,0,0,False,0
V2,1,81,0.05534327030181885,0.15880855917930603,n-butylacetate,CCCCOC(=O)C,cho,116.16,116.11200000000001,0.00041322314049574427,0,8,0,0,0,False,0
V2,1,86,0.009157614782452583,0.06241586059331894,"1,3-butanediol",CC(CCO)O,cho,90.122,90.12,2.2192139544130463e-05,0,6,0,0,0,False,0
V2,1,93,0.007091292180120945,0.12574689090251923,ursodeoxycholic acid,CC(CCC(=O)O)C1CCC2C1(CCC3C2C(CC4C3(CCC(C4)O)C)O)C,cho,392.58,392.542,9.679555759334324e-05,0,28,0,0,0,False,0
V2,1,95,0.025744402781128883,0.7109836339950562,cholic acid,CC(CCC(=O)O)C1CCC2C1(C(CC3C2C(CC4C3(CCC(C4)O)C)O)O)C,cho,408.579,408.54200000000003,9.055776239108582e-05,0,29,0,0,0,False,0
V2,1,100,0.02921365574002266,0.4896978735923767,dehydrocholic acid,CC(CCC(=O)O)C1CCC2C1(C(=O)CC3C2C(=O)CC4C3(CCC(=O)C4)C)C,cho,402.531,403.394,-0.002143934255995239,0,29,0,0,0,False,0
V2,1,103,0.0945289358496666,0.24199752509593964,aspirin,CC(=O)OC1=CC=CC=C1C(=O)O,cho,180.159,180.09200000000004,0.00037189371610601984,0,13,0,0,0,False,0
V2,1,111,0.009888462722301483,0.019071295857429504,2-octanol,CCCCCCC(C)O,cho,130.231,130.22400000000002,5.37506430878798e-05,0,9,0,0,0,False,0
V2,1,115,0.012525595724582672,0.07467379420995712,2-methyl-2-propanol,CC(C)(C)O,cho,74.12299999999999,74.12,4.04732674066377e-05,0,5,0,0,0,False,0
V2,1,117,0.009150785394012928,0.025687331333756447,2-methyl-2-heptanol,CCCCCC(C)(C)O,cho,130.231,130.22400000000002,5.37506430878798e-05,0,9,0,0,0,False,0
V2,1,125,0.016873277723789215,0.028462033718824387,methylethylketone,CCC(=O)C,cho,72.107,72.06000000000002,0.0006518091170064633,0,5,0,0,0,False,0
V2,1,132,0.10964590311050415,0.6380626559257507,3-methoxy-1-butanol,CC(CCO)OC,cho,104.149,104.112,0.0003552602521388337,0,7,0,0,0,False,0
V2,1,134,0.0051846932619810104,0.026082718744874,2-methyl-1-butanol,CCC(C)CO,cho,88.14999999999999,88.146,4.537719795794093e-05,0,6,0,0,0,False,0
V2,1,137,0.004898996092379093,0.04132729768753052,4-methyl-2-pentanol,CC(C)CC(C)O,cho,102.17699999999999,102.172,4.8934691760371685e-05,0,7,0,0,0,False,0
V2,1,139,0.002276050392538309,0.05288536101579666,3-methyl-4-hexanol,CCC(C)C(CC)O,cho,116.204,116.198,5.1633334480771786e-05,0,8,0,0,0,False,0
V2,1,144,0.003986401949077845,0.04586266353726387,2-methyl-1-heptanol,CCCCCC(C)CO,cho,130.231,130.22400000000002,5.37506430878798e-05,0,9,0,0,0,False,0
V2,1,151,0.007366643752902746,0.1305660456418991,"1,5-hexanediol",CC(CCCCO)O,cho,118.176,118.172,3.384782020043886e-05,0,8,0,0,0,False,0
V2,1,152,0.010767380706965923,0.08418722450733185,iso-eugenol,CC=CC1=CC(=C(C=C1)O)OC,cho,164.204,164.108,0.0005846386202529308,0,12,0,0,0,False,0
V2,1,157,0.006290970835834742,0.09020347148180008,cycloheptanol,C1CCCC(CC1)O,cho,114.18799999999999,114.182,5.254492591155735e-05,0,8,0,0,0,False,0
V2,1,166,0.0051723020151257515,0.018531542271375656,"2,2-dimethyl-1-hexanol",CCCCC(C)(C)CO,cho,130.231,130.22400000000002,5.37506430878798e-05,0,9,0,0,0,False,0
V2,1,178,0.009903068654239178,0.025121578946709633,n-butanol,CCCCO,cho,74.12299999999999,74.11999999999999,4.047326740685975e-05,0,5,0,0,0,False,0
V2,1,186,0.011771534569561481,0.11343748867511749,"2,4,6-trimethylheptane",CC(C)CC(C)CC(C)C,cho,142.286,142.276,7.028098337147348e-05,0,10,0,0,0,False,0
V2,1,194,0.02616419456899166,0.09979663044214249,pinic acid,CC1(C(CC1C(=O)O)CC(=O)O)C,cho,186.207,186.166,0.00022018506286014539,0,13,0,0,0,False,0
V2,1,198,0.007605890743434429,0.10275272279977798,"1,2,7-heptanetriol",C(CCC(CO)O)CCO,cho,148.202,148.198,2.6990189066156134e-05,0,10,0,0,0,False,0
V2,1,226,0.09579920023679733,0.3147324025630951,acetaldehyd,CC=O,cho,44.053,44.034000000000006,0.0004312986629739779,0,3,0,0,0,False,0
V2,1,229,0.020912781357765198,0.07278382778167725,1-naphthylamine,C1=CC=C2C(=C1)C=CC=C2N,bimog_n_only,143.189,127.15600000000002,0.11197089161876939,1,11,0,0,1,True,1
V2,1,235,0.09807305037975311,0.3570987582206726,4-nitroaniline,C1=CC(=CC=C1N)[N+](=O)[O-],bimog_n_only,138.126,122.082,0.11615481516875903,1,10,0,0,2,True,1
V2,1,237,0.07562678307294846,0.33879518508911133,2-nitroaniline,C1=CC=C(C(=C1)N)[N+](=O)[O-],bimog_n_only,138.126,122.082,0.11615481516875903,1,10,0,0,2,True,1
V2,1,238,0.07966767251491547,0.33453336358070374,3-nitroaniline,C1=CC(=CC(=C1)[N+](=O)[O-])N,bimog_n_only,138.126,122.082,0.11615481516875903,1,10,0,0,2,True,1
V2,1,250,0.10374540090560913,1.245638132095337,nialamide,C1=CC=C(C=C1)CNC(=O)CCNNC(=O)C2=CC=NC=C2,bimog_n_only,298.346,270.182,0.09440046120946821,2,22,0,0,4,True,2
V2,1,256,0.09078346192836761,0.466088205575943,antipyrine,CC1=CC(=O)N(N1C)C2=CC=CC=C2,bimog_n_only,188.23,161.196,0.14362216437337294,2,14,0,0,2,True,2
V2,1,261,0.007206672336906195,0.09538252651691437,hexobarbital,CC1(C(=O)NC(=O)N(C1=O)C)C2=CCCCC2,bimog_n_only,236.271,210.21,0.11030130655052872,2,17,0,0,2,True,2
V2,1,264,0.06077899783849716,0.3043743968009949,dimethyl acetamide,CC(=O)N(C)C,bimog_n_only,87.122,73.06800000000001,0.16131401942104162,1,6,0,0,1,True,1
V2,1,282,0.07029931247234344,0.4044102728366852,2-chloro-4-nitroaniline,C1=CC(=C(C=C1[N+](=O)[O-])Cl)N,bimog_n_and_hal,172.571,121.07400000000001,0.29841050929762236,2,11,1,0,2,True,1
V2,1,288,0.011325300671160221,0.11526874452829361,o-fluoroaniline,C1=CC=C(C(=C1)N)F,bimog_n_and_hal,111.119,76.09200000000001,0.3152206193360271,2,8,1,0,1,True,1
V2,1,293,0.03140256926417351,0.07735542953014374,flufenamic acid,C1=CC=C(C(=C1)C(=O)O)NC2=CC=CC(=C2)C(F)(F)F,bimog_n_and_hal,281.233,209.194,0.2561541497619412,4,20,3,0,1,True,1
V2,1,298,0.04311807453632355,0.6994447708129883,indomethacin,CC1=C(C2=C(N1C(=O)C3=CC=C(C=C3)Cl)C=CC(=C2)OC)CC(=O)O,bimog_n_and_hal,357.793,309.256,0.13565665063318744,2,25,1,0,1,True,1
V2,1,301,0.05198369175195694,0.4846556782722473,sulphathiazole,C1=CC(=CC=C1N)S(=O)(=O)NC2=NC=CS2,bimog_n_only,255.32399999999998,172.138,0.3258056430261158,5,16,0,2,3,True,5
V2,1,302,0.05322960764169693,0.13494355976581573,sulphadimethoxine,COC1=NC(=NC(=C1)NS(=O)(=O)C2=CC=C(C=C2)N)OC,bimog_n_only,310.335,245.14,0.2100794302930704,5,21,0,1,4,True,5
V2,1,307,0.007824026048183441,0.1322554647922516,"n-(s-1-naphthylethyl)-2,2’-diphenic imide",CC(c2ccc1ccccc1c2)n5c(=O)c3ccccc3c4ccccc4c5=O,bimog_n_only,377.443,361.36,0.042610407399262806,1,29,0,0,1,True,1
V2,1,311,0.00548997288569808,0.3083237111568451,n-(r-1-phenylethyl)-3-nitrophthalimide,CC(c1ccccc1)n3c(=O)c2cccc(N(=O)=O)c2c3=O,bimog_n_only,296.282,280.194,0.05429961995666277,1,22,0,0,2,True,1
V2,1,315,0.03438600152730942,0.851104736328125,"1,3-dinitro-4,6-bis-(r-l’-phenylethylamino)benzene",CC(Nc2cc(NC(C)c1ccccc1)c(N(=O)=O)cc2N(=O)=O)c3ccccc3,bimog_n_only,406.442,406.324,0.000290324326718161,0,30,0,0,4,False,0
V2,1,321,0.009945531375706196,0.7587970495223999,n-(1-phenylethyl)-n’-(p-nitrophenyl)urea,CC(NC(=O)Nc1ccc(N(=O)=O)cc1)c2ccccc2,bimog_n_only,285.303,271.216,0.04937557614185617,1,21,0,0,3,True,1
V2,1,326,0.03595386818051338,0.5546680688858032,anilinephthalein,Nc4ccc(C3(c1ccc(N)cc1)OC(=O)c2ccccc23)cc4,bimog_n_only,316.36,286.27600000000007,0.09509419648501694,2,24,0,0,2,True,2
V2,1,330,0.03795568272471428,0.4967266619205475,budesonide,CCCC1OC2CC3C4CCC5=CC(=O)C=CC5(C4C(CC3(C2(O1)C(=O)CO)C)O)C,cho,430.541,432.4120000000001,-0.0043456952996348,0,31,0,0,0,False,0
V2,1,332,0.015622911043465137,0.2281968593597412,hydrocortisone,CC12CCC(=O)C=C1CCC3C2C(CC4(C3CCC4(C(=O)CO)O)C)O,cho,362.466,362.3780000000001,0.0002427813919095856,0,26,0,0,0,False,0
V2,1,338,0.015987180173397064,0.14214317500591278,ibuprofen,CC(C)CC1=CC=C(C=C1)C(C)C(=O)O,cho,206.285,206.256,0.00014058220423196488,0,15,0,0,0,False,0
V2,1,346,0.04179328680038452,0.8901756405830383,Pimozide,C1CN(CCC1N2C3=CC=CC=C3NC2=O)CCCC(C4=CC=C(C=C4)F)C5=CC=C(C=C5)F,bimog_n_and_hal,461.556,381.494,0.173461075145811,5,34,2,0,3,True,3
V2,1,363,0.03589784353971481,1.1426658630371094,Nilutamide,CC1(C(=O)N(C(=O)N1)C2=CC(=C(C=C2)[N+](=O)[O-])C(F)(F)F)C,bimog_n_and_hal,317.223,249.15200000000002,0.2145840623157842,4,22,3,0,3,True,1
V2,1,365,0.029744338244199753,0.7965295910835266,Miconazole,C1=CC(=C(C=C1Cl)Cl)COC(CN2C=CN=C2)C3=C(C=C(C=C3)Cl)Cl,bimog_n_and_hal,416.135,246.2928,0.40814206928040175,6,25,4,0,2,True,2
V2,2,0,0.02618217095732689,0.2810145318508148,glucose,C(C1C(C(C(C(O1)O)O)O)O)O,cho,180.156,180.13800000000003,9.991340837922635e-05,0,12,0,0,0,False,0
V2,2,7,0.01764337345957756,0.027984619140625,n-propanol,CCCO,cho,60.096,60.093999999999994,3.328008519709602e-05,0,4,0,0,0,False,0
V2,2,11,0.011458968743681908,0.25190404057502747,maltitol,C(C1C(C(C(C(O1)OC(C(CO)O)C(C(CO)O)O)O)O)O)O,cho,344.313,344.276,0.00010746036309983165,0,23,0,0,0,False,0
V2,2,15,0.005877953954041004,0.02844911813735962,n-pentanol,CCCCCO,cho,88.14999999999999,88.146,4.537719795794093e-05,0,6,0,0,0,False,0
V2,2,20,0.05109349638223648,0.38797491788864136,dimethylphthalat,O=C(OC)c1ccccc1C(=O)OC,cho,194.186,196.092,-0.009815331692295093,0,14,0,0,0,False,0
V2,2,31,0.04461367055773735,0.12606684863567352,n-buten,C=CCC,cho,56.108,56.104,7.129108148562491e-05,0,4,0,0,0,False,0
V2,2,36,0.008061567321419716,0.019027087837457657,propylbenzene,CCCC1=CC=CC=C1,cho,120.195,120.18600000000002,7.487832272534689e-05,0,9,0,0,0,False,0
V2,2,38,0.009837801568210125,0.05051659792661667,n-hexylbenzene,CCCCCCC1=CC=CC=C1,cho,162.27599999999998,162.26399999999998,7.394808844196632e-05,0,12,0,0,0,False,0
V2,2,46,0.005788949318230152,0.05049850791692734,sec-butylcyclohexane,CCC(C)C1CCCCC1,cho,140.26999999999998,140.26,7.129108148562491e-05,0,10,0,0,0,False,0
V2,2,48,0.005979345180094242,0.0513361394405365,n-pentylcyclohexane,CCCCCC1CCCCC1,cho,154.297,154.28599999999997,7.129108148584695e-05,0,11,0,0,0,False,0
V2,2,52,0.009281642735004425,0.06882774829864502,cis-2-octene,CCCCCC=CC,cho,112.216,112.172,0.00039210094817132557,0,8,0,0,0,False,0
V2,2,53,0.01470666192471981,0.046397022902965546,3-methylhexane,CCCC(C)CC,cho,100.205,100.19800000000001,6.985679357307539e-05,0,7,0,0,0,False,0
V2,2,60,0.020100878551602364,0.17282912135124207,guajacol,COC1=CC=CC=C1O,cho,124.139,124.082,0.00045916271276558174,0,9,0,0,0,False,0
V2,2,64,0.013099324889481068,0.16632409393787384,naphthylsalyciate,C1=CC=C2C(=C1)C=CC=C2OC(=O)C3=CC=CC=C3O,cho,264.28,279.26480000000004,-0.05670046919933425,0,20,0,0,0,False,0
V2,2,67,0.10834582895040512,0.20317669212818146,methyl(s)(-)lactate,CC(C(=O)OC)O,cho,104.105,105.07600000000001,-0.009327121656020454,0,7,0,0,0,False,0
V2,2,68,0.048708487302064896,0.14306014776229858,(s)-glycerol acetonate,CC1(OCC(O1)CO)C,cho,132.159,132.1388,0.00015284619284339218,0,9,0,0,0,False,0
V2,2,72,0.018451999872922897,0.19219663739204407,4-(1-idianyl)phenol,C1CC2=CC=CC=C2C1C3=CC=C(C=C3)O,cho,210.27599999999998,210.24400000000003,0.00015218094314117803,0,16,0,0,0,False,0
V2,2,74,0.02574148401618004,0.35081747174263,salicin,C1=CC=C(C(=C1)CO)OC2C(C(C(C(O2)CO)O)O)O,cho,286.28,286.238,0.00014670951515993735,0,20,0,0,0,False,0
V2,2,77,0.020040422677993774,0.2407473772764206,3-pentadecylcyclohexanone,CCCCCCCCCCCCCCCC1CCCC(=O)C1,cho,308.55,308.49399999999997,0.000181494085237488,0,22,0,0,0,False,0
V2,2,82,0.04549691081047058,0.22038158774375916,camphor,CC1(C2CCC1(C(=O)C2)C)C,cho,152.237,152.192,0.0002955917418234755,0,11,0,0,0,False,0
V2,2,83,0.00531686469912529,0.032575808465480804,dibutylphthalat,CCCCOC(=O)C1=CC=CC=C1C(=O)OCCCC,cho,278.348,280.3176,-0.007076034316754631,0,20,0,0,0,False,0
V2,2,84,0.005002306308597326,0.04368492588400841,o-cresol,CC1=CC=CC=C1O,cho,108.14,108.11600000000001,0.0002219345293137387,0,8,0,0,0,False,0
V2,2,85,0.013762017711997032,0.04387674853205681,isopropranol,CC(C)O,cho,60.096,60.093999999999994,3.328008519709602e-05,0,4,0,0,0,False,0
V2,2,87,0.00696230074390769,0.021869240328669548,"2,3-butanediol",CC(C(C)O)O,cho,90.122,90.12,2.2192139544130463e-05,0,6,0,0,0,False,0
V2,2,94,0.005849939305335283,0.04012013226747513,deoxycholic acid,CC(CCC(=O)O)C1CCC2C1(C(CC3C2CCC4C3(CCC(C4)O)C)O)C,cho,392.58,392.542,9.679555759334324e-05,0,28,0,0,0,False,0
V2,2,96,0.013895846903324127,0.22509074211120605,lactose,C(C1C(C(C(C(O1)OC(C(CO)O)C(C(C=O)O)O)O)O)O)O,cho,342.297,342.242,0.0001606791762709392,0,23,0,0,0,False,0
V2,2,97,0.008369578048586845,0.04942188411951065,diethylhexylphthalat,O=C(OCC(CC)CCCC)C1=CC=CC=C1C(OCC(CC)CCCC)=O,cho,390.56399999999996,392.5256,-0.0050224803105254345,0,28,0,0,0,False,0
V2,2,101,0.007795794866979122,0.05776715278625488,cellobiose,C(C1C(C(C(C(O1)OC2C(OC(C(C2O)O)O)CO)O)O)O)O,cho,342.297,342.242,0.0001606791762709392,0,23,0,0,0,False,0
V2,2,104,0.008232790045440197,0.12342210114002228,methyltestosterone,CC12CCC(=O)C=C1CCC3C2CCC4(C3CCC4(C)O)C,cho,302.45799999999997,302.40400000000005,0.0001785371853278983,0,22,0,0,0,False,0
V2,2,112,0.007925551384687424,0.03906353563070297,4-hetpanol,CCCC(CCC)O,cho,116.204,116.198,5.1633334480771786e-05,0,8,0,0,0,False,0
V2,2,119,0.006082437466830015,0.023600999265909195,6-methyl-3-heptanol,CCC(CCC(C)C)O,cho,130.231,130.22400000000002,5.37506430878798e-05,0,9,0,0,0,False,0
V2,2,124,0.019570237025618553,0.04244966432452202,acetone,CC(=O)C,cho,58.08,58.034,0.0007920110192837226,0,4,0,0,0,False,0
V2,2,128,0.019805630668997765,0.058960121124982834,benzaldehyde,C1=CC=C(C=C1)C=O,cho,106.124,106.1,0.00022615054087671282,0,8,0,0,0,False,0
V2,2,130,0.06274212896823883,1.7660144567489624,"1,3,5-trinaphthylbenzene",C1=CC=C2C(=C1)C=CC=C2C3=CC(=CC(=C3)C4=CC=CC5=CC=CC=C54)C6=CC=CC7=CC=CC=C76,cho,456.58799999999997,456.5520000000001,7.884569896687843e-05,0,36,0,0,0,False,0
V2,2,131,0.013127883896231651,0.10475447028875351,decalin,C1CCC2CCCCC2C1,cho,138.254,138.244,7.233063781153515e-05,0,10,0,0,0,False,0
V2,2,135,0.007527440786361694,0.03728938847780228,2-ethyl-1-butanol,CCC(CC)CO,cho,102.17699999999999,102.172,4.8934691760371685e-05,0,7,0,0,0,False,0
V2,2,136,0.004510716535151005,0.020910505205392838,3-methyl-2-pentanol,CCC(C)C(C)O,cho,102.17699999999999,102.172,4.8934691760371685e-05,0,7,0,0,0,False,0
V2,2,143,0.006235020700842142,0.03056355193257332,4-methyl-1-heptanol,CCCC(C)CCCO,cho,130.231,130.22400000000002,5.37506430878798e-05,0,9,0,0,0,False,0
V2,2,147,0.011478360742330551,0.022219162434339523,isopropylbenzene,CC(C)C1=CC=CC=C1,cho,120.195,120.18600000000002,7.487832272534689e-05,0,9,0,0,0,False,0
V2,2,150,0.00857603084295988,0.04221196845173836,"1,2-pentanediol",CCCC(CO)O,cho,104.149,104.14599999999999,2.8804885308653105e-05,0,7,0,0,0,False,0
V2,2,159,0.009304890409111977,0.03946038335561752,"2,3-dimethylbutane",CC(C)C(C)C,cho,86.178,86.172,6.962333774285234e-05,0,6,0,0,0,False,0
V2,2,162,0.01019323617219925,0.054967813193798065,cis-2-heptene,CCCCC=CC,cho,98.189,98.14600000000002,0.0004379309291262512,0,7,0,0,0,False,0
V2,2,163,0.007699472364038229,0.033223189413547516,2-methyl-1-pentanol,CCCC(C)CO,cho,102.17699999999999,102.172,4.8934691760371685e-05,0,7,0,0,0,False,0
V2,2,167,0.0038955784402787685,0.018077220767736435,2-hexanol,CCCCC(C)O,cho,102.17699999999999,102.172,4.8934691760371685e-05,0,7,0,0,0,False,0
V2,2,169,0.008344724774360657,0.036930281668901443,3-heptanol,CCCCC(CC)O,cho,116.204,116.198,5.1633334480771786e-05,0,8,0,0,0,False,0
V2,2,170,0.002020345302298665,0.025677883997559547,2-heptanol,CCCCCC(C)O,cho,116.204,116.198,5.1633334480771786e-05,0,8,0,0,0,False,0
V2,2,171,0.005146261770278215,0.02364499866962433,4-nonanol,CCCCCC(CCC)O,cho,144.25799999999998,144.25000000000003,5.5456196536463054e-05,0,10,0,0,0,False,0
V2,2,174,0.008156077936291695,0.040598493069410324,2-methyl-2-hexanol,CCCCC(C)(C)O,cho,116.204,116.198,5.1633334480771786e-05,0,8,0,0,0,False,0
V2,2,182,0.005339032970368862,0.02565632201731205,n-octanol,CCCCCCCCO,cho,130.231,130.22400000000002,5.37506430878798e-05,0,9,0,0,0,False,0
V2,2,193,0.01702345907688141,0.15246549248695374,trans-beta-iepox,CC1(CO)OC1CO,cho,118.132,118.112,0.0001693021365930525,0,8,0,0,0,False,0
V2,2,195,0.00914028286933899,0.039812006056308746,"2,4-dimethyl-3-pentanol",CC(C)C(C(C)C)O,cho,116.204,116.198,5.1633334480771786e-05,0,8,0,0,0,False,0
V2,2,196,0.006307846866548061,0.038838014006614685,erythritol,C(C(C(CO)O)O)O,cho,122.12,122.12,0.0,0,8,0,0,0,False,0
V2,2,205,0.0094764931127429,0.4621275067329407,isomalt,C(C1C(C(C(C(O1)OCC(C(C(C(CO)O)O)O)O)O)O)O)O,cho,344.313,344.2948,5.285888130857064e-05,0,23,0,0,0,False,0
V2,2,206,0.018499260768294334,0.24290785193443298,isomaltulose,C(C1C(C(C(C(O1)OCC(C(C(C(=O)CO)O)O)O)O)O)O)O,cho,342.297,343.25079999999997,-0.002786469060494179,0,23,0,0,0,False,0
V2,2,207,0.015593183226883411,0.17918233573436737,kojibiose,C(C1C(C(C(C(O1)OC(C=O)C(C(C(CO)O)O)O)O)O)O)O,cho,342.297,342.242,0.0001606791762709392,0,23,0,0,0,False,0
V2,2,208,0.010168524459004402,0.0979076474905014,lactulose,C(C1C(C(C(C(O1)OC2C(OC(C2O)(CO)O)CO)O)O)O)O,cho,342.297,342.242,0.0001606791762709392,0,23,0,0,0,False,0
V2,2,215,0.016786014661192894,0.8914836049079895,nystose,C(C1C(C(C(C(O1)OC2(C(C(C(O2)CO)O)O)COC3(C(C(C(O3)CO)O)O)COC4(C(C(C(O4)CO)O)O)CO)O)O)O)O,cho,666.579,666.4875999999999,0.00013711803102112174,0,45,0,0,0,False,0
V2,2,216,0.01499938778579235,0.43590861558914185,raffinose,C(C1C(C(C(C(O1)OCC2C(C(C(C(O2)OC3(C(C(C(O3)CO)O)O)CO)O)O)O)O)O)O)O,cho,504.438,504.36480000000006,0.00014511198601196984,0,34,0,0,0,False,0
V2,2,218,0.006370911840349436,0.13805851340293884,sorbose,C(C(C(C(C(=O)CO)O)O)O)O,cho,180.156,181.12800000000001,-0.005395324052487993,0,12,0,0,0,False,0
V2,2,219,0.022283215075731277,0.604998767375946,stachyose,C(C1C(C(C(C(O1)OCC2C(C(C(C(O2)OCC3C(C(C(C(O3)OC4(C(C(C(O4)CO)O)O)CO)O)O)O)O)O)O)O)O)O)O,cho,666.579,666.4876,0.0001371180310208997,0,45,0,0,0,False,0
V2,2,220,0.018779482692480087,0.09592588990926743,turanose,C(C1C(C(C(C(O1)OC(C(C(CO)O)O)C(=O)CO)O)O)O)O,cho,342.297,343.23199999999997,-0.002731545996605078,0,23,0,0,0,False,0
V2,2,225,0.012412828393280506,0.08015122264623642,4-methylcyclohexen,CC1CCC=CC1,cho,96.173,96.13,0.00044711093550175995,0,7,0,0,0,False,0
V2,2,232,0.07383833080530167,0.3103736340999603,triethylamine,CCN(CC)CC,bimog_n_only,101.193,87.18,0.13847795796151896,1,7,0,0,1,True,1
V2,2,239,0.03649856895208359,0.22195252776145935,4-methoxyaniline,COC1=CC=C(C=C1)N,bimog_n_only,123.155,107.09200000000001,0.13042913401810718,1,9,0,0,1,True,1
V2,2,242,0.010930231772363186,0.21244294941425323,piperine,C1CCN(CC1)C(=O)C=CC=CC2=CC3=C(C=C2)OCO3,bimog_n_only,285.34299999999996,272.2416,0.045914565978488864,1,21,0,0,1,True,1
V2,2,246,0.013445442542433739,0.16383591294288635,propyl n-phenylcarbamate,CCCOC(=O)NC1=CC=CC=C1,bimog_n_only,179.219,165.1868,0.07829638598586086,1,13,0,0,1,True,1
V2,2,253,0.028264934197068214,0.863996148109436,nitrendipine,CCOC(=O)C1=C(NC(=C(C1C2=CC(=CC=C2)[N+](=O)[O-])C(=O)OC)C)C,bimog_n_only,360.366,349.28200000000004,0.030757618643268092,1,26,0,0,2,True,1
V2,2,259,0.009546357207000256,0.028445672243833542,pentobarbital,CCCC(C)C1(C(=O)NC(=O)NC1=O)CC,bimog_n_only,226.27599999999998,199.208,0.11962382223479284,2,16,0,0,2,True,2
V2,2,260,0.031500786542892456,0.5152919888496399,atropine,CN1C2CCC1CC(C2)OC(=O)C(CO)C3=CC=CC=C3,bimog_n_only,289.375,276.326,0.04509373650107984,1,21,0,0,1,True,1
V2,2,265,0.011720946058630943,0.03889212757349014,1-bromobutane,CCCCBr,bimog_hal_only,137.01999999999998,57.112,0.5831849365056195,1,5,1,0,0,True,0
V2,2,269,0.08144111931324005,0.4643246531486511,9-bromophenanthrene,C1=CC=C2C(=C1)C=C(C3=CC=CC=C23)Br,bimog_hal_only,257.13,177.21200000000002,0.3108077626103527,1,15,1,0,0,True,0
V2,2,270,0.024600284174084663,0.03790051490068436,bromobenzene,C1=CC=C(C=C1)Br,bimog_hal_only,157.01,77.10000000000001,0.5089484746194509,1,7,1,0,0,True,0
V2,2,274,0.017878785729408264,0.03782161697745323,isobutylchloride,CC(C)CCl,bimog_hal_only,92.569,57.112,0.3830331968585595,1,5,1,0,0,True,0
V2,2,276,0.013106951490044594,0.061888523399829865,m-fluorotoluene,CC1=CC(=CC=C1)F,bimog_hal_only,110.131,91.12600000000002,0.17256721540710596,1,8,1,0,0,True,0
V2,2,278,0.010796788148581982,0.30629271268844604,hydrochloro-thiazide,C1NC2=CC(=C(C=C2S(=O)(=O)N1)S(=O)(=O)N)Cl,bimog_n_and_hal,297.745,219.07600000000002,0.26421602377873676,5,17,1,2,3,True,4
V2,2,286,0.00861927680671215,0.027341341599822044,3-chloroaniline,C1=CC(=CC(=C1)Cl)N,bimog_n_and_hal,127.574,76.09200000000001,0.4035461771207298,2,8,1,0,1,True,1
V2,2,290,0.050210140645504,0.48830804228782654,ethacrynic acid,CCC(=C)C(=O)C1=C(C(=C(C=C1)OCC(=O)O)Cl)Cl,bimog_hal_only,303.141,233.1628,0.23084373278441384,2,19,2,0,0,True,0
V2,2,291,0.020164182409644127,0.34134891629219055,tolbutamide,CCCCNC(=O)NS(=O)(=O)C1=CC=C(C=C1)C,bimog_n_only,270.354,222.16,0.17826257425449588,2,18,0,1,2,True,2
V2,2,292,0.02243109419941902,0.277576744556427,tolnaftate,CC1=CC(=CC=C1)N(C)C(=S)OC2=CC3=CC=CC=C3C=C2,bimog_n_only,307.418,263.34280000000007,0.14337221633085873,2,22,0,1,1,True,2
V2,2,295,0.05850984901189804,0.357536643743515,chloramphenicol,C1=CC(=CC=C1C(C(CO)NC(=O)C(Cl)Cl)O)[N+](=O)[O-],bimog_n_and_hal,323.132,253.14200000000002,0.21659878934924426,2,20,2,0,2,True,0
V2,2,300,0.020370814949274063,0.21356144547462463,felodipine,CCOC(=O)C1=C(NC(=C(C1C2=C(C(=CC=C2)Cl)Cl)C(=O)OC)C)C,bimog_n_and_hal,384.259,302.284,0.21333267405578016,3,25,2,0,1,True,1
V2,2,303,0.030682599171996117,0.045085061341524124,chlorobenzene,C1=CC=C(C=C1)Cl,bimog_hal_only,112.559,77.10000000000001,0.31502589752929566,1,7,1,0,0,True,0
V2,2,312,0.024998877197504044,0.1484592705965042,"4-acetamido-n-(2’,4’-dimethylphenyl)-1,8naphthalimide",CC(=O)Nc2ccc4c(=O)n(c1ccc(C)cc1C)c(=O)c3cccc2c34,bimog_n_only,358.397,325.24399999999997,0.09250356448296171,2,27,0,0,2,True,2
V2,2,318,0.0449242889881134,0.9860782623291016,1’-(ethoxycarbonyl)ethyl-2-methyl-4-nitrophenylurethane,CCOC(=O)CCC(C(=O)OCC)c1ccc(N(=O)=O)cc1C,bimog_n_only,323.34499999999997,324.25399999999996,-0.0028112387697349916,0,23,0,0,1,False,0
V2,2,323,0.04196811839938164,0.7748256325721741,n-(2-tetrahydropyryl)saccharin,O=C2c1ccccc1S(=O)(=O)C2C3CCCOC3,bimog_n_only,266.318,234.17079999999999,0.12070982810024111,1,18,0,1,0,True,1
V2,2,327,0.05234731361269951,0.49885234236717224,"2,2,2-tris(chloromethyl)ethyl-p-nitrophenylurethane",O=C(Nc1ccc(N(=O)=O)cc1)OCC(CCl)(CCl)CCl,bimog_n_and_hal,355.605,235.1968,0.3386009758018026,4,21,3,0,2,True,1
V2,2,328,0.021969173103570938,0.22829267382621765,"2,2,3,3-tetrafluoropropyl-p-nitrophenylurethane",O=C(Nc1ccc(N(=O)=O)cc1)OCC(F)(F)C(F)F,bimog_n_and_hal,296.176,206.1368,0.30400572632488787,5,20,4,0,2,True,1
V2,2,336,0.018234211951494217,0.5973992347717285,simvastatin,CCC(C)(C)C(=O)OC1CC(C=C2C1C(C(C=C2)C)CCC3CC(CC(=O)O3)O)C,cho,418.57399999999996,420.462,-0.0045105524948994,0,30,0,0,0,False,0
V2,2,339,0.010291682556271553,0.08491449803113937,ketoprofen,CC(C1=CC(=CC=C1)C(=O)C2=CC=CC=C2)C(=O)O,cho,254.285,255.24400000000003,-0.003771358908311706,0,19,0,0,0,False,0
V2,2,347,0.10779611766338348,1.651635766029358,Zolmitriptan,CN(C)CCC1=CNC2=C1C=C(C=C2)CC3COC(=O)N3,bimog_n_only,287.363,259.2848,0.09770986522273217,2,21,0,0,3,True,2
V2,2,349,0.026593435555696487,0.8867243528366089,Nifedipine,CC1=C(C(C(=C(N1)C)C(=O)OC)C2=CC=CC=C2[N+](=O)[O-])C(=O)OC,bimog_n_only,346.339,335.256,0.03200043887636106,1,25,0,0,2,True,1
V2,2,352,0.027203872799873352,0.28644001483917236,Clemastine,CC(C1=CC=CC=C1)(C2=CC=C(C=C2)Cl)OCCC3CCCN3C,bimog_n_and_hal,343.89799999999997,294.41880000000003,0.14387754508604278,2,24,1,0,1,True,1
V2,2,354,0.02708873525261879,0.3470381796360016,Bifonazole,C1=CC=C(C=C1)C2=CC=C(C=C2)C(C3=CC=CC=C3)N4C=CN=C4,bimog_n_only,310.4,282.364,0.09032216494845358,2,24,0,0,2,True,2
V2,2,355,0.022211382165551186,0.45702752470970154,Cinnarizine,C1CN(CCN1CC=CC2=CC=CC=C2)C(C3=CC=CC=C3)C4=CC=CC=C4,bimog_n_only,368.524,340.44800000000004,0.07618499744928409,2,28,0,0,2,True,2
V2,2,357,0.013179915957152843,0.5737798810005188,Tamoxifen,CCC(=C(C1=CC=CC=C1)C2=CC=C(C=C2)OCCN(C)C)C3=CC=CC=C3,bimog_n_only,371.524,357.4928,0.0377666045800541,1,28,0,0,1,True,1
V2,2,358,0.037896528840065,0.08597750961780548,Procaine,CCN(CC)CCOC(=O)C1=CC=C(C=C1)N,bimog_n_only,236.315,207.2648,0.12292998751666206,2,17,0,0,2,True,2
V2,2,4,0.011152124032378197,0.14163267612457275,glycerol,OCC(O)CO,cho,92.094,92.09400000000001,-2.220446049250313e-16,0,6,0,0,0,False,0
V2,2,5,0.03017484024167061,0.22512798011302948,ribose,C1C(C(C(C(O1)O)O)O)O,cho,150.13,150.13080000000002,-5.328715113828153e-06,0,10,0,0,0,False,0
V2,2,6,0.03213334456086159,0.16906890273094177,ethanol,OCC,cho,46.069,46.068,2.1706570578983175e-05,0,3,0,0,0,False,0
V2,2,10,0.02024788223206997,0.6135619878768921,phenolphthalein,O=C1OC(C2=C1C=CC=C2)(C3=CC=C(C=C3)O[H])C4=CC=C(C=C4)O[H],cho,318.328,320.2560000000001,-0.006056645975220931,2,24,0,0,0,True,2
V2,2,23,0.006850338075309992,0.02535039745271206,5-methyl-3-heptanol,CCC(C)CC(CC)O,cho,130.231,130.22400000000002,5.37506430878798e-05,0,9,0,0,0,False,0
V2,2,30,0.015694374218583107,0.323758602142334,triphenylethene,C1=CC=C(C=C1)C=C(C2=CC=CC=C2)C3=CC=CC=C3,cho,256.34799999999996,256.328,7.801894299930279e-05,0,20,0,0,0,False,0
V2,2,40,0.006381414830684662,0.08016309887170792,tert-butyl-benzene,CC(C)(C)C1=CC=CC=C1,cho,134.22199999999998,134.212,7.450343460824183e-05,0,10,0,0,0,False,0
V2,2,41,0.00810571201145649,0.09114763885736465,3-methylheptane,CCCCC(C)CC,cho,114.232,114.224,7.003291547025281e-05,0,8,0,0,0,False,0
V2,2,69,0.06033724546432495,0.4094340205192566,(r)-nopol,CC1(C)[C@H]2CC=C(CCO)[C@@H]1C2,cho,166.26399999999998,166.25400000000002,6.0145311071346796e-05,0,12,0,0,0,False,0
V2,2,89,0.01041517686098814,0.6946355700492859,mephenesin,CC1=CC=CC=C1OCC(CO)O,cho,182.219,182.21280000000002,3.402499190519048e-05,0,13,0,0,0,False,0
V2,2,90,0.01216362975537777,0.1877758800983429,estradiol-17b-cypionate,CC12CCC3C(C1CCC2OC(=O)CCC4CCCC4)CCC5=C3C=CC(=C5)O,cho,396.57099999999997,396.494,0.00019416447496145572,0,29,0,0,0,False,0
V2,2,99,0.03859657794237137,0.2527659833431244,diethylstilbestrol,CCC(=C(CC)C1=CC=C(C=C1)O)C2=CC=C(C=C2)O,cho,268.356,268.304,0.00019377245151974698,0,20,0,0,0,False,0
V2,2,107,0.008496277034282684,0.39766818284988403,ergocalciferol,CC(C)C(C)C=CC(C)C1CCC2C1(CCCC2=CC=C3CC(CCC3=C)O)C,cho,396.659,396.5600000000001,0.00024958465583757583,0,29,0,0,0,False,0
V2,2,113,0.005461127031594515,0.05692640691995621,4-decanol,CCCCCCC(CCC)O,cho,158.285,158.276,5.6859462362113256e-05,0,11,0,0,0,False,0
V2,2,118,0.014407006092369556,0.07963787019252777,4-methyl-4-heptanol,CCCC(C)(CCC)O,cho,130.231,130.22400000000002,5.37506430878798e-05,0,9,0,0,0,False,0
V2,2,126,0.012401913292706013,0.09240838140249252,methylisobutylketone,CC(C)CC(=O)C,cho,100.161,100.11200000000001,0.0004892123680872995,0,7,0,0,0,False,0
V2,2,129,0.03746236115694046,0.19499745965003967,acetophenone,CC(=O)C1=CC=CC=C1,cho,120.151,120.10000000000001,0.0004244658804336554,0,9,0,0,0,False,0
V2,2,133,0.009014385752379894,0.0341799333691597,"2,4-pentanediol",CC(CC(C)O)O,cho,104.149,104.14599999999999,2.8804885308653105e-05,0,7,0,0,0,False,0
V2,2,138,0.006776186637580395,0.02557317540049553,5-methyl-2-hexanol,CC(C)CCC(C)O,cho,116.204,116.198,5.1633334480771786e-05,0,8,0,0,0,False,0
V2,2,140,0.0076374476775527,0.025444725528359413,4-methyl-3-heptanol,CCCC(C)C(CC)O,cho,130.231,130.22400000000002,5.37506430878798e-05,0,9,0,0,0,False,0
V2,2,145,0.00648314505815506,0.02796086110174656,2-methyl-3-heptanol,CCCCC(C(C)C)O,cho,130.231,130.22400000000002,5.37506430878798e-05,0,9,0,0,0,False,0
V2,2,156,0.008427180349826813,0.09777428209781647,cyclohexanol,C1CCC(CC1)O,cho,100.161,100.15599999999999,4.991962939682182e-05,0,7,0,0,0,False,0
V2,2,158,0.0070993052795529366,0.048800721764564514,cycloheptane,C1CCCCCC1,cho,98.189,98.182,7.129108148562491e-05,0,7,0,0,0,False,0
V2,2,160,0.12141934782266617,0.3793805241584778,1-phenyl-1-propanol,CCC(C1=CC=CC=C1)O,cho,136.194,136.186,5.873973890169193e-05,0,10,0,0,0,False,0
V2,2,173,0.00794026255607605,0.04798860102891922,2-methyl-2-pentanol,CCCC(C)(C)O,cho,102.17699999999999,102.17199999999998,4.893469176048271e-05,0,7,0,0,0,False,0
V2,2,175,0.009877726435661316,0.06905858218669891,4-methy-4-octanol,CCCCC(C)(CCC)O,cho,144.25799999999998,144.25,5.54561965366851e-05,0,10,0,0,0,False,0
V2,2,179,0.01981889083981514,0.120533287525177,xylose,C(C(C(C(C=O)O)O)O)O,cho,150.13,150.11200000000002,0.00011989609005513824,0,10,0,0,0,False,0
V2,2,184,0.01271999441087246,0.11823935806751251,"1,2,4-butanetriol",C(CO)C(CO)O,cho,106.121,106.12,9.42320558594556e-06,0,7,0,0,0,False,0
V2,2,185,0.012002045288681984,0.10413713753223419,benzene,C1=CC=CC=C1,cho,78.11399999999999,78.108,7.681081496258013e-05,0,6,0,0,0,False,0
V2,2,187,0.06386317312717438,0.6478318572044373,santonin,CC1C2CCC3(C=CC(=O)C(=C3C2OC1=O)C)C,cho,246.30599999999998,248.22,-0.00777082166086096,0,18,0,0,0,False,0
V2,2,200,0.032844554632902145,0.18939341604709625,"2-methyl-1,3-propanediol",CC(CO)CO,cho,90.122,90.12,2.2192139544130463e-05,0,6,0,0,0,False,0
V2,2,201,0.007170090917497873,0.02225307561457157,3-methyl-2-butanol,CC(C)C(C)O,cho,88.14999999999999,88.146,4.537719795794093e-05,0,6,0,0,0,False,0
V2,2,203,0.007384316064417362,0.05463062599301338,"1,3-propanediol",C(CO)CO,cho,76.095,76.094,1.3141467901989223e-05,0,5,0,0,0,False,0
V2,2,210,0.02067657746374607,0.9909995198249817,maltoheptaose,C(C1C(C(C(C(O1)OC2C(OC(C(C2O)O)OC3C(OC(C(C3O)O)OC4C(OC(C(C4O)O)OC5C(OC(C(C5O)O)OC6C(OC(C(C6O)O)OC7C(OC(C(C7O)O)O)CO)CO)CO)CO)CO)CO)O)O)O)O,cho,1153.002,1152.7620000000002,0.00020815228421089405,0,78,0,0,0,False,0
V2,2,228,0.13456663489341736,0.33346065878868103,4-cyanoaniline,C1=CC(=CC=C1C#N)N,bimog_n_only,118.139,88.102,0.25425134798838656,2,9,0,0,2,True,2
V2,2,231,0.02453267201781273,0.06917935609817505,m-toluidine,CC1=CC(=CC=C1)N,bimog_n_only,107.15599999999999,91.12600000000002,0.14959498301541652,1,8,0,0,1,True,1
V2,2,236,0.0475735068321228,0.3783433437347412,4-nitro-1-naphthylamine,C1=CC=C2C(=C1)C(=CC=C2[N+](=O)[O-])N,bimog_n_only,188.18599999999998,172.138,0.08527733200131771,1,14,0,0,2,True,1
V2,2,240,0.08713454008102417,0.43389374017715454,cinchonine,C=CC1CN2CCC1CC2C(C3=CC=NC4=CC=CC=C34)O,bimog_n_only,294.39799999999997,266.36600000000004,0.09521803816601992,2,22,0,0,2,True,2
V2,2,241,0.016764186322689056,0.7878059148788452,brucine,COC1=C(C=C2C(=C1)C34CCN5C3CC6C7C4N2C(=O)CC7OCC=C6C5)OC,bimog_n_only,394.471,366.33480000000003,0.07132640929244471,2,29,0,0,2,True,2
V2,2,243,0.04658745974302292,0.32604822516441345,benzyl n-phenylcarbamate,C1=CC=C(C=C1)COC(=O)NC2=CC=CC=C2,bimog_n_only,227.26299999999998,213.2268,0.06176192341032183,1,17,0,0,1,True,1
V2,2,249,0.11929582059383392,1.7503929138183594,eserine,CC12CCN(C1N(C3=C2C=C(C=C3)OC(=O)NC)C)C,bimog_n_only,275.352,249.2748,0.09470495947006008,2,20,0,0,3,True,2
V2,2,251,0.05950207635760307,0.5704483389854431,acetaminophen,CC(=O)NC1=CC=C(C=C1)O,bimog_n_only,151.165,136.08200000000002,0.09977838785433113,1,11,0,0,1,True,1
V2,2,255,0.05270608142018318,0.819139301776886,quinidine,COC1=CC2=C(C=CN=C2C=C1)C(C3CC4CCN3CC4C=C)O,bimog_n_only,324.424,296.358,0.08651024585110834,2,24,0,0,2,True,2
V2,2,257,0.022799532860517502,0.2748059630393982,phenylbutazone,CCCCC1C(=O)N(N(C1=O)C2=CC=CC=C2)C3=CC=CC=C3,bimog_n_only,308.381,282.312,0.08453503944795548,2,23,0,0,2,True,2
V2,2,263,0.03243903070688248,1.079598069190979,nimodipine,CC1=C(C(C(=C(N1)C)C(=O)OC(C)C)C2=CC(=CC=C2)[N+](=O)[O-])C(=O)OCCOC,bimog_n_only,418.44599999999997,407.326,0.026574516186078867,1,30,0,0,2,True,1
V2,2,275,0.02951943874359131,0.130710631608963,iodobenzene,C1=CC=C(C=C1)I,bimog_hal_only,204.01,77.10000000000001,0.6220773491495515,1,7,1,0,0,True,0
V2,2,280,0.018593711778521538,0.7139211893081665,glibenclamide,COC1=C(C=C(C=C1)Cl)C(=O)NCCC2=CC=C(C=C2)S(=O)(=O)NC(=O)NC3CCCCC3,bimog_n_and_hal,494.013,411.2800000000001,0.16747130136251454,3,33,1,1,3,True,2
V2,2,281,0.015069415792822838,0.7568182945251465,triphenyl phosphite,C1=CC=C(C=C1)OP(OC2=CC=CC=C2)OC3=CC=CC=C3,bimog_n_only,310.289,321.3804,-0.03574538575328168,1,22,0,0,0,True,1
V2,2,294,0.04563305526971817,0.35340234637260437,chorotrianisene,COC1=CC=C(C=C1)C(=C(C2=CC=C(C=C2)OC)Cl)C3=CC=C(C=C3)OC,bimog_hal_only,380.871,345.296,0.09340432849967573,1,27,1,0,0,True,0
V2,2,305,0.2528514266014099,1.7974780797958374,2-ethylhexylamine,CCCCC(CC)CN,bimog_n_only,129.24699999999999,129.19,0.00044101603905688513,0,9,0,0,1,False,0
V2,2,310,0.007963242940604687,0.07175649702548981,"n-(r-1-phenylethyl)-1,8-naphthalimide",CC(c1ccccc1)n2c(=O)c4cccc3cccc(c2=O)c34,bimog_n_only,301.34499999999997,285.26800000000003,0.053350810532777904,1,23,0,0,1,True,1
V2,2,314,0.009778352454304695,0.15051671862602234,"1-methyl-1-(p-hydroxyphenyl)-1,2,3,4tetrahydronaphthalene",CC3(c1ccc(O)cc1)CCCc2ccccc23,cho,238.32999999999998,238.29600000000005,0.00014265933789259222,0,18,0,0,0,False,0
V2,2,316,0.017020201310515404,0.6245653033256531,n-(r-1-phenylethyl)-n’-(p-nitrophenyl)thiourea,CC(NC(=S)Nc1ccc(N(=O)=O)cc1)c2ccccc2,bimog_n_only,301.371,254.226,0.15643509163124514,2,21,0,1,3,True,2
V2,2,317,0.022431571036577225,0.24649086594581604,1-menthyl-3-nitrophenylurethane,CC(C)C1CCC(C)CC1OC(=O)Nc2cccc(N(=O)=O)c2,bimog_n_only,320.389,306.31600000000003,0.04392472900130773,1,23,0,0,2,True,1
V2,2,319,0.03254585340619087,0.3676508963108063,"1,1,3-trimethyl-3-(p-carboxyphenyl)-indan-5-carboxylic acid",CC3(C)CC(C)(c1ccc(C(=O)O)cc1)c2cc(C(=O)O)ccc23,cho,324.376,324.324,0.00016030779095854708,0,24,0,0,0,False,0
V2,2,320,0.07887859642505646,2.3135623931884766,"2-benzyl-(3,3’)spirobi-(benzo[f]chroman)",c7ccc(CC3CC2C(CCC1CCCCC12)OC36CCC5C(CCC4CCCCC45)O6)cc7,cho,462.71799999999996,462.65200000000004,0.00014263547128035015,0,34,0,0,0,False,0
V2,2,322,0.009972866624593735,0.2936250567436218,"n-( 1-phenylethyl)-2,4-dinitroaniline",CC(Nc1ccc(N(=O)=O)cc1N(=O)=O)c2ccccc2,bimog_n_only,287.275,287.19800000000004,0.00026803585414647557,0,21,0,0,3,False,0
V2,2,329,0.027225036174058914,0.20792269706726074,n-pentyl-p-nitrophenylurethane,CCCCCOC(=O)Nc1ccc(N(=O)=O)cc1,bimog_n_only,252.26999999999998,238.22079999999997,0.055691124588734375,1,18,0,0,2,True,1
V2,2,334,0.005343154072761536,0.06215723231434822,testosterone,CC12CCC3C(C1CCC2O)CCC4=CC(=O)CCC34C,cho,288.431,288.37800000000004,0.0001837527866281885,0,21,0,0,0,False,0
V2,2,340,0.039673831313848495,0.44807082414627075,Aripiprazole,C1CC(=O)NC2=C1C=CC(=C2)OCCCCN3CCN(CC3)C4=C(C(=CC=C4)Cl)Cl,bimog_n_and_hal,448.394,334.4028,0.25422106451022985,5,30,2,0,3,True,3
V2,2,342,0.027318287640810013,0.7190912365913391,Danazol,CC12CCC3C(C1CCC2(C#C)O)CCC4=CC5=C(CC34C)C=NO5,bimog_n_only,337.46299999999997,324.4448000000001,0.03857667359088213,1,25,0,0,1,True,1
V2,2,343,0.07308872789144516,0.2758752703666687,Bezafibrate,CC(C)(C(=O)O)OC1=CC=C(C=C1)CCNC(=O)C2=CC=C(C=C2)Cl,bimog_n_only,361.825,328.278,0.09271609203344144,1,25,1,0,1,True,0
V2,2,344,0.0224546417593956,0.5688400268554688,Ezetimibe,C1=CC(=CC=C1C2C(C(=O)N2C3=CC=C(C=C3)F)CCC(C4=CC=C(C=C4)F)O)O,bimog_n_and_hal,409.43199999999996,358.3620000000001,0.12473377752593806,3,30,2,0,1,True,1
V2,2,353,0.011836478486657143,0.1602151244878769,Clotrimazole,C1=CC=C(C=C1)C(C2=CC=CC=C2)(C3=CC=CC=C3Cl)N4C=CN=C4,bimog_n_and_hal,344.84499999999997,281.356,0.18410880250547346,3,25,1,0,2,True,2
V2,2,361,0.02870224043726921,0.30564969778060913,Isradipine,CC1=C(C(C(=C(N1)C)C(=O)OC(C)C)C2=CC=CC3=NON=C32)C(=O)OC,bimog_n_only,371.393,333.3188,0.10251727953946355,3,27,0,0,3,True,3
V2,2,366,0.007540249731391668,0.06620125472545624,Flurbiprofen,CC(C1=CC(=C(C=C1)C2=CC=CC=C2)F)C(=O)O,bimog_hal_only,244.265,225.236,0.07790309704624077,1,18,1,0,0,True,0
V2,2,367,0.01366010308265686,0.332348495721817,Fenofibrate,CC(C)OC(=O)C(C)(C)OC1=CC=C(C=C1)C(=O)C2=CC=C(C=C2)Cl,bimog_hal_only,360.837,329.34680000000003,0.08726987531766406,1,25,1,0,0,True,0
V2,2,1,0.03592504933476448,0.49856168031692505,tartaric acid,O=C(O)C(O)C(O)C(=O)O,cho,150.086,150.052,0.00022653678557638113,0,10,0,0,0,False,0
V2,2,2,0.09928424656391144,0.6429381370544434,"1,2,3-propanetricarboxylic acid",C(C(CC(=O)O)C(=O)O)C(=O)O,cho,176.124,176.07,0.00030660216665534534,0,12,0,0,0,False,0
V2,2,3,0.07941056042909622,0.2780279219150543,"1,2,4-butanetricarboxylic acid",C(CC(=O)O)C(CC(=O)O)C(=O)O,cho,190.151,190.096,0.00028924381149719736,0,13,0,0,0,False,0
V2,2,8,0.019379716366529465,0.06497509777545929,methanol,CO,cho,32.042,32.042,0.0,0,2,0,0,0,False,0
V2,2,17,0.014538994058966637,0.022936737164855003,"propan-1,2-diol",CC(O)CO,cho,76.095,76.094,1.3141467901989223e-05,0,5,0,0,0,False,0
V2,2,25,0.007511947304010391,0.07471297681331635,2-butanol,CCC(C)O,cho,74.12299999999999,74.12,4.04732674066377e-05,0,5,0,0,0,False,0
V2,2,26,0.007098929025232792,0.0269898921251297,"2,2-dimethyl-1-propanol",CC(CO)(C)C,cho,88.14999999999999,88.146,4.537719795794093e-05,0,6,0,0,0,False,0
V2,2,27,0.009426748380064964,0.04687555506825447,o-xylene,CC1=C(C)C=CC=C1,cho,106.16799999999999,106.16000000000001,7.535227187083215e-05,0,8,0,0,0,False,0
V2,2,32,0.023332715034484863,0.21294179558753967,4-methylstyrene,CC1=CC=C(C=C1)C=C,cho,118.17899999999999,118.17000000000002,7.615566217322733e-05,0,9,0,0,0,False,0
V2,2,35,0.014189628884196281,0.03545836731791496,ethylbenzene,CCc1ccccc1,cho,106.16799999999999,106.16000000000001,7.535227187083215e-05,0,8,0,0,0,False,0
V2,2,42,0.020742420107126236,0.07854189723730087,cyclohexene,C1CCC=CC1,cho,82.146,82.10400000000001,0.0005112847856254543,0,6,0,0,0,False,0
V2,2,45,0.014067861251533031,0.054965026676654816,isopropylcyclohexane,CC(C)C1CCCCC1,cho,126.243,126.23400000000001,7.129108148562491e-05,0,9,0,0,0,False,0
V2,2,51,0.016899624839425087,0.059561144560575485,1-heptene,CCCCCC=C,cho,98.189,98.182,7.129108148562491e-05,0,7,0,0,0,False,0
V2,2,56,0.01707099750638008,0.07096978276968002,"2,5-hexanediol",CC(CCC(C)O)O,cho,118.176,118.172,3.384782020043886e-05,0,8,0,0,0,False,0
V2,2,57,0.01034120935946703,0.045265186578035355,n-eugenol,COC1=C(C=CC(=C1)CC=C)O,cho,164.204,164.144,0.0003653991376580956,0,12,0,0,0,False,0
V2,2,58,0.013377892784774303,0.19719354808330536,sorbitol,C(C(C(C(C(CO)O)O)O)O)O,cho,182.172,182.172,0.0,0,12,0,0,0,False,0
V2,2,65,0.13363733887672424,0.7652028799057007,vinylacetate,CC(=O)OC=C,cho,86.09,86.04400000000001,0.0005343245440816435,0,6,0,0,0,False,0
V2,2,66,0.012398650869727135,0.12942831218242645,xylitol,C(C(C(C(CO)O)O)O)O,cho,152.146,152.14600000000002,-2.220446049250313e-16,0,10,0,0,0,False,0
V2,2,70,0.09088873118162155,0.6792550086975098,3-hydroxy-2-methylpropionate,CC(CO)C(=O)OC,cho,118.132,119.102,-0.00821115362475866,0,8,0,0,0,False,0
V2,2,73,0.06397487968206406,0.7891218066215515,2p-hydroxyphenoxytetrahydropyran,C1CCOC(C1)OC2=CC=CC=C2O,cho,194.23,194.1868,0.00022241672244238675,0,14,0,0,0,False,0
V2,2,79,0.05372046306729317,0.23951455950737,lactic acid,CC(C(=O)O)O,cho,90.078,90.06,0.00019982681675878577,0,6,0,0,0,False,0
V2,2,98,0.006611970718950033,0.24103662371635437,cholecalciterol,CC(C)CCCC(C)C1CCC2C1(CCCC2=CC=C3CC(CCC3=C)O)C,cho,384.64799999999997,384.58600000000007,0.00016118633139883265,0,28,0,0,0,False,0
V2,2,102,0.06529262661933899,0.49818167090415955,17b-estradiol,CC12CCC3C(C1CCC2O)CCC4=C3C=CC(=C4)O,cho,272.388,272.35400000000004,0.00012482194516616474,0,20,0,0,0,False,0
V2,2,106,0.04503251239657402,0.412759006023407,citric acid,C(C(=O)O)C(CC(=O)O)(C(=O)O)O,cho,192.123,192.07,0.0002758649406889857,0,13,0,0,0,False,0
V2,2,108,0.0060488516464829445,0.07050354778766632,n-nonanol,CCCCCCCCCO,cho,144.25799999999998,144.25000000000003,5.5456196536463054e-05,0,10,0,0,0,False,0
V2,2,109,0.004129715263843536,0.02519187331199646,2-pentanol,CCCC(C)O,cho,88.14999999999999,88.146,4.537719795794093e-05,0,6,0,0,0,False,0
V2,2,110,0.005267815198749304,0.05113350227475166,3-pentanol,CCC(CC)O,cho,88.14999999999999,88.146,4.537719795794093e-05,0,6,0,0,0,False,0
V2,2,114,0.003603483783081174,0.03501322865486145,3-methyl-4-octanol,CCCCC(C(C)CC)O,cho,144.25799999999998,144.25000000000003,5.5456196536463054e-05,0,10,0,0,0,False,0
V2,2,116,0.005303299520164728,0.08110848814249039,2-methyl-2-butanol,CCC(C)(C)O,cho,88.14999999999999,88.146,4.537719795794093e-05,0,6,0,0,0,False,0
V2,2,121,0.0029480289667844772,0.05774257332086563,6-methyl-1-heptanol,CC(C)CCCCCO,cho,130.231,130.22400000000002,5.37506430878798e-05,0,9,0,0,0,False,0
V2,2,123,0.22316136956214905,1.4091200828552246,diisopropylether,CC(C)OC(C)C,cho,102.17699999999999,102.154,0.00022509958209770975,0,7,0,0,0,False,0
V2,2,127,0.06142206862568855,0.12579192221164703,ethyl acetate,CCOC(=O)C,cho,88.106,88.06,0.0005220983814949731,0,6,0,0,0,False,0
V2,2,141,0.003340131137520075,0.030016010627150536,3-methyl-4-heptanol,CCCC(C(C)CC)O,cho,130.231,130.22400000000002,5.37506430878798e-05,0,9,0,0,0,False,0
V2,2,142,0.008733794093132019,0.038216687738895416,6-methyl-2-heptanol,CC(C)CCCC(C)O,cho,130.231,130.22400000000002,5.37506430878798e-05,0,9,0,0,0,False,0
V2,2,148,0.008880773559212685,0.032069526612758636,diisobutylphthalat,CC(C)COC(=O)C1=CC=CC=C1C(=O)OCC(C)C,cho,278.348,280.3176,-0.007076034316754631,0,20,0,0,0,False,0
V2,2,154,0.01136205904185772,0.07219608873128891,menthol,CC1CCC(C(C1)O)C(C)C,cho,156.269,156.26000000000002,5.759299669150231e-05,0,11,0,0,0,False,0
V2,2,161,0.011210864409804344,0.07935259491205215,"1,2-butanediol",CCC(CO)O,cho,90.122,90.12,2.2192139544130463e-05,0,6,0,0,0,False,0
V2,2,165,0.003981873393058777,0.025314876809716225,"2,2-dimethyl-1-pentanol",CCCC(C)(C)CO,cho,116.204,116.19799999999998,5.163333448088281e-05,0,8,0,0,0,False,0
V2,2,176,0.007262217812240124,0.04933423921465874,4-methyl-4-nonanol,CCCCCC(C)(CCC)O,cho,158.285,158.276,5.6859462362113256e-05,0,11,0,0,0,False,0
V2,2,177,0.016746709123253822,0.15004810690879822,4-methyl-undecane,CCCCCCCC(C)CCC,cho,170.34,170.328,7.044734061290026e-05,0,12,0,0,0,False,0
V2,2,180,0.034139811992645264,0.26350778341293335,fructose,C1C(C(C(C(O1)(CO)O)O)O)O,cho,180.156,180.1568,-4.440595927857061e-06,0,12,0,0,0,False,0
V2,2,183,0.004718087613582611,0.04916362091898918,3-methyl-1-butanol,CC(C)CCO,cho,88.14999999999999,88.146,4.537719795794093e-05,0,6,0,0,0,False,0
V2,2,197,0.0178567785769701,0.20054152607917786,"2-ethyl-1,3-hexanediol",CCCC(C(CC)CO)O,cho,146.23,146.224,4.103125213705816e-05,0,10,0,0,0,False,0
V2,2,209,0.026632044464349747,0.4868016242980957,levoglucosan,C1C2C(C(C(C(O1)O2)O)O)O,cho,162.141,162.1228,0.00011224798169484629,0,11,0,0,0,False,0
V2,2,217,0.04047577828168869,0.46360358595848083,rhamnose,CC1C(C(C(C(O1)O)O)O)O,cho,164.157,164.138,0.00011574285592452771,0,11,0,0,0,False,0
V2,2,221,0.0639399066567421,0.24521580338478088,"3-methyl-1,2,3-butanetricarboxylic acid",CC(C)(C(CC(=O)O)C(=O)O)C(=O)O,cho,204.178,204.122,0.0002742704894748149,0,14,0,0,0,False,0
V2,2,223,0.02028358355164528,0.059366773813962936,"1,2-dimethylcyclohexane",CC1CCCCC1C,cho,112.216,112.208,7.129108148562491e-05,0,8,0,0,0,False,0
V2,2,227,0.08433569967746735,0.5005470514297485,butyronitrile,CCCC#N,bimog_n_only,69.107,55.096,0.20274357156293865,1,5,0,0,1,True,1
V2,2,233,0.03149367496371269,0.1398874819278717,pyridine,C1=CC=NC=C1,bimog_n_only,79.10199999999999,65.09,0.1771383782963767,1,6,0,0,1,True,1
V2,2,234,0.021881381049752235,0.6040453314781189,2-methoxy-4-nitroaniline,COC1=C(C=CC(=C1)[N+](=O)[O-])N,bimog_n_only,168.152,152.074,0.09561587135448868,1,12,0,0,2,True,1
V2,2,258,0.02731204964220524,0.6555267572402954,quinineethylcarbonate,CCOC(=O)OC(C1CC2CCN1CC2C=C)C3=C4C=C(C=CC4=NC=C3)OC,bimog_n_only,396.48699999999997,369.3928000000001,0.06833565791564389,2,29,0,0,2,True,2
V2,2,262,0.015588350594043732,0.03609849140048027,amobarbital,CCC1(C(=O)NC(=O)NC1=O)CCC(C)C,bimog_n_only,226.27599999999998,199.208,0.11962382223479284,2,16,0,0,2,True,2
V2,2,266,0.01253579556941986,0.03683628886938095,isobutylbromide,CC(C)CBr,bimog_hal_only,137.01999999999998,57.112,0.5831849365056195,1,5,1,0,0,True,0
V2,2,267,0.01629062555730343,0.0847247764468193,isoamylbromide,CC(C)CCBr,bimog_hal_only,151.047,71.138,0.529034009281879,1,6,1,0,0,True,0
V2,2,271,0.02538895234465599,0.02890883758664131,tert-butyl-chloride,CC(C)(C)Cl,bimog_hal_only,92.569,57.112,0.3830331968585595,1,5,1,0,0,True,0
V2,2,272,0.043156448751688004,0.13259798288345337,1 -bromopropane,CCCBr,bimog_hal_only,122.993,43.086,0.6496873805826348,1,4,1,0,0,True,0
V2,2,273,0.03806628659367561,0.13390614092350006,1-iodobutane,CCCCI,bimog_hal_only,184.01999999999998,57.112,0.6896424301706336,1,5,1,0,0,True,0
V2,2,277,0.6150211691856384,2.122847318649292,trichloroethylene,ClC=C(Cl)Cl,bimog_hal_only,131.389,25.028,0.8095122118289964,3,5,3,0,0,True,0
V2,2,279,0.05467350035905838,1.746089220046997,griseofulvin,CC1CC(=O)C=C(C12C(=O)C3=C(O2)C(=C(C=C3OC)OC)Cl)OC,bimog_hal_only,352.77,319.148,0.09530855798395543,1,24,1,0,0,True,0
V2,2,283,0.009437593631446362,0.04612920433282852,4-chloroaniline,C1=CC(=CC=C1N)Cl,bimog_n_and_hal,127.574,76.09200000000001,0.4035461771207298,2,8,1,0,1,True,1
V2,2,287,0.05024655535817146,0.06026069447398186,3-trifluoromethylaniline,C1=CC(=CC(=C1)N)C(F)(F)F,bimog_n_and_hal,161.126,88.102,0.45321053088886953,4,11,3,0,1,True,1
V2,2,297,0.03740490600466728,0.28360992670059204,chlormadinone acetate,CC(=O)C1(CCC2C1(CCC3C2C=C(C4=CC(=O)CCC34C)Cl)C)OC(=O)C,bimog_hal_only,404.93399999999997,369.33799999999997,0.08790568339531879,1,28,1,0,0,True,0
V2,2,308,0.007582084741443396,0.10460297763347626,"n-(r-1-phenylethyl)-2,2’-diphenic imide",CC(c1ccccc1)n4c(=O)c2ccccc2c3ccccc3c4=O,bimog_n_only,327.383,311.30400000000003,0.049113729179584675,1,25,0,0,1,True,1
V2,2,309,0.007264778017997742,0.15091606974601746,"n-(r-1-phenylethyl)-4-nitro-1,8-naphthalimide",CC(c1ccccc1)n2c(=O)c4cccc3c(N(=O)=O)ccc(c2=O)c34,bimog_n_only,346.342,330.25,0.04646274491687408,1,26,0,0,2,True,1
V2,2,324,0.021100107580423355,0.23694348335266113,"9,9-bis(p-hydroxyphenyl)fluorene",Oc5ccc(C4(c1ccc(O)cc1)c2ccccc2c3ccccc34)cc5,cho,350.417,350.358,0.0001683708267576911,0,27,0,0,0,False,0
V2,2,325,0.021960142999887466,0.3554227352142334,"9,9-bis(p-aminophenyl)fluorene",Nc5ccc(C4(c1ccc(N)cc1)c2ccccc2c3ccccc34)cc5,bimog_n_only,348.44899999999996,316.37800000000004,0.09203929412912626,2,27,0,0,2,True,2
V2,2,331,0.016665756702423096,0.12524941563606262,prednisone,CC12CC(=O)C3C(C1CCC2(C(=O)CO)O)CCC4=CC(=O)C=CC34C,cho,358.43399999999997,359.3,-0.0024160654402205495,0,26,0,0,0,False,0
V2,2,333,0.05444500595331192,1.005974531173706,warfarin,CC(=O)CC(C1=CC=CC=C1)C2=C(C3=CC=CC=C3OC2=O)O,cho,308.33299999999997,310.2540000000001,-0.00623027700570522,0,23,0,0,0,False,0
V2,2,337,0.047834813594818115,1.040318250656128,fluorescamin,C1=CC=C(C=C1)C2=COC3(C2=O)C4=CC=CC=C4C(=O)O3,cho,278.263,295.2468,-0.06103506395029168,0,21,0,0,0,False,0
V2,2,345,0.06288760900497437,1.1924974918365479,Glafenine,C1=CC=C(C(=C1)C(=O)OCC(CO)O)NC2=C3C=CC(=CC3=NC=C2)Cl,bimog_n_and_hal,372.808,309.3088,0.17032681702109387,3,26,1,0,2,True,2
V2,2,351,0.015364998951554298,0.28307679295539856,Loratadine,CCOC(=O)N1CCC(=C2C3=C(CCC4=C2N=CC=C4)C=C(C=C3)Cl)CC1,bimog_n_and_hal,382.89099999999996,320.39480000000003,0.1632219091072915,3,27,1,0,2,True,2
V2,2,360,0.08019765466451645,1.0907191038131714,Linaprazan,CC1=C(C(=CC=C1)C)CNC2=CC(=CN3C2=NC(=C3C)C)C(=O)NCCO,bimog_n_only,366.465,339.34000000000003,0.07401798261771231,2,27,0,0,4,True,2
V2,2,364,0.03234002739191055,0.3699013888835907,Aceclofenac,C1=CC=C(C(=C1)CC(=O)OCC(=O)O)NC2=C(C=CC=C2Cl)Cl,bimog_n_and_hal,354.189,268.202,0.24277151464331193,3,23,2,0,1,True,1
V2,2,9,0.00600149342790246,0.08571752160787582,ethylenglycol,OCCO,cho,62.068,62.068,0.0,0,4,0,0,0,False,0
V2,2,12,0.14584478735923767,0.4599437713623047,flopropione,CCC(=O)C1=C(C=C(C=C1O)O)O,cho,182.17499999999998,182.08,0.0005214766021680584,0,13,0,0,0,False,0
V2,2,13,0.0076088556088507175,0.03443605452775955,2-methyl-1-propanol,CC(C)CO,cho,74.12299999999999,74.11999999999999,4.047326740685975e-05,0,5,0,0,0,False,0
V2,2,14,0.0048282272182404995,0.021245677024126053,n-hexanol,CCCCCCO,cho,102.17699999999999,102.172,4.8934691760371685e-05,0,7,0,0,0,False,0
V2,2,16,0.03237724304199219,0.14796650409698486,benzyl alcohol,c1ccc(cc1)CO,cho,108.14,108.134,5.548363232843467e-05,0,8,0,0,0,False,0
V2,2,22,0.0065292418003082275,0.02821882627904415,2-ethyl-1-hexanol,CCCCC(CC)CO,cho,130.231,130.22400000000002,5.37506430878798e-05,0,9,0,0,0,False,0
V2,2,24,0.03465517982840538,0.1915355622768402,2-phenyl-1-ethanol,c1ccc(cc1)CCO,cho,122.167,122.16000000000001,5.7298615829037836e-05,0,9,0,0,0,False,0
V2,2,29,0.009734666906297207,0.03637567162513733,2-methylpentane,CCCC(C)C,cho,86.178,86.172,6.962333774285234e-05,0,6,0,0,0,False,0
V2,2,33,0.009205267764627934,0.0883857011795044,o-terphenyl,C1=CC=C(C=C1)C2=CC=CC=C2C3=CC=CC=C3,cho,230.30999999999997,230.29200000000003,7.815552950352078e-05,0,18,0,0,0,False,0
V2,2,37,0.014389336109161377,0.03962633013725281,n-pentylbenzene,CCCCCC1=CC=CC=C1,cho,148.249,148.238,7.419948869802351e-05,0,11,0,0,0,False,0
V2,2,39,0.00937112607061863,0.025277933105826378,sec-butylbenzene,CCC(C)C1=CC=CC=C1,cho,134.22199999999998,134.212,7.450343460824183e-05,0,10,0,0,0,False,0
V2,2,44,0.012473469600081444,0.06612540781497955,ethylcyclohexane,CCC1CCCCC1,cho,112.216,112.20800000000001,7.129108148551389e-05,0,8,0,0,0,False,0
V2,2,47,0.01207300927489996,0.06854591518640518,n-butylcyclohexane,CCCCC1CCCCC1,cho,140.26999999999998,140.26,7.129108148562491e-05,0,10,0,0,0,False,0
V2,2,49,0.01471748948097229,0.10471727699041367,n-hexylcyclohexane,CCCCCCC1CCCCC1,cho,168.32399999999998,168.31199999999998,7.129108148573593e-05,0,12,0,0,0,False,0
V2,2,50,0.011031676083803177,0.054522473365068436,trans-2-hexene,CCCC=CC,cho,84.16199999999999,84.12,0.0004990375703998184,0,6,0,0,0,False,0
V2,2,59,0.10256393998861313,1.4512368440628052,propylencarbonate,CC1COC(=O)O1,cho,102.089,103.06080000000001,-0.009519145059702971,0,7,0,0,0,False,0
V2,2,61,0.016163816675543785,0.19049230217933655,sucrose,C(C1C(C(C(C(O1)OC2(C(C(C(O2)CO)O)O)CO)O)O)O)O,cho,342.297,342.242,0.0001606791762709392,0,23,0,0,0,False,0
V2,2,62,0.010967659763991833,0.03154052048921585,trehalose,C(C1C(C(C(C(O1)OC2C(C(C(C(O2)CO)O)O)O)O)O)O)O,cho,342.297,342.242,0.0001606791762709392,0,23,0,0,0,False,0
V2,2,63,0.008654925040900707,0.06755499541759491,dioctylphthalat,CCCCCCCCOC(=O)C1=CC=CC=C1C(=O)OCCCCCCCC,cho,390.56399999999996,392.5256,-0.0050224803105254345,0,28,0,0,0,False,0
V2,2,71,0.03344671055674553,1.6036784648895264,dianin’s compound,CC1(CC(C2=CC=CC=C2O1)(C)C3=CC=C(C=C3)O)COc1ccc(cc1)C2(c3c(OC(C2)(C)C)cccc3)C,cho,534.696,536.6268000000001,-0.0036110238341040546,0,40,0,0,0,False,0
V2,2,75,0.008276930078864098,0.19931814074516296,cholesterol,CC(C)CCCC(C)C1CCC2C1(CCC3C2CC=C4C3(CCC(C4)O)C)C,cho,386.664,386.63800000000003,6.724184304707226e-05,0,28,0,0,0,False,0
V2,2,80,0.050546251237392426,0.2786560654640198,epoxypropane,CC1CO1,cho,58.08,58.0788,2.0661157024703947e-05,0,4,0,0,0,False,0
V2,2,88,0.008053084835410118,0.047518037259578705,m-cresol,CC1=CC(=CC=C1)O,cho,108.14,108.11600000000001,0.0002219345293137387,0,8,0,0,0,False,0
V2,2,91,0.01265026070177555,0.15019957721233368,norethylnodrel,CC12CCC3C(C1CCC2(C#C)O)CCC4=C3CCC(=O)C4,cho,298.426,298.37200000000007,0.00018094938108581538,0,22,0,0,0,False,0
V2,2,92,0.022733816877007484,0.7844507694244385,beta-estradiol-3-benzoate,CC12CCC3C(C1CCC2O)CCC4=C3C=CC(=C4)OC(=O)C5=CC=CC=C5,cho,376.496,378.47280000000006,-0.005250520589860308,0,28,0,0,0,False,0
V2,2,105,0.023746181279420853,0.15992110967636108,progesterone,CC(=O)C1CCC2C1(CCC3C2CCC4=CC(=O)CCC34C)C,cho,314.469,314.37,0.0003148164047965807,0,23,0,0,0,False,0
V2,2,120,0.012708732858300209,0.0757455974817276,3-methyl-3-heptanol,CCCCC(C)(CC)O,cho,130.231,130.22400000000002,5.37506430878798e-05,0,9,0,0,0,False,0
V2,2,122,0.045977018773555756,0.30078378319740295,diethylether,CCOCC,cho,74.12299999999999,74.1208,2.968039609818618e-05,0,5,0,0,0,False,0
V2,2,146,0.01323371846228838,0.03580454736948013,3-methylpentane,CCC(C)CC,cho,86.178,86.172,6.962333774285234e-05,0,6,0,0,0,False,0
V2,2,149,0.006580071989446878,0.04303394630551338,"1,4-pentanediol",CC(CCCO)O,cho,104.149,104.14599999999999,2.8804885308653105e-05,0,7,0,0,0,False,0
V2,2,153,0.20305728912353516,1.0962547063827515,2-methyltetrahydrofuran,CC1CCCO1,cho,86.134,86.104,0.0003482945178443497,0,6,0,0,0,False,0
V2,2,155,0.017153874039649963,0.03232530504465103,n-butylbenzene,CCCCC1=CC=CC=C1,cho,134.22199999999998,134.212,7.450343460824183e-05,0,10,0,0,0,False,0
V2,2,164,0.005032501183450222,0.03923511505126953,"2,2-dimethyl-1-butanol",CCC(C)(C)CO,cho,102.17699999999999,102.172,4.8934691760371685e-05,0,7,0,0,0,False,0
V2,2,168,0.007232919335365295,0.04666357859969139,3-hexanol,CCCC(CC)O,cho,102.17699999999999,102.172,4.8934691760371685e-05,0,7,0,0,0,False,0
V2,2,172,0.0082590626552701,0.03010452166199684,3-methyl-4-nonanol,CCCCCC(C(C)CC)O,cho,158.285,158.276,5.6859462362113256e-05,0,11,0,0,0,False,0
V2,2,181,0.004827891942113638,0.02232508733868599,n-heptanol,CCCCCCCO,cho,116.204,116.198,5.1633334480771786e-05,0,8,0,0,0,False,0
V2,2,188,0.013152438215911388,0.864645779132843,maltotetraose,C(C1C(C(C(C(O1)OC2C(OC(C(C2O)O)OC3C(OC(C(C3O)O)OC4C(OC(C(C4O)O)O)CO)CO)CO)O)O)O)O,cho,666.579,666.4499999999999,0.000193525448596521,0,45,0,0,0,False,0
V2,2,189,0.0076010460034012794,0.15917694568634033,malic acid,C(C(C(=O)O)O)C(=O)O,cho,134.087,134.052,0.00026102455868204366,0,9,0,0,0,False,0
V2,2,190,0.022907424718141556,0.11973867565393448,pinonic acid,CC(=O)C1CC(C1(C)C)CC(=O)O,cho,184.23499999999999,184.166,0.000374521670692296,0,13,0,0,0,False,0
V2,2,191,0.010272907093167305,0.07552846521139145,"2-methylbutane-1,2,3,4-tetraol",CC(CO)(C(CO)O)O,cho,136.147,136.146,7.345002093317454e-06,0,9,0,0,0,False,0
V2,2,192,0.03210122138261795,0.3371267318725586,"1,2-isopooh",C=C(C)C(CO)OO,cho,118.132,118.09400000000001,0.0003216740595266554,0,8,0,0,0,False,0
V2,2,199,0.006590231321752071,0.06465961039066315,"1,2,6-hexanetriol",C(CCO)CC(CO)O,cho,134.175,134.17200000000003,2.2358859698035083e-05,0,9,0,0,0,False,0
V2,2,202,0.008948457427322865,0.08764313161373138,"3-methyl-1,3,5-pentanetriol",CC(CCO)(CCO)O,cho,134.175,134.17200000000003,2.2358859698035083e-05,0,9,0,0,0,False,0
V2,2,204,0.00951501913368702,0.2279905080795288,gentiobiose,C(C1C(C(C(C(O1)OCC2C(C(C(C(O2)O)O)O)O)O)O)O)O,cho,342.297,342.2608,0.00010575611238194949,0,23,0,0,0,False,0
V2,2,211,0.021639835089445114,0.7684553265571594,maltohexaose,C(C1C(C(C(C(O1)OC2C(OC(C(C2O)O)OC3C(OC(C(C3O)O)OC4C(OC(C(C4O)O)OC5C(OC(C(C5O)O)OC6C(OC(C(C6O)O)O)CO)CO)CO)CO)CO)O)O)O)O,cho,990.861,990.658,0.0002048723282074283,0,67,0,0,0,False,0
V2,2,212,0.020694639533758163,1.0798845291137695,maltopentaose,C(C1C(C(C(C(O1)OC2C(OC(C(C2O)O)OC3C(OC(C(C3O)O)OC4C(OC(C(C4O)O)OC5C(OC(C(C5O)O)O)CO)CO)CO)CO)O)O)O)O,cho,828.72,828.554,0.0002003089101265676,0,56,0,0,0,False,0
V2,2,213,0.014656622894108295,0.36410823464393616,maltotriose,C(C1C(C(C(C(O1)OC2C(OC(C(C2O)O)OC3C(OC(C(C3O)O)O)CO)CO)O)O)O)O,cho,504.438,504.34600000000006,0.00018238118460534025,0,34,0,0,0,False,0
V2,2,214,0.008275166153907776,0.03476128727197647,nigerose,C(C1C(C(C(C(O1)O)O)OC2C(C(C(C(O2)CO)O)O)O)O)O,cho,342.297,342.242,0.0001606791762709392,0,23,0,0,0,False,0
V2,2,222,0.007415260188281536,0.08033295720815659,cyclooctanol,C1CCCC(CCC1)O,cho,128.215,128.20800000000003,5.459579612354659e-05,0,9,0,0,0,False,0
V2,2,224,0.014096744358539581,0.053497619926929474,2-methylbutane,CCC(C)C,cho,72.151,72.146,6.929910881336987e-05,0,5,0,0,0,False,0
V2,2,230,0.0223845187574625,0.05391252785921097,2-naphthylamine,C1=CC=C2C=C(C=CC2=C1)N,bimog_n_only,143.189,127.15600000000002,0.11197089161876939,1,11,0,0,1,True,1
V2,2,244,0.02821020781993866,0.11361055076122284,methyl n-phenylcarbamate,COC(=O)NC1=CC=CC=C1,bimog_n_only,151.165,137.1,0.0930440247411769,1,11,0,0,1,True,1
V2,2,245,0.013081866316497326,0.13903239369392395,ethyl n-phenylcarbamate,CCOC(=O)NC1=CC=CC=C1,bimog_n_only,165.192,151.16080000000002,0.08493873795341167,1,12,0,0,1,True,1
V2,2,247,0.07046429812908173,1.49739408493042,dibucaine,CCCCOC1=NC2=CC=CC=C2C(=C1)C(=O)NCCN(CC)CC,bimog_n_only,343.471,316.38880000000006,0.07884857819146285,2,25,0,0,3,True,2
V2,2,248,0.030963724479079247,0.17804192006587982,proxyphylline,CC(CN1C=NC2=C1C(=O)N(C(=O)N2C)C)O,bimog_n_only,238.24699999999999,184.192,0.22688638261971816,4,17,0,0,4,True,4
V2,2,252,0.06382148712873459,0.2854730486869812,diphylline,CN1C2=C(C(=O)N(C1=O)C)N(C=N2)CC(CO)O,bimog_n_only,254.24599999999998,200.192,0.21260511473140176,4,18,0,0,4,True,4
V2,2,254,0.02291158400475979,0.10834193229675293,phenobarbital,CCC1(C(=O)NC(=O)NC1=O)C2=CC=CC=C2,bimog_n_only,232.239,205.17000000000002,0.11655665069174426,2,17,0,0,2,True,2
V2,2,268,0.006963633932173252,0.035145197063684464,3-bromopentane,CCC(Br)CC,bimog_hal_only,151.047,71.138,0.529034009281879,1,6,1,0,0,True,0
V2,2,284,0.04321024566888809,0.0568767786026001,"3,4-dichloroaniline",C1=CC(=C(C=C1N)Cl)Cl,bimog_n_and_hal,162.019,75.08400000000002,0.5365728710830211,3,9,2,0,1,True,1
V2,2,285,0.005062256008386612,0.034465450793504715,2-chloroaniline,C1=CC=C(C(=C1)N)Cl,bimog_n_and_hal,127.574,76.09200000000001,0.4035461771207298,2,8,1,0,1,True,1
V2,2,289,0.03930678963661194,0.09457851946353912,m-fluorophenol,C1=CC(=CC(=C1)F)O,bimog_hal_only,112.103,93.082,0.1696743173688483,1,8,1,0,0,True,0
V2,2,296,0.00874189380556345,0.25277841091156006,spironolactone,CC(=O)SC1CC2=CC(=O)CCC2(C3C1C4CCC5(C4(CC3)C)CCC(=O)O5)C,cho,416.58299999999997,384.38,0.07730272238665514,1,29,0,1,0,True,1
V2,2,299,0.02381475642323494,0.44273632764816284,sulphisoxazole,CC1=C(ON=C1C)NS(=O)(=O)C2=CC=C(C=C2)N,bimog_n_only,267.31,200.1488,0.2512483633234821,4,18,0,1,3,True,4
V2,2,304,0.06439651548862457,1.1067020893096924,probucol,CC(C)(C)C1=CC(=CC(=C1O)C(C)(C)C)SC(C)(C)SC2=CC(=C(C(=C2)C(C)(C)C)O)C(C)(C)C,cho,516.857,452.658,0.1242103715340993,2,35,0,2,0,True,2
V2,2,306,0.02780022658407688,0.2438374012708664,n-(s-1-naphthylethyl)-tetrachlorophthalimide,CC(c2ccc1ccccc1c2)n4c(=O)c3c(Cl)c(Cl)c(Cl)c(Cl)c3c4=O,bimog_n_and_hal,439.125,281.236,0.3595536578423001,5,27,4,0,1,True,1
V2,2,313,0.02546015940606594,0.2548142075538635,"n-(1,2,3,4-tetrahydro-1-naphthyl)-tetrachlorophthalimide",O=c2c1c(Cl)c(Cl)c(Cl)c(Cl)c1c(=O)n2c3cccc4ccccc34,bimog_n_and_hal,411.071,281.236,0.31584568115970235,5,25,4,0,1,True,1
V2,2,335,0.015884900465607643,0.04442400112748146,nandrolone,CC12CCC3C(C1CCC2O)CCC4=CC(=O)CCC34,cho,274.404,274.35200000000003,0.00018950161076358718,0,20,0,0,0,False,0
V2,2,341,0.08532649278640747,1.8805577754974365,Bucindolol,CC(C)(CC1=CNC2=CC=CC=C21)NCC(COC3=CC=CC=C3C#N)O,bimog_n_only,363.46099999999996,334.37880000000007,0.08001463705872125,2,27,0,0,3,True,2
V2,2,348,0.03533404693007469,0.31759458780288696,Diazepam,CN1C(=O)CN=C(C2=C1C=CC(=C2)Cl)C3=CC=CC=C3,bimog_n_and_hal,284.746,221.22800000000004,0.22306898077584913,3,20,1,0,2,True,2
V2,2,350,0.07191196829080582,2.8742241859436035,Carvedilol,COC1=CC=CC=C1OCCNCC(COC2=CC=CC3=C2C4=CC=CC=C4N3)O,bimog_n_only,406.48199999999997,391.3736000000001,0.037168681516032365,1,30,0,0,2,True,1
V2,2,356,0.04056843742728233,0.6068233847618103,Clofoctol,CC(C)(C)CC(C)(C)C1=CC(=C(C=C1)O)CC2=C(C=C(C=C2)Cl)Cl,bimog_hal_only,365.344,294.40000000000003,0.19418411141280534,2,24,2,0,0,True,0
V2,2,359,0.03237050026655197,1.1398110389709473,Orlistat,CCCCCCCCCCCC(CC1C(C(=O)O1)CCCCCC)OC(=O)C(CC(C)C)NC=O,bimog_n_only,495.745,497.61400000000003,-0.0037700834098175484,0,35,0,0,1,False,0
V2,2,362,0.017085032537579536,0.3417089581489563,Acemetacin,CC1=C(C2=C(N1C(=O)C3=CC=C(C=C3)Cl)C=CC(=C2)OC)CC(=O)OCC(=O)O,bimog_n_and_hal,415.829,367.256,0.11681003489415132,2,29,1,0,1,True,1
V2,2,18,0.05080115795135498,0.3714960217475891,resorcinol,c1cc(cc(c1)O)O,cho,110.112,110.072,0.000363266492298675,0,8,0,0,0,False,0
V2,2,19,0.00643269345164299,0.12116837501525879,phenyl-salicylate,O=C(Oc2ccccc2)c1c(O)cccc1,cho,214.22,229.2088,-0.0699691905517692,0,16,0,0,0,False,0
V2,2,21,0.016314927488565445,0.144809290766716,diethylphthalat,CCOC(=O)c1ccccc1C(=O)OCC,cho,222.23999999999998,224.2136,-0.008880489560835203,0,16,0,0,0,False,0
V2,2,28,0.007123398594558239,0.03792650252580643,m-xylene,CC1=CC(=CC=C1)C,cho,106.16799999999999,106.16000000000001,7.535227187083215e-05,0,8,0,0,0,False,0
V2,2,34,0.01708037033677101,0.04653748869895935,toluol,Cc1ccccc1,cho,92.14099999999999,92.13400000000001,7.597052343666366e-05,0,7,0,0,0,False,0
V2,2,43,0.010900077410042286,0.07789190858602524,methylcyclohexane,CC1CCCCC1,cho,98.189,98.182,7.129108148562491e-05,0,7,0,0,0,False,0
V2,2,54,0.014926021918654442,0.08260007947683334,4-methylnonane,CCCCCC(C)CCC,cho,142.286,142.276,7.028098337147348e-05,0,10,0,0,0,False,0
V2,2,55,0.02364404685795307,0.5015579462051392,2-isopropoxyethanol,CC(C)OCCO,cho,104.149,104.1468,2.112358255956792e-05,0,7,0,0,0,False,0
V2,2,76,0.07192723453044891,0.5119901895523071,beta-d-glucosepentaacetate,CC(=O)OCC1C(C(C(C(O1)OC(=O)C)OC(=O)C)OC(=O)C)OC(=O)C,cho,390.341,390.098,0.0006225326061058967,0,27,0,0,0,False,0
V2,2,78,0.04018562659621239,1.0439825057983398,"4,4’-dimethoxytetraphenylmethane",COc4ccc(C(c1ccccc1)(c2ccccc2)c3ccc(OC)cc3)cc4,cho,380.48699999999997,380.394,0.00024442359397292,0,29,0,0,0,False,0
V2,2,81,0.014348474331200123,0.1519840955734253,n-butylacetate,CCCCOC(=O)C,cho,116.16,116.11200000000001,0.00041322314049574427,0,8,0,0,0,False,0
V2,2,86,0.0031967484392225742,0.03419727832078934,"1,3-butanediol",CC(CCO)O,cho,90.122,90.12,2.2192139544130463e-05,0,6,0,0,0,False,0
V2,2,93,0.0060552856884896755,0.07147034257650375,ursodeoxycholic acid,CC(CCC(=O)O)C1CCC2C1(CCC3C2C(CC4C3(CCC(C4)O)C)O)C,cho,392.58,392.542,9.679555759334324e-05,0,28,0,0,0,False,0
V2,2,95,0.015644673258066177,0.19062349200248718,cholic acid,CC(CCC(=O)O)C1CCC2C1(C(CC3C2C(CC4C3(CCC(C4)O)C)O)O)C,cho,408.579,408.54200000000003,9.055776239108582e-05,0,29,0,0,0,False,0
V2,2,100,0.025953013449907303,0.604106068611145,dehydrocholic acid,CC(CCC(=O)O)C1CCC2C1(C(=O)CC3C2C(=O)CC4C3(CCC(=O)C4)C)C,cho,402.531,403.394,-0.002143934255995239,0,29,0,0,0,False,0
V2,2,103,0.04976937919855118,0.3790026307106018,aspirin,CC(=O)OC1=CC=CC=C1C(=O)O,cho,180.159,180.09200000000004,0.00037189371610601984,0,13,0,0,0,False,0
V2,2,111,0.0067387791350483894,0.0597529411315918,2-octanol,CCCCCCC(C)O,cho,130.231,130.22400000000002,5.37506430878798e-05,0,9,0,0,0,False,0
V2,2,115,0.01986892893910408,0.12232065200805664,2-methyl-2-propanol,CC(C)(C)O,cho,74.12299999999999,74.12,4.04732674066377e-05,0,5,0,0,0,False,0
V2,2,117,0.004726616200059652,0.04448302462697029,2-methyl-2-heptanol,CCCCCC(C)(C)O,cho,130.231,130.22400000000002,5.37506430878798e-05,0,9,0,0,0,False,0
V2,2,125,0.01531199924647808,0.048438359051942825,methylethylketone,CCC(=O)C,cho,72.107,72.06000000000002,0.0006518091170064633,0,5,0,0,0,False,0
V2,2,132,0.05224789306521416,0.8476573824882507,3-methoxy-1-butanol,CC(CCO)OC,cho,104.149,104.112,0.0003552602521388337,0,7,0,0,0,False,0
V2,2,134,0.004091551061719656,0.020946359261870384,2-methyl-1-butanol,CCC(C)CO,cho,88.14999999999999,88.146,4.537719795794093e-05,0,6,0,0,0,False,0
V2,2,137,0.0027300692163407803,0.020069513469934464,4-methyl-2-pentanol,CC(C)CC(C)O,cho,102.17699999999999,102.172,4.8934691760371685e-05,0,7,0,0,0,False,0
V2,2,139,0.002062448998913169,0.015398964285850525,3-methyl-4-hexanol,CCC(C)C(CC)O,cho,116.204,116.198,5.1633334480771786e-05,0,8,0,0,0,False,0
V2,2,144,0.003648162353783846,0.013498345389962196,2-methyl-1-heptanol,CCCCCC(C)CO,cho,130.231,130.22400000000002,5.37506430878798e-05,0,9,0,0,0,False,0
V2,2,151,0.0070937140844762325,0.09085176140069962,"1,5-hexanediol",CC(CCCCO)O,cho,118.176,118.172,3.384782020043886e-05,0,8,0,0,0,False,0
V2,2,152,0.004302971065044403,0.07931922376155853,iso-eugenol,CC=CC1=CC(=C(C=C1)O)OC,cho,164.204,164.108,0.0005846386202529308,0,12,0,0,0,False,0
V2,2,157,0.010362707078456879,0.06408475339412689,cycloheptanol,C1CCCC(CC1)O,cho,114.18799999999999,114.182,5.254492591155735e-05,0,8,0,0,0,False,0
V2,2,166,0.004608333110809326,0.03153447061777115,"2,2-dimethyl-1-hexanol",CCCCC(C)(C)CO,cho,130.231,130.22400000000002,5.37506430878798e-05,0,9,0,0,0,False,0
V2,2,178,0.004206574056297541,0.02061833068728447,n-butanol,CCCCO,cho,74.12299999999999,74.11999999999999,4.047326740685975e-05,0,5,0,0,0,False,0
V2,2,186,0.018382374197244644,0.08149337768554688,"2,4,6-trimethylheptane",CC(C)CC(C)CC(C)C,cho,142.286,142.276,7.028098337147348e-05,0,10,0,0,0,False,0
V2,2,194,0.014440665021538734,0.16429151594638824,pinic acid,CC1(C(CC1C(=O)O)CC(=O)O)C,cho,186.207,186.166,0.00022018506286014539,0,13,0,0,0,False,0
V2,2,198,0.006203327793627977,0.14936479926109314,"1,2,7-heptanetriol",C(CCC(CO)O)CCO,cho,148.202,148.198,2.6990189066156134e-05,0,10,0,0,0,False,0
V2,2,226,0.17975974082946777,0.30863332748413086,acetaldehyd,CC=O,cho,44.053,44.034000000000006,0.0004312986629739779,0,3,0,0,0,False,0
V2,2,229,0.013021638616919518,0.05527442693710327,1-naphthylamine,C1=CC=C2C(=C1)C=CC=C2N,bimog_n_only,143.189,127.15600000000002,0.11197089161876939,1,11,0,0,1,True,1
V2,2,235,0.060011766850948334,0.3776194155216217,4-nitroaniline,C1=CC(=CC=C1N)[N+](=O)[O-],bimog_n_only,138.126,122.082,0.11615481516875903,1,10,0,0,2,True,1
V2,2,237,0.040048763155937195,0.3710920512676239,2-nitroaniline,C1=CC=C(C(=C1)N)[N+](=O)[O-],bimog_n_only,138.126,122.082,0.11615481516875903,1,10,0,0,2,True,1
V2,2,238,0.050977908074855804,0.36679765582084656,3-nitroaniline,C1=CC(=CC(=C1)[N+](=O)[O-])N,bimog_n_only,138.126,122.082,0.11615481516875903,1,10,0,0,2,True,1
V2,2,250,0.10076352208852768,0.24865898489952087,nialamide,C1=CC=C(C=C1)CNC(=O)CCNNC(=O)C2=CC=NC=C2,bimog_n_only,298.346,270.182,0.09440046120946821,2,22,0,0,4,True,2
V2,2,256,0.06843090057373047,0.48021355271339417,antipyrine,CC1=CC(=O)N(N1C)C2=CC=CC=C2,bimog_n_only,188.23,161.196,0.14362216437337294,2,14,0,0,2,True,2
V2,2,261,0.0337609201669693,0.1805488020181656,hexobarbital,CC1(C(=O)NC(=O)N(C1=O)C)C2=CCCCC2,bimog_n_only,236.271,210.21,0.11030130655052872,2,17,0,0,2,True,2
V2,2,264,0.042703814804553986,0.2365138977766037,dimethyl acetamide,CC(=O)N(C)C,bimog_n_only,87.122,73.06800000000001,0.16131401942104162,1,6,0,0,1,True,1
V2,2,282,0.07066415250301361,0.38281679153442383,2-chloro-4-nitroaniline,C1=CC(=C(C=C1[N+](=O)[O-])Cl)N,bimog_n_and_hal,172.571,121.07400000000001,0.29841050929762236,2,11,1,0,2,True,1
V2,2,288,0.020587513223290443,0.047586362808942795,o-fluoroaniline,C1=CC=C(C(=C1)N)F,bimog_n_and_hal,111.119,76.09200000000001,0.3152206193360271,2,8,1,0,1,True,1
V2,2,293,0.061948250979185104,0.24501904845237732,flufenamic acid,C1=CC=C(C(=C1)C(=O)O)NC2=CC=CC(=C2)C(F)(F)F,bimog_n_and_hal,281.233,209.194,0.2561541497619412,4,20,3,0,1,True,1
V2,2,298,0.02357732504606247,0.325165331363678,indomethacin,CC1=C(C2=C(N1C(=O)C3=CC=C(C=C3)Cl)C=CC(=C2)OC)CC(=O)O,bimog_n_and_hal,357.793,309.256,0.13565665063318744,2,25,1,0,1,True,1
V2,2,301,0.03431355208158493,0.21511176228523254,sulphathiazole,C1=CC(=CC=C1N)S(=O)(=O)NC2=NC=CS2,bimog_n_only,255.32399999999998,172.138,0.3258056430261158,5,16,0,2,3,True,5
V2,2,302,0.06660202145576477,0.8038929104804993,sulphadimethoxine,COC1=NC(=NC(=C1)NS(=O)(=O)C2=CC=C(C=C2)N)OC,bimog_n_only,310.335,245.14,0.2100794302930704,5,21,0,1,4,True,5
V2,2,307,0.008224526420235634,0.25597909092903137,"n-(s-1-naphthylethyl)-2,2’-diphenic imide",CC(c2ccc1ccccc1c2)n5c(=O)c3ccccc3c4ccccc4c5=O,bimog_n_only,377.443,361.36,0.042610407399262806,1,29,0,0,1,True,1
V2,2,311,0.008777029812335968,0.14623203873634338,n-(r-1-phenylethyl)-3-nitrophthalimide,CC(c1ccccc1)n3c(=O)c2cccc(N(=O)=O)c2c3=O,bimog_n_only,296.282,280.194,0.05429961995666277,1,22,0,0,2,True,1
V2,2,315,0.03560379520058632,0.964173436164856,"1,3-dinitro-4,6-bis-(r-l’-phenylethylamino)benzene",CC(Nc2cc(NC(C)c1ccccc1)c(N(=O)=O)cc2N(=O)=O)c3ccccc3,bimog_n_only,406.442,406.324,0.000290324326718161,0,30,0,0,4,False,0
V2,2,321,0.022551119327545166,0.4004083275794983,n-(1-phenylethyl)-n’-(p-nitrophenyl)urea,CC(NC(=O)Nc1ccc(N(=O)=O)cc1)c2ccccc2,bimog_n_only,285.303,271.216,0.04937557614185617,1,21,0,0,3,True,1
V2,2,326,0.03799502179026604,0.3601192533969879,anilinephthalein,Nc4ccc(C3(c1ccc(N)cc1)OC(=O)c2ccccc23)cc4,bimog_n_only,316.36,286.27600000000007,0.09509419648501694,2,24,0,0,2,True,2
V2,2,330,0.047386910766363144,0.7306938171386719,budesonide,CCCC1OC2CC3C4CCC5=CC(=O)C=CC5(C4C(CC3(C2(O1)C(=O)CO)C)O)C,cho,430.541,432.4120000000001,-0.0043456952996348,0,31,0,0,0,False,0
V2,2,332,0.012479791417717934,0.24670109152793884,hydrocortisone,CC12CCC(=O)C=C1CCC3C2C(CC4(C3CCC4(C(=O)CO)O)C)O,cho,362.466,362.3780000000001,0.0002427813919095856,0,26,0,0,0,False,0
V2,2,338,0.03465946763753891,0.3796862065792084,ibuprofen,CC(C)CC1=CC=C(C=C1)C(C)C(=O)O,cho,206.285,206.256,0.00014058220423196488,0,15,0,0,0,False,0
V2,2,346,0.01895611733198166,0.14185239374637604,Pimozide,C1CN(CCC1N2C3=CC=CC=C3NC2=O)CCCC(C4=CC=C(C=C4)F)C5=CC=C(C=C5)F,bimog_n_and_hal,461.556,381.494,0.173461075145811,5,34,2,0,3,True,3
V2,2,363,0.042531996965408325,0.9168993234634399,Nilutamide,CC1(C(=O)N(C(=O)N1)C2=CC(=C(C=C2)[N+](=O)[O-])C(F)(F)F)C,bimog_n_and_hal,317.223,249.15200000000002,0.2145840623157842,4,22,3,0,3,True,1
V2,2,365,0.017632286995649338,0.08855866640806198,Miconazole,C1=CC(=C(C=C1Cl)Cl)COC(CN2C=CN=C2)C3=C(C=C(C=C3)Cl)Cl,bimog_n_and_hal,416.135,246.2928,0.40814206928040175,6,25,4,0,2,True,2
V3,0,0,0.01825450360774994,0.23071308434009552,glucose,C(C1C(C(C(C(O1)O)O)O)O)O,cho,180.156,180.13800000000003,9.991340837922635e-05,0,12,0,0,0,False,0
V3,0,7,0.02194487676024437,0.08106156438589096,n-propanol,CCCO,cho,60.096,60.093999999999994,3.328008519709602e-05,0,4,0,0,0,False,0
V3,0,11,0.009594187140464783,0.39564424753189087,maltitol,C(C1C(C(C(C(O1)OC(C(CO)O)C(C(CO)O)O)O)O)O)O,cho,344.313,344.276,0.00010746036309983165,0,23,0,0,0,False,0
V3,0,15,0.00395416934043169,0.015733230859041214,n-pentanol,CCCCCO,cho,88.14999999999999,88.146,4.537719795794093e-05,0,6,0,0,0,False,0
V3,0,20,0.040969450026750565,0.2642255425453186,dimethylphthalat,O=C(OC)c1ccccc1C(=O)OC,cho,194.186,196.092,-0.009815331692295093,0,14,0,0,0,False,0
V3,0,31,0.04178947955369949,0.14189885556697845,n-buten,C=CCC,cho,56.108,56.104,7.129108148562491e-05,0,4,0,0,0,False,0
V3,0,36,0.006403188221156597,0.03922160342335701,propylbenzene,CCCC1=CC=CC=C1,cho,120.195,120.18600000000002,7.487832272534689e-05,0,9,0,0,0,False,0
V3,0,38,0.005898063071072102,0.0596199557185173,n-hexylbenzene,CCCCCCC1=CC=CC=C1,cho,162.27599999999998,162.26399999999998,7.394808844196632e-05,0,12,0,0,0,False,0
V3,0,46,0.0073286243714392185,0.06177964061498642,sec-butylcyclohexane,CCC(C)C1CCCCC1,cho,140.26999999999998,140.26,7.129108148562491e-05,0,10,0,0,0,False,0
V3,0,48,0.008125786669552326,0.06516770273447037,n-pentylcyclohexane,CCCCCC1CCCCC1,cho,154.297,154.28599999999997,7.129108148584695e-05,0,11,0,0,0,False,0
V3,0,52,0.015833472833037376,0.07307778298854828,cis-2-octene,CCCCCC=CC,cho,112.216,112.172,0.00039210094817132557,0,8,0,0,0,False,0
V3,0,53,0.005597514566034079,0.06748326122760773,3-methylhexane,CCCC(C)CC,cho,100.205,100.19800000000001,6.985679357307539e-05,0,7,0,0,0,False,0
V3,0,60,0.027856379747390747,0.11969524621963501,guajacol,COC1=CC=CC=C1O,cho,124.139,124.082,0.00045916271276558174,0,9,0,0,0,False,0
V3,0,64,0.00765054440125823,0.1368047446012497,naphthylsalyciate,C1=CC=C2C(=C1)C=CC=C2OC(=O)C3=CC=CC=C3O,cho,264.28,279.26480000000004,-0.05670046919933425,0,20,0,0,0,False,0
V3,0,67,0.20189976692199707,0.3833661675453186,methyl(s)(-)lactate,CC(C(=O)OC)O,cho,104.105,105.07600000000001,-0.009327121656020454,0,7,0,0,0,False,0
V3,0,68,0.04509194940328598,0.14963316917419434,(s)-glycerol acetonate,CC1(OCC(O1)CO)C,cho,132.159,132.1388,0.00015284619284339218,0,9,0,0,0,False,0
V3,0,72,0.015086849220097065,0.08052678406238556,4-(1-idianyl)phenol,C1CC2=CC=CC=C2C1C3=CC=C(C=C3)O,cho,210.27599999999998,210.24400000000003,0.00015218094314117803,0,16,0,0,0,False,0
V3,0,74,0.06447090208530426,1.1612088680267334,salicin,C1=CC=C(C(=C1)CO)OC2C(C(C(C(O2)CO)O)O)O,cho,286.28,286.238,0.00014670951515993735,0,20,0,0,0,False,0
V3,0,77,0.014697954058647156,0.4056607186794281,3-pentadecylcyclohexanone,CCCCCCCCCCCCCCCC1CCCC(=O)C1,cho,308.55,308.49399999999997,0.000181494085237488,0,22,0,0,0,False,0
V3,0,82,0.020421437919139862,0.2784646451473236,camphor,CC1(C2CCC1(C(=O)C2)C)C,cho,152.237,152.192,0.0002955917418234755,0,11,0,0,0,False,0
V3,0,83,0.007611340843141079,0.03776055946946144,dibutylphthalat,CCCCOC(=O)C1=CC=CC=C1C(=O)OCCCC,cho,278.348,280.3176,-0.007076034316754631,0,20,0,0,0,False,0
V3,0,84,0.004988942760974169,0.04167173430323601,o-cresol,CC1=CC=CC=C1O,cho,108.14,108.11600000000001,0.0002219345293137387,0,8,0,0,0,False,0
V3,0,85,0.008376825600862503,0.02711465395987034,isopropranol,CC(C)O,cho,60.096,60.093999999999994,3.328008519709602e-05,0,4,0,0,0,False,0
V3,0,87,0.010201302357017994,0.015227359719574451,"2,3-butanediol",CC(C(C)O)O,cho,90.122,90.12,2.2192139544130463e-05,0,6,0,0,0,False,0
V3,0,94,0.004300347063690424,0.04960467666387558,deoxycholic acid,CC(CCC(=O)O)C1CCC2C1(C(CC3C2CCC4C3(CCC(C4)O)C)O)C,cho,392.58,392.542,9.679555759334324e-05,0,28,0,0,0,False,0
V3,0,96,0.01614474691450596,0.27176496386528015,lactose,C(C1C(C(C(C(O1)OC(C(CO)O)C(C(C=O)O)O)O)O)O)O,cho,342.297,342.242,0.0001606791762709392,0,23,0,0,0,False,0
V3,0,97,0.006074493285268545,0.08564679324626923,diethylhexylphthalat,O=C(OCC(CC)CCCC)C1=CC=CC=C1C(OCC(CC)CCCC)=O,cho,390.56399999999996,392.5256,-0.0050224803105254345,0,28,0,0,0,False,0
V3,0,101,0.006119052413851023,0.04922330379486084,cellobiose,C(C1C(C(C(C(O1)OC2C(OC(C(C2O)O)O)CO)O)O)O)O,cho,342.297,342.242,0.0001606791762709392,0,23,0,0,0,False,0
V3,0,104,0.004836787935346365,0.14604881405830383,methyltestosterone,CC12CCC(=O)C=C1CCC3C2CCC4(C3CCC4(C)O)C,cho,302.45799999999997,302.40400000000005,0.0001785371853278983,0,22,0,0,0,False,0
V3,0,112,0.004442468285560608,0.020205605775117874,4-hetpanol,CCCC(CCC)O,cho,116.204,116.198,5.1633334480771786e-05,0,8,0,0,0,False,0
V3,0,119,0.003551631700247526,0.019190290942788124,6-methyl-3-heptanol,CCC(CCC(C)C)O,cho,130.231,130.22400000000002,5.37506430878798e-05,0,9,0,0,0,False,0
V3,0,124,0.026260653510689735,0.18594563007354736,acetone,CC(=O)C,cho,58.08,58.034,0.0007920110192837226,0,4,0,0,0,False,0
V3,0,128,0.04743238538503647,0.10872431099414825,benzaldehyde,C1=CC=C(C=C1)C=O,cho,106.124,106.1,0.00022615054087671282,0,8,0,0,0,False,0
V3,0,130,0.05267191678285599,1.3113808631896973,"1,3,5-trinaphthylbenzene",C1=CC=C2C(=C1)C=CC=C2C3=CC(=CC(=C3)C4=CC=CC5=CC=CC=C54)C6=CC=CC7=CC=CC=C76,cho,456.58799999999997,456.5520000000001,7.884569896687843e-05,0,36,0,0,0,False,0
V3,0,131,0.014024320058524609,0.11891655623912811,decalin,C1CCC2CCCCC2C1,cho,138.254,138.244,7.233063781153515e-05,0,10,0,0,0,False,0
V3,0,135,0.00475364550948143,0.021877560764551163,2-ethyl-1-butanol,CCC(CC)CO,cho,102.17699999999999,102.172,4.8934691760371685e-05,0,7,0,0,0,False,0
V3,0,136,0.005122908391058445,0.023677313700318336,3-methyl-2-pentanol,CCC(C)C(C)O,cho,102.17699999999999,102.172,4.8934691760371685e-05,0,7,0,0,0,False,0
V3,0,143,0.0036137725692242384,0.015753699466586113,4-methyl-1-heptanol,CCCC(C)CCCO,cho,130.231,130.22400000000002,5.37506430878798e-05,0,9,0,0,0,False,0
V3,0,147,0.005749438889324665,0.04224525764584541,isopropylbenzene,CC(C)C1=CC=CC=C1,cho,120.195,120.18600000000002,7.487832272534689e-05,0,9,0,0,0,False,0
V3,0,150,0.011962097138166428,0.03837699815630913,"1,2-pentanediol",CCCC(CO)O,cho,104.149,104.14599999999999,2.8804885308653105e-05,0,7,0,0,0,False,0
V3,0,159,0.006432780530303717,0.05630645155906677,"2,3-dimethylbutane",CC(C)C(C)C,cho,86.178,86.172,6.962333774285234e-05,0,6,0,0,0,False,0
V3,0,162,0.012792833149433136,0.03785312548279762,cis-2-heptene,CCCCC=CC,cho,98.189,98.14600000000002,0.0004379309291262512,0,7,0,0,0,False,0
V3,0,163,0.0033805924467742443,0.021765878424048424,2-methyl-1-pentanol,CCCC(C)CO,cho,102.17699999999999,102.172,4.8934691760371685e-05,0,7,0,0,0,False,0
V3,0,167,0.004657717887312174,0.022187184542417526,2-hexanol,CCCCC(C)O,cho,102.17699999999999,102.172,4.8934691760371685e-05,0,7,0,0,0,False,0
V3,0,169,0.0033554546535015106,0.01789235509932041,3-heptanol,CCCCC(CC)O,cho,116.204,116.198,5.1633334480771786e-05,0,8,0,0,0,False,0
V3,0,170,0.00647038733586669,0.033929888159036636,2-heptanol,CCCCCC(C)O,cho,116.204,116.198,5.1633334480771786e-05,0,8,0,0,0,False,0
V3,0,171,0.0034222123213112354,0.019568052142858505,4-nonanol,CCCCCC(CCC)O,cho,144.25799999999998,144.25000000000003,5.5456196536463054e-05,0,10,0,0,0,False,0
V3,0,174,0.0030737256165593863,0.03379069268703461,2-methyl-2-hexanol,CCCCC(C)(C)O,cho,116.204,116.198,5.1633334480771786e-05,0,8,0,0,0,False,0
V3,0,182,0.0037011238746345043,0.014063442125916481,n-octanol,CCCCCCCCO,cho,130.231,130.22400000000002,5.37506430878798e-05,0,9,0,0,0,False,0
V3,0,193,0.030756760388612747,0.3902665674686432,trans-beta-iepox,CC1(CO)OC1CO,cho,118.132,118.112,0.0001693021365930525,0,8,0,0,0,False,0
V3,0,195,0.004159966483712196,0.017868200317025185,"2,4-dimethyl-3-pentanol",CC(C)C(C(C)C)O,cho,116.204,116.198,5.1633334480771786e-05,0,8,0,0,0,False,0
V3,0,196,0.007990553975105286,0.05325392633676529,erythritol,C(C(C(CO)O)O)O,cho,122.12,122.12,0.0,0,8,0,0,0,False,0
V3,0,205,0.012978063896298409,0.4850577414035797,isomalt,C(C1C(C(C(C(O1)OCC(C(C(C(CO)O)O)O)O)O)O)O)O,cho,344.313,344.2948,5.285888130857064e-05,0,23,0,0,0,False,0
V3,0,206,0.048763807862997055,0.7225606441497803,isomaltulose,C(C1C(C(C(C(O1)OCC(C(C(C(=O)CO)O)O)O)O)O)O)O,cho,342.297,343.25079999999997,-0.002786469060494179,0,23,0,0,0,False,0
V3,0,207,0.018691811710596085,0.30691829323768616,kojibiose,C(C1C(C(C(C(O1)OC(C=O)C(C(C(CO)O)O)O)O)O)O)O,cho,342.297,342.242,0.0001606791762709392,0,23,0,0,0,False,0
V3,0,208,0.00621705362573266,0.09729667752981186,lactulose,C(C1C(C(C(C(O1)OC2C(OC(C2O)(CO)O)CO)O)O)O)O,cho,342.297,342.242,0.0001606791762709392,0,23,0,0,0,False,0
V3,0,215,0.02197100594639778,0.7570417523384094,nystose,C(C1C(C(C(C(O1)OC2(C(C(C(O2)CO)O)O)COC3(C(C(C(O3)CO)O)O)COC4(C(C(C(O4)CO)O)O)CO)O)O)O)O,cho,666.579,666.4875999999999,0.00013711803102112174,0,45,0,0,0,False,0
V3,0,216,0.023458464071154594,0.4767131805419922,raffinose,C(C1C(C(C(C(O1)OCC2C(C(C(C(O2)OC3(C(C(C(O3)CO)O)O)CO)O)O)O)O)O)O)O,cho,504.438,504.36480000000006,0.00014511198601196984,0,34,0,0,0,False,0
V3,0,218,0.020784327760338783,0.29090118408203125,sorbose,C(C(C(C(C(=O)CO)O)O)O)O,cho,180.156,181.12800000000001,-0.005395324052487993,0,12,0,0,0,False,0
V3,0,219,0.035584479570388794,0.9055660367012024,stachyose,C(C1C(C(C(C(O1)OCC2C(C(C(C(O2)OCC3C(C(C(C(O3)OC4(C(C(C(O4)CO)O)O)CO)O)O)O)O)O)O)O)O)O)O,cho,666.579,666.4876,0.0001371180310208997,0,45,0,0,0,False,0
V3,0,220,0.07335006445646286,0.45373058319091797,turanose,C(C1C(C(C(C(O1)OC(C(C(CO)O)O)C(=O)CO)O)O)O)O,cho,342.297,343.23199999999997,-0.002731545996605078,0,23,0,0,0,False,0
V3,0,225,0.01828312687575817,0.09386322647333145,4-methylcyclohexen,CC1CCC=CC1,cho,96.173,96.13,0.00044711093550175995,0,7,0,0,0,False,0
V3,0,232,0.01214580051600933,0.09596435725688934,triethylamine,CCN(CC)CC,bimog_n_only,101.193,87.18,0.13847795796151896,1,7,0,0,1,True,1
V3,0,239,0.03454560786485672,0.3654894232749939,4-methoxyaniline,COC1=CC=C(C=C1)N,bimog_n_only,123.155,107.09200000000001,0.13042913401810718,1,9,0,0,1,True,1
V3,0,242,0.01999801956117153,0.2525966763496399,piperine,C1CCN(CC1)C(=O)C=CC=CC2=CC3=C(C=C2)OCO3,bimog_n_only,285.34299999999996,272.2416,0.045914565978488864,1,21,0,0,1,True,1
V3,0,246,0.010635602287948132,0.2558034062385559,propyl n-phenylcarbamate,CCCOC(=O)NC1=CC=CC=C1,bimog_n_only,179.219,165.1868,0.07829638598586086,1,13,0,0,1,True,1
V3,0,253,0.03138727694749832,1.3442127704620361,nitrendipine,CCOC(=O)C1=C(NC(=C(C1C2=CC(=CC=C2)[N+](=O)[O-])C(=O)OC)C)C,bimog_n_only,360.366,349.28200000000004,0.030757618643268092,1,26,0,0,2,True,1
V3,0,259,0.006103903986513615,0.04783755540847778,pentobarbital,CCCC(C)C1(C(=O)NC(=O)NC1=O)CC,bimog_n_only,226.27599999999998,199.208,0.11962382223479284,2,16,0,0,2,True,2
V3,0,260,0.011461775749921799,0.466621071100235,atropine,CN1C2CCC1CC(C2)OC(=O)C(CO)C3=CC=CC=C3,bimog_n_only,289.375,276.326,0.04509373650107984,1,21,0,0,1,True,1
V3,0,265,0.004328079521656036,0.020653385668992996,1-bromobutane,CCCCBr,bimog_hal_only,137.01999999999998,57.112,0.5831849365056195,1,5,1,0,0,True,0
V3,0,269,0.029804587364196777,0.12161941826343536,9-bromophenanthrene,C1=CC=C2C(=C1)C=C(C3=CC=CC=C23)Br,bimog_hal_only,257.13,177.21200000000002,0.3108077626103527,1,15,1,0,0,True,0
V3,0,270,0.013784120790660381,0.09158550202846527,bromobenzene,C1=CC=C(C=C1)Br,bimog_hal_only,157.01,77.10000000000001,0.5089484746194509,1,7,1,0,0,True,0
V3,0,274,0.004904504865407944,0.02421826682984829,isobutylchloride,CC(C)CCl,bimog_hal_only,92.569,57.112,0.3830331968585595,1,5,1,0,0,True,0
V3,0,276,0.014654542319476604,0.06200689822435379,m-fluorotoluene,CC1=CC(=CC=C1)F,bimog_hal_only,110.131,91.12600000000002,0.17256721540710596,1,8,1,0,0,True,0
V3,0,278,0.09193785488605499,0.15770332515239716,hydrochloro-thiazide,C1NC2=CC(=C(C=C2S(=O)(=O)N1)S(=O)(=O)N)Cl,bimog_n_and_hal,297.745,219.07600000000002,0.26421602377873676,5,17,1,2,3,True,4
V3,0,286,0.0061710732989013195,0.030779505148530006,3-chloroaniline,C1=CC(=CC(=C1)Cl)N,bimog_n_and_hal,127.574,76.09200000000001,0.4035461771207298,2,8,1,0,1,True,1
V3,0,290,0.027125274762511253,0.6828887462615967,ethacrynic acid,CCC(=C)C(=O)C1=C(C(=C(C=C1)OCC(=O)O)Cl)Cl,bimog_hal_only,303.141,233.1628,0.23084373278441384,2,19,2,0,0,True,0
V3,0,291,0.03762144595384598,0.11789663881063461,tolbutamide,CCCCNC(=O)NS(=O)(=O)C1=CC=C(C=C1)C,bimog_n_only,270.354,222.16,0.17826257425449588,2,18,0,1,2,True,2
V3,0,292,0.020878100767731667,0.33209285140037537,tolnaftate,CC1=CC(=CC=C1)N(C)C(=S)OC2=CC3=CC=CC=C3C=C2,bimog_n_only,307.418,263.34280000000007,0.14337221633085873,2,22,0,1,1,True,2
V3,0,295,0.06479790061712265,1.0693542957305908,chloramphenicol,C1=CC(=CC=C1C(C(CO)NC(=O)C(Cl)Cl)O)[N+](=O)[O-],bimog_n_and_hal,323.132,253.14200000000002,0.21659878934924426,2,20,2,0,2,True,0
V3,0,300,0.019486401230096817,0.46636199951171875,felodipine,CCOC(=O)C1=C(NC(=C(C1C2=C(C(=CC=C2)Cl)Cl)C(=O)OC)C)C,bimog_n_and_hal,384.259,302.284,0.21333267405578016,3,25,2,0,1,True,1
V3,0,303,0.01927189901471138,0.10159878432750702,chlorobenzene,C1=CC=C(C=C1)Cl,bimog_hal_only,112.559,77.10000000000001,0.31502589752929566,1,7,1,0,0,True,0
V3,0,312,0.023501446470618248,0.12321166694164276,"4-acetamido-n-(2’,4’-dimethylphenyl)-1,8naphthalimide",CC(=O)Nc2ccc4c(=O)n(c1ccc(C)cc1C)c(=O)c3cccc2c34,bimog_n_only,358.397,325.24399999999997,0.09250356448296171,2,27,0,0,2,True,2
V3,0,318,0.03175738453865051,1.4238163232803345,1’-(ethoxycarbonyl)ethyl-2-methyl-4-nitrophenylurethane,CCOC(=O)CCC(C(=O)OCC)c1ccc(N(=O)=O)cc1C,bimog_n_only,323.34499999999997,324.25399999999996,-0.0028112387697349916,0,23,0,0,1,False,0
V3,0,323,0.023812219500541687,0.30814090371131897,n-(2-tetrahydropyryl)saccharin,O=C2c1ccccc1S(=O)(=O)C2C3CCCOC3,bimog_n_only,266.318,234.17079999999999,0.12070982810024111,1,18,0,1,0,True,1
V3,0,327,0.011114934459328651,0.09125421196222305,"2,2,2-tris(chloromethyl)ethyl-p-nitrophenylurethane",O=C(Nc1ccc(N(=O)=O)cc1)OCC(CCl)(CCl)CCl,bimog_n_and_hal,355.605,235.1968,0.3386009758018026,4,21,3,0,2,True,1
V3,0,328,0.028719300404191017,0.14804497361183167,"2,2,3,3-tetrafluoropropyl-p-nitrophenylurethane",O=C(Nc1ccc(N(=O)=O)cc1)OCC(F)(F)C(F)F,bimog_n_and_hal,296.176,206.1368,0.30400572632488787,5,20,4,0,2,True,1
V3,0,336,0.021376023069024086,0.148294135928154,simvastatin,CCC(C)(C)C(=O)OC1CC(C=C2C1C(C(C=C2)C)CCC3CC(CC(=O)O3)O)C,cho,418.57399999999996,420.462,-0.0045105524948994,0,30,0,0,0,False,0
V3,0,339,0.011535635218024254,0.14771553874015808,ketoprofen,CC(C1=CC(=CC=C1)C(=O)C2=CC=CC=C2)C(=O)O,cho,254.285,255.24400000000003,-0.003771358908311706,0,19,0,0,0,False,0
V3,0,347,0.0941869467496872,1.4861845970153809,Zolmitriptan,CN(C)CCC1=CNC2=C1C=C(C=C2)CC3COC(=O)N3,bimog_n_only,287.363,259.2848,0.09770986522273217,2,21,0,0,3,True,2
V3,0,349,0.03615116328001022,1.4024693965911865,Nifedipine,CC1=C(C(C(=C(N1)C)C(=O)OC)C2=CC=CC=C2[N+](=O)[O-])C(=O)OC,bimog_n_only,346.339,335.256,0.03200043887636106,1,25,0,0,2,True,1
V3,0,352,0.023581912741065025,0.2999659776687622,Clemastine,CC(C1=CC=CC=C1)(C2=CC=C(C=C2)Cl)OCCC3CCCN3C,bimog_n_and_hal,343.89799999999997,294.41880000000003,0.14387754508604278,2,24,1,0,1,True,1
V3,0,354,0.01576763018965721,0.10702989250421524,Bifonazole,C1=CC=C(C=C1)C2=CC=C(C=C2)C(C3=CC=CC=C3)N4C=CN=C4,bimog_n_only,310.4,282.364,0.09032216494845358,2,24,0,0,2,True,2
V3,0,355,0.01811494305729866,0.16209565103054047,Cinnarizine,C1CN(CCN1CC=CC2=CC=CC=C2)C(C3=CC=CC=C3)C4=CC=CC=C4,bimog_n_only,368.524,340.44800000000004,0.07618499744928409,2,28,0,0,2,True,2
V3,0,357,0.011031563393771648,0.13177689909934998,Tamoxifen,CCC(=C(C1=CC=CC=C1)C2=CC=C(C=C2)OCCN(C)C)C3=CC=CC=C3,bimog_n_only,371.524,357.4928,0.0377666045800541,1,28,0,0,1,True,1
V3,0,358,0.029273003339767456,0.2247695028781891,Procaine,CCN(CC)CCOC(=O)C1=CC=C(C=C1)N,bimog_n_only,236.315,207.2648,0.12292998751666206,2,17,0,0,2,True,2
V3,0,4,0.013633710332214832,0.063211590051651,glycerol,OCC(O)CO,cho,92.094,92.09400000000001,-2.220446049250313e-16,0,6,0,0,0,False,0
V3,0,5,0.047535914927721024,0.25597745180130005,ribose,C1C(C(C(C(O1)O)O)O)O,cho,150.13,150.13080000000002,-5.328715113828153e-06,0,10,0,0,0,False,0
V3,0,6,0.05383210629224777,0.21842674911022186,ethanol,OCC,cho,46.069,46.068,2.1706570578983175e-05,0,3,0,0,0,False,0
V3,0,10,0.03575678542256355,0.47097906470298767,phenolphthalein,O=C1OC(C2=C1C=CC=C2)(C3=CC=C(C=C3)O[H])C4=CC=C(C=C4)O[H],cho,318.328,320.2560000000001,-0.006056645975220931,2,24,0,0,0,True,2
V3,0,23,0.002744854660704732,0.013719609007239342,5-methyl-3-heptanol,CCC(C)CC(CC)O,cho,130.231,130.22400000000002,5.37506430878798e-05,0,9,0,0,0,False,0
V3,0,30,0.007229642476886511,0.09696223586797714,triphenylethene,C1=CC=C(C=C1)C=C(C2=CC=CC=C2)C3=CC=CC=C3,cho,256.34799999999996,256.328,7.801894299930279e-05,0,20,0,0,0,False,0
V3,0,40,0.00891849584877491,0.06844349950551987,tert-butyl-benzene,CC(C)(C)C1=CC=CC=C1,cho,134.22199999999998,134.212,7.450343460824183e-05,0,10,0,0,0,False,0
V3,0,41,0.006177958566695452,0.06433714926242828,3-methylheptane,CCCCC(C)CC,cho,114.232,114.224,7.003291547025281e-05,0,8,0,0,0,False,0
V3,0,69,0.10305638611316681,0.2312455177307129,(r)-nopol,CC1(C)[C@H]2CC=C(CCO)[C@@H]1C2,cho,166.26399999999998,166.25400000000002,6.0145311071346796e-05,0,12,0,0,0,False,0
V3,0,89,0.030061274766921997,0.3669218420982361,mephenesin,CC1=CC=CC=C1OCC(CO)O,cho,182.219,182.21280000000002,3.402499190519048e-05,0,13,0,0,0,False,0
V3,0,90,0.03192588686943054,0.47332262992858887,estradiol-17b-cypionate,CC12CCC3C(C1CCC2OC(=O)CCC4CCCC4)CCC5=C3C=CC(=C5)O,cho,396.57099999999997,396.494,0.00019416447496145572,0,29,0,0,0,False,0
V3,0,99,0.014599619433283806,0.110202357172966,diethylstilbestrol,CCC(=C(CC)C1=CC=C(C=C1)O)C2=CC=C(C=C2)O,cho,268.356,268.304,0.00019377245151974698,0,20,0,0,0,False,0
V3,0,107,0.007102536968886852,0.1282079964876175,ergocalciferol,CC(C)C(C)C=CC(C)C1CCC2C1(CCCC2=CC=C3CC(CCC3=C)O)C,cho,396.659,396.5600000000001,0.00024958465583757583,0,29,0,0,0,False,0
V3,0,113,0.003247402608394623,0.032069411128759384,4-decanol,CCCCCCC(CCC)O,cho,158.285,158.276,5.6859462362113256e-05,0,11,0,0,0,False,0
V3,0,118,0.00795070268213749,0.07236562669277191,4-methyl-4-heptanol,CCCC(C)(CCC)O,cho,130.231,130.22400000000002,5.37506430878798e-05,0,9,0,0,0,False,0
V3,0,126,0.01316470094025135,0.08868415653705597,methylisobutylketone,CC(C)CC(=O)C,cho,100.161,100.11200000000001,0.0004892123680872995,0,7,0,0,0,False,0
V3,0,129,0.04207455366849899,0.13671332597732544,acetophenone,CC(=O)C1=CC=CC=C1,cho,120.151,120.10000000000001,0.0004244658804336554,0,9,0,0,0,False,0
V3,0,133,0.004173676483333111,0.02854018844664097,"2,4-pentanediol",CC(CC(C)O)O,cho,104.149,104.14599999999999,2.8804885308653105e-05,0,7,0,0,0,False,0
V3,0,138,0.003859400050714612,0.020209798589348793,5-methyl-2-hexanol,CC(C)CCC(C)O,cho,116.204,116.198,5.1633334480771786e-05,0,8,0,0,0,False,0
V3,0,140,0.0025399713777005672,0.020580554381012917,4-methyl-3-heptanol,CCCC(C)C(CC)O,cho,130.231,130.22400000000002,5.37506430878798e-05,0,9,0,0,0,False,0
V3,0,145,0.0033511475194245577,0.020500028505921364,2-methyl-3-heptanol,CCCCC(C(C)C)O,cho,130.231,130.22400000000002,5.37506430878798e-05,0,9,0,0,0,False,0
V3,0,156,0.009692942723631859,0.03407048434019089,cyclohexanol,C1CCC(CC1)O,cho,100.161,100.15599999999999,4.991962939682182e-05,0,7,0,0,0,False,0
V3,0,158,0.014280510134994984,0.06639702618122101,cycloheptane,C1CCCCCC1,cho,98.189,98.182,7.129108148562491e-05,0,7,0,0,0,False,0
V3,0,160,0.15976954996585846,0.2237524688243866,1-phenyl-1-propanol,CCC(C1=CC=CC=C1)O,cho,136.194,136.186,5.873973890169193e-05,0,10,0,0,0,False,0
V3,0,173,0.004615099634975195,0.039620887488126755,2-methyl-2-pentanol,CCCC(C)(C)O,cho,102.17699999999999,102.17199999999998,4.893469176048271e-05,0,7,0,0,0,False,0
V3,0,175,0.0042846063151955605,0.04022041708230972,4-methy-4-octanol,CCCCC(C)(CCC)O,cho,144.25799999999998,144.25,5.54561965366851e-05,0,10,0,0,0,False,0
V3,0,179,0.011693624779582024,0.09190011024475098,xylose,C(C(C(C(C=O)O)O)O)O,cho,150.13,150.11200000000002,0.00011989609005513824,0,10,0,0,0,False,0
V3,0,184,0.02105402946472168,0.08054269105195999,"1,2,4-butanetriol",C(CO)C(CO)O,cho,106.121,106.12,9.42320558594556e-06,0,7,0,0,0,False,0
V3,0,185,0.025318723171949387,0.11056949943304062,benzene,C1=CC=CC=C1,cho,78.11399999999999,78.108,7.681081496258013e-05,0,6,0,0,0,False,0
V3,0,187,0.03830406442284584,0.24791011214256287,santonin,CC1C2CCC3(C=CC(=O)C(=C3C2OC1=O)C)C,cho,246.30599999999998,248.22,-0.00777082166086096,0,18,0,0,0,False,0
V3,0,200,0.009309821762144566,0.2349620759487152,"2-methyl-1,3-propanediol",CC(CO)CO,cho,90.122,90.12,2.2192139544130463e-05,0,6,0,0,0,False,0
V3,0,201,0.003758274484425783,0.01796760782599449,3-methyl-2-butanol,CC(C)C(C)O,cho,88.14999999999999,88.146,4.537719795794093e-05,0,6,0,0,0,False,0
V3,0,203,0.01905031129717827,0.18311633169651031,"1,3-propanediol",C(CO)CO,cho,76.095,76.094,1.3141467901989223e-05,0,5,0,0,0,False,0
V3,0,210,0.028122548013925552,0.751775860786438,maltoheptaose,C(C1C(C(C(C(O1)OC2C(OC(C(C2O)O)OC3C(OC(C(C3O)O)OC4C(OC(C(C4O)O)OC5C(OC(C(C5O)O)OC6C(OC(C(C6O)O)OC7C(OC(C(C7O)O)O)CO)CO)CO)CO)CO)CO)O)O)O)O,cho,1153.002,1152.7620000000002,0.00020815228421089405,0,78,0,0,0,False,0
V3,0,228,0.0324564054608345,0.1288444697856903,4-cyanoaniline,C1=CC(=CC=C1C#N)N,bimog_n_only,118.139,88.102,0.25425134798838656,2,9,0,0,2,True,2
V3,0,231,0.012473063543438911,0.03767762705683708,m-toluidine,CC1=CC(=CC=C1)N,bimog_n_only,107.15599999999999,91.12600000000002,0.14959498301541652,1,8,0,0,1,True,1
V3,0,236,0.014985392801463604,0.3268936574459076,4-nitro-1-naphthylamine,C1=CC=C2C(=C1)C(=CC=C2[N+](=O)[O-])N,bimog_n_only,188.18599999999998,172.138,0.08527733200131771,1,14,0,0,2,True,1
V3,0,240,0.06624037027359009,0.1333228200674057,cinchonine,C=CC1CN2CCC1CC2C(C3=CC=NC4=CC=CC=C34)O,bimog_n_only,294.39799999999997,266.36600000000004,0.09521803816601992,2,22,0,0,2,True,2
V3,0,241,0.024063218384981155,0.27231138944625854,brucine,COC1=C(C=C2C(=C1)C34CCN5C3CC6C7C4N2C(=O)CC7OCC=C6C5)OC,bimog_n_only,394.471,366.33480000000003,0.07132640929244471,2,29,0,0,2,True,2
V3,0,243,0.0442708320915699,0.5167630314826965,benzyl n-phenylcarbamate,C1=CC=C(C=C1)COC(=O)NC2=CC=CC=C2,bimog_n_only,227.26299999999998,213.2268,0.06176192341032183,1,17,0,0,1,True,1
V3,0,249,0.12233916670084,1.653595209121704,eserine,CC12CCN(C1N(C3=C2C=C(C=C3)OC(=O)NC)C)C,bimog_n_only,275.352,249.2748,0.09470495947006008,2,20,0,0,3,True,2
V3,0,251,0.02311507984995842,0.7239698767662048,acetaminophen,CC(=O)NC1=CC=C(C=C1)O,bimog_n_only,151.165,136.08200000000002,0.09977838785433113,1,11,0,0,1,True,1
V3,0,255,0.04301426559686661,0.36153683066368103,quinidine,COC1=CC2=C(C=CN=C2C=C1)C(C3CC4CCN3CC4C=C)O,bimog_n_only,324.424,296.358,0.08651024585110834,2,24,0,0,2,True,2
V3,0,257,0.01106347143650055,0.17879481613636017,phenylbutazone,CCCCC1C(=O)N(N(C1=O)C2=CC=CC=C2)C3=CC=CC=C3,bimog_n_only,308.381,282.312,0.08453503944795548,2,23,0,0,2,True,2
V3,0,263,0.03469357267022133,0.4613107144832611,nimodipine,CC1=C(C(C(=C(N1)C)C(=O)OC(C)C)C2=CC(=CC=C2)[N+](=O)[O-])C(=O)OCCOC,bimog_n_only,418.44599999999997,407.326,0.026574516186078867,1,30,0,0,2,True,1
V3,0,275,0.01802021823823452,0.07173722237348557,iodobenzene,C1=CC=C(C=C1)I,bimog_hal_only,204.01,77.10000000000001,0.6220773491495515,1,7,1,0,0,True,0
V3,0,280,0.03846980258822441,0.35812243819236755,glibenclamide,COC1=C(C=C(C=C1)Cl)C(=O)NCCC2=CC=C(C=C2)S(=O)(=O)NC(=O)NC3CCCCC3,bimog_n_and_hal,494.013,411.2800000000001,0.16747130136251454,3,33,1,1,3,True,2
V3,0,281,0.08590284734964371,1.4493948221206665,triphenyl phosphite,C1=CC=C(C=C1)OP(OC2=CC=CC=C2)OC3=CC=CC=C3,bimog_n_only,310.289,321.3804,-0.03574538575328168,1,22,0,0,0,True,1
V3,0,294,0.013320023193955421,0.27878016233444214,chorotrianisene,COC1=CC=C(C=C1)C(=C(C2=CC=C(C=C2)OC)Cl)C3=CC=C(C=C3)OC,bimog_hal_only,380.871,345.296,0.09340432849967573,1,27,1,0,0,True,0
V3,0,305,0.25726988911628723,1.7524687051773071,2-ethylhexylamine,CCCCC(CC)CN,bimog_n_only,129.24699999999999,129.19,0.00044101603905688513,0,9,0,0,1,False,0
V3,0,310,0.013563255779445171,0.3198327124118805,"n-(r-1-phenylethyl)-1,8-naphthalimide",CC(c1ccccc1)n2c(=O)c4cccc3cccc(c2=O)c34,bimog_n_only,301.34499999999997,285.26800000000003,0.053350810532777904,1,23,0,0,1,True,1
V3,0,314,0.006513005588203669,0.15374641120433807,"1-methyl-1-(p-hydroxyphenyl)-1,2,3,4tetrahydronaphthalene",CC3(c1ccc(O)cc1)CCCc2ccccc23,cho,238.32999999999998,238.29600000000005,0.00014265933789259222,0,18,0,0,0,False,0
V3,0,316,0.009795351885259151,0.4504697918891907,n-(r-1-phenylethyl)-n’-(p-nitrophenyl)thiourea,CC(NC(=S)Nc1ccc(N(=O)=O)cc1)c2ccccc2,bimog_n_only,301.371,254.226,0.15643509163124514,2,21,0,1,3,True,2
V3,0,317,0.03924105688929558,0.3976723253726959,1-menthyl-3-nitrophenylurethane,CC(C)C1CCC(C)CC1OC(=O)Nc2cccc(N(=O)=O)c2,bimog_n_only,320.389,306.31600000000003,0.04392472900130773,1,23,0,0,2,True,1
V3,0,319,0.037079960107803345,0.5702189207077026,"1,1,3-trimethyl-3-(p-carboxyphenyl)-indan-5-carboxylic acid",CC3(C)CC(C)(c1ccc(C(=O)O)cc1)c2cc(C(=O)O)ccc23,cho,324.376,324.324,0.00016030779095854708,0,24,0,0,0,False,0
V3,0,320,0.07159528136253357,2.061023712158203,"2-benzyl-(3,3’)spirobi-(benzo[f]chroman)",c7ccc(CC3CC2C(CCC1CCCCC12)OC36CCC5C(CCC4CCCCC45)O6)cc7,cho,462.71799999999996,462.65200000000004,0.00014263547128035015,0,34,0,0,0,False,0
V3,0,322,0.03191955015063286,1.2567412853240967,"n-( 1-phenylethyl)-2,4-dinitroaniline",CC(Nc1ccc(N(=O)=O)cc1N(=O)=O)c2ccccc2,bimog_n_only,287.275,287.19800000000004,0.00026803585414647557,0,21,0,0,3,False,0
V3,0,329,0.007771191652864218,0.08991827070713043,n-pentyl-p-nitrophenylurethane,CCCCCOC(=O)Nc1ccc(N(=O)=O)cc1,bimog_n_only,252.26999999999998,238.22079999999997,0.055691124588734375,1,18,0,0,2,True,1
V3,0,334,0.005363871343433857,0.04418983310461044,testosterone,CC12CCC3C(C1CCC2O)CCC4=CC(=O)CCC34C,cho,288.431,288.37800000000004,0.0001837527866281885,0,21,0,0,0,False,0
V3,0,340,0.022338490933179855,0.4684878885746002,Aripiprazole,C1CC(=O)NC2=C1C=CC(=C2)OCCCCN3CCN(CC3)C4=C(C(=CC=C4)Cl)Cl,bimog_n_and_hal,448.394,334.4028,0.25422106451022985,5,30,2,0,3,True,3
V3,0,342,0.036055974662303925,0.2503584325313568,Danazol,CC12CCC3C(C1CCC2(C#C)O)CCC4=CC5=C(CC34C)C=NO5,bimog_n_only,337.46299999999997,324.4448000000001,0.03857667359088213,1,25,0,0,1,True,1
V3,0,343,0.03455348685383797,0.22639241814613342,Bezafibrate,CC(C)(C(=O)O)OC1=CC=C(C=C1)CCNC(=O)C2=CC=C(C=C2)Cl,bimog_n_only,361.825,328.278,0.09271609203344144,1,25,1,0,1,True,0
V3,0,344,0.01899072527885437,0.22822554409503937,Ezetimibe,C1=CC(=CC=C1C2C(C(=O)N2C3=CC=C(C=C3)F)CCC(C4=CC=C(C=C4)F)O)O,bimog_n_and_hal,409.43199999999996,358.3620000000001,0.12473377752593806,3,30,2,0,1,True,1
V3,0,353,0.004431786015629768,0.09217328578233719,Clotrimazole,C1=CC=C(C=C1)C(C2=CC=CC=C2)(C3=CC=CC=C3Cl)N4C=CN=C4,bimog_n_and_hal,344.84499999999997,281.356,0.18410880250547346,3,25,1,0,2,True,2
V3,0,361,0.008804316632449627,0.28152745962142944,Isradipine,CC1=C(C(C(=C(N1)C)C(=O)OC(C)C)C2=CC=CC3=NON=C32)C(=O)OC,bimog_n_only,371.393,333.3188,0.10251727953946355,3,27,0,0,3,True,3
V3,0,366,0.00487284641712904,0.04222729057073593,Flurbiprofen,CC(C1=CC(=C(C=C1)C2=CC=CC=C2)F)C(=O)O,bimog_hal_only,244.265,225.236,0.07790309704624077,1,18,1,0,0,True,0
V3,0,367,0.005099328700453043,0.1554352343082428,Fenofibrate,CC(C)OC(=O)C(C)(C)OC1=CC=C(C=C1)C(=O)C2=CC=C(C=C2)Cl,bimog_hal_only,360.837,329.34680000000003,0.08726987531766406,1,25,1,0,0,True,0
V3,0,1,0.06329552829265594,0.29744288325309753,tartaric acid,O=C(O)C(O)C(O)C(=O)O,cho,150.086,150.052,0.00022653678557638113,0,10,0,0,0,False,0
V3,0,2,0.09373096376657486,0.9460466504096985,"1,2,3-propanetricarboxylic acid",C(C(CC(=O)O)C(=O)O)C(=O)O,cho,176.124,176.07,0.00030660216665534534,0,12,0,0,0,False,0
V3,0,3,0.06304165720939636,0.4804131090641022,"1,2,4-butanetricarboxylic acid",C(CC(=O)O)C(CC(=O)O)C(=O)O,cho,190.151,190.096,0.00028924381149719736,0,13,0,0,0,False,0
V3,0,8,0.018470505252480507,0.1365935057401657,methanol,CO,cho,32.042,32.042,0.0,0,2,0,0,0,False,0
V3,0,17,0.011939793825149536,0.0963318943977356,"propan-1,2-diol",CC(O)CO,cho,76.095,76.094,1.3141467901989223e-05,0,5,0,0,0,False,0
V3,0,25,0.0044425115920603275,0.0772228017449379,2-butanol,CCC(C)O,cho,74.12299999999999,74.12,4.04732674066377e-05,0,5,0,0,0,False,0
V3,0,26,0.0069478885270655155,0.01870599016547203,"2,2-dimethyl-1-propanol",CC(CO)(C)C,cho,88.14999999999999,88.146,4.537719795794093e-05,0,6,0,0,0,False,0
V3,0,27,0.006286972668021917,0.046890098601579666,o-xylene,CC1=C(C)C=CC=C1,cho,106.16799999999999,106.16000000000001,7.535227187083215e-05,0,8,0,0,0,False,0
V3,0,32,0.02172797918319702,0.08602647483348846,4-methylstyrene,CC1=CC=C(C=C1)C=C,cho,118.17899999999999,118.17000000000002,7.615566217322733e-05,0,9,0,0,0,False,0
V3,0,35,0.00891409907490015,0.08756999671459198,ethylbenzene,CCc1ccccc1,cho,106.16799999999999,106.16000000000001,7.535227187083215e-05,0,8,0,0,0,False,0
V3,0,42,0.03178217634558678,0.10117354243993759,cyclohexene,C1CCC=CC1,cho,82.146,82.10400000000001,0.0005112847856254543,0,6,0,0,0,False,0
V3,0,45,0.010695467703044415,0.049164365977048874,isopropylcyclohexane,CC(C)C1CCCCC1,cho,126.243,126.23400000000001,7.129108148562491e-05,0,9,0,0,0,False,0
V3,0,51,0.02631077729165554,0.0717000812292099,1-heptene,CCCCCC=C,cho,98.189,98.182,7.129108148562491e-05,0,7,0,0,0,False,0
V3,0,56,0.01212053932249546,0.046033184975385666,"2,5-hexanediol",CC(CCC(C)O)O,cho,118.176,118.172,3.384782020043886e-05,0,8,0,0,0,False,0
V3,0,57,0.005462526343762875,0.1054515391588211,n-eugenol,COC1=C(C=CC(=C1)CC=C)O,cho,164.204,164.144,0.0003653991376580956,0,12,0,0,0,False,0
V3,0,58,0.014979472383856773,0.16574189066886902,sorbitol,C(C(C(C(C(CO)O)O)O)O)O,cho,182.172,182.172,0.0,0,12,0,0,0,False,0
V3,0,65,0.16506321728229523,1.9837764501571655,vinylacetate,CC(=O)OC=C,cho,86.09,86.04400000000001,0.0005343245440816435,0,6,0,0,0,False,0
V3,0,66,0.011176185682415962,0.08855058997869492,xylitol,C(C(C(C(CO)O)O)O)O,cho,152.146,152.14600000000002,-2.220446049250313e-16,0,10,0,0,0,False,0
V3,0,70,0.12595459818840027,0.6491028070449829,3-hydroxy-2-methylpropionate,CC(CO)C(=O)OC,cho,118.132,119.102,-0.00821115362475866,0,8,0,0,0,False,0
V3,0,73,0.046181924641132355,0.5039235949516296,2p-hydroxyphenoxytetrahydropyran,C1CCOC(C1)OC2=CC=CC=C2O,cho,194.23,194.1868,0.00022241672244238675,0,14,0,0,0,False,0
V3,0,79,0.0896245464682579,0.3567057251930237,lactic acid,CC(C(=O)O)O,cho,90.078,90.06,0.00019982681675878577,0,6,0,0,0,False,0
V3,0,98,0.011690281331539154,0.23343253135681152,cholecalciterol,CC(C)CCCC(C)C1CCC2C1(CCCC2=CC=C3CC(CCC3=C)O)C,cho,384.64799999999997,384.58600000000007,0.00016118633139883265,0,28,0,0,0,False,0
V3,0,102,0.07061084359884262,1.1743824481964111,17b-estradiol,CC12CCC3C(C1CCC2O)CCC4=C3C=CC(=C4)O,cho,272.388,272.35400000000004,0.00012482194516616474,0,20,0,0,0,False,0
V3,0,106,0.03877667710185051,0.24465708434581757,citric acid,C(C(=O)O)C(CC(=O)O)(C(=O)O)O,cho,192.123,192.07,0.0002758649406889857,0,13,0,0,0,False,0
V3,0,108,0.0046025970950722694,0.06816457957029343,n-nonanol,CCCCCCCCCO,cho,144.25799999999998,144.25000000000003,5.5456196536463054e-05,0,10,0,0,0,False,0
V3,0,109,0.005050754640251398,0.025152182206511497,2-pentanol,CCCC(C)O,cho,88.14999999999999,88.146,4.537719795794093e-05,0,6,0,0,0,False,0
V3,0,110,0.007299037184566259,0.09539371728897095,3-pentanol,CCC(CC)O,cho,88.14999999999999,88.146,4.537719795794093e-05,0,6,0,0,0,False,0
V3,0,114,0.0043625012040138245,0.020951339974999428,3-methyl-4-octanol,CCCCC(C(C)CC)O,cho,144.25799999999998,144.25000000000003,5.5456196536463054e-05,0,10,0,0,0,False,0
V3,0,116,0.011724291369318962,0.0893138200044632,2-methyl-2-butanol,CCC(C)(C)O,cho,88.14999999999999,88.146,4.537719795794093e-05,0,6,0,0,0,False,0
V3,0,121,0.0028225199785083532,0.024931905791163445,6-methyl-1-heptanol,CC(C)CCCCCO,cho,130.231,130.22400000000002,5.37506430878798e-05,0,9,0,0,0,False,0
V3,0,123,0.23986127972602844,1.4888689517974854,diisopropylether,CC(C)OC(C)C,cho,102.17699999999999,102.154,0.00022509958209770975,0,7,0,0,0,False,0
V3,0,127,0.06300309300422668,0.287776380777359,ethyl acetate,CCOC(=O)C,cho,88.106,88.06,0.0005220983814949731,0,6,0,0,0,False,0
V3,0,141,0.004808502737432718,0.016087178140878677,3-methyl-4-heptanol,CCCC(C(C)CC)O,cho,130.231,130.22400000000002,5.37506430878798e-05,0,9,0,0,0,False,0
V3,0,142,0.010303923860192299,0.06526361405849457,6-methyl-2-heptanol,CC(C)CCCC(C)O,cho,130.231,130.22400000000002,5.37506430878798e-05,0,9,0,0,0,False,0
V3,0,148,0.004853116814047098,0.04962184280157089,diisobutylphthalat,CC(C)COC(=O)C1=CC=CC=C1C(=O)OCC(C)C,cho,278.348,280.3176,-0.007076034316754631,0,20,0,0,0,False,0
V3,0,154,0.010970559902489185,0.10174665600061417,menthol,CC1CCC(C(C1)O)C(C)C,cho,156.269,156.26000000000002,5.759299669150231e-05,0,11,0,0,0,False,0
V3,0,161,0.015080347657203674,0.05553557351231575,"1,2-butanediol",CCC(CO)O,cho,90.122,90.12,2.2192139544130463e-05,0,6,0,0,0,False,0
V3,0,165,0.006896338425576687,0.020440418273210526,"2,2-dimethyl-1-pentanol",CCCC(C)(C)CO,cho,116.204,116.19799999999998,5.163333448088281e-05,0,8,0,0,0,False,0
V3,0,176,0.009192066267132759,0.05379288271069527,4-methyl-4-nonanol,CCCCCC(C)(CCC)O,cho,158.285,158.276,5.6859462362113256e-05,0,11,0,0,0,False,0
V3,0,177,0.018925422802567482,0.10538914054632187,4-methyl-undecane,CCCCCCCC(C)CCC,cho,170.34,170.328,7.044734061290026e-05,0,12,0,0,0,False,0
V3,0,180,0.02347293123602867,0.2507619261741638,fructose,C1C(C(C(C(O1)(CO)O)O)O)O,cho,180.156,180.1568,-4.440595927857061e-06,0,12,0,0,0,False,0
V3,0,183,0.003305301070213318,0.020636092871427536,3-methyl-1-butanol,CC(C)CCO,cho,88.14999999999999,88.146,4.537719795794093e-05,0,6,0,0,0,False,0
V3,0,197,0.026108449324965477,0.10239744186401367,"2-ethyl-1,3-hexanediol",CCCC(C(CC)CO)O,cho,146.23,146.224,4.103125213705816e-05,0,10,0,0,0,False,0
V3,0,209,0.021569885313510895,0.3254271149635315,levoglucosan,C1C2C(C(C(C(O1)O2)O)O)O,cho,162.141,162.1228,0.00011224798169484629,0,11,0,0,0,False,0
V3,0,217,0.07421894371509552,0.36759689450263977,rhamnose,CC1C(C(C(C(O1)O)O)O)O,cho,164.157,164.138,0.00011574285592452771,0,11,0,0,0,False,0
V3,0,221,0.04615800827741623,0.2552304267883301,"3-methyl-1,2,3-butanetricarboxylic acid",CC(C)(C(CC(=O)O)C(=O)O)C(=O)O,cho,204.178,204.122,0.0002742704894748149,0,14,0,0,0,False,0
V3,0,223,0.01760876551270485,0.04643715173006058,"1,2-dimethylcyclohexane",CC1CCCCC1C,cho,112.216,112.208,7.129108148562491e-05,0,8,0,0,0,False,0
V3,0,227,0.058107681572437286,0.12824244797229767,butyronitrile,CCCC#N,bimog_n_only,69.107,55.096,0.20274357156293865,1,5,0,0,1,True,1
V3,0,233,0.026868268847465515,0.12900003790855408,pyridine,C1=CC=NC=C1,bimog_n_only,79.10199999999999,65.09,0.1771383782963767,1,6,0,0,1,True,1
V3,0,234,0.02756127156317234,0.23857751488685608,2-methoxy-4-nitroaniline,COC1=C(C=CC(=C1)[N+](=O)[O-])N,bimog_n_only,168.152,152.074,0.09561587135448868,1,12,0,0,2,True,1
V3,0,258,0.03674543648958206,0.46405142545700073,quinineethylcarbonate,CCOC(=O)OC(C1CC2CCN1CC2C=C)C3=C4C=C(C=CC4=NC=C3)OC,bimog_n_only,396.48699999999997,369.3928000000001,0.06833565791564389,2,29,0,0,2,True,2
V3,0,262,0.01762387529015541,0.09248329699039459,amobarbital,CCC1(C(=O)NC(=O)NC1=O)CCC(C)C,bimog_n_only,226.27599999999998,199.208,0.11962382223479284,2,16,0,0,2,True,2
V3,0,266,0.010601846501231194,0.03007097914814949,isobutylbromide,CC(C)CBr,bimog_hal_only,137.01999999999998,57.112,0.5831849365056195,1,5,1,0,0,True,0
V3,0,267,0.006978112272918224,0.03789211064577103,isoamylbromide,CC(C)CCBr,bimog_hal_only,151.047,71.138,0.529034009281879,1,6,1,0,0,True,0
V3,0,271,0.01742154359817505,0.029943961650133133,tert-butyl-chloride,CC(C)(C)Cl,bimog_hal_only,92.569,57.112,0.3830331968585595,1,5,1,0,0,True,0
V3,0,272,0.03310653567314148,0.06806869804859161,1 -bromopropane,CCCBr,bimog_hal_only,122.993,43.086,0.6496873805826348,1,4,1,0,0,True,0
V3,0,273,0.008813823573291302,0.027265984565019608,1-iodobutane,CCCCI,bimog_hal_only,184.01999999999998,57.112,0.6896424301706336,1,5,1,0,0,True,0
V3,0,277,0.35161086916923523,1.3582031726837158,trichloroethylene,ClC=C(Cl)Cl,bimog_hal_only,131.389,25.028,0.8095122118289964,3,5,3,0,0,True,0
V3,0,279,0.028403233736753464,0.23561473190784454,griseofulvin,CC1CC(=O)C=C(C12C(=O)C3=C(O2)C(=C(C=C3OC)OC)Cl)OC,bimog_hal_only,352.77,319.148,0.09530855798395543,1,24,1,0,0,True,0
V3,0,283,0.011427019722759724,0.03467361256480217,4-chloroaniline,C1=CC(=CC=C1N)Cl,bimog_n_and_hal,127.574,76.09200000000001,0.4035461771207298,2,8,1,0,1,True,1
V3,0,287,0.021177630871534348,0.12869086861610413,3-trifluoromethylaniline,C1=CC(=CC(=C1)N)C(F)(F)F,bimog_n_and_hal,161.126,88.102,0.45321053088886953,4,11,3,0,1,True,1
V3,0,297,0.01687193289399147,0.5074650049209595,chlormadinone acetate,CC(=O)C1(CCC2C1(CCC3C2C=C(C4=CC(=O)CCC34C)Cl)C)OC(=O)C,bimog_hal_only,404.93399999999997,369.33799999999997,0.08790568339531879,1,28,1,0,0,True,0
V3,0,308,0.01593307964503765,0.2698684334754944,"n-(r-1-phenylethyl)-2,2’-diphenic imide",CC(c1ccccc1)n4c(=O)c2ccccc2c3ccccc3c4=O,bimog_n_only,327.383,311.30400000000003,0.049113729179584675,1,25,0,0,1,True,1
V3,0,309,0.012116574682295322,0.21856288611888885,"n-(r-1-phenylethyl)-4-nitro-1,8-naphthalimide",CC(c1ccccc1)n2c(=O)c4cccc3c(N(=O)=O)ccc(c2=O)c34,bimog_n_only,346.342,330.25,0.04646274491687408,1,26,0,0,2,True,1
V3,0,324,0.027115408331155777,0.4430968165397644,"9,9-bis(p-hydroxyphenyl)fluorene",Oc5ccc(C4(c1ccc(O)cc1)c2ccccc2c3ccccc34)cc5,cho,350.417,350.358,0.0001683708267576911,0,27,0,0,0,False,0
V3,0,325,0.016222719103097916,0.313497394323349,"9,9-bis(p-aminophenyl)fluorene",Nc5ccc(C4(c1ccc(N)cc1)c2ccccc2c3ccccc34)cc5,bimog_n_only,348.44899999999996,316.37800000000004,0.09203929412912626,2,27,0,0,2,True,2
V3,0,331,0.03690081089735031,0.3796990215778351,prednisone,CC12CC(=O)C3C(C1CCC2(C(=O)CO)O)CCC4=CC(=O)C=CC34C,cho,358.43399999999997,359.3,-0.0024160654402205495,0,26,0,0,0,False,0
V3,0,333,0.08224473893642426,1.1058591604232788,warfarin,CC(=O)CC(C1=CC=CC=C1)C2=C(C3=CC=CC=C3OC2=O)O,cho,308.33299999999997,310.2540000000001,-0.00623027700570522,0,23,0,0,0,False,0
V3,0,337,0.10175641626119614,1.0483626127243042,fluorescamin,C1=CC=C(C=C1)C2=COC3(C2=O)C4=CC=CC=C4C(=O)O3,cho,278.263,295.2468,-0.06103506395029168,0,21,0,0,0,False,0
V3,0,345,0.025993848219513893,0.3100123703479767,Glafenine,C1=CC=C(C(=C1)C(=O)OCC(CO)O)NC2=C3C=CC(=CC3=NC=C2)Cl,bimog_n_and_hal,372.808,309.3088,0.17032681702109387,3,26,1,0,2,True,2
V3,0,351,0.024050762876868248,0.20907831192016602,Loratadine,CCOC(=O)N1CCC(=C2C3=C(CCC4=C2N=CC=C4)C=C(C=C3)Cl)CC1,bimog_n_and_hal,382.89099999999996,320.39480000000003,0.1632219091072915,3,27,1,0,2,True,2
V3,0,360,0.018739109858870506,0.6934292912483215,Linaprazan,CC1=C(C(=CC=C1)C)CNC2=CC(=CN3C2=NC(=C3C)C)C(=O)NCCO,bimog_n_only,366.465,339.34000000000003,0.07401798261771231,2,27,0,0,4,True,2
V3,0,364,0.03175041452050209,0.38179004192352295,Aceclofenac,C1=CC=C(C(=C1)CC(=O)OCC(=O)O)NC2=C(C=CC=C2Cl)Cl,bimog_n_and_hal,354.189,268.202,0.24277151464331193,3,23,2,0,1,True,1
V3,0,9,0.017019018530845642,0.17730650305747986,ethylenglycol,OCCO,cho,62.068,62.068,0.0,0,4,0,0,0,False,0
V3,0,12,0.02354443073272705,0.5138656497001648,flopropione,CCC(=O)C1=C(C=C(C=C1O)O)O,cho,182.17499999999998,182.08,0.0005214766021680584,0,13,0,0,0,False,0
V3,0,13,0.008650477044284344,0.030548101291060448,2-methyl-1-propanol,CC(C)CO,cho,74.12299999999999,74.11999999999999,4.047326740685975e-05,0,5,0,0,0,False,0
V3,0,14,0.0067517878487706184,0.04142055660486221,n-hexanol,CCCCCCO,cho,102.17699999999999,102.172,4.8934691760371685e-05,0,7,0,0,0,False,0
V3,0,16,0.05841410905122757,0.14616230130195618,benzyl alcohol,c1ccc(cc1)CO,cho,108.14,108.134,5.548363232843467e-05,0,8,0,0,0,False,0
V3,0,22,0.005233304109424353,0.046842675656080246,2-ethyl-1-hexanol,CCCCC(CC)CO,cho,130.231,130.22400000000002,5.37506430878798e-05,0,9,0,0,0,False,0
V3,0,24,0.049104902893304825,0.18375562131404877,2-phenyl-1-ethanol,c1ccc(cc1)CCO,cho,122.167,122.16000000000001,5.7298615829037836e-05,0,9,0,0,0,False,0
V3,0,29,0.007879292592406273,0.07211532443761826,2-methylpentane,CCCC(C)C,cho,86.178,86.172,6.962333774285234e-05,0,6,0,0,0,False,0
V3,0,33,0.008888458833098412,0.16370634734630585,o-terphenyl,C1=CC=C(C=C1)C2=CC=CC=C2C3=CC=CC=C3,cho,230.30999999999997,230.29200000000003,7.815552950352078e-05,0,18,0,0,0,False,0
V3,0,37,0.012289797887206078,0.12590959668159485,n-pentylbenzene,CCCCCC1=CC=CC=C1,cho,148.249,148.238,7.419948869802351e-05,0,11,0,0,0,False,0
V3,0,39,0.0099805798381567,0.11320829391479492,sec-butylbenzene,CCC(C)C1=CC=CC=C1,cho,134.22199999999998,134.212,7.450343460824183e-05,0,10,0,0,0,False,0
V3,0,44,0.01271637249737978,0.02939477562904358,ethylcyclohexane,CCC1CCCCC1,cho,112.216,112.20800000000001,7.129108148551389e-05,0,8,0,0,0,False,0
V3,0,47,0.008537686429917812,0.05587826296687126,n-butylcyclohexane,CCCCC1CCCCC1,cho,140.26999999999998,140.26,7.129108148562491e-05,0,10,0,0,0,False,0
V3,0,49,0.010400629602372646,0.052932776510715485,n-hexylcyclohexane,CCCCCCC1CCCCC1,cho,168.32399999999998,168.31199999999998,7.129108148573593e-05,0,12,0,0,0,False,0
V3,0,50,0.006360872182995081,0.06532279402017593,trans-2-hexene,CCCC=CC,cho,84.16199999999999,84.12,0.0004990375703998184,0,6,0,0,0,False,0
V3,0,59,0.03968648239970207,0.6140875816345215,propylencarbonate,CC1COC(=O)O1,cho,102.089,103.06080000000001,-0.009519145059702971,0,7,0,0,0,False,0
V3,0,61,0.0039968108758330345,0.20497238636016846,sucrose,C(C1C(C(C(C(O1)OC2(C(C(C(O2)CO)O)O)CO)O)O)O)O,cho,342.297,342.242,0.0001606791762709392,0,23,0,0,0,False,0
V3,0,62,0.012884503230452538,0.06057470291852951,trehalose,C(C1C(C(C(C(O1)OC2C(C(C(C(O2)CO)O)O)O)O)O)O)O,cho,342.297,342.242,0.0001606791762709392,0,23,0,0,0,False,0
V3,0,63,0.005412557162344456,0.09488846361637115,dioctylphthalat,CCCCCCCCOC(=O)C1=CC=CC=C1C(=O)OCCCCCCCC,cho,390.56399999999996,392.5256,-0.0050224803105254345,0,28,0,0,0,False,0
V3,0,71,0.019289735704660416,0.20086927711963654,dianin’s compound,CC1(CC(C2=CC=CC=C2O1)(C)C3=CC=C(C=C3)O)COc1ccc(cc1)C2(c3c(OC(C2)(C)C)cccc3)C,cho,534.696,536.6268000000001,-0.0036110238341040546,0,40,0,0,0,False,0
V3,0,75,0.015260064974427223,0.15350179374217987,cholesterol,CC(C)CCCC(C)C1CCC2C1(CCC3C2CC=C4C3(CCC(C4)O)C)C,cho,386.664,386.63800000000003,6.724184304707226e-05,0,28,0,0,0,False,0
V3,0,80,0.05657634139060974,0.7161485552787781,epoxypropane,CC1CO1,cho,58.08,58.0788,2.0661157024703947e-05,0,4,0,0,0,False,0
V3,0,88,0.005002935416996479,0.03201236575841904,m-cresol,CC1=CC(=CC=C1)O,cho,108.14,108.11600000000001,0.0002219345293137387,0,8,0,0,0,False,0
V3,0,91,0.011820698156952858,0.14120258390903473,norethylnodrel,CC12CCC3C(C1CCC2(C#C)O)CCC4=C3CCC(=O)C4,cho,298.426,298.37200000000007,0.00018094938108581538,0,22,0,0,0,False,0
V3,0,92,0.012551951222121716,0.3829900920391083,beta-estradiol-3-benzoate,CC12CCC3C(C1CCC2O)CCC4=C3C=CC(=C4)OC(=O)C5=CC=CC=C5,cho,376.496,378.47280000000006,-0.005250520589860308,0,28,0,0,0,False,0
V3,0,105,0.02042938396334648,0.06949794292449951,progesterone,CC(=O)C1CCC2C1(CCC3C2CCC4=CC(=O)CCC34C)C,cho,314.469,314.37,0.0003148164047965807,0,23,0,0,0,False,0
V3,0,120,0.008995436131954193,0.07480790466070175,3-methyl-3-heptanol,CCCCC(C)(CC)O,cho,130.231,130.22400000000002,5.37506430878798e-05,0,9,0,0,0,False,0
V3,0,122,0.029927175492048264,0.6576029062271118,diethylether,CCOCC,cho,74.12299999999999,74.1208,2.968039609818618e-05,0,5,0,0,0,False,0
V3,0,146,0.006975387688726187,0.07241079956293106,3-methylpentane,CCC(C)CC,cho,86.178,86.172,6.962333774285234e-05,0,6,0,0,0,False,0
V3,0,149,0.006490270607173443,0.06397878378629684,"1,4-pentanediol",CC(CCCO)O,cho,104.149,104.14599999999999,2.8804885308653105e-05,0,7,0,0,0,False,0
V3,0,153,0.1924968659877777,1.2321197986602783,2-methyltetrahydrofuran,CC1CCCO1,cho,86.134,86.104,0.0003482945178443497,0,6,0,0,0,False,0
V3,0,155,0.01796133443713188,0.13458988070487976,n-butylbenzene,CCCCC1=CC=CC=C1,cho,134.22199999999998,134.212,7.450343460824183e-05,0,10,0,0,0,False,0
V3,0,164,0.009854784235358238,0.020252292975783348,"2,2-dimethyl-1-butanol",CCC(C)(C)CO,cho,102.17699999999999,102.172,4.8934691760371685e-05,0,7,0,0,0,False,0
V3,0,168,0.0053569246083498,0.03762924671173096,3-hexanol,CCCC(CC)O,cho,102.17699999999999,102.172,4.8934691760371685e-05,0,7,0,0,0,False,0
V3,0,172,0.003745386842638254,0.0659731850028038,3-methyl-4-nonanol,CCCCCC(C(C)CC)O,cho,158.285,158.276,5.6859462362113256e-05,0,11,0,0,0,False,0
V3,0,181,0.004733058623969555,0.039826974272727966,n-heptanol,CCCCCCCO,cho,116.204,116.198,5.1633334480771786e-05,0,8,0,0,0,False,0
V3,0,188,0.0212546493858099,0.8968779444694519,maltotetraose,C(C1C(C(C(C(O1)OC2C(OC(C(C2O)O)OC3C(OC(C(C3O)O)OC4C(OC(C(C4O)O)O)CO)CO)CO)O)O)O)O,cho,666.579,666.4499999999999,0.000193525448596521,0,45,0,0,0,False,0
V3,0,189,0.005080375820398331,0.1934102475643158,malic acid,C(C(C(=O)O)O)C(=O)O,cho,134.087,134.052,0.00026102455868204366,0,9,0,0,0,False,0
V3,0,190,0.03164675086736679,0.2993099093437195,pinonic acid,CC(=O)C1CC(C1(C)C)CC(=O)O,cho,184.23499999999999,184.166,0.000374521670692296,0,13,0,0,0,False,0
V3,0,191,0.01336583774536848,0.13891153037548065,"2-methylbutane-1,2,3,4-tetraol",CC(CO)(C(CO)O)O,cho,136.147,136.146,7.345002093317454e-06,0,9,0,0,0,False,0
V3,0,192,0.02833918295800686,0.10963879525661469,"1,2-isopooh",C=C(C)C(CO)OO,cho,118.132,118.09400000000001,0.0003216740595266554,0,8,0,0,0,False,0
V3,0,199,0.009471851401031017,0.08701775968074799,"1,2,6-hexanetriol",C(CCO)CC(CO)O,cho,134.175,134.17200000000003,2.2358859698035083e-05,0,9,0,0,0,False,0
V3,0,202,0.007852095179259777,0.10638272762298584,"3-methyl-1,3,5-pentanetriol",CC(CCO)(CCO)O,cho,134.175,134.17200000000003,2.2358859698035083e-05,0,9,0,0,0,False,0
V3,0,204,0.014412114396691322,0.14157100021839142,gentiobiose,C(C1C(C(C(C(O1)OCC2C(C(C(C(O2)O)O)O)O)O)O)O)O,cho,342.297,342.2608,0.00010575611238194949,0,23,0,0,0,False,0
V3,0,211,0.02395535819232464,0.7256205677986145,maltohexaose,C(C1C(C(C(C(O1)OC2C(OC(C(C2O)O)OC3C(OC(C(C3O)O)OC4C(OC(C(C4O)O)OC5C(OC(C(C5O)O)OC6C(OC(C(C6O)O)O)CO)CO)CO)CO)CO)O)O)O)O,cho,990.861,990.658,0.0002048723282074283,0,67,0,0,0,False,0
V3,0,212,0.02296866476535797,1.0100643634796143,maltopentaose,C(C1C(C(C(C(O1)OC2C(OC(C(C2O)O)OC3C(OC(C(C3O)O)OC4C(OC(C(C4O)O)OC5C(OC(C(C5O)O)O)CO)CO)CO)CO)O)O)O)O,cho,828.72,828.554,0.0002003089101265676,0,56,0,0,0,False,0
V3,0,213,0.021018626168370247,0.4318563938140869,maltotriose,C(C1C(C(C(C(O1)OC2C(OC(C(C2O)O)OC3C(OC(C(C3O)O)O)CO)CO)O)O)O)O,cho,504.438,504.34600000000006,0.00018238118460534025,0,34,0,0,0,False,0
V3,0,214,0.010329583659768105,0.055725254118442535,nigerose,C(C1C(C(C(C(O1)O)O)OC2C(C(C(C(O2)CO)O)O)O)O)O,cho,342.297,342.242,0.0001606791762709392,0,23,0,0,0,False,0
V3,0,222,0.009800473228096962,0.07411392033100128,cyclooctanol,C1CCCC(CCC1)O,cho,128.215,128.20800000000003,5.459579612354659e-05,0,9,0,0,0,False,0
V3,0,224,0.007892543449997902,0.09852452576160431,2-methylbutane,CCC(C)C,cho,72.151,72.146,6.929910881336987e-05,0,5,0,0,0,False,0
V3,0,230,0.011968312785029411,0.06648028641939163,2-naphthylamine,C1=CC=C2C=C(C=CC2=C1)N,bimog_n_only,143.189,127.15600000000002,0.11197089161876939,1,11,0,0,1,True,1
V3,0,244,0.015925657004117966,0.1297605335712433,methyl n-phenylcarbamate,COC(=O)NC1=CC=CC=C1,bimog_n_only,151.165,137.1,0.0930440247411769,1,11,0,0,1,True,1
V3,0,245,0.022929681465029716,0.16208083927631378,ethyl n-phenylcarbamate,CCOC(=O)NC1=CC=CC=C1,bimog_n_only,165.192,151.16080000000002,0.08493873795341167,1,12,0,0,1,True,1
V3,0,247,0.04607894644141197,1.0637500286102295,dibucaine,CCCCOC1=NC2=CC=CC=C2C(=C1)C(=O)NCCN(CC)CC,bimog_n_only,343.471,316.38880000000006,0.07884857819146285,2,25,0,0,3,True,2
V3,0,248,0.06837786734104156,0.4791213870048523,proxyphylline,CC(CN1C=NC2=C1C(=O)N(C(=O)N2C)C)O,bimog_n_only,238.24699999999999,184.192,0.22688638261971816,4,17,0,0,4,True,4
V3,0,252,0.026492536067962646,0.2781098783016205,diphylline,CN1C2=C(C(=O)N(C1=O)C)N(C=N2)CC(CO)O,bimog_n_only,254.24599999999998,200.192,0.21260511473140176,4,18,0,0,4,True,4
V3,0,254,0.012672471813857555,0.07532109320163727,phenobarbital,CCC1(C(=O)NC(=O)NC1=O)C2=CC=CC=C2,bimog_n_only,232.239,205.17000000000002,0.11655665069174426,2,17,0,0,2,True,2
V3,0,268,0.005304469261318445,0.051429279148578644,3-bromopentane,CCC(Br)CC,bimog_hal_only,151.047,71.138,0.529034009281879,1,6,1,0,0,True,0
V3,0,284,0.03986668959259987,0.21421293914318085,"3,4-dichloroaniline",C1=CC(=C(C=C1N)Cl)Cl,bimog_n_and_hal,162.019,75.08400000000002,0.5365728710830211,3,9,2,0,1,True,1
V3,0,285,0.01723691262304783,0.10961725562810898,2-chloroaniline,C1=CC=C(C(=C1)N)Cl,bimog_n_and_hal,127.574,76.09200000000001,0.4035461771207298,2,8,1,0,1,True,1
V3,0,289,0.032885026186704636,0.10421707481145859,m-fluorophenol,C1=CC(=CC(=C1)F)O,bimog_hal_only,112.103,93.082,0.1696743173688483,1,8,1,0,0,True,0
V3,0,296,0.010206341743469238,0.10833068192005157,spironolactone,CC(=O)SC1CC2=CC(=O)CCC2(C3C1C4CCC5(C4(CC3)C)CCC(=O)O5)C,cho,416.58299999999997,384.38,0.07730272238665514,1,29,0,1,0,True,1
V3,0,299,0.028164690360426903,0.5430620908737183,sulphisoxazole,CC1=C(ON=C1C)NS(=O)(=O)C2=CC=C(C=C2)N,bimog_n_only,267.31,200.1488,0.2512483633234821,4,18,0,1,3,True,4
V3,0,304,0.05145435407757759,1.2971687316894531,probucol,CC(C)(C)C1=CC(=CC(=C1O)C(C)(C)C)SC(C)(C)SC2=CC(=C(C(=C2)C(C)(C)C)O)C(C)(C)C,cho,516.857,452.658,0.1242103715340993,2,35,0,2,0,True,2
V3,0,306,0.03306151553988457,0.4661009907722473,n-(s-1-naphthylethyl)-tetrachlorophthalimide,CC(c2ccc1ccccc1c2)n4c(=O)c3c(Cl)c(Cl)c(Cl)c(Cl)c3c4=O,bimog_n_and_hal,439.125,281.236,0.3595536578423001,5,27,4,0,1,True,1
V3,0,313,0.03755209594964981,0.4662366509437561,"n-(1,2,3,4-tetrahydro-1-naphthyl)-tetrachlorophthalimide",O=c2c1c(Cl)c(Cl)c(Cl)c(Cl)c1c(=O)n2c3cccc4ccccc34,bimog_n_and_hal,411.071,281.236,0.31584568115970235,5,25,4,0,1,True,1
V3,0,335,0.012003283947706223,0.09597333520650864,nandrolone,CC12CCC3C(C1CCC2O)CCC4=CC(=O)CCC34,cho,274.404,274.35200000000003,0.00018950161076358718,0,20,0,0,0,False,0
V3,0,341,0.04392140731215477,1.1783645153045654,Bucindolol,CC(C)(CC1=CNC2=CC=CC=C21)NCC(COC3=CC=CC=C3C#N)O,bimog_n_only,363.46099999999996,334.37880000000007,0.08001463705872125,2,27,0,0,3,True,2
V3,0,348,0.03732180967926979,0.501435399055481,Diazepam,CN1C(=O)CN=C(C2=C1C=CC(=C2)Cl)C3=CC=CC=C3,bimog_n_and_hal,284.746,221.22800000000004,0.22306898077584913,3,20,1,0,2,True,2
V3,0,350,0.08616825938224792,2.88443922996521,Carvedilol,COC1=CC=CC=C1OCCNCC(COC2=CC=CC3=C2C4=CC=CC=C4N3)O,bimog_n_only,406.48199999999997,391.3736000000001,0.037168681516032365,1,30,0,0,2,True,1
V3,0,356,0.02615177072584629,0.4024655818939209,Clofoctol,CC(C)(C)CC(C)(C)C1=CC(=C(C=C1)O)CC2=C(C=C(C=C2)Cl)Cl,bimog_hal_only,365.344,294.40000000000003,0.19418411141280534,2,24,2,0,0,True,0
V3,0,359,0.09024479240179062,1.083297848701477,Orlistat,CCCCCCCCCCCC(CC1C(C(=O)O1)CCCCCC)OC(=O)C(CC(C)C)NC=O,bimog_n_only,495.745,497.61400000000003,-0.0037700834098175484,0,35,0,0,1,False,0
V3,0,362,0.009844338521361351,0.09281142055988312,Acemetacin,CC1=C(C2=C(N1C(=O)C3=CC=C(C=C3)Cl)C=CC(=C2)OC)CC(=O)OCC(=O)O,bimog_n_and_hal,415.829,367.256,0.11681003489415132,2,29,1,0,1,True,1
V3,0,18,0.03217564895749092,0.2966667711734772,resorcinol,c1cc(cc(c1)O)O,cho,110.112,110.072,0.000363266492298675,0,8,0,0,0,False,0
V3,0,19,0.009606821462512016,0.06076693534851074,phenyl-salicylate,O=C(Oc2ccccc2)c1c(O)cccc1,cho,214.22,229.2088,-0.0699691905517692,0,16,0,0,0,False,0
V3,0,21,0.04084131121635437,0.4636863172054291,diethylphthalat,CCOC(=O)c1ccccc1C(=O)OCC,cho,222.23999999999998,224.2136,-0.008880489560835203,0,16,0,0,0,False,0
V3,0,28,0.012905609793961048,0.0483756884932518,m-xylene,CC1=CC(=CC=C1)C,cho,106.16799999999999,106.16000000000001,7.535227187083215e-05,0,8,0,0,0,False,0
V3,0,34,0.024154748767614365,0.08125700056552887,toluol,Cc1ccccc1,cho,92.14099999999999,92.13400000000001,7.597052343666366e-05,0,7,0,0,0,False,0
V3,0,43,0.008889528922736645,0.07069388777017593,methylcyclohexane,CC1CCCCC1,cho,98.189,98.182,7.129108148562491e-05,0,7,0,0,0,False,0
V3,0,54,0.013531794771552086,0.09189377725124359,4-methylnonane,CCCCCC(C)CCC,cho,142.286,142.276,7.028098337147348e-05,0,10,0,0,0,False,0
V3,0,55,0.023586926981806755,0.28600531816482544,2-isopropoxyethanol,CC(C)OCCO,cho,104.149,104.1468,2.112358255956792e-05,0,7,0,0,0,False,0
V3,0,76,0.04144328832626343,1.163900375366211,beta-d-glucosepentaacetate,CC(=O)OCC1C(C(C(C(O1)OC(=O)C)OC(=O)C)OC(=O)C)OC(=O)C,cho,390.341,390.098,0.0006225326061058967,0,27,0,0,0,False,0
V3,0,78,0.06036411598324776,0.9303172826766968,"4,4’-dimethoxytetraphenylmethane",COc4ccc(C(c1ccccc1)(c2ccccc2)c3ccc(OC)cc3)cc4,cho,380.48699999999997,380.394,0.00024442359397292,0,29,0,0,0,False,0
V3,0,81,0.06627027690410614,0.4403490126132965,n-butylacetate,CCCCOC(=O)C,cho,116.16,116.11200000000001,0.00041322314049574427,0,8,0,0,0,False,0
V3,0,86,0.006714059505611658,0.033529795706272125,"1,3-butanediol",CC(CCO)O,cho,90.122,90.12,2.2192139544130463e-05,0,6,0,0,0,False,0
V3,0,93,0.014069569297134876,0.050820447504520416,ursodeoxycholic acid,CC(CCC(=O)O)C1CCC2C1(CCC3C2C(CC4C3(CCC(C4)O)C)O)C,cho,392.58,392.542,9.679555759334324e-05,0,28,0,0,0,False,0
V3,0,95,0.01952912099659443,0.2688329219818115,cholic acid,CC(CCC(=O)O)C1CCC2C1(C(CC3C2C(CC4C3(CCC(C4)O)C)O)O)C,cho,408.579,408.54200000000003,9.055776239108582e-05,0,29,0,0,0,False,0
V3,0,100,0.023832054808735847,0.31336909532546997,dehydrocholic acid,CC(CCC(=O)O)C1CCC2C1(C(=O)CC3C2C(=O)CC4C3(CCC(=O)C4)C)C,cho,402.531,403.394,-0.002143934255995239,0,29,0,0,0,False,0
V3,0,103,0.01903708465397358,0.4671116769313812,aspirin,CC(=O)OC1=CC=CC=C1C(=O)O,cho,180.159,180.09200000000004,0.00037189371610601984,0,13,0,0,0,False,0
V3,0,111,0.008380664512515068,0.05697173997759819,2-octanol,CCCCCCC(C)O,cho,130.231,130.22400000000002,5.37506430878798e-05,0,9,0,0,0,False,0
V3,0,115,0.019364338368177414,0.03077983297407627,2-methyl-2-propanol,CC(C)(C)O,cho,74.12299999999999,74.12,4.04732674066377e-05,0,5,0,0,0,False,0
V3,0,117,0.007042875047773123,0.048549771308898926,2-methyl-2-heptanol,CCCCCC(C)(C)O,cho,130.231,130.22400000000002,5.37506430878798e-05,0,9,0,0,0,False,0
V3,0,125,0.01381297130137682,0.0711294412612915,methylethylketone,CCC(=O)C,cho,72.107,72.06000000000002,0.0006518091170064633,0,5,0,0,0,False,0
V3,0,132,0.054330479353666306,0.3627711236476898,3-methoxy-1-butanol,CC(CCO)OC,cho,104.149,104.112,0.0003552602521388337,0,7,0,0,0,False,0
V3,0,134,0.0036340963561087847,0.03815581277012825,2-methyl-1-butanol,CCC(C)CO,cho,88.14999999999999,88.146,4.537719795794093e-05,0,6,0,0,0,False,0
V3,0,137,0.0033508031629025936,0.02624247968196869,4-methyl-2-pentanol,CC(C)CC(C)O,cho,102.17699999999999,102.172,4.8934691760371685e-05,0,7,0,0,0,False,0
V3,0,139,0.003687401069328189,0.02163221314549446,3-methyl-4-hexanol,CCC(C)C(CC)O,cho,116.204,116.198,5.1633334480771786e-05,0,8,0,0,0,False,0
V3,0,144,0.004178219940513372,0.03070063516497612,2-methyl-1-heptanol,CCCCCC(C)CO,cho,130.231,130.22400000000002,5.37506430878798e-05,0,9,0,0,0,False,0
V3,0,151,0.007979328744113445,0.1273307204246521,"1,5-hexanediol",CC(CCCCO)O,cho,118.176,118.172,3.384782020043886e-05,0,8,0,0,0,False,0
V3,0,152,0.007519898004829884,0.1172155886888504,iso-eugenol,CC=CC1=CC(=C(C=C1)O)OC,cho,164.204,164.108,0.0005846386202529308,0,12,0,0,0,False,0
V3,0,157,0.01100801769644022,0.04881618171930313,cycloheptanol,C1CCCC(CC1)O,cho,114.18799999999999,114.182,5.254492591155735e-05,0,8,0,0,0,False,0
V3,0,166,0.006513710133731365,0.03493712469935417,"2,2-dimethyl-1-hexanol",CCCCC(C)(C)CO,cho,130.231,130.22400000000002,5.37506430878798e-05,0,9,0,0,0,False,0
V3,0,178,0.004160040058195591,0.028798172250390053,n-butanol,CCCCO,cho,74.12299999999999,74.11999999999999,4.047326740685975e-05,0,5,0,0,0,False,0
V3,0,186,0.014260342344641685,0.10087645053863525,"2,4,6-trimethylheptane",CC(C)CC(C)CC(C)C,cho,142.286,142.276,7.028098337147348e-05,0,10,0,0,0,False,0
V3,0,194,0.019917627796530724,0.07545164972543716,pinic acid,CC1(C(CC1C(=O)O)CC(=O)O)C,cho,186.207,186.166,0.00022018506286014539,0,13,0,0,0,False,0
V3,0,198,0.004058015067130327,0.1068381667137146,"1,2,7-heptanetriol",C(CCC(CO)O)CCO,cho,148.202,148.198,2.6990189066156134e-05,0,10,0,0,0,False,0
V3,0,226,0.16055983304977417,0.4435272812843323,acetaldehyd,CC=O,cho,44.053,44.034000000000006,0.0004312986629739779,0,3,0,0,0,False,0
V3,0,229,0.013627344742417336,0.06648711860179901,1-naphthylamine,C1=CC=C2C(=C1)C=CC=C2N,bimog_n_only,143.189,127.15600000000002,0.11197089161876939,1,11,0,0,1,True,1
V3,0,235,0.1217307299375534,1.0032446384429932,4-nitroaniline,C1=CC(=CC=C1N)[N+](=O)[O-],bimog_n_only,138.126,122.082,0.11615481516875903,1,10,0,0,2,True,1
V3,0,237,0.09339020401239395,0.9986120462417603,2-nitroaniline,C1=CC=C(C(=C1)N)[N+](=O)[O-],bimog_n_only,138.126,122.082,0.11615481516875903,1,10,0,0,2,True,1
V3,0,238,0.11852002143859863,1.0107958316802979,3-nitroaniline,C1=CC(=CC(=C1)[N+](=O)[O-])N,bimog_n_only,138.126,122.082,0.11615481516875903,1,10,0,0,2,True,1
V3,0,250,0.04506012052297592,0.2676951587200165,nialamide,C1=CC=C(C=C1)CNC(=O)CCNNC(=O)C2=CC=NC=C2,bimog_n_only,298.346,270.182,0.09440046120946821,2,22,0,0,4,True,2
V3,0,256,0.04434434324502945,0.5734850764274597,antipyrine,CC1=CC(=O)N(N1C)C2=CC=CC=C2,bimog_n_only,188.23,161.196,0.14362216437337294,2,14,0,0,2,True,2
V3,0,261,0.011407187208533287,0.3433784544467926,hexobarbital,CC1(C(=O)NC(=O)N(C1=O)C)C2=CCCCC2,bimog_n_only,236.271,210.21,0.11030130655052872,2,17,0,0,2,True,2
V3,0,264,0.017849240452051163,0.09006676077842712,dimethyl acetamide,CC(=O)N(C)C,bimog_n_only,87.122,73.06800000000001,0.16131401942104162,1,6,0,0,1,True,1
V3,0,282,0.11187346279621124,0.978732705116272,2-chloro-4-nitroaniline,C1=CC(=C(C=C1[N+](=O)[O-])Cl)N,bimog_n_and_hal,172.571,121.07400000000001,0.29841050929762236,2,11,1,0,2,True,1
V3,0,288,0.009676717221736908,0.03774140402674675,o-fluoroaniline,C1=CC=C(C(=C1)N)F,bimog_n_and_hal,111.119,76.09200000000001,0.3152206193360271,2,8,1,0,1,True,1
V3,0,293,0.014873744919896126,0.0926920622587204,flufenamic acid,C1=CC=C(C(=C1)C(=O)O)NC2=CC=CC(=C2)C(F)(F)F,bimog_n_and_hal,281.233,209.194,0.2561541497619412,4,20,3,0,1,True,1
V3,0,298,0.03145013004541397,0.42668119072914124,indomethacin,CC1=C(C2=C(N1C(=O)C3=CC=C(C=C3)Cl)C=CC(=C2)OC)CC(=O)O,bimog_n_and_hal,357.793,309.256,0.13565665063318744,2,25,1,0,1,True,1
V3,0,301,0.02374984696507454,0.30566632747650146,sulphathiazole,C1=CC(=CC=C1N)S(=O)(=O)NC2=NC=CS2,bimog_n_only,255.32399999999998,172.138,0.3258056430261158,5,16,0,2,3,True,5
V3,0,302,0.04028860479593277,0.684429407119751,sulphadimethoxine,COC1=NC(=NC(=C1)NS(=O)(=O)C2=CC=C(C=C2)N)OC,bimog_n_only,310.335,245.14,0.2100794302930704,5,21,0,1,4,True,5
V3,0,307,0.016604315489530563,0.13649603724479675,"n-(s-1-naphthylethyl)-2,2’-diphenic imide",CC(c2ccc1ccccc1c2)n5c(=O)c3ccccc3c4ccccc4c5=O,bimog_n_only,377.443,361.36,0.042610407399262806,1,29,0,0,1,True,1
V3,0,311,0.01989142969250679,0.2781650125980377,n-(r-1-phenylethyl)-3-nitrophthalimide,CC(c1ccccc1)n3c(=O)c2cccc(N(=O)=O)c2c3=O,bimog_n_only,296.282,280.194,0.05429961995666277,1,22,0,0,2,True,1
V3,0,315,0.0275415126234293,0.2885723114013672,"1,3-dinitro-4,6-bis-(r-l’-phenylethylamino)benzene",CC(Nc2cc(NC(C)c1ccccc1)c(N(=O)=O)cc2N(=O)=O)c3ccccc3,bimog_n_only,406.442,406.324,0.000290324326718161,0,30,0,0,4,False,0
V3,0,321,0.04881088435649872,1.2293426990509033,n-(1-phenylethyl)-n’-(p-nitrophenyl)urea,CC(NC(=O)Nc1ccc(N(=O)=O)cc1)c2ccccc2,bimog_n_only,285.303,271.216,0.04937557614185617,1,21,0,0,3,True,1
V3,0,326,0.023557983338832855,0.6639072895050049,anilinephthalein,Nc4ccc(C3(c1ccc(N)cc1)OC(=O)c2ccccc23)cc4,bimog_n_only,316.36,286.27600000000007,0.09509419648501694,2,24,0,0,2,True,2
V3,0,330,0.08026939630508423,1.5072108507156372,budesonide,CCCC1OC2CC3C4CCC5=CC(=O)C=CC5(C4C(CC3(C2(O1)C(=O)CO)C)O)C,cho,430.541,432.4120000000001,-0.0043456952996348,0,31,0,0,0,False,0
V3,0,332,0.014418420381844044,0.37308821082115173,hydrocortisone,CC12CCC(=O)C=C1CCC3C2C(CC4(C3CCC4(C(=O)CO)O)C)O,cho,362.466,362.3780000000001,0.0002427813919095856,0,26,0,0,0,False,0
V3,0,338,0.013592034578323364,0.07936854660511017,ibuprofen,CC(C)CC1=CC=C(C=C1)C(C)C(=O)O,cho,206.285,206.256,0.00014058220423196488,0,15,0,0,0,False,0
V3,0,346,0.02148526906967163,0.24817924201488495,Pimozide,C1CN(CCC1N2C3=CC=CC=C3NC2=O)CCCC(C4=CC=C(C=C4)F)C5=CC=C(C=C5)F,bimog_n_and_hal,461.556,381.494,0.173461075145811,5,34,2,0,3,True,3
V3,0,363,0.022884685546159744,0.26101240515708923,Nilutamide,CC1(C(=O)N(C(=O)N1)C2=CC(=C(C=C2)[N+](=O)[O-])C(F)(F)F)C,bimog_n_and_hal,317.223,249.15200000000002,0.2145840623157842,4,22,3,0,3,True,1
V3,0,365,0.026362698525190353,0.2809465825557709,Miconazole,C1=CC(=C(C=C1Cl)Cl)COC(CN2C=CN=C2)C3=C(C=C(C=C3)Cl)Cl,bimog_n_and_hal,416.135,246.2928,0.40814206928040175,6,25,4,0,2,True,2
V3,1,0,0.029511388391256332,0.24170899391174316,glucose,C(C1C(C(C(C(O1)O)O)O)O)O,cho,180.156,180.13800000000003,9.991340837922635e-05,0,12,0,0,0,False,0
V3,1,7,0.02305879443883896,0.04605966806411743,n-propanol,CCCO,cho,60.096,60.093999999999994,3.328008519709602e-05,0,4,0,0,0,False,0
V3,1,11,0.026203084737062454,0.23981571197509766,maltitol,C(C1C(C(C(C(O1)OC(C(CO)O)C(C(CO)O)O)O)O)O)O,cho,344.313,344.276,0.00010746036309983165,0,23,0,0,0,False,0
V3,1,15,0.007865151390433311,0.03268904983997345,n-pentanol,CCCCCO,cho,88.14999999999999,88.146,4.537719795794093e-05,0,6,0,0,0,False,0
V3,1,20,0.044062480330467224,0.35840147733688354,dimethylphthalat,O=C(OC)c1ccccc1C(=O)OC,cho,194.186,196.092,-0.009815331692295093,0,14,0,0,0,False,0
V3,1,31,0.030451610684394836,0.277346670627594,n-buten,C=CCC,cho,56.108,56.104,7.129108148562491e-05,0,4,0,0,0,False,0
V3,1,36,0.014333498664200306,0.032762136310338974,propylbenzene,CCCC1=CC=CC=C1,cho,120.195,120.18600000000002,7.487832272534689e-05,0,9,0,0,0,False,0
V3,1,38,0.008795885369181633,0.057100117206573486,n-hexylbenzene,CCCCCCC1=CC=CC=C1,cho,162.27599999999998,162.26399999999998,7.394808844196632e-05,0,12,0,0,0,False,0
V3,1,46,0.005409801844507456,0.04132393002510071,sec-butylcyclohexane,CCC(C)C1CCCCC1,cho,140.26999999999998,140.26,7.129108148562491e-05,0,10,0,0,0,False,0
V3,1,48,0.006551041267812252,0.05421546846628189,n-pentylcyclohexane,CCCCCC1CCCCC1,cho,154.297,154.28599999999997,7.129108148584695e-05,0,11,0,0,0,False,0
V3,1,52,0.017691075801849365,0.16011151671409607,cis-2-octene,CCCCCC=CC,cho,112.216,112.172,0.00039210094817132557,0,8,0,0,0,False,0
V3,1,53,0.010721663944423199,0.06392620503902435,3-methylhexane,CCCC(C)CC,cho,100.205,100.19800000000001,6.985679357307539e-05,0,7,0,0,0,False,0
V3,1,60,0.048768043518066406,0.10382260382175446,guajacol,COC1=CC=CC=C1O,cho,124.139,124.082,0.00045916271276558174,0,9,0,0,0,False,0
V3,1,64,0.009007277898490429,0.39072173833847046,naphthylsalyciate,C1=CC=C2C(=C1)C=CC=C2OC(=O)C3=CC=CC=C3O,cho,264.28,279.26480000000004,-0.05670046919933425,0,20,0,0,0,False,0
V3,1,67,0.04229677841067314,0.422456830739975,methyl(s)(-)lactate,CC(C(=O)OC)O,cho,104.105,105.07600000000001,-0.009327121656020454,0,7,0,0,0,False,0
V3,1,68,0.018324146047234535,0.5304384231567383,(s)-glycerol acetonate,CC1(OCC(O1)CO)C,cho,132.159,132.1388,0.00015284619284339218,0,9,0,0,0,False,0
V3,1,72,0.013177653774619102,0.0910569280385971,4-(1-idianyl)phenol,C1CC2=CC=CC=C2C1C3=CC=C(C=C3)O,cho,210.27599999999998,210.24400000000003,0.00015218094314117803,0,16,0,0,0,False,0
V3,1,74,0.06957565248012543,0.9445024728775024,salicin,C1=CC=C(C(=C1)CO)OC2C(C(C(C(O2)CO)O)O)O,cho,286.28,286.238,0.00014670951515993735,0,20,0,0,0,False,0
V3,1,77,0.02541639842092991,0.28450170159339905,3-pentadecylcyclohexanone,CCCCCCCCCCCCCCCC1CCCC(=O)C1,cho,308.55,308.49399999999997,0.000181494085237488,0,22,0,0,0,False,0
V3,1,82,0.03939739987254143,0.21360811591148376,camphor,CC1(C2CCC1(C(=O)C2)C)C,cho,152.237,152.192,0.0002955917418234755,0,11,0,0,0,False,0
V3,1,83,0.008680552244186401,0.07118381559848785,dibutylphthalat,CCCCOC(=O)C1=CC=CC=C1C(=O)OCCCC,cho,278.348,280.3176,-0.007076034316754631,0,20,0,0,0,False,0
V3,1,84,0.010811761021614075,0.052578140050172806,o-cresol,CC1=CC=CC=C1O,cho,108.14,108.11600000000001,0.0002219345293137387,0,8,0,0,0,False,0
V3,1,85,0.01207135058939457,0.20090918242931366,isopropranol,CC(C)O,cho,60.096,60.093999999999994,3.328008519709602e-05,0,4,0,0,0,False,0
V3,1,87,0.009640991687774658,0.05305168777704239,"2,3-butanediol",CC(C(C)O)O,cho,90.122,90.12,2.2192139544130463e-05,0,6,0,0,0,False,0
V3,1,94,0.004811996128410101,0.05226656049489975,deoxycholic acid,CC(CCC(=O)O)C1CCC2C1(C(CC3C2CCC4C3(CCC(C4)O)C)O)C,cho,392.58,392.542,9.679555759334324e-05,0,28,0,0,0,False,0
V3,1,96,0.05547718331217766,0.259942889213562,lactose,C(C1C(C(C(C(O1)OC(C(CO)O)C(C(C=O)O)O)O)O)O)O,cho,342.297,342.242,0.0001606791762709392,0,23,0,0,0,False,0
V3,1,97,0.005738189909607172,0.07189594209194183,diethylhexylphthalat,O=C(OCC(CC)CCCC)C1=CC=CC=C1C(OCC(CC)CCCC)=O,cho,390.56399999999996,392.5256,-0.0050224803105254345,0,28,0,0,0,False,0
V3,1,101,0.014437630772590637,0.08738501369953156,cellobiose,C(C1C(C(C(C(O1)OC2C(OC(C(C2O)O)O)CO)O)O)O)O,cho,342.297,342.242,0.0001606791762709392,0,23,0,0,0,False,0
V3,1,104,0.0050527192652225494,0.09966833889484406,methyltestosterone,CC12CCC(=O)C=C1CCC3C2CCC4(C3CCC4(C)O)C,cho,302.45799999999997,302.40400000000005,0.0001785371853278983,0,22,0,0,0,False,0
V3,1,112,0.008631668984889984,0.03442108631134033,4-hetpanol,CCCC(CCC)O,cho,116.204,116.198,5.1633334480771786e-05,0,8,0,0,0,False,0
V3,1,119,0.007956881076097488,0.03146345168352127,6-methyl-3-heptanol,CCC(CCC(C)C)O,cho,130.231,130.22400000000002,5.37506430878798e-05,0,9,0,0,0,False,0
V3,1,124,0.017679104581475258,0.12429211288690567,acetone,CC(=O)C,cho,58.08,58.034,0.0007920110192837226,0,4,0,0,0,False,0
V3,1,128,0.026822444051504135,0.06399937719106674,benzaldehyde,C1=CC=C(C=C1)C=O,cho,106.124,106.1,0.00022615054087671282,0,8,0,0,0,False,0
V3,1,130,0.08659034222364426,1.7448116540908813,"1,3,5-trinaphthylbenzene",C1=CC=C2C(=C1)C=CC=C2C3=CC(=CC(=C3)C4=CC=CC5=CC=CC=C54)C6=CC=CC7=CC=CC=C76,cho,456.58799999999997,456.5520000000001,7.884569896687843e-05,0,36,0,0,0,False,0
V3,1,131,0.010923260822892189,0.09735570847988129,decalin,C1CCC2CCCCC2C1,cho,138.254,138.244,7.233063781153515e-05,0,10,0,0,0,False,0
V3,1,135,0.009680957533419132,0.03261367231607437,2-ethyl-1-butanol,CCC(CC)CO,cho,102.17699999999999,102.172,4.8934691760371685e-05,0,7,0,0,0,False,0
V3,1,136,0.009620975703001022,0.029626671224832535,3-methyl-2-pentanol,CCC(C)C(C)O,cho,102.17699999999999,102.172,4.8934691760371685e-05,0,7,0,0,0,False,0
V3,1,143,0.008870212361216545,0.026091331616044044,4-methyl-1-heptanol,CCCC(C)CCCO,cho,130.231,130.22400000000002,5.37506430878798e-05,0,9,0,0,0,False,0
V3,1,147,0.013502839021384716,0.03868710994720459,isopropylbenzene,CC(C)C1=CC=CC=C1,cho,120.195,120.18600000000002,7.487832272534689e-05,0,9,0,0,0,False,0
V3,1,150,0.008345996960997581,0.07007197290658951,"1,2-pentanediol",CCCC(CO)O,cho,104.149,104.14599999999999,2.8804885308653105e-05,0,7,0,0,0,False,0
V3,1,159,0.010329713113605976,0.03887389227747917,"2,3-dimethylbutane",CC(C)C(C)C,cho,86.178,86.172,6.962333774285234e-05,0,6,0,0,0,False,0
V3,1,162,0.014207554049789906,0.10082203149795532,cis-2-heptene,CCCCC=CC,cho,98.189,98.14600000000002,0.0004379309291262512,0,7,0,0,0,False,0
V3,1,163,0.009124785661697388,0.02461932972073555,2-methyl-1-pentanol,CCCC(C)CO,cho,102.17699999999999,102.172,4.8934691760371685e-05,0,7,0,0,0,False,0
V3,1,167,0.007451324723660946,0.030786162242293358,2-hexanol,CCCCC(C)O,cho,102.17699999999999,102.172,4.8934691760371685e-05,0,7,0,0,0,False,0
V3,1,169,0.009358148090541363,0.03717253729701042,3-heptanol,CCCCC(CC)O,cho,116.204,116.198,5.1633334480771786e-05,0,8,0,0,0,False,0
V3,1,170,0.005790357477962971,0.0378715917468071,2-heptanol,CCCCCC(C)O,cho,116.204,116.198,5.1633334480771786e-05,0,8,0,0,0,False,0
V3,1,171,0.005742962472140789,0.043573714792728424,4-nonanol,CCCCCC(CCC)O,cho,144.25799999999998,144.25000000000003,5.5456196536463054e-05,0,10,0,0,0,False,0
V3,1,174,0.009434161707758904,0.022741392254829407,2-methyl-2-hexanol,CCCCC(C)(C)O,cho,116.204,116.198,5.1633334480771786e-05,0,8,0,0,0,False,0
V3,1,182,0.007511954754590988,0.02789306640625,n-octanol,CCCCCCCCO,cho,130.231,130.22400000000002,5.37506430878798e-05,0,9,0,0,0,False,0
V3,1,193,0.06934665143489838,0.5282677412033081,trans-beta-iepox,CC1(CO)OC1CO,cho,118.132,118.112,0.0001693021365930525,0,8,0,0,0,False,0
V3,1,195,0.008673099800944328,0.03292112424969673,"2,4-dimethyl-3-pentanol",CC(C)C(C(C)C)O,cho,116.204,116.198,5.1633334480771786e-05,0,8,0,0,0,False,0
V3,1,196,0.01048502791672945,0.04888421297073364,erythritol,C(C(C(CO)O)O)O,cho,122.12,122.12,0.0,0,8,0,0,0,False,0
V3,1,205,0.0357399508357048,0.38905173540115356,isomalt,C(C1C(C(C(C(O1)OCC(C(C(C(CO)O)O)O)O)O)O)O)O,cho,344.313,344.2948,5.285888130857064e-05,0,23,0,0,0,False,0
V3,1,206,0.04042862728238106,1.3083446025848389,isomaltulose,C(C1C(C(C(C(O1)OCC(C(C(C(=O)CO)O)O)O)O)O)O)O,cho,342.297,343.25079999999997,-0.002786469060494179,0,23,0,0,0,False,0
V3,1,207,0.05810181051492691,0.2924436032772064,kojibiose,C(C1C(C(C(C(O1)OC(C=O)C(C(C(CO)O)O)O)O)O)O)O,cho,342.297,342.242,0.0001606791762709392,0,23,0,0,0,False,0
V3,1,208,0.012349357828497887,0.062128711491823196,lactulose,C(C1C(C(C(C(O1)OC2C(OC(C2O)(CO)O)CO)O)O)O)O,cho,342.297,342.242,0.0001606791762709392,0,23,0,0,0,False,0
V3,1,215,0.041285812854766846,0.8696988821029663,nystose,C(C1C(C(C(C(O1)OC2(C(C(C(O2)CO)O)O)COC3(C(C(C(O3)CO)O)O)COC4(C(C(C(O4)CO)O)O)CO)O)O)O)O,cho,666.579,666.4875999999999,0.00013711803102112174,0,45,0,0,0,False,0
V3,1,216,0.029723161831498146,0.48599973320961,raffinose,C(C1C(C(C(C(O1)OCC2C(C(C(C(O2)OC3(C(C(C(O3)CO)O)O)CO)O)O)O)O)O)O)O,cho,504.438,504.36480000000006,0.00014511198601196984,0,34,0,0,0,False,0
V3,1,218,0.061708807945251465,0.7732332944869995,sorbose,C(C(C(C(C(=O)CO)O)O)O)O,cho,180.156,181.12800000000001,-0.005395324052487993,0,12,0,0,0,False,0
V3,1,219,0.030941734090447426,0.9160022735595703,stachyose,C(C1C(C(C(C(O1)OCC2C(C(C(C(O2)OCC3C(C(C(C(O3)OC4(C(C(C(O4)CO)O)O)CO)O)O)O)O)O)O)O)O)O)O,cho,666.579,666.4876,0.0001371180310208997,0,45,0,0,0,False,0
V3,1,220,0.02039130963385105,0.8517664670944214,turanose,C(C1C(C(C(C(O1)OC(C(C(CO)O)O)C(=O)CO)O)O)O)O,cho,342.297,343.23199999999997,-0.002731545996605078,0,23,0,0,0,False,0
V3,1,225,0.021549712866544724,0.12582612037658691,4-methylcyclohexen,CC1CCC=CC1,cho,96.173,96.13,0.00044711093550175995,0,7,0,0,0,False,0
V3,1,232,0.01669883541762829,0.07246805727481842,triethylamine,CCN(CC)CC,bimog_n_only,101.193,87.18,0.13847795796151896,1,7,0,0,1,True,1
V3,1,239,0.03268573433160782,0.20494265854358673,4-methoxyaniline,COC1=CC=C(C=C1)N,bimog_n_only,123.155,107.09200000000001,0.13042913401810718,1,9,0,0,1,True,1
V3,1,242,0.027718722820281982,0.17641623318195343,piperine,C1CCN(CC1)C(=O)C=CC=CC2=CC3=C(C=C2)OCO3,bimog_n_only,285.34299999999996,272.2416,0.045914565978488864,1,21,0,0,1,True,1
V3,1,246,0.011362048797309399,0.12762030959129333,propyl n-phenylcarbamate,CCCOC(=O)NC1=CC=CC=C1,bimog_n_only,179.219,165.1868,0.07829638598586086,1,13,0,0,1,True,1
V3,1,253,0.046329062432050705,0.9728221893310547,nitrendipine,CCOC(=O)C1=C(NC(=C(C1C2=CC(=CC=C2)[N+](=O)[O-])C(=O)OC)C)C,bimog_n_only,360.366,349.28200000000004,0.030757618643268092,1,26,0,0,2,True,1
V3,1,259,0.009136801585555077,0.034074246883392334,pentobarbital,CCCC(C)C1(C(=O)NC(=O)NC1=O)CC,bimog_n_only,226.27599999999998,199.208,0.11962382223479284,2,16,0,0,2,True,2
V3,1,260,0.012092445977032185,0.35632455348968506,atropine,CN1C2CCC1CC(C2)OC(=O)C(CO)C3=CC=CC=C3,bimog_n_only,289.375,276.326,0.04509373650107984,1,21,0,0,1,True,1
V3,1,265,0.01046513020992279,0.024448668584227562,1-bromobutane,CCCCBr,bimog_hal_only,137.01999999999998,57.112,0.5831849365056195,1,5,1,0,0,True,0
V3,1,269,0.04099093750119209,0.14564767479896545,9-bromophenanthrene,C1=CC=C2C(=C1)C=C(C3=CC=CC=C23)Br,bimog_hal_only,257.13,177.21200000000002,0.3108077626103527,1,15,1,0,0,True,0
V3,1,270,0.008113598451018333,0.07826743274927139,bromobenzene,C1=CC=C(C=C1)Br,bimog_hal_only,157.01,77.10000000000001,0.5089484746194509,1,7,1,0,0,True,0
V3,1,274,0.011574561707675457,0.02858661487698555,isobutylchloride,CC(C)CCl,bimog_hal_only,92.569,57.112,0.3830331968585595,1,5,1,0,0,True,0
V3,1,276,0.009820310398936272,0.043564505875110626,m-fluorotoluene,CC1=CC(=CC=C1)F,bimog_hal_only,110.131,91.12600000000002,0.17256721540710596,1,8,1,0,0,True,0
V3,1,278,0.04073916748166084,0.15338444709777832,hydrochloro-thiazide,C1NC2=CC(=C(C=C2S(=O)(=O)N1)S(=O)(=O)N)Cl,bimog_n_and_hal,297.745,219.07600000000002,0.26421602377873676,5,17,1,2,3,True,4
V3,1,286,0.016033509746193886,0.03562850505113602,3-chloroaniline,C1=CC(=CC(=C1)Cl)N,bimog_n_and_hal,127.574,76.09200000000001,0.4035461771207298,2,8,1,0,1,True,1
V3,1,290,0.05849397927522659,0.717602550983429,ethacrynic acid,CCC(=C)C(=O)C1=C(C(=C(C=C1)OCC(=O)O)Cl)Cl,bimog_hal_only,303.141,233.1628,0.23084373278441384,2,19,2,0,0,True,0
V3,1,291,0.0257160272449255,0.14981384575366974,tolbutamide,CCCCNC(=O)NS(=O)(=O)C1=CC=C(C=C1)C,bimog_n_only,270.354,222.16,0.17826257425449588,2,18,0,1,2,True,2
V3,1,292,0.012382875196635723,0.2412390261888504,tolnaftate,CC1=CC(=CC=C1)N(C)C(=S)OC2=CC3=CC=CC=C3C=C2,bimog_n_only,307.418,263.34280000000007,0.14337221633085873,2,22,0,1,1,True,2
V3,1,295,0.06168636679649353,0.19478009641170502,chloramphenicol,C1=CC(=CC=C1C(C(CO)NC(=O)C(Cl)Cl)O)[N+](=O)[O-],bimog_n_and_hal,323.132,253.14200000000002,0.21659878934924426,2,20,2,0,2,True,0
V3,1,300,0.04472069814801216,0.24977287650108337,felodipine,CCOC(=O)C1=C(NC(=C(C1C2=C(C(=CC=C2)Cl)Cl)C(=O)OC)C)C,bimog_n_and_hal,384.259,302.284,0.21333267405578016,3,25,2,0,1,True,1
V3,1,303,0.008662899024784565,0.08512108027935028,chlorobenzene,C1=CC=C(C=C1)Cl,bimog_hal_only,112.559,77.10000000000001,0.31502589752929566,1,7,1,0,0,True,0
V3,1,312,0.03241274505853653,0.20128166675567627,"4-acetamido-n-(2’,4’-dimethylphenyl)-1,8naphthalimide",CC(=O)Nc2ccc4c(=O)n(c1ccc(C)cc1C)c(=O)c3cccc2c34,bimog_n_only,358.397,325.24399999999997,0.09250356448296171,2,27,0,0,2,True,2
V3,1,318,0.042955122888088226,1.3846182823181152,1’-(ethoxycarbonyl)ethyl-2-methyl-4-nitrophenylurethane,CCOC(=O)CCC(C(=O)OCC)c1ccc(N(=O)=O)cc1C,bimog_n_only,323.34499999999997,324.25399999999996,-0.0028112387697349916,0,23,0,0,1,False,0
V3,1,323,0.03015759214758873,0.25650709867477417,n-(2-tetrahydropyryl)saccharin,O=C2c1ccccc1S(=O)(=O)C2C3CCCOC3,bimog_n_only,266.318,234.17079999999999,0.12070982810024111,1,18,0,1,0,True,1
V3,1,327,0.011402018368244171,0.09228332340717316,"2,2,2-tris(chloromethyl)ethyl-p-nitrophenylurethane",O=C(Nc1ccc(N(=O)=O)cc1)OCC(CCl)(CCl)CCl,bimog_n_and_hal,355.605,235.1968,0.3386009758018026,4,21,3,0,2,True,1
V3,1,328,0.02960679866373539,0.32349449396133423,"2,2,3,3-tetrafluoropropyl-p-nitrophenylurethane",O=C(Nc1ccc(N(=O)=O)cc1)OCC(F)(F)C(F)F,bimog_n_and_hal,296.176,206.1368,0.30400572632488787,5,20,4,0,2,True,1
V3,1,336,0.028099000453948975,0.5638694763183594,simvastatin,CCC(C)(C)C(=O)OC1CC(C=C2C1C(C(C=C2)C)CCC3CC(CC(=O)O3)O)C,cho,418.57399999999996,420.462,-0.0045105524948994,0,30,0,0,0,False,0
V3,1,339,0.01297855656594038,0.4901614189147949,ketoprofen,CC(C1=CC(=CC=C1)C(=O)C2=CC=CC=C2)C(=O)O,cho,254.285,255.24400000000003,-0.003771358908311706,0,19,0,0,0,False,0
V3,1,347,0.10460676997900009,1.5834407806396484,Zolmitriptan,CN(C)CCC1=CNC2=C1C=C(C=C2)CC3COC(=O)N3,bimog_n_only,287.363,259.2848,0.09770986522273217,2,21,0,0,3,True,2
V3,1,349,0.04591669887304306,1.1110255718231201,Nifedipine,CC1=C(C(C(=C(N1)C)C(=O)OC)C2=CC=CC=C2[N+](=O)[O-])C(=O)OC,bimog_n_only,346.339,335.256,0.03200043887636106,1,25,0,0,2,True,1
V3,1,352,0.02203495241701603,0.2607911229133606,Clemastine,CC(C1=CC=CC=C1)(C2=CC=C(C=C2)Cl)OCCC3CCCN3C,bimog_n_and_hal,343.89799999999997,294.41880000000003,0.14387754508604278,2,24,1,0,1,True,1
V3,1,354,0.02313237264752388,0.10991902649402618,Bifonazole,C1=CC=C(C=C1)C2=CC=C(C=C2)C(C3=CC=CC=C3)N4C=CN=C4,bimog_n_only,310.4,282.364,0.09032216494845358,2,24,0,0,2,True,2
V3,1,355,0.029256176203489304,0.2924540936946869,Cinnarizine,C1CN(CCN1CC=CC2=CC=CC=C2)C(C3=CC=CC=C3)C4=CC=CC=C4,bimog_n_only,368.524,340.44800000000004,0.07618499744928409,2,28,0,0,2,True,2
V3,1,357,0.019242238253355026,0.4510478377342224,Tamoxifen,CCC(=C(C1=CC=CC=C1)C2=CC=C(C=C2)OCCN(C)C)C3=CC=CC=C3,bimog_n_only,371.524,357.4928,0.0377666045800541,1,28,0,0,1,True,1
V3,1,358,0.037725817412137985,0.10227826982736588,Procaine,CCN(CC)CCOC(=O)C1=CC=C(C=C1)N,bimog_n_only,236.315,207.2648,0.12292998751666206,2,17,0,0,2,True,2
V3,1,4,0.013682613149285316,0.075831338763237,glycerol,OCC(O)CO,cho,92.094,92.09400000000001,-2.220446049250313e-16,0,6,0,0,0,False,0
V3,1,5,0.05547638610005379,0.29961761832237244,ribose,C1C(C(C(C(O1)O)O)O)O,cho,150.13,150.13080000000002,-5.328715113828153e-06,0,10,0,0,0,False,0
V3,1,6,0.016324074938893318,0.1986854374408722,ethanol,OCC,cho,46.069,46.068,2.1706570578983175e-05,0,3,0,0,0,False,0
V3,1,10,0.026230106130242348,0.4775087237358093,phenolphthalein,O=C1OC(C2=C1C=CC=C2)(C3=CC=C(C=C3)O[H])C4=CC=C(C=C4)O[H],cho,318.328,320.2560000000001,-0.006056645975220931,2,24,0,0,0,True,2
V3,1,23,0.00524781784042716,0.066256582736969,5-methyl-3-heptanol,CCC(C)CC(CC)O,cho,130.231,130.22400000000002,5.37506430878798e-05,0,9,0,0,0,False,0
V3,1,30,0.01463480293750763,0.12517470121383667,triphenylethene,C1=CC=C(C=C1)C=C(C2=CC=CC=C2)C3=CC=CC=C3,cho,256.34799999999996,256.328,7.801894299930279e-05,0,20,0,0,0,False,0
V3,1,40,0.008186395280063152,0.09190191328525543,tert-butyl-benzene,CC(C)(C)C1=CC=CC=C1,cho,134.22199999999998,134.212,7.450343460824183e-05,0,10,0,0,0,False,0
V3,1,41,0.009944979101419449,0.09687229245901108,3-methylheptane,CCCCC(C)CC,cho,114.232,114.224,7.003291547025281e-05,0,8,0,0,0,False,0
V3,1,69,0.07202669978141785,0.13678379356861115,(r)-nopol,CC1(C)[C@H]2CC=C(CCO)[C@@H]1C2,cho,166.26399999999998,166.25400000000002,6.0145311071346796e-05,0,12,0,0,0,False,0
V3,1,89,0.01681797206401825,0.288430392742157,mephenesin,CC1=CC=CC=C1OCC(CO)O,cho,182.219,182.21280000000002,3.402499190519048e-05,0,13,0,0,0,False,0
V3,1,90,0.03083641827106476,0.5383202433586121,estradiol-17b-cypionate,CC12CCC3C(C1CCC2OC(=O)CCC4CCCC4)CCC5=C3C=CC(=C5)O,cho,396.57099999999997,396.494,0.00019416447496145572,0,29,0,0,0,False,0
V3,1,99,0.0391128771007061,0.31997865438461304,diethylstilbestrol,CCC(=C(CC)C1=CC=C(C=C1)O)C2=CC=C(C=C2)O,cho,268.356,268.304,0.00019377245151974698,0,20,0,0,0,False,0
V3,1,107,0.014607938937842846,0.3686467707157135,ergocalciferol,CC(C)C(C)C=CC(C)C1CCC2C1(CCCC2=CC=C3CC(CCC3=C)O)C,cho,396.659,396.5600000000001,0.00024958465583757583,0,29,0,0,0,False,0
V3,1,113,0.008153200149536133,0.09410647302865982,4-decanol,CCCCCCC(CCC)O,cho,158.285,158.276,5.6859462362113256e-05,0,11,0,0,0,False,0
V3,1,118,0.013665673322975636,0.11717371642589569,4-methyl-4-heptanol,CCCC(C)(CCC)O,cho,130.231,130.22400000000002,5.37506430878798e-05,0,9,0,0,0,False,0
V3,1,126,0.024211451411247253,0.04513951763510704,methylisobutylketone,CC(C)CC(=O)C,cho,100.161,100.11200000000001,0.0004892123680872995,0,7,0,0,0,False,0
V3,1,129,0.032199133187532425,0.07872158288955688,acetophenone,CC(=O)C1=CC=CC=C1,cho,120.151,120.10000000000001,0.0004244658804336554,0,9,0,0,0,False,0
V3,1,133,0.006366792134940624,0.03646362945437431,"2,4-pentanediol",CC(CC(C)O)O,cho,104.149,104.14599999999999,2.8804885308653105e-05,0,7,0,0,0,False,0
V3,1,138,0.003397897584363818,0.035264622420072556,5-methyl-2-hexanol,CC(C)CCC(C)O,cho,116.204,116.198,5.1633334480771786e-05,0,8,0,0,0,False,0
V3,1,140,0.003934608772397041,0.06237166002392769,4-methyl-3-heptanol,CCCC(C)C(CC)O,cho,130.231,130.22400000000002,5.37506430878798e-05,0,9,0,0,0,False,0
V3,1,145,0.004796347580850124,0.06656613945960999,2-methyl-3-heptanol,CCCCC(C(C)C)O,cho,130.231,130.22400000000002,5.37506430878798e-05,0,9,0,0,0,False,0
V3,1,156,0.01027289405465126,0.05628324672579765,cyclohexanol,C1CCC(CC1)O,cho,100.161,100.15599999999999,4.991962939682182e-05,0,7,0,0,0,False,0
V3,1,158,0.007470032665878534,0.1047038584947586,cycloheptane,C1CCCCCC1,cho,98.189,98.182,7.129108148562491e-05,0,7,0,0,0,False,0
V3,1,160,0.13171713054180145,0.0943215936422348,1-phenyl-1-propanol,CCC(C1=CC=CC=C1)O,cho,136.194,136.186,5.873973890169193e-05,0,10,0,0,0,False,0
V3,1,173,0.007268105633556843,0.08043418079614639,2-methyl-2-pentanol,CCCC(C)(C)O,cho,102.17699999999999,102.17199999999998,4.893469176048271e-05,0,7,0,0,0,False,0
V3,1,175,0.0061558084562420845,0.0928175300359726,4-methy-4-octanol,CCCCC(C)(CCC)O,cho,144.25799999999998,144.25,5.54561965366851e-05,0,10,0,0,0,False,0
V3,1,179,0.020648984238505363,0.16681642830371857,xylose,C(C(C(C(C=O)O)O)O)O,cho,150.13,150.11200000000002,0.00011989609005513824,0,10,0,0,0,False,0
V3,1,184,0.009980722330510616,0.09760718047618866,"1,2,4-butanetriol",C(CO)C(CO)O,cho,106.121,106.12,9.42320558594556e-06,0,7,0,0,0,False,0
V3,1,185,0.03810916095972061,0.0585189089179039,benzene,C1=CC=CC=C1,cho,78.11399999999999,78.108,7.681081496258013e-05,0,6,0,0,0,False,0
V3,1,187,0.020655672997236252,0.17855417728424072,santonin,CC1C2CCC3(C=CC(=O)C(=C3C2OC1=O)C)C,cho,246.30599999999998,248.22,-0.00777082166086096,0,18,0,0,0,False,0
V3,1,200,0.019285207614302635,0.2093016654253006,"2-methyl-1,3-propanediol",CC(CO)CO,cho,90.122,90.12,2.2192139544130463e-05,0,6,0,0,0,False,0
V3,1,201,0.0027523431926965714,0.03861723467707634,3-methyl-2-butanol,CC(C)C(C)O,cho,88.14999999999999,88.146,4.537719795794093e-05,0,6,0,0,0,False,0
V3,1,203,0.015188699588179588,0.06920067220926285,"1,3-propanediol",C(CO)CO,cho,76.095,76.094,1.3141467901989223e-05,0,5,0,0,0,False,0
V3,1,210,0.02463187649846077,1.2693248987197876,maltoheptaose,C(C1C(C(C(C(O1)OC2C(OC(C(C2O)O)OC3C(OC(C(C3O)O)OC4C(OC(C(C4O)O)OC5C(OC(C(C5O)O)OC6C(OC(C(C6O)O)OC7C(OC(C(C7O)O)O)CO)CO)CO)CO)CO)CO)O)O)O)O,cho,1153.002,1152.7620000000002,0.00020815228421089405,0,78,0,0,0,False,0
V3,1,228,0.035967953503131866,0.22039127349853516,4-cyanoaniline,C1=CC(=CC=C1C#N)N,bimog_n_only,118.139,88.102,0.25425134798838656,2,9,0,0,2,True,2
V3,1,231,0.011693532578647137,0.10356517136096954,m-toluidine,CC1=CC(=CC=C1)N,bimog_n_only,107.15599999999999,91.12600000000002,0.14959498301541652,1,8,0,0,1,True,1
V3,1,236,0.02698604390025139,0.49340853095054626,4-nitro-1-naphthylamine,C1=CC=C2C(=C1)C(=CC=C2[N+](=O)[O-])N,bimog_n_only,188.18599999999998,172.138,0.08527733200131771,1,14,0,0,2,True,1
V3,1,240,0.054778359830379486,0.21526150405406952,cinchonine,C=CC1CN2CCC1CC2C(C3=CC=NC4=CC=CC=C34)O,bimog_n_only,294.39799999999997,266.36600000000004,0.09521803816601992,2,22,0,0,2,True,2
V3,1,241,0.024924997240304947,1.0805107355117798,brucine,COC1=C(C=C2C(=C1)C34CCN5C3CC6C7C4N2C(=O)CC7OCC=C6C5)OC,bimog_n_only,394.471,366.33480000000003,0.07132640929244471,2,29,0,0,2,True,2
V3,1,243,0.03426273539662361,0.29166436195373535,benzyl n-phenylcarbamate,C1=CC=C(C=C1)COC(=O)NC2=CC=CC=C2,bimog_n_only,227.26299999999998,213.2268,0.06176192341032183,1,17,0,0,1,True,1
V3,1,249,0.10767640918493271,1.702379584312439,eserine,CC12CCN(C1N(C3=C2C=C(C=C3)OC(=O)NC)C)C,bimog_n_only,275.352,249.2748,0.09470495947006008,2,20,0,0,3,True,2
V3,1,251,0.040572840720415115,0.3639949858188629,acetaminophen,CC(=O)NC1=CC=C(C=C1)O,bimog_n_only,151.165,136.08200000000002,0.09977838785433113,1,11,0,0,1,True,1
V3,1,255,0.049983590841293335,0.642416775226593,quinidine,COC1=CC2=C(C=CN=C2C=C1)C(C3CC4CCN3CC4C=C)O,bimog_n_only,324.424,296.358,0.08651024585110834,2,24,0,0,2,True,2
V3,1,257,0.014035424217581749,0.1640251874923706,phenylbutazone,CCCCC1C(=O)N(N(C1=O)C2=CC=CC=C2)C3=CC=CC=C3,bimog_n_only,308.381,282.312,0.08453503944795548,2,23,0,0,2,True,2
V3,1,263,0.03779293969273567,0.3987041115760803,nimodipine,CC1=C(C(C(=C(N1)C)C(=O)OC(C)C)C2=CC(=CC=C2)[N+](=O)[O-])C(=O)OCCOC,bimog_n_only,418.44599999999997,407.326,0.026574516186078867,1,30,0,0,2,True,1
V3,1,275,0.023670781403779984,0.0667966827750206,iodobenzene,C1=CC=C(C=C1)I,bimog_hal_only,204.01,77.10000000000001,0.6220773491495515,1,7,1,0,0,True,0
V3,1,280,0.030369317159056664,0.5445910096168518,glibenclamide,COC1=C(C=C(C=C1)Cl)C(=O)NCCC2=CC=C(C=C2)S(=O)(=O)NC(=O)NC3CCCCC3,bimog_n_and_hal,494.013,411.2800000000001,0.16747130136251454,3,33,1,1,3,True,2
V3,1,281,0.039414092898368835,1.2203443050384521,triphenyl phosphite,C1=CC=C(C=C1)OP(OC2=CC=CC=C2)OC3=CC=CC=C3,bimog_n_only,310.289,321.3804,-0.03574538575328168,1,22,0,0,0,True,1
V3,1,294,0.032319165766239166,0.5252264738082886,chorotrianisene,COC1=CC=C(C=C1)C(=C(C2=CC=C(C=C2)OC)Cl)C3=CC=C(C=C3)OC,bimog_hal_only,380.871,345.296,0.09340432849967573,1,27,1,0,0,True,0
V3,1,305,0.2284637987613678,1.6321260929107666,2-ethylhexylamine,CCCCC(CC)CN,bimog_n_only,129.24699999999999,129.19,0.00044101603905688513,0,9,0,0,1,False,0
V3,1,310,0.01656384766101837,0.2216174602508545,"n-(r-1-phenylethyl)-1,8-naphthalimide",CC(c1ccccc1)n2c(=O)c4cccc3cccc(c2=O)c34,bimog_n_only,301.34499999999997,285.26800000000003,0.053350810532777904,1,23,0,0,1,True,1
V3,1,314,0.009184145368635654,0.08306372165679932,"1-methyl-1-(p-hydroxyphenyl)-1,2,3,4tetrahydronaphthalene",CC3(c1ccc(O)cc1)CCCc2ccccc23,cho,238.32999999999998,238.29600000000005,0.00014265933789259222,0,18,0,0,0,False,0
V3,1,316,0.025001753121614456,0.4911860525608063,n-(r-1-phenylethyl)-n’-(p-nitrophenyl)thiourea,CC(NC(=S)Nc1ccc(N(=O)=O)cc1)c2ccccc2,bimog_n_only,301.371,254.226,0.15643509163124514,2,21,0,1,3,True,2
V3,1,317,0.02304578199982643,0.5098564028739929,1-menthyl-3-nitrophenylurethane,CC(C)C1CCC(C)CC1OC(=O)Nc2cccc(N(=O)=O)c2,bimog_n_only,320.389,306.31600000000003,0.04392472900130773,1,23,0,0,2,True,1
V3,1,319,0.037859223783016205,0.48199987411499023,"1,1,3-trimethyl-3-(p-carboxyphenyl)-indan-5-carboxylic acid",CC3(C)CC(C)(c1ccc(C(=O)O)cc1)c2cc(C(=O)O)ccc23,cho,324.376,324.324,0.00016030779095854708,0,24,0,0,0,False,0
V3,1,320,0.0791320949792862,2.2396726608276367,"2-benzyl-(3,3’)spirobi-(benzo[f]chroman)",c7ccc(CC3CC2C(CCC1CCCCC12)OC36CCC5C(CCC4CCCCC45)O6)cc7,cho,462.71799999999996,462.65200000000004,0.00014263547128035015,0,34,0,0,0,False,0
V3,1,322,0.071393683552742,0.5693420767784119,"n-( 1-phenylethyl)-2,4-dinitroaniline",CC(Nc1ccc(N(=O)=O)cc1N(=O)=O)c2ccccc2,bimog_n_only,287.275,287.19800000000004,0.00026803585414647557,0,21,0,0,3,False,0
V3,1,329,0.009626248851418495,0.08865179121494293,n-pentyl-p-nitrophenylurethane,CCCCCOC(=O)Nc1ccc(N(=O)=O)cc1,bimog_n_only,252.26999999999998,238.22079999999997,0.055691124588734375,1,18,0,0,2,True,1
V3,1,334,0.006437762174755335,0.08986926823854446,testosterone,CC12CCC3C(C1CCC2O)CCC4=CC(=O)CCC34C,cho,288.431,288.37800000000004,0.0001837527866281885,0,21,0,0,0,False,0
V3,1,340,0.021532511338591576,0.15250606834888458,Aripiprazole,C1CC(=O)NC2=C1C=CC(=C2)OCCCCN3CCN(CC3)C4=C(C(=CC=C4)Cl)Cl,bimog_n_and_hal,448.394,334.4028,0.25422106451022985,5,30,2,0,3,True,3
V3,1,342,0.0453827790915966,0.5121034383773804,Danazol,CC12CCC3C(C1CCC2(C#C)O)CCC4=CC5=C(CC34C)C=NO5,bimog_n_only,337.46299999999997,324.4448000000001,0.03857667359088213,1,25,0,0,1,True,1
V3,1,343,0.03915346786379814,0.4329240918159485,Bezafibrate,CC(C)(C(=O)O)OC1=CC=C(C=C1)CCNC(=O)C2=CC=C(C=C2)Cl,bimog_n_only,361.825,328.278,0.09271609203344144,1,25,1,0,1,True,0
V3,1,344,0.04160183668136597,0.3585609197616577,Ezetimibe,C1=CC(=CC=C1C2C(C(=O)N2C3=CC=C(C=C3)F)CCC(C4=CC=C(C=C4)F)O)O,bimog_n_and_hal,409.43199999999996,358.3620000000001,0.12473377752593806,3,30,2,0,1,True,1
V3,1,353,0.017405692487955093,0.1034686341881752,Clotrimazole,C1=CC=C(C=C1)C(C2=CC=CC=C2)(C3=CC=CC=C3Cl)N4C=CN=C4,bimog_n_and_hal,344.84499999999997,281.356,0.18410880250547346,3,25,1,0,2,True,2
V3,1,361,0.02049725130200386,0.32746946811676025,Isradipine,CC1=C(C(C(=C(N1)C)C(=O)OC(C)C)C2=CC=CC3=NON=C32)C(=O)OC,bimog_n_only,371.393,333.3188,0.10251727953946355,3,27,0,0,3,True,3
V3,1,366,0.010089804418385029,0.11184289306402206,Flurbiprofen,CC(C1=CC(=C(C=C1)C2=CC=CC=C2)F)C(=O)O,bimog_hal_only,244.265,225.236,0.07790309704624077,1,18,1,0,0,True,0
V3,1,367,0.027912337332963943,0.253913015127182,Fenofibrate,CC(C)OC(=O)C(C)(C)OC1=CC=C(C=C1)C(=O)C2=CC=C(C=C2)Cl,bimog_hal_only,360.837,329.34680000000003,0.08726987531766406,1,25,1,0,0,True,0
V3,1,1,0.029681986197829247,0.32569169998168945,tartaric acid,O=C(O)C(O)C(O)C(=O)O,cho,150.086,150.052,0.00022653678557638113,0,10,0,0,0,False,0
V3,1,2,0.07381543517112732,0.3996792733669281,"1,2,3-propanetricarboxylic acid",C(C(CC(=O)O)C(=O)O)C(=O)O,cho,176.124,176.07,0.00030660216665534534,0,12,0,0,0,False,0
V3,1,3,0.05756969004869461,0.3574345111846924,"1,2,4-butanetricarboxylic acid",C(CC(=O)O)C(CC(=O)O)C(=O)O,cho,190.151,190.096,0.00028924381149719736,0,13,0,0,0,False,0
V3,1,8,0.02025887370109558,0.08661507815122604,methanol,CO,cho,32.042,32.042,0.0,0,2,0,0,0,False,0
V3,1,17,0.017382878810167313,0.06623057276010513,"propan-1,2-diol",CC(O)CO,cho,76.095,76.094,1.3141467901989223e-05,0,5,0,0,0,False,0
V3,1,25,0.016290612518787384,0.07043027877807617,2-butanol,CCC(C)O,cho,74.12299999999999,74.12,4.04732674066377e-05,0,5,0,0,0,False,0
V3,1,26,0.006290526129305363,0.04001413658261299,"2,2-dimethyl-1-propanol",CC(CO)(C)C,cho,88.14999999999999,88.146,4.537719795794093e-05,0,6,0,0,0,False,0
V3,1,27,0.009109629318118095,0.05128931254148483,o-xylene,CC1=C(C)C=CC=C1,cho,106.16799999999999,106.16000000000001,7.535227187083215e-05,0,8,0,0,0,False,0
V3,1,32,0.02749728038907051,0.12236978113651276,4-methylstyrene,CC1=CC=C(C=C1)C=C,cho,118.17899999999999,118.17000000000002,7.615566217322733e-05,0,9,0,0,0,False,0
V3,1,35,0.006477327551692724,0.06500796228647232,ethylbenzene,CCc1ccccc1,cho,106.16799999999999,106.16000000000001,7.535227187083215e-05,0,8,0,0,0,False,0
V3,1,42,0.016017837449908257,0.06901071220636368,cyclohexene,C1CCC=CC1,cho,82.146,82.10400000000001,0.0005112847856254543,0,6,0,0,0,False,0
V3,1,45,0.007042244076728821,0.03939715772867203,isopropylcyclohexane,CC(C)C1CCCCC1,cho,126.243,126.23400000000001,7.129108148562491e-05,0,9,0,0,0,False,0
V3,1,51,0.021899284794926643,0.06688332557678223,1-heptene,CCCCCC=C,cho,98.189,98.182,7.129108148562491e-05,0,7,0,0,0,False,0
V3,1,56,0.005714958067983389,0.09614008665084839,"2,5-hexanediol",CC(CCC(C)O)O,cho,118.176,118.172,3.384782020043886e-05,0,8,0,0,0,False,0
V3,1,57,0.007586812134832144,0.049907244741916656,n-eugenol,COC1=C(C=CC(=C1)CC=C)O,cho,164.204,164.144,0.0003653991376580956,0,12,0,0,0,False,0
V3,1,58,0.01560142170637846,0.06385071575641632,sorbitol,C(C(C(C(C(CO)O)O)O)O)O,cho,182.172,182.172,0.0,0,12,0,0,0,False,0
V3,1,65,0.0837789922952652,0.8239216804504395,vinylacetate,CC(=O)OC=C,cho,86.09,86.04400000000001,0.0005343245440816435,0,6,0,0,0,False,0
V3,1,66,0.01021033339202404,0.0838450938463211,xylitol,C(C(C(C(CO)O)O)O)O,cho,152.146,152.14600000000002,-2.220446049250313e-16,0,10,0,0,0,False,0
V3,1,70,0.07917032390832901,0.7388724088668823,3-hydroxy-2-methylpropionate,CC(CO)C(=O)OC,cho,118.132,119.102,-0.00821115362475866,0,8,0,0,0,False,0
V3,1,73,0.08186424523591995,0.37983787059783936,2p-hydroxyphenoxytetrahydropyran,C1CCOC(C1)OC2=CC=CC=C2O,cho,194.23,194.1868,0.00022241672244238675,0,14,0,0,0,False,0
V3,1,79,0.03695223480463028,0.18575462698936462,lactic acid,CC(C(=O)O)O,cho,90.078,90.06,0.00019982681675878577,0,6,0,0,0,False,0
V3,1,98,0.02156646177172661,0.17125923931598663,cholecalciterol,CC(C)CCCC(C)C1CCC2C1(CCCC2=CC=C3CC(CCC3=C)O)C,cho,384.64799999999997,384.58600000000007,0.00016118633139883265,0,28,0,0,0,False,0
V3,1,102,0.07809577882289886,0.7212247848510742,17b-estradiol,CC12CCC3C(C1CCC2O)CCC4=C3C=CC(=C4)O,cho,272.388,272.35400000000004,0.00012482194516616474,0,20,0,0,0,False,0
V3,1,106,0.047547128051519394,0.43118348717689514,citric acid,C(C(=O)O)C(CC(=O)O)(C(=O)O)O,cho,192.123,192.07,0.0002758649406889857,0,13,0,0,0,False,0
V3,1,108,0.010054054670035839,0.03736693784594536,n-nonanol,CCCCCCCCCO,cho,144.25799999999998,144.25000000000003,5.5456196536463054e-05,0,10,0,0,0,False,0
V3,1,109,0.005005478393286467,0.01964615471661091,2-pentanol,CCCC(C)O,cho,88.14999999999999,88.146,4.537719795794093e-05,0,6,0,0,0,False,0
V3,1,110,0.007983526214957237,0.07296270877122879,3-pentanol,CCC(CC)O,cho,88.14999999999999,88.146,4.537719795794093e-05,0,6,0,0,0,False,0
V3,1,114,0.0037050892133265734,0.02634265460073948,3-methyl-4-octanol,CCCCC(C(C)CC)O,cho,144.25799999999998,144.25000000000003,5.5456196536463054e-05,0,10,0,0,0,False,0
V3,1,116,0.0143721429631114,0.12148036807775497,2-methyl-2-butanol,CCC(C)(C)O,cho,88.14999999999999,88.146,4.537719795794093e-05,0,6,0,0,0,False,0
V3,1,121,0.0033932868391275406,0.017967339605093002,6-methyl-1-heptanol,CC(C)CCCCCO,cho,130.231,130.22400000000002,5.37506430878798e-05,0,9,0,0,0,False,0
V3,1,123,0.24027450382709503,1.3466079235076904,diisopropylether,CC(C)OC(C)C,cho,102.17699999999999,102.154,0.00022509958209770975,0,7,0,0,0,False,0
V3,1,127,0.09203007072210312,0.2948278784751892,ethyl acetate,CCOC(=O)C,cho,88.106,88.06,0.0005220983814949731,0,6,0,0,0,False,0
V3,1,141,0.0035185415763407946,0.018822981044650078,3-methyl-4-heptanol,CCCC(C(C)CC)O,cho,130.231,130.22400000000002,5.37506430878798e-05,0,9,0,0,0,False,0
V3,1,142,0.00835355557501316,0.057276856154203415,6-methyl-2-heptanol,CC(C)CCCC(C)O,cho,130.231,130.22400000000002,5.37506430878798e-05,0,9,0,0,0,False,0
V3,1,148,0.006672257091850042,0.07515956461429596,diisobutylphthalat,CC(C)COC(=O)C1=CC=CC=C1C(=O)OCC(C)C,cho,278.348,280.3176,-0.007076034316754631,0,20,0,0,0,False,0
V3,1,154,0.012913411483168602,0.09375664591789246,menthol,CC1CCC(C(C1)O)C(C)C,cho,156.269,156.26000000000002,5.759299669150231e-05,0,11,0,0,0,False,0
V3,1,161,0.014390873722732067,0.10664008557796478,"1,2-butanediol",CCC(CO)O,cho,90.122,90.12,2.2192139544130463e-05,0,6,0,0,0,False,0
V3,1,165,0.0037535943556576967,0.03233169764280319,"2,2-dimethyl-1-pentanol",CCCC(C)(C)CO,cho,116.204,116.19799999999998,5.163333448088281e-05,0,8,0,0,0,False,0
V3,1,176,0.010980166494846344,0.09588492661714554,4-methyl-4-nonanol,CCCCCC(C)(CCC)O,cho,158.285,158.276,5.6859462362113256e-05,0,11,0,0,0,False,0
V3,1,177,0.025068599730730057,0.10854472219944,4-methyl-undecane,CCCCCCCC(C)CCC,cho,170.34,170.328,7.044734061290026e-05,0,12,0,0,0,False,0
V3,1,180,0.03244203329086304,0.33961227536201477,fructose,C1C(C(C(C(O1)(CO)O)O)O)O,cho,180.156,180.1568,-4.440595927857061e-06,0,12,0,0,0,False,0
V3,1,183,0.0036582644097507,0.024614468216896057,3-methyl-1-butanol,CC(C)CCO,cho,88.14999999999999,88.146,4.537719795794093e-05,0,6,0,0,0,False,0
V3,1,197,0.018845252692699432,0.06766725331544876,"2-ethyl-1,3-hexanediol",CCCC(C(CC)CO)O,cho,146.23,146.224,4.103125213705816e-05,0,10,0,0,0,False,0
V3,1,209,0.016112176701426506,0.30513447523117065,levoglucosan,C1C2C(C(C(C(O1)O2)O)O)O,cho,162.141,162.1228,0.00011224798169484629,0,11,0,0,0,False,0
V3,1,217,0.06379696726799011,0.3163483142852783,rhamnose,CC1C(C(C(C(O1)O)O)O)O,cho,164.157,164.138,0.00011574285592452771,0,11,0,0,0,False,0
V3,1,221,0.04357068985700607,0.3964446783065796,"3-methyl-1,2,3-butanetricarboxylic acid",CC(C)(C(CC(=O)O)C(=O)O)C(=O)O,cho,204.178,204.122,0.0002742704894748149,0,14,0,0,0,False,0
V3,1,223,0.014079498127102852,0.04620840772986412,"1,2-dimethylcyclohexane",CC1CCCCC1C,cho,112.216,112.208,7.129108148562491e-05,0,8,0,0,0,False,0
V3,1,227,0.05256329104304314,0.1391720026731491,butyronitrile,CCCC#N,bimog_n_only,69.107,55.096,0.20274357156293865,1,5,0,0,1,True,1
V3,1,233,0.02187531255185604,0.15794111788272858,pyridine,C1=CC=NC=C1,bimog_n_only,79.10199999999999,65.09,0.1771383782963767,1,6,0,0,1,True,1
V3,1,234,0.022516688331961632,0.7302643060684204,2-methoxy-4-nitroaniline,COC1=C(C=CC(=C1)[N+](=O)[O-])N,bimog_n_only,168.152,152.074,0.09561587135448868,1,12,0,0,2,True,1
V3,1,258,0.05121414735913277,1.1281861066818237,quinineethylcarbonate,CCOC(=O)OC(C1CC2CCN1CC2C=C)C3=C4C=C(C=CC4=NC=C3)OC,bimog_n_only,396.48699999999997,369.3928000000001,0.06833565791564389,2,29,0,0,2,True,2
V3,1,262,0.010055775754153728,0.03692028671503067,amobarbital,CCC1(C(=O)NC(=O)NC1=O)CCC(C)C,bimog_n_only,226.27599999999998,199.208,0.11962382223479284,2,16,0,0,2,True,2
V3,1,266,0.00630202004685998,0.039511788636446,isobutylbromide,CC(C)CBr,bimog_hal_only,137.01999999999998,57.112,0.5831849365056195,1,5,1,0,0,True,0
V3,1,267,0.005455533508211374,0.054580461233854294,isoamylbromide,CC(C)CCBr,bimog_hal_only,151.047,71.138,0.529034009281879,1,6,1,0,0,True,0
V3,1,271,0.01130685955286026,0.06166341155767441,tert-butyl-chloride,CC(C)(C)Cl,bimog_hal_only,92.569,57.112,0.3830331968585595,1,5,1,0,0,True,0
V3,1,272,0.031501807272434235,0.061657797545194626,1 -bromopropane,CCCBr,bimog_hal_only,122.993,43.086,0.6496873805826348,1,4,1,0,0,True,0
V3,1,273,0.004940679296851158,0.044117655605077744,1-iodobutane,CCCCI,bimog_hal_only,184.01999999999998,57.112,0.6896424301706336,1,5,1,0,0,True,0
V3,1,277,0.4400205612182617,2.2297580242156982,trichloroethylene,ClC=C(Cl)Cl,bimog_hal_only,131.389,25.028,0.8095122118289964,3,5,3,0,0,True,0
V3,1,279,0.03558607026934624,0.7939586043357849,griseofulvin,CC1CC(=O)C=C(C12C(=O)C3=C(O2)C(=C(C=C3OC)OC)Cl)OC,bimog_hal_only,352.77,319.148,0.09530855798395543,1,24,1,0,0,True,0
V3,1,283,0.013838432729244232,0.036097683012485504,4-chloroaniline,C1=CC(=CC=C1N)Cl,bimog_n_and_hal,127.574,76.09200000000001,0.4035461771207298,2,8,1,0,1,True,1
V3,1,287,0.024601763114333153,0.12862984836101532,3-trifluoromethylaniline,C1=CC(=CC(=C1)N)C(F)(F)F,bimog_n_and_hal,161.126,88.102,0.45321053088886953,4,11,3,0,1,True,1
V3,1,297,0.06211346387863159,0.5213091969490051,chlormadinone acetate,CC(=O)C1(CCC2C1(CCC3C2C=C(C4=CC(=O)CCC34C)Cl)C)OC(=O)C,bimog_hal_only,404.93399999999997,369.33799999999997,0.08790568339531879,1,28,1,0,0,True,0
V3,1,308,0.017916642129421234,0.3283312916755676,"n-(r-1-phenylethyl)-2,2’-diphenic imide",CC(c1ccccc1)n4c(=O)c2ccccc2c3ccccc3c4=O,bimog_n_only,327.383,311.30400000000003,0.049113729179584675,1,25,0,0,1,True,1
V3,1,309,0.015837350860238075,0.281655490398407,"n-(r-1-phenylethyl)-4-nitro-1,8-naphthalimide",CC(c1ccccc1)n2c(=O)c4cccc3c(N(=O)=O)ccc(c2=O)c34,bimog_n_only,346.342,330.25,0.04646274491687408,1,26,0,0,2,True,1
V3,1,324,0.02507387474179268,0.3096661865711212,"9,9-bis(p-hydroxyphenyl)fluorene",Oc5ccc(C4(c1ccc(O)cc1)c2ccccc2c3ccccc34)cc5,cho,350.417,350.358,0.0001683708267576911,0,27,0,0,0,False,0
V3,1,325,0.012295229360461235,0.2606140077114105,"9,9-bis(p-aminophenyl)fluorene",Nc5ccc(C4(c1ccc(N)cc1)c2ccccc2c3ccccc34)cc5,bimog_n_only,348.44899999999996,316.37800000000004,0.09203929412912626,2,27,0,0,2,True,2
V3,1,331,0.06369137018918991,0.5277543067932129,prednisone,CC12CC(=O)C3C(C1CCC2(C(=O)CO)O)CCC4=CC(=O)C=CC34C,cho,358.43399999999997,359.3,-0.0024160654402205495,0,26,0,0,0,False,0
V3,1,333,0.08307887613773346,1.2136343717575073,warfarin,CC(=O)CC(C1=CC=CC=C1)C2=C(C3=CC=CC=C3OC2=O)O,cho,308.33299999999997,310.2540000000001,-0.00623027700570522,0,23,0,0,0,False,0
V3,1,337,0.041026365011930466,0.8151642084121704,fluorescamin,C1=CC=C(C=C1)C2=COC3(C2=O)C4=CC=CC=C4C(=O)O3,cho,278.263,295.2468,-0.06103506395029168,0,21,0,0,0,False,0
V3,1,345,0.02356259524822235,0.23543159663677216,Glafenine,C1=CC=C(C(=C1)C(=O)OCC(CO)O)NC2=C3C=CC(=CC3=NC=C2)Cl,bimog_n_and_hal,372.808,309.3088,0.17032681702109387,3,26,1,0,2,True,2
V3,1,351,0.013347039930522442,0.08811189234256744,Loratadine,CCOC(=O)N1CCC(=C2C3=C(CCC4=C2N=CC=C4)C=C(C=C3)Cl)CC1,bimog_n_and_hal,382.89099999999996,320.39480000000003,0.1632219091072915,3,27,1,0,2,True,2
V3,1,360,0.032681070268154144,0.6635168790817261,Linaprazan,CC1=C(C(=CC=C1)C)CNC2=CC(=CN3C2=NC(=C3C)C)C(=O)NCCO,bimog_n_only,366.465,339.34000000000003,0.07401798261771231,2,27,0,0,4,True,2
V3,1,364,0.010832767002284527,0.15522193908691406,Aceclofenac,C1=CC=C(C(=C1)CC(=O)OCC(=O)O)NC2=C(C=CC=C2Cl)Cl,bimog_n_and_hal,354.189,268.202,0.24277151464331193,3,23,2,0,1,True,1
V3,1,9,0.01831672526896,0.04690619558095932,ethylenglycol,OCCO,cho,62.068,62.068,0.0,0,4,0,0,0,False,0
V3,1,12,0.045459818094968796,0.5524929165840149,flopropione,CCC(=O)C1=C(C=C(C=C1O)O)O,cho,182.17499999999998,182.08,0.0005214766021680584,0,13,0,0,0,False,0
V3,1,13,0.004119989462196827,0.021099334582686424,2-methyl-1-propanol,CC(C)CO,cho,74.12299999999999,74.11999999999999,4.047326740685975e-05,0,5,0,0,0,False,0
V3,1,14,0.005013441201299429,0.019502965733408928,n-hexanol,CCCCCCO,cho,102.17699999999999,102.172,4.8934691760371685e-05,0,7,0,0,0,False,0
V3,1,16,0.036859892308712006,0.12337660789489746,benzyl alcohol,c1ccc(cc1)CO,cho,108.14,108.134,5.548363232843467e-05,0,8,0,0,0,False,0
V3,1,22,0.005411705933511257,0.01926969364285469,2-ethyl-1-hexanol,CCCCC(CC)CO,cho,130.231,130.22400000000002,5.37506430878798e-05,0,9,0,0,0,False,0
V3,1,24,0.04947357624769211,0.11994318664073944,2-phenyl-1-ethanol,c1ccc(cc1)CCO,cho,122.167,122.16000000000001,5.7298615829037836e-05,0,9,0,0,0,False,0
V3,1,29,0.0036483383737504482,0.06048247963190079,2-methylpentane,CCCC(C)C,cho,86.178,86.172,6.962333774285234e-05,0,6,0,0,0,False,0
V3,1,33,0.022420797497034073,0.11955610662698746,o-terphenyl,C1=CC=C(C=C1)C2=CC=CC=C2C3=CC=CC=C3,cho,230.30999999999997,230.29200000000003,7.815552950352078e-05,0,18,0,0,0,False,0
V3,1,37,0.010946253314614296,0.0695279985666275,n-pentylbenzene,CCCCCC1=CC=CC=C1,cho,148.249,148.238,7.419948869802351e-05,0,11,0,0,0,False,0
V3,1,39,0.008607462048530579,0.06691261380910873,sec-butylbenzene,CCC(C)C1=CC=CC=C1,cho,134.22199999999998,134.212,7.450343460824183e-05,0,10,0,0,0,False,0
V3,1,44,0.015567665919661522,0.032569460570812225,ethylcyclohexane,CCC1CCCCC1,cho,112.216,112.20800000000001,7.129108148551389e-05,0,8,0,0,0,False,0
V3,1,47,0.010070675052702427,0.044537294656038284,n-butylcyclohexane,CCCCC1CCCCC1,cho,140.26999999999998,140.26,7.129108148562491e-05,0,10,0,0,0,False,0
V3,1,49,0.0172704067081213,0.07125326246023178,n-hexylcyclohexane,CCCCCCC1CCCCC1,cho,168.32399999999998,168.31199999999998,7.129108148573593e-05,0,12,0,0,0,False,0
V3,1,50,0.011121646501123905,0.06545595824718475,trans-2-hexene,CCCC=CC,cho,84.16199999999999,84.12,0.0004990375703998184,0,6,0,0,0,False,0
V3,1,59,0.12603473663330078,0.6848257184028625,propylencarbonate,CC1COC(=O)O1,cho,102.089,103.06080000000001,-0.009519145059702971,0,7,0,0,0,False,0
V3,1,61,0.00782356970012188,0.207088440656662,sucrose,C(C1C(C(C(C(O1)OC2(C(C(C(O2)CO)O)O)CO)O)O)O)O,cho,342.297,342.242,0.0001606791762709392,0,23,0,0,0,False,0
V3,1,62,0.011227698065340519,0.07020648568868637,trehalose,C(C1C(C(C(C(O1)OC2C(C(C(C(O2)CO)O)O)O)O)O)O)O,cho,342.297,342.242,0.0001606791762709392,0,23,0,0,0,False,0
V3,1,63,0.006527835037559271,0.10731823742389679,dioctylphthalat,CCCCCCCCOC(=O)C1=CC=CC=C1C(=O)OCCCCCCCC,cho,390.56399999999996,392.5256,-0.0050224803105254345,0,28,0,0,0,False,0
V3,1,71,0.029042288661003113,0.43459177017211914,dianin’s compound,CC1(CC(C2=CC=CC=C2O1)(C)C3=CC=C(C=C3)O)COc1ccc(cc1)C2(c3c(OC(C2)(C)C)cccc3)C,cho,534.696,536.6268000000001,-0.0036110238341040546,0,40,0,0,0,False,0
V3,1,75,0.009571042843163013,0.17158301174640656,cholesterol,CC(C)CCCC(C)C1CCC2C1(CCC3C2CC=C4C3(CCC(C4)O)C)C,cho,386.664,386.63800000000003,6.724184304707226e-05,0,28,0,0,0,False,0
V3,1,80,0.026131976395845413,0.19958838820457458,epoxypropane,CC1CO1,cho,58.08,58.0788,2.0661157024703947e-05,0,4,0,0,0,False,0
V3,1,88,0.00836736150085926,0.044805705547332764,m-cresol,CC1=CC(=CC=C1)O,cho,108.14,108.11600000000001,0.0002219345293137387,0,8,0,0,0,False,0
V3,1,91,0.011546994559466839,0.14924773573875427,norethylnodrel,CC12CCC3C(C1CCC2(C#C)O)CCC4=C3CCC(=O)C4,cho,298.426,298.37200000000007,0.00018094938108581538,0,22,0,0,0,False,0
V3,1,92,0.015194952487945557,0.44424328207969666,beta-estradiol-3-benzoate,CC12CCC3C(C1CCC2O)CCC4=C3C=CC(=C4)OC(=O)C5=CC=CC=C5,cho,376.496,378.47280000000006,-0.005250520589860308,0,28,0,0,0,False,0
V3,1,105,0.025893021374940872,0.11047758907079697,progesterone,CC(=O)C1CCC2C1(CCC3C2CCC4=CC(=O)CCC34C)C,cho,314.469,314.37,0.0003148164047965807,0,23,0,0,0,False,0
V3,1,120,0.0059420326724648476,0.04800749570131302,3-methyl-3-heptanol,CCCCC(C)(CC)O,cho,130.231,130.22400000000002,5.37506430878798e-05,0,9,0,0,0,False,0
V3,1,122,0.030447492375969887,0.08616767078638077,diethylether,CCOCC,cho,74.12299999999999,74.1208,2.968039609818618e-05,0,5,0,0,0,False,0
V3,1,146,0.004505951423197985,0.06552896648645401,3-methylpentane,CCC(C)CC,cho,86.178,86.172,6.962333774285234e-05,0,6,0,0,0,False,0
V3,1,149,0.004301322158426046,0.05314614623785019,"1,4-pentanediol",CC(CCCO)O,cho,104.149,104.14599999999999,2.8804885308653105e-05,0,7,0,0,0,False,0
V3,1,153,0.20510044693946838,0.9135624170303345,2-methyltetrahydrofuran,CC1CCCO1,cho,86.134,86.104,0.0003482945178443497,0,6,0,0,0,False,0
V3,1,155,0.013723431155085564,0.056136082857847214,n-butylbenzene,CCCCC1=CC=CC=C1,cho,134.22199999999998,134.212,7.450343460824183e-05,0,10,0,0,0,False,0
V3,1,164,0.008465247228741646,0.03479377552866936,"2,2-dimethyl-1-butanol",CCC(C)(C)CO,cho,102.17699999999999,102.172,4.8934691760371685e-05,0,7,0,0,0,False,0
V3,1,168,0.005030877888202667,0.03229695186018944,3-hexanol,CCCC(CC)O,cho,102.17699999999999,102.172,4.8934691760371685e-05,0,7,0,0,0,False,0
V3,1,172,0.004517312161624432,0.0399516299366951,3-methyl-4-nonanol,CCCCCC(C(C)CC)O,cho,158.285,158.276,5.6859462362113256e-05,0,11,0,0,0,False,0
V3,1,181,0.00623904075473547,0.01805858314037323,n-heptanol,CCCCCCCO,cho,116.204,116.198,5.1633334480771786e-05,0,8,0,0,0,False,0
V3,1,188,0.022325238212943077,0.9494741559028625,maltotetraose,C(C1C(C(C(C(O1)OC2C(OC(C(C2O)O)OC3C(OC(C(C3O)O)OC4C(OC(C(C4O)O)O)CO)CO)CO)O)O)O)O,cho,666.579,666.4499999999999,0.000193525448596521,0,45,0,0,0,False,0
V3,1,189,0.012268951162695885,0.18614034354686737,malic acid,C(C(C(=O)O)O)C(=O)O,cho,134.087,134.052,0.00026102455868204366,0,9,0,0,0,False,0
V3,1,190,0.01858038268983364,0.10785261541604996,pinonic acid,CC(=O)C1CC(C1(C)C)CC(=O)O,cho,184.23499999999999,184.166,0.000374521670692296,0,13,0,0,0,False,0
V3,1,191,0.014180004596710205,0.03308207541704178,"2-methylbutane-1,2,3,4-tetraol",CC(CO)(C(CO)O)O,cho,136.147,136.146,7.345002093317454e-06,0,9,0,0,0,False,0
V3,1,192,0.011406660079956055,0.2538750469684601,"1,2-isopooh",C=C(C)C(CO)OO,cho,118.132,118.09400000000001,0.0003216740595266554,0,8,0,0,0,False,0
V3,1,199,0.009590965695679188,0.11127885431051254,"1,2,6-hexanetriol",C(CCO)CC(CO)O,cho,134.175,134.17200000000003,2.2358859698035083e-05,0,9,0,0,0,False,0
V3,1,202,0.008152266964316368,0.13157552480697632,"3-methyl-1,3,5-pentanetriol",CC(CCO)(CCO)O,cho,134.175,134.17200000000003,2.2358859698035083e-05,0,9,0,0,0,False,0
V3,1,204,0.012198401615023613,0.2497856169939041,gentiobiose,C(C1C(C(C(C(O1)OCC2C(C(C(C(O2)O)O)O)O)O)O)O)O,cho,342.297,342.2608,0.00010575611238194949,0,23,0,0,0,False,0
V3,1,211,0.029929939657449722,0.7713581919670105,maltohexaose,C(C1C(C(C(C(O1)OC2C(OC(C(C2O)O)OC3C(OC(C(C3O)O)OC4C(OC(C(C4O)O)OC5C(OC(C(C5O)O)OC6C(OC(C(C6O)O)O)CO)CO)CO)CO)CO)O)O)O)O,cho,990.861,990.658,0.0002048723282074283,0,67,0,0,0,False,0
V3,1,212,0.029853790998458862,1.0976173877716064,maltopentaose,C(C1C(C(C(C(O1)OC2C(OC(C(C2O)O)OC3C(OC(C(C3O)O)OC4C(OC(C(C4O)O)OC5C(OC(C(C5O)O)O)CO)CO)CO)CO)O)O)O)O,cho,828.72,828.554,0.0002003089101265676,0,56,0,0,0,False,0
V3,1,213,0.02012699283659458,0.5060333013534546,maltotriose,C(C1C(C(C(C(O1)OC2C(OC(C(C2O)O)OC3C(OC(C(C3O)O)O)CO)CO)O)O)O)O,cho,504.438,504.34600000000006,0.00018238118460534025,0,34,0,0,0,False,0
V3,1,214,0.009646788239479065,0.06708243489265442,nigerose,C(C1C(C(C(C(O1)O)O)OC2C(C(C(C(O2)CO)O)O)O)O)O,cho,342.297,342.242,0.0001606791762709392,0,23,0,0,0,False,0
V3,1,222,0.0074233366176486015,0.13215866684913635,cyclooctanol,C1CCCC(CCC1)O,cho,128.215,128.20800000000003,5.459579612354659e-05,0,9,0,0,0,False,0
V3,1,224,0.005922381300479174,0.08708880096673965,2-methylbutane,CCC(C)C,cho,72.151,72.146,6.929910881336987e-05,0,5,0,0,0,False,0
V3,1,230,0.015622789040207863,0.03123338893055916,2-naphthylamine,C1=CC=C2C=C(C=CC2=C1)N,bimog_n_only,143.189,127.15600000000002,0.11197089161876939,1,11,0,0,1,True,1
V3,1,244,0.016452183946967125,0.03854934498667717,methyl n-phenylcarbamate,COC(=O)NC1=CC=CC=C1,bimog_n_only,151.165,137.1,0.0930440247411769,1,11,0,0,1,True,1
V3,1,245,0.0215913075953722,0.19154533743858337,ethyl n-phenylcarbamate,CCOC(=O)NC1=CC=CC=C1,bimog_n_only,165.192,151.16080000000002,0.08493873795341167,1,12,0,0,1,True,1
V3,1,247,0.048735249787569046,1.0755692720413208,dibucaine,CCCCOC1=NC2=CC=CC=C2C(=C1)C(=O)NCCN(CC)CC,bimog_n_only,343.471,316.38880000000006,0.07884857819146285,2,25,0,0,3,True,2
V3,1,248,0.06316255033016205,0.31148967146873474,proxyphylline,CC(CN1C=NC2=C1C(=O)N(C(=O)N2C)C)O,bimog_n_only,238.24699999999999,184.192,0.22688638261971816,4,17,0,0,4,True,4
V3,1,252,0.04012870043516159,0.3832070231437683,diphylline,CN1C2=C(C(=O)N(C1=O)C)N(C=N2)CC(CO)O,bimog_n_only,254.24599999999998,200.192,0.21260511473140176,4,18,0,0,4,True,4
V3,1,254,0.009972089901566505,0.19316114485263824,phenobarbital,CCC1(C(=O)NC(=O)NC1=O)C2=CC=CC=C2,bimog_n_only,232.239,205.17000000000002,0.11655665069174426,2,17,0,0,2,True,2
V3,1,268,0.007593400776386261,0.04960184544324875,3-bromopentane,CCC(Br)CC,bimog_hal_only,151.047,71.138,0.529034009281879,1,6,1,0,0,True,0
V3,1,284,0.037449054419994354,0.19751504063606262,"3,4-dichloroaniline",C1=CC(=C(C=C1N)Cl)Cl,bimog_n_and_hal,162.019,75.08400000000002,0.5365728710830211,3,9,2,0,1,True,1
V3,1,285,0.015658285468816757,0.07710681855678558,2-chloroaniline,C1=CC=C(C(=C1)N)Cl,bimog_n_and_hal,127.574,76.09200000000001,0.4035461771207298,2,8,1,0,1,True,1
V3,1,289,0.025671830400824547,0.06537233293056488,m-fluorophenol,C1=CC(=CC(=C1)F)O,bimog_hal_only,112.103,93.082,0.1696743173688483,1,8,1,0,0,True,0
V3,1,296,0.01219881046563387,0.11655781418085098,spironolactone,CC(=O)SC1CC2=CC(=O)CCC2(C3C1C4CCC5(C4(CC3)C)CCC(=O)O5)C,cho,416.58299999999997,384.38,0.07730272238665514,1,29,0,1,0,True,1
V3,1,299,0.03359668701887131,0.48545438051223755,sulphisoxazole,CC1=C(ON=C1C)NS(=O)(=O)C2=CC=C(C=C2)N,bimog_n_only,267.31,200.1488,0.2512483633234821,4,18,0,1,3,True,4
V3,1,304,0.03730650246143341,1.2694222927093506,probucol,CC(C)(C)C1=CC(=CC(=C1O)C(C)(C)C)SC(C)(C)SC2=CC(=C(C(=C2)C(C)(C)C)O)C(C)(C)C,cho,516.857,452.658,0.1242103715340993,2,35,0,2,0,True,2
V3,1,306,0.032432615756988525,0.47449904680252075,n-(s-1-naphthylethyl)-tetrachlorophthalimide,CC(c2ccc1ccccc1c2)n4c(=O)c3c(Cl)c(Cl)c(Cl)c(Cl)c3c4=O,bimog_n_and_hal,439.125,281.236,0.3595536578423001,5,27,4,0,1,True,1
V3,1,313,0.034852586686611176,0.46634817123413086,"n-(1,2,3,4-tetrahydro-1-naphthyl)-tetrachlorophthalimide",O=c2c1c(Cl)c(Cl)c(Cl)c(Cl)c1c(=O)n2c3cccc4ccccc34,bimog_n_and_hal,411.071,281.236,0.31584568115970235,5,25,4,0,1,True,1
V3,1,335,0.011715348809957504,0.09267677366733551,nandrolone,CC12CCC3C(C1CCC2O)CCC4=CC(=O)CCC34,cho,274.404,274.35200000000003,0.00018950161076358718,0,20,0,0,0,False,0
V3,1,341,0.09558039903640747,2.7007415294647217,Bucindolol,CC(C)(CC1=CNC2=CC=CC=C21)NCC(COC3=CC=CC=C3C#N)O,bimog_n_only,363.46099999999996,334.37880000000007,0.08001463705872125,2,27,0,0,3,True,2
V3,1,348,0.021615084260702133,0.5449391603469849,Diazepam,CN1C(=O)CN=C(C2=C1C=CC(=C2)Cl)C3=CC=CC=C3,bimog_n_and_hal,284.746,221.22800000000004,0.22306898077584913,3,20,1,0,2,True,2
V3,1,350,0.08858517557382584,3.122952699661255,Carvedilol,COC1=CC=CC=C1OCCNCC(COC2=CC=CC3=C2C4=CC=CC=C4N3)O,bimog_n_only,406.48199999999997,391.3736000000001,0.037168681516032365,1,30,0,0,2,True,1
V3,1,356,0.010093176737427711,0.1977885663509369,Clofoctol,CC(C)(C)CC(C)(C)C1=CC(=C(C=C1)O)CC2=C(C=C(C=C2)Cl)Cl,bimog_hal_only,365.344,294.40000000000003,0.19418411141280534,2,24,2,0,0,True,0
V3,1,359,0.06981761753559113,0.775796115398407,Orlistat,CCCCCCCCCCCC(CC1C(C(=O)O1)CCCCCC)OC(=O)C(CC(C)C)NC=O,bimog_n_only,495.745,497.61400000000003,-0.0037700834098175484,0,35,0,0,1,False,0
V3,1,362,0.009040741249918938,0.20652250945568085,Acemetacin,CC1=C(C2=C(N1C(=O)C3=CC=C(C=C3)Cl)C=CC(=C2)OC)CC(=O)OCC(=O)O,bimog_n_and_hal,415.829,367.256,0.11681003489415132,2,29,1,0,1,True,1
V3,1,18,0.05287832021713257,0.42138633131980896,resorcinol,c1cc(cc(c1)O)O,cho,110.112,110.072,0.000363266492298675,0,8,0,0,0,False,0
V3,1,19,0.015071067027747631,0.24184560775756836,phenyl-salicylate,O=C(Oc2ccccc2)c1c(O)cccc1,cho,214.22,229.2088,-0.0699691905517692,0,16,0,0,0,False,0
V3,1,21,0.0286969356238842,0.3766052722930908,diethylphthalat,CCOC(=O)c1ccccc1C(=O)OCC,cho,222.23999999999998,224.2136,-0.008880489560835203,0,16,0,0,0,False,0
V3,1,28,0.010899919085204601,0.04612315446138382,m-xylene,CC1=CC(=CC=C1)C,cho,106.16799999999999,106.16000000000001,7.535227187083215e-05,0,8,0,0,0,False,0
V3,1,34,0.02294567972421646,0.08271268755197525,toluol,Cc1ccccc1,cho,92.14099999999999,92.13400000000001,7.597052343666366e-05,0,7,0,0,0,False,0
V3,1,43,0.012531958520412445,0.07061614096164703,methylcyclohexane,CC1CCCCC1,cho,98.189,98.182,7.129108148562491e-05,0,7,0,0,0,False,0
V3,1,54,0.009081417694687843,0.09367741644382477,4-methylnonane,CCCCCC(C)CCC,cho,142.286,142.276,7.028098337147348e-05,0,10,0,0,0,False,0
V3,1,55,0.037346165627241135,0.14695696532726288,2-isopropoxyethanol,CC(C)OCCO,cho,104.149,104.1468,2.112358255956792e-05,0,7,0,0,0,False,0
V3,1,76,0.05812795087695122,1.4323023557662964,beta-d-glucosepentaacetate,CC(=O)OCC1C(C(C(C(O1)OC(=O)C)OC(=O)C)OC(=O)C)OC(=O)C,cho,390.341,390.098,0.0006225326061058967,0,27,0,0,0,False,0
V3,1,78,0.059425126761198044,1.2114274501800537,"4,4’-dimethoxytetraphenylmethane",COc4ccc(C(c1ccccc1)(c2ccccc2)c3ccc(OC)cc3)cc4,cho,380.48699999999997,380.394,0.00024442359397292,0,29,0,0,0,False,0
V3,1,81,0.09303035587072372,0.1529715210199356,n-butylacetate,CCCCOC(=O)C,cho,116.16,116.11200000000001,0.00041322314049574427,0,8,0,0,0,False,0
V3,1,86,0.007457117550075054,0.09660933166742325,"1,3-butanediol",CC(CCO)O,cho,90.122,90.12,2.2192139544130463e-05,0,6,0,0,0,False,0
V3,1,93,0.005819685757160187,0.08600642532110214,ursodeoxycholic acid,CC(CCC(=O)O)C1CCC2C1(CCC3C2C(CC4C3(CCC(C4)O)C)O)C,cho,392.58,392.542,9.679555759334324e-05,0,28,0,0,0,False,0
V3,1,95,0.020151596516370773,0.5718688368797302,cholic acid,CC(CCC(=O)O)C1CCC2C1(C(CC3C2C(CC4C3(CCC(C4)O)C)O)O)C,cho,408.579,408.54200000000003,9.055776239108582e-05,0,29,0,0,0,False,0
V3,1,100,0.00819840282201767,0.7338960766792297,dehydrocholic acid,CC(CCC(=O)O)C1CCC2C1(C(=O)CC3C2C(=O)CC4C3(CCC(=O)C4)C)C,cho,402.531,403.394,-0.002143934255995239,0,29,0,0,0,False,0
V3,1,103,0.014316333457827568,0.5761569142341614,aspirin,CC(=O)OC1=CC=CC=C1C(=O)O,cho,180.159,180.09200000000004,0.00037189371610601984,0,13,0,0,0,False,0
V3,1,111,0.00393246253952384,0.06428221613168716,2-octanol,CCCCCCC(C)O,cho,130.231,130.22400000000002,5.37506430878798e-05,0,9,0,0,0,False,0
V3,1,115,0.02240237407386303,0.08971621096134186,2-methyl-2-propanol,CC(C)(C)O,cho,74.12299999999999,74.12,4.04732674066377e-05,0,5,0,0,0,False,0
V3,1,117,0.008897590450942516,0.045680999755859375,2-methyl-2-heptanol,CCCCCC(C)(C)O,cho,130.231,130.22400000000002,5.37506430878798e-05,0,9,0,0,0,False,0
V3,1,125,0.033408619463443756,0.08270779997110367,methylethylketone,CCC(=O)C,cho,72.107,72.06000000000002,0.0006518091170064633,0,5,0,0,0,False,0
V3,1,132,0.03578729182481766,0.43002671003341675,3-methoxy-1-butanol,CC(CCO)OC,cho,104.149,104.112,0.0003552602521388337,0,7,0,0,0,False,0
V3,1,134,0.008481668308377266,0.03758006542921066,2-methyl-1-butanol,CCC(C)CO,cho,88.14999999999999,88.146,4.537719795794093e-05,0,6,0,0,0,False,0
V3,1,137,0.004840410314500332,0.030177712440490723,4-methyl-2-pentanol,CC(C)CC(C)O,cho,102.17699999999999,102.172,4.8934691760371685e-05,0,7,0,0,0,False,0
V3,1,139,0.0037359402049332857,0.022359514608979225,3-methyl-4-hexanol,CCC(C)C(CC)O,cho,116.204,116.198,5.1633334480771786e-05,0,8,0,0,0,False,0
V3,1,144,0.009414142929017544,0.031147431582212448,2-methyl-1-heptanol,CCCCCC(C)CO,cho,130.231,130.22400000000002,5.37506430878798e-05,0,9,0,0,0,False,0
V3,1,151,0.008560908026993275,0.1078355684876442,"1,5-hexanediol",CC(CCCCO)O,cho,118.176,118.172,3.384782020043886e-05,0,8,0,0,0,False,0
V3,1,152,0.006610092706978321,0.06262056529521942,iso-eugenol,CC=CC1=CC(=C(C=C1)O)OC,cho,164.204,164.108,0.0005846386202529308,0,12,0,0,0,False,0
V3,1,157,0.013064049184322357,0.0431932732462883,cycloheptanol,C1CCCC(CC1)O,cho,114.18799999999999,114.182,5.254492591155735e-05,0,8,0,0,0,False,0
V3,1,166,0.005576561205089092,0.034599192440509796,"2,2-dimethyl-1-hexanol",CCCCC(C)(C)CO,cho,130.231,130.22400000000002,5.37506430878798e-05,0,9,0,0,0,False,0
V3,1,178,0.005355662666261196,0.036657046526670456,n-butanol,CCCCO,cho,74.12299999999999,74.11999999999999,4.047326740685975e-05,0,5,0,0,0,False,0
V3,1,186,0.009969696402549744,0.10564754158258438,"2,4,6-trimethylheptane",CC(C)CC(C)CC(C)C,cho,142.286,142.276,7.028098337147348e-05,0,10,0,0,0,False,0
V3,1,194,0.014804026111960411,0.09466586261987686,pinic acid,CC1(C(CC1C(=O)O)CC(=O)O)C,cho,186.207,186.166,0.00022018506286014539,0,13,0,0,0,False,0
V3,1,198,0.008254622109234333,0.0941457748413086,"1,2,7-heptanetriol",C(CCC(CO)O)CCO,cho,148.202,148.198,2.6990189066156134e-05,0,10,0,0,0,False,0
V3,1,226,0.05538486689329147,0.6258517503738403,acetaldehyd,CC=O,cho,44.053,44.034000000000006,0.0004312986629739779,0,3,0,0,0,False,0
V3,1,229,0.011155816726386547,0.07314914464950562,1-naphthylamine,C1=CC=C2C(=C1)C=CC=C2N,bimog_n_only,143.189,127.15600000000002,0.11197089161876939,1,11,0,0,1,True,1
V3,1,235,0.08562959730625153,1.02347731590271,4-nitroaniline,C1=CC(=CC=C1N)[N+](=O)[O-],bimog_n_only,138.126,122.082,0.11615481516875903,1,10,0,0,2,True,1
V3,1,237,0.05950280278921127,0.9409114718437195,2-nitroaniline,C1=CC=C(C(=C1)N)[N+](=O)[O-],bimog_n_only,138.126,122.082,0.11615481516875903,1,10,0,0,2,True,1
V3,1,238,0.07727621495723724,0.9093406796455383,3-nitroaniline,C1=CC(=CC(=C1)[N+](=O)[O-])N,bimog_n_only,138.126,122.082,0.11615481516875903,1,10,0,0,2,True,1
V3,1,250,0.03232019767165184,0.403581440448761,nialamide,C1=CC=C(C=C1)CNC(=O)CCNNC(=O)C2=CC=NC=C2,bimog_n_only,298.346,270.182,0.09440046120946821,2,22,0,0,4,True,2
V3,1,256,0.06676523387432098,0.3824712634086609,antipyrine,CC1=CC(=O)N(N1C)C2=CC=CC=C2,bimog_n_only,188.23,161.196,0.14362216437337294,2,14,0,0,2,True,2
V3,1,261,0.011861379258334637,0.3110943138599396,hexobarbital,CC1(C(=O)NC(=O)N(C1=O)C)C2=CCCCC2,bimog_n_only,236.271,210.21,0.11030130655052872,2,17,0,0,2,True,2
V3,1,264,0.02311835065484047,0.07434692233800888,dimethyl acetamide,CC(=O)N(C)C,bimog_n_only,87.122,73.06800000000001,0.16131401942104162,1,6,0,0,1,True,1
V3,1,282,0.08035074919462204,0.8654226064682007,2-chloro-4-nitroaniline,C1=CC(=C(C=C1[N+](=O)[O-])Cl)N,bimog_n_and_hal,172.571,121.07400000000001,0.29841050929762236,2,11,1,0,2,True,1
V3,1,288,0.0076677375473082066,0.05633421987295151,o-fluoroaniline,C1=CC=C(C(=C1)N)F,bimog_n_and_hal,111.119,76.09200000000001,0.3152206193360271,2,8,1,0,1,True,1
V3,1,293,0.011205935850739479,0.07963787764310837,flufenamic acid,C1=CC=C(C(=C1)C(=O)O)NC2=CC=CC(=C2)C(F)(F)F,bimog_n_and_hal,281.233,209.194,0.2561541497619412,4,20,3,0,1,True,1
V3,1,298,0.04073178395628929,0.18522509932518005,indomethacin,CC1=C(C2=C(N1C(=O)C3=CC=C(C=C3)Cl)C=CC(=C2)OC)CC(=O)O,bimog_n_and_hal,357.793,309.256,0.13565665063318744,2,25,1,0,1,True,1
V3,1,301,0.024983318522572517,0.10637013614177704,sulphathiazole,C1=CC(=CC=C1N)S(=O)(=O)NC2=NC=CS2,bimog_n_only,255.32399999999998,172.138,0.3258056430261158,5,16,0,2,3,True,5
V3,1,302,0.0601562075316906,0.7785734534263611,sulphadimethoxine,COC1=NC(=NC(=C1)NS(=O)(=O)C2=CC=C(C=C2)N)OC,bimog_n_only,310.335,245.14,0.2100794302930704,5,21,0,1,4,True,5
V3,1,307,0.012136128731071949,0.18405932188034058,"n-(s-1-naphthylethyl)-2,2’-diphenic imide",CC(c2ccc1ccccc1c2)n5c(=O)c3ccccc3c4ccccc4c5=O,bimog_n_only,377.443,361.36,0.042610407399262806,1,29,0,0,1,True,1
V3,1,311,0.012822707183659077,0.5970725417137146,n-(r-1-phenylethyl)-3-nitrophthalimide,CC(c1ccccc1)n3c(=O)c2cccc(N(=O)=O)c2c3=O,bimog_n_only,296.282,280.194,0.05429961995666277,1,22,0,0,2,True,1
V3,1,315,0.0595356822013855,0.677756130695343,"1,3-dinitro-4,6-bis-(r-l’-phenylethylamino)benzene",CC(Nc2cc(NC(C)c1ccccc1)c(N(=O)=O)cc2N(=O)=O)c3ccccc3,bimog_n_only,406.442,406.324,0.000290324326718161,0,30,0,0,4,False,0
V3,1,321,0.049533385783433914,1.4018166065216064,n-(1-phenylethyl)-n’-(p-nitrophenyl)urea,CC(NC(=O)Nc1ccc(N(=O)=O)cc1)c2ccccc2,bimog_n_only,285.303,271.216,0.04937557614185617,1,21,0,0,3,True,1
V3,1,326,0.03634292632341385,0.6268793940544128,anilinephthalein,Nc4ccc(C3(c1ccc(N)cc1)OC(=O)c2ccccc23)cc4,bimog_n_only,316.36,286.27600000000007,0.09509419648501694,2,24,0,0,2,True,2
V3,1,330,0.03834511712193489,1.1428172588348389,budesonide,CCCC1OC2CC3C4CCC5=CC(=O)C=CC5(C4C(CC3(C2(O1)C(=O)CO)C)O)C,cho,430.541,432.4120000000001,-0.0043456952996348,0,31,0,0,0,False,0
V3,1,332,0.027306636795401573,0.18690642714500427,hydrocortisone,CC12CCC(=O)C=C1CCC3C2C(CC4(C3CCC4(C(=O)CO)O)C)O,cho,362.466,362.3780000000001,0.0002427813919095856,0,26,0,0,0,False,0
V3,1,338,0.014936286024749279,0.4526206851005554,ibuprofen,CC(C)CC1=CC=C(C=C1)C(C)C(=O)O,cho,206.285,206.256,0.00014058220423196488,0,15,0,0,0,False,0
V3,1,346,0.011166209354996681,0.2600786089897156,Pimozide,C1CN(CCC1N2C3=CC=CC=C3NC2=O)CCCC(C4=CC=C(C=C4)F)C5=CC=C(C=C5)F,bimog_n_and_hal,461.556,381.494,0.173461075145811,5,34,2,0,3,True,3
V3,1,363,0.020628396421670914,0.4198102056980133,Nilutamide,CC1(C(=O)N(C(=O)N1)C2=CC(=C(C=C2)[N+](=O)[O-])C(F)(F)F)C,bimog_n_and_hal,317.223,249.15200000000002,0.2145840623157842,4,22,3,0,3,True,1
V3,1,365,0.021600153297185898,0.3065723776817322,Miconazole,C1=CC(=C(C=C1Cl)Cl)COC(CN2C=CN=C2)C3=C(C=C(C=C3)Cl)Cl,bimog_n_and_hal,416.135,246.2928,0.40814206928040175,6,25,4,0,2,True,2
V3,2,0,0.022962771356105804,0.1986137330532074,glucose,C(C1C(C(C(C(O1)O)O)O)O)O,cho,180.156,180.13800000000003,9.991340837922635e-05,0,12,0,0,0,False,0
V3,2,7,0.008898958563804626,0.03245515003800392,n-propanol,CCCO,cho,60.096,60.093999999999994,3.328008519709602e-05,0,4,0,0,0,False,0
V3,2,11,0.011522917076945305,0.3712528347969055,maltitol,C(C1C(C(C(C(O1)OC(C(CO)O)C(C(CO)O)O)O)O)O)O,cho,344.313,344.276,0.00010746036309983165,0,23,0,0,0,False,0
V3,2,15,0.004276183899492025,0.0366223081946373,n-pentanol,CCCCCO,cho,88.14999999999999,88.146,4.537719795794093e-05,0,6,0,0,0,False,0
V3,2,20,0.04593648388981819,0.45957908034324646,dimethylphthalat,O=C(OC)c1ccccc1C(=O)OC,cho,194.186,196.092,-0.009815331692295093,0,14,0,0,0,False,0
V3,2,31,0.02748470939695835,0.12420602887868881,n-buten,C=CCC,cho,56.108,56.104,7.129108148562491e-05,0,4,0,0,0,False,0
V3,2,36,0.005594923160970211,0.03652364760637283,propylbenzene,CCCC1=CC=CC=C1,cho,120.195,120.18600000000002,7.487832272534689e-05,0,9,0,0,0,False,0
V3,2,38,0.006373892538249493,0.09187326580286026,n-hexylbenzene,CCCCCCC1=CC=CC=C1,cho,162.27599999999998,162.26399999999998,7.394808844196632e-05,0,12,0,0,0,False,0
V3,2,46,0.006201073992997408,0.045739829540252686,sec-butylcyclohexane,CCC(C)C1CCCCC1,cho,140.26999999999998,140.26,7.129108148562491e-05,0,10,0,0,0,False,0
V3,2,48,0.005816233344376087,0.05129014700651169,n-pentylcyclohexane,CCCCCC1CCCCC1,cho,154.297,154.28599999999997,7.129108148584695e-05,0,11,0,0,0,False,0
V3,2,52,0.01099495217204094,0.04181942343711853,cis-2-octene,CCCCCC=CC,cho,112.216,112.172,0.00039210094817132557,0,8,0,0,0,False,0
V3,2,53,0.0054140472784638405,0.07003218680620193,3-methylhexane,CCCC(C)CC,cho,100.205,100.19800000000001,6.985679357307539e-05,0,7,0,0,0,False,0
V3,2,60,0.04486697167158127,0.10942645370960236,guajacol,COC1=CC=CC=C1O,cho,124.139,124.082,0.00045916271276558174,0,9,0,0,0,False,0
V3,2,64,0.007876867428421974,0.08203160762786865,naphthylsalyciate,C1=CC=C2C(=C1)C=CC=C2OC(=O)C3=CC=CC=C3O,cho,264.28,279.26480000000004,-0.05670046919933425,0,20,0,0,0,False,0
V3,2,67,0.03776797652244568,0.20600268244743347,methyl(s)(-)lactate,CC(C(=O)OC)O,cho,104.105,105.07600000000001,-0.009327121656020454,0,7,0,0,0,False,0
V3,2,68,0.017972860485315323,0.5048691034317017,(s)-glycerol acetonate,CC1(OCC(O1)CO)C,cho,132.159,132.1388,0.00015284619284339218,0,9,0,0,0,False,0
V3,2,72,0.02051098272204399,0.08274080604314804,4-(1-idianyl)phenol,C1CC2=CC=CC=C2C1C3=CC=C(C=C3)O,cho,210.27599999999998,210.24400000000003,0.00015218094314117803,0,16,0,0,0,False,0
V3,2,74,0.05252581089735031,0.7763599157333374,salicin,C1=CC=C(C(=C1)CO)OC2C(C(C(C(O2)CO)O)O)O,cho,286.28,286.238,0.00014670951515993735,0,20,0,0,0,False,0
V3,2,77,0.031292933970689774,0.45023640990257263,3-pentadecylcyclohexanone,CCCCCCCCCCCCCCCC1CCCC(=O)C1,cho,308.55,308.49399999999997,0.000181494085237488,0,22,0,0,0,False,0
V3,2,82,0.03022702969610691,0.2117832601070404,camphor,CC1(C2CCC1(C(=O)C2)C)C,cho,152.237,152.192,0.0002955917418234755,0,11,0,0,0,False,0
V3,2,83,0.007968032732605934,0.03649920970201492,dibutylphthalat,CCCCOC(=O)C1=CC=CC=C1C(=O)OCCCC,cho,278.348,280.3176,-0.007076034316754631,0,20,0,0,0,False,0
V3,2,84,0.005768713541328907,0.05150867626070976,o-cresol,CC1=CC=CC=C1O,cho,108.14,108.11600000000001,0.0002219345293137387,0,8,0,0,0,False,0
V3,2,85,0.012886038050055504,0.08379371464252472,isopropranol,CC(C)O,cho,60.096,60.093999999999994,3.328008519709602e-05,0,4,0,0,0,False,0
V3,2,87,0.015233089216053486,0.08837983757257462,"2,3-butanediol",CC(C(C)O)O,cho,90.122,90.12,2.2192139544130463e-05,0,6,0,0,0,False,0
V3,2,94,0.004575055092573166,0.03233925998210907,deoxycholic acid,CC(CCC(=O)O)C1CCC2C1(C(CC3C2CCC4C3(CCC(C4)O)C)O)C,cho,392.58,392.542,9.679555759334324e-05,0,28,0,0,0,False,0
V3,2,96,0.02775919996201992,0.5751022100448608,lactose,C(C1C(C(C(C(O1)OC(C(CO)O)C(C(C=O)O)O)O)O)O)O,cho,342.297,342.242,0.0001606791762709392,0,23,0,0,0,False,0
V3,2,97,0.005717648658901453,0.047977324575185776,diethylhexylphthalat,O=C(OCC(CC)CCCC)C1=CC=CC=C1C(OCC(CC)CCCC)=O,cho,390.56399999999996,392.5256,-0.0050224803105254345,0,28,0,0,0,False,0
V3,2,101,0.003769543021917343,0.04798051714897156,cellobiose,C(C1C(C(C(C(O1)OC2C(OC(C(C2O)O)O)CO)O)O)O)O,cho,342.297,342.242,0.0001606791762709392,0,23,0,0,0,False,0
V3,2,104,0.00300173950381577,0.12377713620662689,methyltestosterone,CC12CCC(=O)C=C1CCC3C2CCC4(C3CCC4(C)O)C,cho,302.45799999999997,302.40400000000005,0.0001785371853278983,0,22,0,0,0,False,0
V3,2,112,0.006684487219899893,0.03154901787638664,4-hetpanol,CCCC(CCC)O,cho,116.204,116.198,5.1633334480771786e-05,0,8,0,0,0,False,0
V3,2,119,0.0035726954229176044,0.02875896729528904,6-methyl-3-heptanol,CCC(CCC(C)C)O,cho,130.231,130.22400000000002,5.37506430878798e-05,0,9,0,0,0,False,0
V3,2,124,0.028578847646713257,0.12592759728431702,acetone,CC(=O)C,cho,58.08,58.034,0.0007920110192837226,0,4,0,0,0,False,0
V3,2,128,0.022298188880085945,0.0836862176656723,benzaldehyde,C1=CC=C(C=C1)C=O,cho,106.124,106.1,0.00022615054087671282,0,8,0,0,0,False,0
V3,2,130,0.041625916957855225,1.2490156888961792,"1,3,5-trinaphthylbenzene",C1=CC=C2C(=C1)C=CC=C2C3=CC(=CC(=C3)C4=CC=CC5=CC=CC=C54)C6=CC=CC7=CC=CC=C76,cho,456.58799999999997,456.5520000000001,7.884569896687843e-05,0,36,0,0,0,False,0
V3,2,131,0.0143643319606781,0.11760841310024261,decalin,C1CCC2CCCCC2C1,cho,138.254,138.244,7.233063781153515e-05,0,10,0,0,0,False,0
V3,2,135,0.004887721501290798,0.025533881038427353,2-ethyl-1-butanol,CCC(CC)CO,cho,102.17699999999999,102.172,4.8934691760371685e-05,0,7,0,0,0,False,0
V3,2,136,0.005622226279228926,0.02657111920416355,3-methyl-2-pentanol,CCC(C)C(C)O,cho,102.17699999999999,102.172,4.8934691760371685e-05,0,7,0,0,0,False,0
V3,2,143,0.004795401822775602,0.02574288845062256,4-methyl-1-heptanol,CCCC(C)CCCO,cho,130.231,130.22400000000002,5.37506430878798e-05,0,9,0,0,0,False,0
V3,2,147,0.008554133586585522,0.04678276926279068,isopropylbenzene,CC(C)C1=CC=CC=C1,cho,120.195,120.18600000000002,7.487832272534689e-05,0,9,0,0,0,False,0
V3,2,150,0.009427250362932682,0.0898488387465477,"1,2-pentanediol",CCCC(CO)O,cho,104.149,104.14599999999999,2.8804885308653105e-05,0,7,0,0,0,False,0
V3,2,159,0.007357623428106308,0.03995169699192047,"2,3-dimethylbutane",CC(C)C(C)C,cho,86.178,86.172,6.962333774285234e-05,0,6,0,0,0,False,0
V3,2,162,0.010738417506217957,0.028753191232681274,cis-2-heptene,CCCCC=CC,cho,98.189,98.14600000000002,0.0004379309291262512,0,7,0,0,0,False,0
V3,2,163,0.0058839814737439156,0.026279037818312645,2-methyl-1-pentanol,CCCC(C)CO,cho,102.17699999999999,102.172,4.8934691760371685e-05,0,7,0,0,0,False,0
V3,2,167,0.004919014871120453,0.025832902640104294,2-hexanol,CCCCC(C)O,cho,102.17699999999999,102.172,4.8934691760371685e-05,0,7,0,0,0,False,0
V3,2,169,0.005280634853988886,0.02660617232322693,3-heptanol,CCCCC(CC)O,cho,116.204,116.198,5.1633334480771786e-05,0,8,0,0,0,False,0
V3,2,170,0.004425595048815012,0.026514261960983276,2-heptanol,CCCCCC(C)O,cho,116.204,116.198,5.1633334480771786e-05,0,8,0,0,0,False,0
V3,2,171,0.004787548910826445,0.03102346695959568,4-nonanol,CCCCCC(CCC)O,cho,144.25799999999998,144.25000000000003,5.5456196536463054e-05,0,10,0,0,0,False,0
V3,2,174,0.0065390379168093204,0.028124719858169556,2-methyl-2-hexanol,CCCCC(C)(C)O,cho,116.204,116.198,5.1633334480771786e-05,0,8,0,0,0,False,0
V3,2,182,0.004239250905811787,0.02958703599870205,n-octanol,CCCCCCCCO,cho,130.231,130.22400000000002,5.37506430878798e-05,0,9,0,0,0,False,0
V3,2,193,0.022974256426095963,0.22387902438640594,trans-beta-iepox,CC1(CO)OC1CO,cho,118.132,118.112,0.0001693021365930525,0,8,0,0,0,False,0
V3,2,195,0.006030281074345112,0.02904754877090454,"2,4-dimethyl-3-pentanol",CC(C)C(C(C)C)O,cho,116.204,116.198,5.1633334480771786e-05,0,8,0,0,0,False,0
V3,2,196,0.004438634030520916,0.04789265617728233,erythritol,C(C(C(CO)O)O)O,cho,122.12,122.12,0.0,0,8,0,0,0,False,0
V3,2,205,0.008478127419948578,0.5114160180091858,isomalt,C(C1C(C(C(C(O1)OCC(C(C(C(CO)O)O)O)O)O)O)O)O,cho,344.313,344.2948,5.285888130857064e-05,0,23,0,0,0,False,0
V3,2,206,0.04140668734908104,1.4288053512573242,isomaltulose,C(C1C(C(C(C(O1)OCC(C(C(C(=O)CO)O)O)O)O)O)O)O,cho,342.297,343.25079999999997,-0.002786469060494179,0,23,0,0,0,False,0
V3,2,207,0.03660622239112854,0.6209080815315247,kojibiose,C(C1C(C(C(C(O1)OC(C=O)C(C(C(CO)O)O)O)O)O)O)O,cho,342.297,342.242,0.0001606791762709392,0,23,0,0,0,False,0
V3,2,208,0.003472883254289627,0.09222850948572159,lactulose,C(C1C(C(C(C(O1)OC2C(OC(C2O)(CO)O)CO)O)O)O)O,cho,342.297,342.242,0.0001606791762709392,0,23,0,0,0,False,0
V3,2,215,0.022805899381637573,0.7935746312141418,nystose,C(C1C(C(C(C(O1)OC2(C(C(C(O2)CO)O)O)COC3(C(C(C(O3)CO)O)O)COC4(C(C(C(O4)CO)O)O)CO)O)O)O)O,cho,666.579,666.4875999999999,0.00013711803102112174,0,45,0,0,0,False,0
V3,2,216,0.01468965969979763,0.44426822662353516,raffinose,C(C1C(C(C(C(O1)OCC2C(C(C(C(O2)OC3(C(C(C(O3)CO)O)O)CO)O)O)O)O)O)O)O,cho,504.438,504.36480000000006,0.00014511198601196984,0,34,0,0,0,False,0
V3,2,218,0.022852931171655655,0.9220741391181946,sorbose,C(C(C(C(C(=O)CO)O)O)O)O,cho,180.156,181.12800000000001,-0.005395324052487993,0,12,0,0,0,False,0
V3,2,219,0.01724601723253727,0.8565211296081543,stachyose,C(C1C(C(C(C(O1)OCC2C(C(C(C(O2)OCC3C(C(C(C(O3)OC4(C(C(C(O4)CO)O)O)CO)O)O)O)O)O)O)O)O)O)O,cho,666.579,666.4876,0.0001371180310208997,0,45,0,0,0,False,0
V3,2,220,0.04869977384805679,1.1027308702468872,turanose,C(C1C(C(C(C(O1)OC(C(C(CO)O)O)C(=O)CO)O)O)O)O,cho,342.297,343.23199999999997,-0.002731545996605078,0,23,0,0,0,False,0
V3,2,225,0.009140115231275558,0.06447307020425797,4-methylcyclohexen,CC1CCC=CC1,cho,96.173,96.13,0.00044711093550175995,0,7,0,0,0,False,0
V3,2,232,0.012434829957783222,0.08047932386398315,triethylamine,CCN(CC)CC,bimog_n_only,101.193,87.18,0.13847795796151896,1,7,0,0,1,True,1
V3,2,239,0.04312412813305855,0.42815619707107544,4-methoxyaniline,COC1=CC=C(C=C1)N,bimog_n_only,123.155,107.09200000000001,0.13042913401810718,1,9,0,0,1,True,1
V3,2,242,0.016316797584295273,0.21866098046302795,piperine,C1CCN(CC1)C(=O)C=CC=CC2=CC3=C(C=C2)OCO3,bimog_n_only,285.34299999999996,272.2416,0.045914565978488864,1,21,0,0,1,True,1
V3,2,246,0.008737675845623016,0.06430143117904663,propyl n-phenylcarbamate,CCCOC(=O)NC1=CC=CC=C1,bimog_n_only,179.219,165.1868,0.07829638598586086,1,13,0,0,1,True,1
V3,2,253,0.054407745599746704,0.784767746925354,nitrendipine,CCOC(=O)C1=C(NC(=C(C1C2=CC(=CC=C2)[N+](=O)[O-])C(=O)OC)C)C,bimog_n_only,360.366,349.28200000000004,0.030757618643268092,1,26,0,0,2,True,1
V3,2,259,0.0053013223223388195,0.025607090443372726,pentobarbital,CCCC(C)C1(C(=O)NC(=O)NC1=O)CC,bimog_n_only,226.27599999999998,199.208,0.11962382223479284,2,16,0,0,2,True,2
V3,2,260,0.023646146059036255,0.4773266911506653,atropine,CN1C2CCC1CC(C2)OC(=O)C(CO)C3=CC=CC=C3,bimog_n_only,289.375,276.326,0.04509373650107984,1,21,0,0,1,True,1
V3,2,265,0.006761582102626562,0.026178916916251183,1-bromobutane,CCCCBr,bimog_hal_only,137.01999999999998,57.112,0.5831849365056195,1,5,1,0,0,True,0
V3,2,269,0.02780333161354065,0.11231324821710587,9-bromophenanthrene,C1=CC=C2C(=C1)C=C(C3=CC=CC=C23)Br,bimog_hal_only,257.13,177.21200000000002,0.3108077626103527,1,15,1,0,0,True,0
V3,2,270,0.016072889789938927,0.08512821048498154,bromobenzene,C1=CC=C(C=C1)Br,bimog_hal_only,157.01,77.10000000000001,0.5089484746194509,1,7,1,0,0,True,0
V3,2,274,0.006225552409887314,0.03129368647933006,isobutylchloride,CC(C)CCl,bimog_hal_only,92.569,57.112,0.3830331968585595,1,5,1,0,0,True,0
V3,2,276,0.01772439479827881,0.04129645228385925,m-fluorotoluene,CC1=CC(=CC=C1)F,bimog_hal_only,110.131,91.12600000000002,0.17256721540710596,1,8,1,0,0,True,0
V3,2,278,0.08425690978765488,0.19571173191070557,hydrochloro-thiazide,C1NC2=CC(=C(C=C2S(=O)(=O)N1)S(=O)(=O)N)Cl,bimog_n_and_hal,297.745,219.07600000000002,0.26421602377873676,5,17,1,2,3,True,4
V3,2,286,0.005467901472002268,0.015480843372642994,3-chloroaniline,C1=CC(=CC(=C1)Cl)N,bimog_n_and_hal,127.574,76.09200000000001,0.4035461771207298,2,8,1,0,1,True,1
V3,2,290,0.04677589610219002,0.552220344543457,ethacrynic acid,CCC(=C)C(=O)C1=C(C(=C(C=C1)OCC(=O)O)Cl)Cl,bimog_hal_only,303.141,233.1628,0.23084373278441384,2,19,2,0,0,True,0
V3,2,291,0.04152197390794754,0.15310455858707428,tolbutamide,CCCCNC(=O)NS(=O)(=O)C1=CC=C(C=C1)C,bimog_n_only,270.354,222.16,0.17826257425449588,2,18,0,1,2,True,2
V3,2,292,0.01809108443558216,0.17356538772583008,tolnaftate,CC1=CC(=CC=C1)N(C)C(=S)OC2=CC3=CC=CC=C3C=C2,bimog_n_only,307.418,263.34280000000007,0.14337221633085873,2,22,0,1,1,True,2
V3,2,295,0.11045868694782257,1.572246789932251,chloramphenicol,C1=CC(=CC=C1C(C(CO)NC(=O)C(Cl)Cl)O)[N+](=O)[O-],bimog_n_and_hal,323.132,253.14200000000002,0.21659878934924426,2,20,2,0,2,True,0
V3,2,300,0.024214718490839005,0.3113137185573578,felodipine,CCOC(=O)C1=C(NC(=C(C1C2=C(C(=CC=C2)Cl)Cl)C(=O)OC)C)C,bimog_n_and_hal,384.259,302.284,0.21333267405578016,3,25,2,0,1,True,1
V3,2,303,0.020063135772943497,0.09495892375707626,chlorobenzene,C1=CC=C(C=C1)Cl,bimog_hal_only,112.559,77.10000000000001,0.31502589752929566,1,7,1,0,0,True,0
V3,2,312,0.015244212932884693,0.11524105072021484,"4-acetamido-n-(2’,4’-dimethylphenyl)-1,8naphthalimide",CC(=O)Nc2ccc4c(=O)n(c1ccc(C)cc1C)c(=O)c3cccc2c34,bimog_n_only,358.397,325.24399999999997,0.09250356448296171,2,27,0,0,2,True,2
V3,2,318,0.06431297957897186,1.0076334476470947,1’-(ethoxycarbonyl)ethyl-2-methyl-4-nitrophenylurethane,CCOC(=O)CCC(C(=O)OCC)c1ccc(N(=O)=O)cc1C,bimog_n_only,323.34499999999997,324.25399999999996,-0.0028112387697349916,0,23,0,0,1,False,0
V3,2,323,0.009862550534307957,0.30919238924980164,n-(2-tetrahydropyryl)saccharin,O=C2c1ccccc1S(=O)(=O)C2C3CCCOC3,bimog_n_only,266.318,234.17079999999999,0.12070982810024111,1,18,0,1,0,True,1
V3,2,327,0.009920727461576462,0.10200615227222443,"2,2,2-tris(chloromethyl)ethyl-p-nitrophenylurethane",O=C(Nc1ccc(N(=O)=O)cc1)OCC(CCl)(CCl)CCl,bimog_n_and_hal,355.605,235.1968,0.3386009758018026,4,21,3,0,2,True,1
V3,2,328,0.026031693443655968,0.3039930462837219,"2,2,3,3-tetrafluoropropyl-p-nitrophenylurethane",O=C(Nc1ccc(N(=O)=O)cc1)OCC(F)(F)C(F)F,bimog_n_and_hal,296.176,206.1368,0.30400572632488787,5,20,4,0,2,True,1
V3,2,336,0.01646982505917549,0.35769200325012207,simvastatin,CCC(C)(C)C(=O)OC1CC(C=C2C1C(C(C=C2)C)CCC3CC(CC(=O)O3)O)C,cho,418.57399999999996,420.462,-0.0045105524948994,0,30,0,0,0,False,0
V3,2,339,0.016159892082214355,0.25418663024902344,ketoprofen,CC(C1=CC(=CC=C1)C(=O)C2=CC=CC=C2)C(=O)O,cho,254.285,255.24400000000003,-0.003771358908311706,0,19,0,0,0,False,0
V3,2,347,0.09239427745342255,1.4385257959365845,Zolmitriptan,CN(C)CCC1=CNC2=C1C=C(C=C2)CC3COC(=O)N3,bimog_n_only,287.363,259.2848,0.09770986522273217,2,21,0,0,3,True,2
V3,2,349,0.05875521898269653,0.8527948260307312,Nifedipine,CC1=C(C(C(=C(N1)C)C(=O)OC)C2=CC=CC=C2[N+](=O)[O-])C(=O)OC,bimog_n_only,346.339,335.256,0.03200043887636106,1,25,0,0,2,True,1
V3,2,352,0.03133321553468704,0.26959043741226196,Clemastine,CC(C1=CC=CC=C1)(C2=CC=C(C=C2)Cl)OCCC3CCCN3C,bimog_n_and_hal,343.89799999999997,294.41880000000003,0.14387754508604278,2,24,1,0,1,True,1
V3,2,354,0.016558222472667694,0.06790982186794281,Bifonazole,C1=CC=C(C=C1)C2=CC=C(C=C2)C(C3=CC=CC=C3)N4C=CN=C4,bimog_n_only,310.4,282.364,0.09032216494845358,2,24,0,0,2,True,2
V3,2,355,0.012319864705204964,0.14864929020404816,Cinnarizine,C1CN(CCN1CC=CC2=CC=CC=C2)C(C3=CC=CC=C3)C4=CC=CC=C4,bimog_n_only,368.524,340.44800000000004,0.07618499744928409,2,28,0,0,2,True,2
V3,2,357,0.008673032745718956,0.28193923830986023,Tamoxifen,CCC(=C(C1=CC=CC=C1)C2=CC=C(C=C2)OCCN(C)C)C3=CC=CC=C3,bimog_n_only,371.524,357.4928,0.0377666045800541,1,28,0,0,1,True,1
V3,2,358,0.014181256294250488,0.1299438327550888,Procaine,CCN(CC)CCOC(=O)C1=CC=C(C=C1)N,bimog_n_only,236.315,207.2648,0.12292998751666206,2,17,0,0,2,True,2
V3,2,4,0.02076738514006138,0.08818290382623672,glycerol,OCC(O)CO,cho,92.094,92.09400000000001,-2.220446049250313e-16,0,6,0,0,0,False,0
V3,2,5,0.05257252976298332,0.28126290440559387,ribose,C1C(C(C(C(O1)O)O)O)O,cho,150.13,150.13080000000002,-5.328715113828153e-06,0,10,0,0,0,False,0
V3,2,6,0.038534585386514664,0.08907445520162582,ethanol,OCC,cho,46.069,46.068,2.1706570578983175e-05,0,3,0,0,0,False,0
V3,2,10,0.03557118773460388,0.49526071548461914,phenolphthalein,O=C1OC(C2=C1C=CC=C2)(C3=CC=C(C=C3)O[H])C4=CC=C(C=C4)O[H],cho,318.328,320.2560000000001,-0.006056645975220931,2,24,0,0,0,True,2
V3,2,23,0.002449951134622097,0.028427988290786743,5-methyl-3-heptanol,CCC(C)CC(CC)O,cho,130.231,130.22400000000002,5.37506430878798e-05,0,9,0,0,0,False,0
V3,2,30,0.016966748982667923,0.10093555599451065,triphenylethene,C1=CC=C(C=C1)C=C(C2=CC=CC=C2)C3=CC=CC=C3,cho,256.34799999999996,256.328,7.801894299930279e-05,0,20,0,0,0,False,0
V3,2,40,0.011274156160652637,0.056277357041835785,tert-butyl-benzene,CC(C)(C)C1=CC=CC=C1,cho,134.22199999999998,134.212,7.450343460824183e-05,0,10,0,0,0,False,0
V3,2,41,0.009339570999145508,0.05912699177861214,3-methylheptane,CCCCC(C)CC,cho,114.232,114.224,7.003291547025281e-05,0,8,0,0,0,False,0
V3,2,69,0.08925021439790726,0.35484927892684937,(r)-nopol,CC1(C)[C@H]2CC=C(CCO)[C@@H]1C2,cho,166.26399999999998,166.25400000000002,6.0145311071346796e-05,0,12,0,0,0,False,0
V3,2,89,0.030079543590545654,0.19685068726539612,mephenesin,CC1=CC=CC=C1OCC(CO)O,cho,182.219,182.21280000000002,3.402499190519048e-05,0,13,0,0,0,False,0
V3,2,90,0.01766141876578331,0.33752235770225525,estradiol-17b-cypionate,CC12CCC3C(C1CCC2OC(=O)CCC4CCCC4)CCC5=C3C=CC(=C5)O,cho,396.57099999999997,396.494,0.00019416447496145572,0,29,0,0,0,False,0
V3,2,99,0.04064428061246872,0.25509780645370483,diethylstilbestrol,CCC(=C(CC)C1=CC=C(C=C1)O)C2=CC=C(C=C2)O,cho,268.356,268.304,0.00019377245151974698,0,20,0,0,0,False,0
V3,2,107,0.01137215830385685,0.27679070830345154,ergocalciferol,CC(C)C(C)C=CC(C)C1CCC2C1(CCCC2=CC=C3CC(CCC3=C)O)C,cho,396.659,396.5600000000001,0.00024958465583757583,0,29,0,0,0,False,0
V3,2,113,0.0054407427087426186,0.07227127254009247,4-decanol,CCCCCCC(CCC)O,cho,158.285,158.276,5.6859462362113256e-05,0,11,0,0,0,False,0
V3,2,118,0.008259614929556847,0.09442223608493805,4-methyl-4-heptanol,CCCC(C)(CCC)O,cho,130.231,130.22400000000002,5.37506430878798e-05,0,9,0,0,0,False,0
V3,2,126,0.014083651825785637,0.08814859390258789,methylisobutylketone,CC(C)CC(=O)C,cho,100.161,100.11200000000001,0.0004892123680872995,0,7,0,0,0,False,0
V3,2,129,0.02498147264122963,0.24609911441802979,acetophenone,CC(=O)C1=CC=CC=C1,cho,120.151,120.10000000000001,0.0004244658804336554,0,9,0,0,0,False,0
V3,2,133,0.003411815734580159,0.03431817889213562,"2,4-pentanediol",CC(CC(C)O)O,cho,104.149,104.14599999999999,2.8804885308653105e-05,0,7,0,0,0,False,0
V3,2,138,0.003511327551677823,0.022987548261880875,5-methyl-2-hexanol,CC(C)CCC(C)O,cho,116.204,116.198,5.1633334480771786e-05,0,8,0,0,0,False,0
V3,2,140,0.0027416956145316362,0.03166525438427925,4-methyl-3-heptanol,CCCC(C)C(CC)O,cho,130.231,130.22400000000002,5.37506430878798e-05,0,9,0,0,0,False,0
V3,2,145,0.0025864504277706146,0.03015385940670967,2-methyl-3-heptanol,CCCCC(C(C)C)O,cho,130.231,130.22400000000002,5.37506430878798e-05,0,9,0,0,0,False,0
V3,2,156,0.007657669484615326,0.030758580192923546,cyclohexanol,C1CCC(CC1)O,cho,100.161,100.15599999999999,4.991962939682182e-05,0,7,0,0,0,False,0
V3,2,158,0.015929946675896645,0.060932278633117676,cycloheptane,C1CCCCCC1,cho,98.189,98.182,7.129108148562491e-05,0,7,0,0,0,False,0
V3,2,160,0.15279817581176758,0.2816680371761322,1-phenyl-1-propanol,CCC(C1=CC=CC=C1)O,cho,136.194,136.186,5.873973890169193e-05,0,10,0,0,0,False,0
V3,2,173,0.004200213123112917,0.045624010264873505,2-methyl-2-pentanol,CCCC(C)(C)O,cho,102.17699999999999,102.17199999999998,4.893469176048271e-05,0,7,0,0,0,False,0
V3,2,175,0.006360572762787342,0.08476531505584717,4-methy-4-octanol,CCCCC(C)(CCC)O,cho,144.25799999999998,144.25,5.54561965366851e-05,0,10,0,0,0,False,0
V3,2,179,0.008968440815806389,0.13417980074882507,xylose,C(C(C(C(C=O)O)O)O)O,cho,150.13,150.11200000000002,0.00011989609005513824,0,10,0,0,0,False,0
V3,2,184,0.02366175875067711,0.13455429673194885,"1,2,4-butanetriol",C(CO)C(CO)O,cho,106.121,106.12,9.42320558594556e-06,0,7,0,0,0,False,0
V3,2,185,0.024086112156510353,0.13188409805297852,benzene,C1=CC=CC=C1,cho,78.11399999999999,78.108,7.681081496258013e-05,0,6,0,0,0,False,0
V3,2,187,0.020447444170713425,0.24048256874084473,santonin,CC1C2CCC3(C=CC(=O)C(=C3C2OC1=O)C)C,cho,246.30599999999998,248.22,-0.00777082166086096,0,18,0,0,0,False,0
V3,2,200,0.014800389297306538,0.14980892837047577,"2-methyl-1,3-propanediol",CC(CO)CO,cho,90.122,90.12,2.2192139544130463e-05,0,6,0,0,0,False,0
V3,2,201,0.003284440143033862,0.016465317457914352,3-methyl-2-butanol,CC(C)C(C)O,cho,88.14999999999999,88.146,4.537719795794093e-05,0,6,0,0,0,False,0
V3,2,203,0.009696726687252522,0.13810676336288452,"1,3-propanediol",C(CO)CO,cho,76.095,76.094,1.3141467901989223e-05,0,5,0,0,0,False,0
V3,2,210,0.022404156625270844,1.0151861906051636,maltoheptaose,C(C1C(C(C(C(O1)OC2C(OC(C(C2O)O)OC3C(OC(C(C3O)O)OC4C(OC(C(C4O)O)OC5C(OC(C(C5O)O)OC6C(OC(C(C6O)O)OC7C(OC(C(C7O)O)O)CO)CO)CO)CO)CO)CO)O)O)O)O,cho,1153.002,1152.7620000000002,0.00020815228421089405,0,78,0,0,0,False,0
V3,2,228,0.03214787691831589,0.11788113415241241,4-cyanoaniline,C1=CC(=CC=C1C#N)N,bimog_n_only,118.139,88.102,0.25425134798838656,2,9,0,0,2,True,2
V3,2,231,0.010526817291975021,0.04028867930173874,m-toluidine,CC1=CC(=CC=C1)N,bimog_n_only,107.15599999999999,91.12600000000002,0.14959498301541652,1,8,0,0,1,True,1
V3,2,236,0.045708004385232925,0.49248409271240234,4-nitro-1-naphthylamine,C1=CC=C2C(=C1)C(=CC=C2[N+](=O)[O-])N,bimog_n_only,188.18599999999998,172.138,0.08527733200131771,1,14,0,0,2,True,1
V3,2,240,0.0720527172088623,0.38620662689208984,cinchonine,C=CC1CN2CCC1CC2C(C3=CC=NC4=CC=CC=C34)O,bimog_n_only,294.39799999999997,266.36600000000004,0.09521803816601992,2,22,0,0,2,True,2
V3,2,241,0.030233392491936684,1.429229497909546,brucine,COC1=C(C=C2C(=C1)C34CCN5C3CC6C7C4N2C(=O)CC7OCC=C6C5)OC,bimog_n_only,394.471,366.33480000000003,0.07132640929244471,2,29,0,0,2,True,2
V3,2,243,0.03662911057472229,0.46242770552635193,benzyl n-phenylcarbamate,C1=CC=C(C=C1)COC(=O)NC2=CC=CC=C2,bimog_n_only,227.26299999999998,213.2268,0.06176192341032183,1,17,0,0,1,True,1
V3,2,249,0.12808029353618622,1.8469736576080322,eserine,CC12CCN(C1N(C3=C2C=C(C=C3)OC(=O)NC)C)C,bimog_n_only,275.352,249.2748,0.09470495947006008,2,20,0,0,3,True,2
V3,2,251,0.03324882313609123,0.5076316595077515,acetaminophen,CC(=O)NC1=CC=C(C=C1)O,bimog_n_only,151.165,136.08200000000002,0.09977838785433113,1,11,0,0,1,True,1
V3,2,255,0.06819800287485123,0.8625917434692383,quinidine,COC1=CC2=C(C=CN=C2C=C1)C(C3CC4CCN3CC4C=C)O,bimog_n_only,324.424,296.358,0.08651024585110834,2,24,0,0,2,True,2
V3,2,257,0.02284001186490059,0.20105299353599548,phenylbutazone,CCCCC1C(=O)N(N(C1=O)C2=CC=CC=C2)C3=CC=CC=C3,bimog_n_only,308.381,282.312,0.08453503944795548,2,23,0,0,2,True,2
V3,2,263,0.02398413047194481,1.3265537023544312,nimodipine,CC1=C(C(C(=C(N1)C)C(=O)OC(C)C)C2=CC(=CC=C2)[N+](=O)[O-])C(=O)OCCOC,bimog_n_only,418.44599999999997,407.326,0.026574516186078867,1,30,0,0,2,True,1
V3,2,275,0.015980256721377373,0.08495654910802841,iodobenzene,C1=CC=C(C=C1)I,bimog_hal_only,204.01,77.10000000000001,0.6220773491495515,1,7,1,0,0,True,0
V3,2,280,0.03714107722043991,0.43903684616088867,glibenclamide,COC1=C(C=C(C=C1)Cl)C(=O)NCCC2=CC=C(C=C2)S(=O)(=O)NC(=O)NC3CCCCC3,bimog_n_and_hal,494.013,411.2800000000001,0.16747130136251454,3,33,1,1,3,True,2
V3,2,281,0.09101249277591705,1.599360466003418,triphenyl phosphite,C1=CC=C(C=C1)OP(OC2=CC=CC=C2)OC3=CC=CC=C3,bimog_n_only,310.289,321.3804,-0.03574538575328168,1,22,0,0,0,True,1
V3,2,294,0.014305347576737404,0.1757463812828064,chorotrianisene,COC1=CC=C(C=C1)C(=C(C2=CC=C(C=C2)OC)Cl)C3=CC=C(C=C3)OC,bimog_hal_only,380.871,345.296,0.09340432849967573,1,27,1,0,0,True,0
V3,2,305,0.25230666995048523,1.7556021213531494,2-ethylhexylamine,CCCCC(CC)CN,bimog_n_only,129.24699999999999,129.19,0.00044101603905688513,0,9,0,0,1,False,0
V3,2,310,0.02535432018339634,0.26178625226020813,"n-(r-1-phenylethyl)-1,8-naphthalimide",CC(c1ccccc1)n2c(=O)c4cccc3cccc(c2=O)c34,bimog_n_only,301.34499999999997,285.26800000000003,0.053350810532777904,1,23,0,0,1,True,1
V3,2,314,0.009572966024279594,0.07118962705135345,"1-methyl-1-(p-hydroxyphenyl)-1,2,3,4tetrahydronaphthalene",CC3(c1ccc(O)cc1)CCCc2ccccc23,cho,238.32999999999998,238.29600000000005,0.00014265933789259222,0,18,0,0,0,False,0
V3,2,316,0.015223613008856773,0.2364715039730072,n-(r-1-phenylethyl)-n’-(p-nitrophenyl)thiourea,CC(NC(=S)Nc1ccc(N(=O)=O)cc1)c2ccccc2,bimog_n_only,301.371,254.226,0.15643509163124514,2,21,0,1,3,True,2
V3,2,317,0.017331045120954514,0.5520561337471008,1-menthyl-3-nitrophenylurethane,CC(C)C1CCC(C)CC1OC(=O)Nc2cccc(N(=O)=O)c2,bimog_n_only,320.389,306.31600000000003,0.04392472900130773,1,23,0,0,2,True,1
V3,2,319,0.030270075425505638,0.5634877681732178,"1,1,3-trimethyl-3-(p-carboxyphenyl)-indan-5-carboxylic acid",CC3(C)CC(C)(c1ccc(C(=O)O)cc1)c2cc(C(=O)O)ccc23,cho,324.376,324.324,0.00016030779095854708,0,24,0,0,0,False,0
V3,2,320,0.06289995461702347,1.0688899755477905,"2-benzyl-(3,3’)spirobi-(benzo[f]chroman)",c7ccc(CC3CC2C(CCC1CCCCC12)OC36CCC5C(CCC4CCCCC45)O6)cc7,cho,462.71799999999996,462.65200000000004,0.00014263547128035015,0,34,0,0,0,False,0
V3,2,322,0.011755409650504589,0.2539037764072418,"n-( 1-phenylethyl)-2,4-dinitroaniline",CC(Nc1ccc(N(=O)=O)cc1N(=O)=O)c2ccccc2,bimog_n_only,287.275,287.19800000000004,0.00026803585414647557,0,21,0,0,3,False,0
V3,2,329,0.010260890237987041,0.10077102482318878,n-pentyl-p-nitrophenylurethane,CCCCCOC(=O)Nc1ccc(N(=O)=O)cc1,bimog_n_only,252.26999999999998,238.22079999999997,0.055691124588734375,1,18,0,0,2,True,1
V3,2,334,0.009783335030078888,0.10279454290866852,testosterone,CC12CCC3C(C1CCC2O)CCC4=CC(=O)CCC34C,cho,288.431,288.37800000000004,0.0001837527866281885,0,21,0,0,0,False,0
V3,2,340,0.023496143519878387,0.4545806050300598,Aripiprazole,C1CC(=O)NC2=C1C=CC(=C2)OCCCCN3CCN(CC3)C4=C(C(=CC=C4)Cl)Cl,bimog_n_and_hal,448.394,334.4028,0.25422106451022985,5,30,2,0,3,True,3
V3,2,342,0.05194278433918953,0.8940085172653198,Danazol,CC12CCC3C(C1CCC2(C#C)O)CCC4=CC5=C(CC34C)C=NO5,bimog_n_only,337.46299999999997,324.4448000000001,0.03857667359088213,1,25,0,0,1,True,1
V3,2,343,0.0077240378595888615,0.26938706636428833,Bezafibrate,CC(C)(C(=O)O)OC1=CC=C(C=C1)CCNC(=O)C2=CC=C(C=C2)Cl,bimog_n_only,361.825,328.278,0.09271609203344144,1,25,1,0,1,True,0
V3,2,344,0.011220313608646393,0.2042798548936844,Ezetimibe,C1=CC(=CC=C1C2C(C(=O)N2C3=CC=C(C=C3)F)CCC(C4=CC=C(C=C4)F)O)O,bimog_n_and_hal,409.43199999999996,358.3620000000001,0.12473377752593806,3,30,2,0,1,True,1
V3,2,353,0.024342130869627,0.04962809383869171,Clotrimazole,C1=CC=C(C=C1)C(C2=CC=CC=C2)(C3=CC=CC=C3Cl)N4C=CN=C4,bimog_n_and_hal,344.84499999999997,281.356,0.18410880250547346,3,25,1,0,2,True,2
V3,2,361,0.010926028713583946,0.24275188148021698,Isradipine,CC1=C(C(C(=C(N1)C)C(=O)OC(C)C)C2=CC=CC3=NON=C32)C(=O)OC,bimog_n_only,371.393,333.3188,0.10251727953946355,3,27,0,0,3,True,3
V3,2,366,0.008783722296357155,0.060274332761764526,Flurbiprofen,CC(C1=CC(=C(C=C1)C2=CC=CC=C2)F)C(=O)O,bimog_hal_only,244.265,225.236,0.07790309704624077,1,18,1,0,0,True,0
V3,2,367,0.008094380609691143,0.13618533313274384,Fenofibrate,CC(C)OC(=O)C(C)(C)OC1=CC=C(C=C1)C(=O)C2=CC=C(C=C2)Cl,bimog_hal_only,360.837,329.34680000000003,0.08726987531766406,1,25,1,0,0,True,0
V3,2,1,0.06626234203577042,0.5646260380744934,tartaric acid,O=C(O)C(O)C(O)C(=O)O,cho,150.086,150.052,0.00022653678557638113,0,10,0,0,0,False,0
V3,2,2,0.07417528331279755,0.6537990570068359,"1,2,3-propanetricarboxylic acid",C(C(CC(=O)O)C(=O)O)C(=O)O,cho,176.124,176.07,0.00030660216665534534,0,12,0,0,0,False,0
V3,2,3,0.05821739882230759,0.33724507689476013,"1,2,4-butanetricarboxylic acid",C(CC(=O)O)C(CC(=O)O)C(=O)O,cho,190.151,190.096,0.00028924381149719736,0,13,0,0,0,False,0
V3,2,8,0.031897298991680145,0.11633358150720596,methanol,CO,cho,32.042,32.042,0.0,0,2,0,0,0,False,0
V3,2,17,0.0149899423122406,0.0525747649371624,"propan-1,2-diol",CC(O)CO,cho,76.095,76.094,1.3141467901989223e-05,0,5,0,0,0,False,0
V3,2,25,0.018746238201856613,0.07038280367851257,2-butanol,CCC(C)O,cho,74.12299999999999,74.12,4.04732674066377e-05,0,5,0,0,0,False,0
V3,2,26,0.0038006803952157497,0.04354895278811455,"2,2-dimethyl-1-propanol",CC(CO)(C)C,cho,88.14999999999999,88.146,4.537719795794093e-05,0,6,0,0,0,False,0
V3,2,27,0.00688475975766778,0.0636519193649292,o-xylene,CC1=C(C)C=CC=C1,cho,106.16799999999999,106.16000000000001,7.535227187083215e-05,0,8,0,0,0,False,0
V3,2,32,0.027371231466531754,0.20215435326099396,4-methylstyrene,CC1=CC=C(C=C1)C=C,cho,118.17899999999999,118.17000000000002,7.615566217322733e-05,0,9,0,0,0,False,0
V3,2,35,0.01047750748693943,0.07041025161743164,ethylbenzene,CCc1ccccc1,cho,106.16799999999999,106.16000000000001,7.535227187083215e-05,0,8,0,0,0,False,0
V3,2,42,0.01630519889295101,0.09519017487764359,cyclohexene,C1CCC=CC1,cho,82.146,82.10400000000001,0.0005112847856254543,0,6,0,0,0,False,0
V3,2,45,0.00616114679723978,0.03347208350896835,isopropylcyclohexane,CC(C)C1CCCCC1,cho,126.243,126.23400000000001,7.129108148562491e-05,0,9,0,0,0,False,0
V3,2,51,0.01498983521014452,0.09083131700754166,1-heptene,CCCCCC=C,cho,98.189,98.182,7.129108148562491e-05,0,7,0,0,0,False,0
V3,2,56,0.005367203615605831,0.07408436387777328,"2,5-hexanediol",CC(CCC(C)O)O,cho,118.176,118.172,3.384782020043886e-05,0,8,0,0,0,False,0
V3,2,57,0.009721068665385246,0.03907247260212898,n-eugenol,COC1=C(C=CC(=C1)CC=C)O,cho,164.204,164.144,0.0003653991376580956,0,12,0,0,0,False,0
V3,2,58,0.011012246832251549,0.07962965965270996,sorbitol,C(C(C(C(C(CO)O)O)O)O)O,cho,182.172,182.172,0.0,0,12,0,0,0,False,0
V3,2,65,0.07149624824523926,0.48702698945999146,vinylacetate,CC(=O)OC=C,cho,86.09,86.04400000000001,0.0005343245440816435,0,6,0,0,0,False,0
V3,2,66,0.007797522936016321,0.16205839812755585,xylitol,C(C(C(C(CO)O)O)O)O,cho,152.146,152.14600000000002,-2.220446049250313e-16,0,10,0,0,0,False,0
V3,2,70,0.06831756979227066,0.7922956347465515,3-hydroxy-2-methylpropionate,CC(CO)C(=O)OC,cho,118.132,119.102,-0.00821115362475866,0,8,0,0,0,False,0
V3,2,73,0.040221910923719406,0.4392704367637634,2p-hydroxyphenoxytetrahydropyran,C1CCOC(C1)OC2=CC=CC=C2O,cho,194.23,194.1868,0.00022241672244238675,0,14,0,0,0,False,0
V3,2,79,0.1057266965508461,0.24144187569618225,lactic acid,CC(C(=O)O)O,cho,90.078,90.06,0.00019982681675878577,0,6,0,0,0,False,0
V3,2,98,0.008855745196342468,0.23645353317260742,cholecalciterol,CC(C)CCCC(C)C1CCC2C1(CCCC2=CC=C3CC(CCC3=C)O)C,cho,384.64799999999997,384.58600000000007,0.00016118633139883265,0,28,0,0,0,False,0
V3,2,102,0.10690166801214218,1.0462143421173096,17b-estradiol,CC12CCC3C(C1CCC2O)CCC4=C3C=CC(=C4)O,cho,272.388,272.35400000000004,0.00012482194516616474,0,20,0,0,0,False,0
V3,2,106,0.04078943282365799,0.47509709000587463,citric acid,C(C(=O)O)C(CC(=O)O)(C(=O)O)O,cho,192.123,192.07,0.0002758649406889857,0,13,0,0,0,False,0
V3,2,108,0.00560432393103838,0.04914974048733711,n-nonanol,CCCCCCCCCO,cho,144.25799999999998,144.25000000000003,5.5456196536463054e-05,0,10,0,0,0,False,0
V3,2,109,0.004609347321093082,0.03586031123995781,2-pentanol,CCCC(C)O,cho,88.14999999999999,88.146,4.537719795794093e-05,0,6,0,0,0,False,0
V3,2,110,0.010990244336426258,0.04497430846095085,3-pentanol,CCC(CC)O,cho,88.14999999999999,88.146,4.537719795794093e-05,0,6,0,0,0,False,0
V3,2,114,0.004402924329042435,0.04945764318108559,3-methyl-4-octanol,CCCCC(C(C)CC)O,cho,144.25799999999998,144.25000000000003,5.5456196536463054e-05,0,10,0,0,0,False,0
V3,2,116,0.009579452686011791,0.08285225182771683,2-methyl-2-butanol,CCC(C)(C)O,cho,88.14999999999999,88.146,4.537719795794093e-05,0,6,0,0,0,False,0
V3,2,121,0.002642642008140683,0.036410264670848846,6-methyl-1-heptanol,CC(C)CCCCCO,cho,130.231,130.22400000000002,5.37506430878798e-05,0,9,0,0,0,False,0
V3,2,123,0.23524446785449982,1.296632170677185,diisopropylether,CC(C)OC(C)C,cho,102.17699999999999,102.154,0.00022509958209770975,0,7,0,0,0,False,0
V3,2,127,0.07203220576047897,0.4176177978515625,ethyl acetate,CCOC(=O)C,cho,88.106,88.06,0.0005220983814949731,0,6,0,0,0,False,0
V3,2,141,0.0023006803821772337,0.0457979217171669,3-methyl-4-heptanol,CCCC(C(C)CC)O,cho,130.231,130.22400000000002,5.37506430878798e-05,0,9,0,0,0,False,0
V3,2,142,0.006488099694252014,0.03295622020959854,6-methyl-2-heptanol,CC(C)CCCC(C)O,cho,130.231,130.22400000000002,5.37506430878798e-05,0,9,0,0,0,False,0
V3,2,148,0.010395355522632599,0.06021963432431221,diisobutylphthalat,CC(C)COC(=O)C1=CC=CC=C1C(=O)OCC(C)C,cho,278.348,280.3176,-0.007076034316754631,0,20,0,0,0,False,0
V3,2,154,0.006308525800704956,0.05839292332530022,menthol,CC1CCC(C(C1)O)C(C)C,cho,156.269,156.26000000000002,5.759299669150231e-05,0,11,0,0,0,False,0
V3,2,161,0.017440292984247208,0.08830374479293823,"1,2-butanediol",CCC(CO)O,cho,90.122,90.12,2.2192139544130463e-05,0,6,0,0,0,False,0
V3,2,165,0.0027351987082511187,0.028268728405237198,"2,2-dimethyl-1-pentanol",CCCC(C)(C)CO,cho,116.204,116.19799999999998,5.163333448088281e-05,0,8,0,0,0,False,0
V3,2,176,0.005983732640743256,0.03134336695075035,4-methyl-4-nonanol,CCCCCC(C)(CCC)O,cho,158.285,158.276,5.6859462362113256e-05,0,11,0,0,0,False,0
V3,2,177,0.030239084735512733,0.1240345686674118,4-methyl-undecane,CCCCCCCC(C)CCC,cho,170.34,170.328,7.044734061290026e-05,0,12,0,0,0,False,0
V3,2,180,0.027155419811606407,0.32715943455696106,fructose,C1C(C(C(C(O1)(CO)O)O)O)O,cho,180.156,180.1568,-4.440595927857061e-06,0,12,0,0,0,False,0
V3,2,183,0.0038991880137473345,0.02626628242433071,3-methyl-1-butanol,CC(C)CCO,cho,88.14999999999999,88.146,4.537719795794093e-05,0,6,0,0,0,False,0
V3,2,197,0.04145454615354538,0.3628799319267273,"2-ethyl-1,3-hexanediol",CCCC(C(CC)CO)O,cho,146.23,146.224,4.103125213705816e-05,0,10,0,0,0,False,0
V3,2,209,0.009838374331593513,0.1778797209262848,levoglucosan,C1C2C(C(C(C(O1)O2)O)O)O,cho,162.141,162.1228,0.00011224798169484629,0,11,0,0,0,False,0
V3,2,217,0.06138794496655464,0.2891990542411804,rhamnose,CC1C(C(C(C(O1)O)O)O)O,cho,164.157,164.138,0.00011574285592452771,0,11,0,0,0,False,0
V3,2,221,0.046861521899700165,0.3044486939907074,"3-methyl-1,2,3-butanetricarboxylic acid",CC(C)(C(CC(=O)O)C(=O)O)C(=O)O,cho,204.178,204.122,0.0002742704894748149,0,14,0,0,0,False,0
V3,2,223,0.01451973058283329,0.020873356610536575,"1,2-dimethylcyclohexane",CC1CCCCC1C,cho,112.216,112.208,7.129108148562491e-05,0,8,0,0,0,False,0
V3,2,227,0.04759933054447174,0.12539055943489075,butyronitrile,CCCC#N,bimog_n_only,69.107,55.096,0.20274357156293865,1,5,0,0,1,True,1
V3,2,233,0.02309996820986271,0.16014114022254944,pyridine,C1=CC=NC=C1,bimog_n_only,79.10199999999999,65.09,0.1771383782963767,1,6,0,0,1,True,1
V3,2,234,0.037944354116916656,0.12529979646205902,2-methoxy-4-nitroaniline,COC1=C(C=CC(=C1)[N+](=O)[O-])N,bimog_n_only,168.152,152.074,0.09561587135448868,1,12,0,0,2,True,1
V3,2,258,0.030181512236595154,0.4812934994697571,quinineethylcarbonate,CCOC(=O)OC(C1CC2CCN1CC2C=C)C3=C4C=C(C=CC4=NC=C3)OC,bimog_n_only,396.48699999999997,369.3928000000001,0.06833565791564389,2,29,0,0,2,True,2
V3,2,262,0.01339341513812542,0.02877035364508629,amobarbital,CCC1(C(=O)NC(=O)NC1=O)CCC(C)C,bimog_n_only,226.27599999999998,199.208,0.11962382223479284,2,16,0,0,2,True,2
V3,2,266,0.011135650798678398,0.03167615830898285,isobutylbromide,CC(C)CBr,bimog_hal_only,137.01999999999998,57.112,0.5831849365056195,1,5,1,0,0,True,0
V3,2,267,0.004252971615642309,0.02618924342095852,isoamylbromide,CC(C)CCBr,bimog_hal_only,151.047,71.138,0.529034009281879,1,6,1,0,0,True,0
V3,2,271,0.01108882948756218,0.063926562666893,tert-butyl-chloride,CC(C)(C)Cl,bimog_hal_only,92.569,57.112,0.3830331968585595,1,5,1,0,0,True,0
V3,2,272,0.027141552418470383,0.15014776587486267,1 -bromopropane,CCCBr,bimog_hal_only,122.993,43.086,0.6496873805826348,1,4,1,0,0,True,0
V3,2,273,0.008914606645703316,0.038457922637462616,1-iodobutane,CCCCI,bimog_hal_only,184.01999999999998,57.112,0.6896424301706336,1,5,1,0,0,True,0
V3,2,277,0.23337924480438232,1.1728413105010986,trichloroethylene,ClC=C(Cl)Cl,bimog_hal_only,131.389,25.028,0.8095122118289964,3,5,3,0,0,True,0
V3,2,279,0.034818135201931,0.3672054409980774,griseofulvin,CC1CC(=O)C=C(C12C(=O)C3=C(O2)C(=C(C=C3OC)OC)Cl)OC,bimog_hal_only,352.77,319.148,0.09530855798395543,1,24,1,0,0,True,0
V3,2,283,0.007674859371036291,0.027266686782240868,4-chloroaniline,C1=CC(=CC=C1N)Cl,bimog_n_and_hal,127.574,76.09200000000001,0.4035461771207298,2,8,1,0,1,True,1
V3,2,287,0.018970366567373276,0.11397743225097656,3-trifluoromethylaniline,C1=CC(=CC(=C1)N)C(F)(F)F,bimog_n_and_hal,161.126,88.102,0.45321053088886953,4,11,3,0,1,True,1
V3,2,297,0.010467084124684334,0.1945110261440277,chlormadinone acetate,CC(=O)C1(CCC2C1(CCC3C2C=C(C4=CC(=O)CCC34C)Cl)C)OC(=O)C,bimog_hal_only,404.93399999999997,369.33799999999997,0.08790568339531879,1,28,1,0,0,True,0
V3,2,308,0.014324000105261803,0.2304023802280426,"n-(r-1-phenylethyl)-2,2’-diphenic imide",CC(c1ccccc1)n4c(=O)c2ccccc2c3ccccc3c4=O,bimog_n_only,327.383,311.30400000000003,0.049113729179584675,1,25,0,0,1,True,1
V3,2,309,0.009279156103730202,0.15415744483470917,"n-(r-1-phenylethyl)-4-nitro-1,8-naphthalimide",CC(c1ccccc1)n2c(=O)c4cccc3c(N(=O)=O)ccc(c2=O)c34,bimog_n_only,346.342,330.25,0.04646274491687408,1,26,0,0,2,True,1
V3,2,324,0.023366540670394897,0.359712690114975,"9,9-bis(p-hydroxyphenyl)fluorene",Oc5ccc(C4(c1ccc(O)cc1)c2ccccc2c3ccccc34)cc5,cho,350.417,350.358,0.0001683708267576911,0,27,0,0,0,False,0
V3,2,325,0.017091363668441772,0.37755826115608215,"9,9-bis(p-aminophenyl)fluorene",Nc5ccc(C4(c1ccc(N)cc1)c2ccccc2c3ccccc34)cc5,bimog_n_only,348.44899999999996,316.37800000000004,0.09203929412912626,2,27,0,0,2,True,2
V3,2,331,0.020731251686811447,0.4166768193244934,prednisone,CC12CC(=O)C3C(C1CCC2(C(=O)CO)O)CCC4=CC(=O)C=CC34C,cho,358.43399999999997,359.3,-0.0024160654402205495,0,26,0,0,0,False,0
V3,2,333,0.050678133964538574,1.4173167943954468,warfarin,CC(=O)CC(C1=CC=CC=C1)C2=C(C3=CC=CC=C3OC2=O)O,cho,308.33299999999997,310.2540000000001,-0.00623027700570522,0,23,0,0,0,False,0
V3,2,337,0.06358455121517181,1.1361782550811768,fluorescamin,C1=CC=C(C=C1)C2=COC3(C2=O)C4=CC=CC=C4C(=O)O3,cho,278.263,295.2468,-0.06103506395029168,0,21,0,0,0,False,0
V3,2,345,0.019914966076612473,0.4838371276855469,Glafenine,C1=CC=C(C(=C1)C(=O)OCC(CO)O)NC2=C3C=CC(=CC3=NC=C2)Cl,bimog_n_and_hal,372.808,309.3088,0.17032681702109387,3,26,1,0,2,True,2
V3,2,351,0.018842289224267006,0.19255585968494415,Loratadine,CCOC(=O)N1CCC(=C2C3=C(CCC4=C2N=CC=C4)C=C(C=C3)Cl)CC1,bimog_n_and_hal,382.89099999999996,320.39480000000003,0.1632219091072915,3,27,1,0,2,True,2
V3,2,360,0.028575072064995766,0.16496475040912628,Linaprazan,CC1=C(C(=CC=C1)C)CNC2=CC(=CN3C2=NC(=C3C)C)C(=O)NCCO,bimog_n_only,366.465,339.34000000000003,0.07401798261771231,2,27,0,0,4,True,2
V3,2,364,0.02685137465596199,0.246689110994339,Aceclofenac,C1=CC=C(C(=C1)CC(=O)OCC(=O)O)NC2=C(C=CC=C2Cl)Cl,bimog_n_and_hal,354.189,268.202,0.24277151464331193,3,23,2,0,1,True,1
V3,2,9,0.01531916856765747,0.10760631412267685,ethylenglycol,OCCO,cho,62.068,62.068,0.0,0,4,0,0,0,False,0
V3,2,12,0.05910048633813858,0.6826839447021484,flopropione,CCC(=O)C1=C(C=C(C=C1O)O)O,cho,182.17499999999998,182.08,0.0005214766021680584,0,13,0,0,0,False,0
V3,2,13,0.009534426033496857,0.043415796011686325,2-methyl-1-propanol,CC(C)CO,cho,74.12299999999999,74.11999999999999,4.047326740685975e-05,0,5,0,0,0,False,0
V3,2,14,0.005684216506779194,0.03330050781369209,n-hexanol,CCCCCCO,cho,102.17699999999999,102.172,4.8934691760371685e-05,0,7,0,0,0,False,0
V3,2,16,0.08073554188013077,0.24503657221794128,benzyl alcohol,c1ccc(cc1)CO,cho,108.14,108.134,5.548363232843467e-05,0,8,0,0,0,False,0
V3,2,22,0.005527804605662823,0.0383446179330349,2-ethyl-1-hexanol,CCCCC(CC)CO,cho,130.231,130.22400000000002,5.37506430878798e-05,0,9,0,0,0,False,0
V3,2,24,0.0847785696387291,0.286500483751297,2-phenyl-1-ethanol,c1ccc(cc1)CCO,cho,122.167,122.16000000000001,5.7298615829037836e-05,0,9,0,0,0,False,0
V3,2,29,0.011844111606478691,0.030983755365014076,2-methylpentane,CCCC(C)C,cho,86.178,86.172,6.962333774285234e-05,0,6,0,0,0,False,0
V3,2,33,0.02273700013756752,0.11642750352621078,o-terphenyl,C1=CC=C(C=C1)C2=CC=CC=C2C3=CC=CC=C3,cho,230.30999999999997,230.29200000000003,7.815552950352078e-05,0,18,0,0,0,False,0
V3,2,37,0.026652459055185318,0.0533713772892952,n-pentylbenzene,CCCCCC1=CC=CC=C1,cho,148.249,148.238,7.419948869802351e-05,0,11,0,0,0,False,0
V3,2,39,0.009900921955704689,0.03681866079568863,sec-butylbenzene,CCC(C)C1=CC=CC=C1,cho,134.22199999999998,134.212,7.450343460824183e-05,0,10,0,0,0,False,0
V3,2,44,0.014747949317097664,0.04652826488018036,ethylcyclohexane,CCC1CCCCC1,cho,112.216,112.20800000000001,7.129108148551389e-05,0,8,0,0,0,False,0
V3,2,47,0.01741575263440609,0.058684032410383224,n-butylcyclohexane,CCCCC1CCCCC1,cho,140.26999999999998,140.26,7.129108148562491e-05,0,10,0,0,0,False,0
V3,2,49,0.009314753115177155,0.07394148409366608,n-hexylcyclohexane,CCCCCCC1CCCCC1,cho,168.32399999999998,168.31199999999998,7.129108148573593e-05,0,12,0,0,0,False,0
V3,2,50,0.01631808653473854,0.0709521695971489,trans-2-hexene,CCCC=CC,cho,84.16199999999999,84.12,0.0004990375703998184,0,6,0,0,0,False,0
V3,2,59,0.06393083930015564,0.6877870559692383,propylencarbonate,CC1COC(=O)O1,cho,102.089,103.06080000000001,-0.009519145059702971,0,7,0,0,0,False,0
V3,2,61,0.01179313100874424,0.17233029007911682,sucrose,C(C1C(C(C(C(O1)OC2(C(C(C(O2)CO)O)O)CO)O)O)O)O,cho,342.297,342.242,0.0001606791762709392,0,23,0,0,0,False,0
V3,2,62,0.007872864603996277,0.10559546947479248,trehalose,C(C1C(C(C(C(O1)OC2C(C(C(C(O2)CO)O)O)O)O)O)O)O,cho,342.297,342.242,0.0001606791762709392,0,23,0,0,0,False,0
V3,2,63,0.013651648536324501,0.09457932412624359,dioctylphthalat,CCCCCCCCOC(=O)C1=CC=CC=C1C(=O)OCCCCCCCC,cho,390.56399999999996,392.5256,-0.0050224803105254345,0,28,0,0,0,False,0
V3,2,71,0.01196522917598486,1.1526645421981812,dianin’s compound,CC1(CC(C2=CC=CC=C2O1)(C)C3=CC=C(C=C3)O)COc1ccc(cc1)C2(c3c(OC(C2)(C)C)cccc3)C,cho,534.696,536.6268000000001,-0.0036110238341040546,0,40,0,0,0,False,0
V3,2,75,0.013087404891848564,0.1606103926897049,cholesterol,CC(C)CCCC(C)C1CCC2C1(CCC3C2CC=C4C3(CCC(C4)O)C)C,cho,386.664,386.63800000000003,6.724184304707226e-05,0,28,0,0,0,False,0
V3,2,80,0.07874836027622223,0.16333666443824768,epoxypropane,CC1CO1,cho,58.08,58.0788,2.0661157024703947e-05,0,4,0,0,0,False,0
V3,2,88,0.013530470430850983,0.06870970129966736,m-cresol,CC1=CC(=CC=C1)O,cho,108.14,108.11600000000001,0.0002219345293137387,0,8,0,0,0,False,0
V3,2,91,0.008834460750222206,0.18061913549900055,norethylnodrel,CC12CCC3C(C1CCC2(C#C)O)CCC4=C3CCC(=O)C4,cho,298.426,298.37200000000007,0.00018094938108581538,0,22,0,0,0,False,0
V3,2,92,0.00773812597617507,0.14043083786964417,beta-estradiol-3-benzoate,CC12CCC3C(C1CCC2O)CCC4=C3C=CC(=C4)OC(=O)C5=CC=CC=C5,cho,376.496,378.47280000000006,-0.005250520589860308,0,28,0,0,0,False,0
V3,2,105,0.009438361041247845,0.11200693994760513,progesterone,CC(=O)C1CCC2C1(CCC3C2CCC4=CC(=O)CCC34C)C,cho,314.469,314.37,0.0003148164047965807,0,23,0,0,0,False,0
V3,2,120,0.01082706730812788,0.05203631520271301,3-methyl-3-heptanol,CCCCC(C)(CC)O,cho,130.231,130.22400000000002,5.37506430878798e-05,0,9,0,0,0,False,0
V3,2,122,0.025103222578763962,0.1381099671125412,diethylether,CCOCC,cho,74.12299999999999,74.1208,2.968039609818618e-05,0,5,0,0,0,False,0
V3,2,146,0.0070439837872982025,0.03549804911017418,3-methylpentane,CCC(C)CC,cho,86.178,86.172,6.962333774285234e-05,0,6,0,0,0,False,0
V3,2,149,0.006397753022611141,0.07349306344985962,"1,4-pentanediol",CC(CCCO)O,cho,104.149,104.14599999999999,2.8804885308653105e-05,0,7,0,0,0,False,0
V3,2,153,0.18135005235671997,0.9431425929069519,2-methyltetrahydrofuran,CC1CCCO1,cho,86.134,86.104,0.0003482945178443497,0,6,0,0,0,False,0
V3,2,155,0.026728555560112,0.06997783482074738,n-butylbenzene,CCCCC1=CC=CC=C1,cho,134.22199999999998,134.212,7.450343460824183e-05,0,10,0,0,0,False,0
V3,2,164,0.005824173800647259,0.05077185481786728,"2,2-dimethyl-1-butanol",CCC(C)(C)CO,cho,102.17699999999999,102.172,4.8934691760371685e-05,0,7,0,0,0,False,0
V3,2,168,0.006073466502130032,0.039220523089170456,3-hexanol,CCCC(CC)O,cho,102.17699999999999,102.172,4.8934691760371685e-05,0,7,0,0,0,False,0
V3,2,172,0.005032450892031193,0.07565988600254059,3-methyl-4-nonanol,CCCCCC(C(C)CC)O,cho,158.285,158.276,5.6859462362113256e-05,0,11,0,0,0,False,0
V3,2,181,0.005382062401622534,0.031167620792984962,n-heptanol,CCCCCCCO,cho,116.204,116.198,5.1633334480771786e-05,0,8,0,0,0,False,0
V3,2,188,0.015345034189522266,0.8323984146118164,maltotetraose,C(C1C(C(C(C(O1)OC2C(OC(C(C2O)O)OC3C(OC(C(C3O)O)OC4C(OC(C(C4O)O)O)CO)CO)CO)O)O)O)O,cho,666.579,666.4499999999999,0.000193525448596521,0,45,0,0,0,False,0
V3,2,189,0.016386667266488075,0.12329425662755966,malic acid,C(C(C(=O)O)O)C(=O)O,cho,134.087,134.052,0.00026102455868204366,0,9,0,0,0,False,0
V3,2,190,0.020302224904298782,0.1680963933467865,pinonic acid,CC(=O)C1CC(C1(C)C)CC(=O)O,cho,184.23499999999999,184.166,0.000374521670692296,0,13,0,0,0,False,0
V3,2,191,0.016126088798046112,0.05519220978021622,"2-methylbutane-1,2,3,4-tetraol",CC(CO)(C(CO)O)O,cho,136.147,136.146,7.345002093317454e-06,0,9,0,0,0,False,0
V3,2,192,0.03787822276353836,0.14918415248394012,"1,2-isopooh",C=C(C)C(CO)OO,cho,118.132,118.09400000000001,0.0003216740595266554,0,8,0,0,0,False,0
V3,2,199,0.01179677713662386,0.09599563479423523,"1,2,6-hexanetriol",C(CCO)CC(CO)O,cho,134.175,134.17200000000003,2.2358859698035083e-05,0,9,0,0,0,False,0
V3,2,202,0.006553363054990768,0.05492309480905533,"3-methyl-1,3,5-pentanetriol",CC(CCO)(CCO)O,cho,134.175,134.17200000000003,2.2358859698035083e-05,0,9,0,0,0,False,0
V3,2,204,0.008828539401292801,0.11568882316350937,gentiobiose,C(C1C(C(C(C(O1)OCC2C(C(C(C(O2)O)O)O)O)O)O)O)O,cho,342.297,342.2608,0.00010575611238194949,0,23,0,0,0,False,0
V3,2,211,0.018297286704182625,0.6139229536056519,maltohexaose,C(C1C(C(C(C(O1)OC2C(OC(C(C2O)O)OC3C(OC(C(C3O)O)OC4C(OC(C(C4O)O)OC5C(OC(C(C5O)O)OC6C(OC(C(C6O)O)O)CO)CO)CO)CO)CO)O)O)O)O,cho,990.861,990.658,0.0002048723282074283,0,67,0,0,0,False,0
V3,2,212,0.01563761942088604,0.9083372354507446,maltopentaose,C(C1C(C(C(C(O1)OC2C(OC(C(C2O)O)OC3C(OC(C(C3O)O)OC4C(OC(C(C4O)O)OC5C(OC(C(C5O)O)O)CO)CO)CO)CO)O)O)O)O,cho,828.72,828.554,0.0002003089101265676,0,56,0,0,0,False,0
V3,2,213,0.008931264281272888,0.4140980839729309,maltotriose,C(C1C(C(C(C(O1)OC2C(OC(C(C2O)O)OC3C(OC(C(C3O)O)O)CO)CO)O)O)O)O,cho,504.438,504.34600000000006,0.00018238118460534025,0,34,0,0,0,False,0
V3,2,214,0.008990036323666573,0.08591703325510025,nigerose,C(C1C(C(C(C(O1)O)O)OC2C(C(C(C(O2)CO)O)O)O)O)O,cho,342.297,342.242,0.0001606791762709392,0,23,0,0,0,False,0
V3,2,222,0.010120375081896782,0.08554987609386444,cyclooctanol,C1CCCC(CCC1)O,cho,128.215,128.20800000000003,5.459579612354659e-05,0,9,0,0,0,False,0
V3,2,224,0.014181217178702354,0.06137707084417343,2-methylbutane,CCC(C)C,cho,72.151,72.146,6.929910881336987e-05,0,5,0,0,0,False,0
V3,2,230,0.02644003927707672,0.0831465870141983,2-naphthylamine,C1=CC=C2C=C(C=CC2=C1)N,bimog_n_only,143.189,127.15600000000002,0.11197089161876939,1,11,0,0,1,True,1
V3,2,244,0.019005432724952698,0.07046128809452057,methyl n-phenylcarbamate,COC(=O)NC1=CC=CC=C1,bimog_n_only,151.165,137.1,0.0930440247411769,1,11,0,0,1,True,1
V3,2,245,0.02054055966436863,0.19607481360435486,ethyl n-phenylcarbamate,CCOC(=O)NC1=CC=CC=C1,bimog_n_only,165.192,151.16080000000002,0.08493873795341167,1,12,0,0,1,True,1
V3,2,247,0.04410190507769585,0.9848340749740601,dibucaine,CCCCOC1=NC2=CC=CC=C2C(=C1)C(=O)NCCN(CC)CC,bimog_n_only,343.471,316.38880000000006,0.07884857819146285,2,25,0,0,3,True,2
V3,2,248,0.022901948541402817,0.1805894374847412,proxyphylline,CC(CN1C=NC2=C1C(=O)N(C(=O)N2C)C)O,bimog_n_only,238.24699999999999,184.192,0.22688638261971816,4,17,0,0,4,True,4
V3,2,252,0.03276100009679794,0.22202368080615997,diphylline,CN1C2=C(C(=O)N(C1=O)C)N(C=N2)CC(CO)O,bimog_n_only,254.24599999999998,200.192,0.21260511473140176,4,18,0,0,4,True,4
V3,2,254,0.014565965160727501,0.3573233485221863,phenobarbital,CCC1(C(=O)NC(=O)NC1=O)C2=CC=CC=C2,bimog_n_only,232.239,205.17000000000002,0.11655665069174426,2,17,0,0,2,True,2
V3,2,268,0.013976027257740498,0.043863695114851,3-bromopentane,CCC(Br)CC,bimog_hal_only,151.047,71.138,0.529034009281879,1,6,1,0,0,True,0
V3,2,284,0.0366230234503746,0.15898986160755157,"3,4-dichloroaniline",C1=CC(=C(C=C1N)Cl)Cl,bimog_n_and_hal,162.019,75.08400000000002,0.5365728710830211,3,9,2,0,1,True,1
V3,2,285,0.01603582315146923,0.04695647209882736,2-chloroaniline,C1=CC=C(C(=C1)N)Cl,bimog_n_and_hal,127.574,76.09200000000001,0.4035461771207298,2,8,1,0,1,True,1
V3,2,289,0.031502265483140945,0.12566205859184265,m-fluorophenol,C1=CC(=CC(=C1)F)O,bimog_hal_only,112.103,93.082,0.1696743173688483,1,8,1,0,0,True,0
V3,2,296,0.01919024996459484,0.21821053326129913,spironolactone,CC(=O)SC1CC2=CC(=O)CCC2(C3C1C4CCC5(C4(CC3)C)CCC(=O)O5)C,cho,416.58299999999997,384.38,0.07730272238665514,1,29,0,1,0,True,1
V3,2,299,0.05489666387438774,0.9515973329544067,sulphisoxazole,CC1=C(ON=C1C)NS(=O)(=O)C2=CC=C(C=C2)N,bimog_n_only,267.31,200.1488,0.2512483633234821,4,18,0,1,3,True,4
V3,2,304,0.04352175071835518,0.9413942098617554,probucol,CC(C)(C)C1=CC(=CC(=C1O)C(C)(C)C)SC(C)(C)SC2=CC(=C(C(=C2)C(C)(C)C)O)C(C)(C)C,cho,516.857,452.658,0.1242103715340993,2,35,0,2,0,True,2
V3,2,306,0.028176242485642433,0.42826414108276367,n-(s-1-naphthylethyl)-tetrachlorophthalimide,CC(c2ccc1ccccc1c2)n4c(=O)c3c(Cl)c(Cl)c(Cl)c(Cl)c3c4=O,bimog_n_and_hal,439.125,281.236,0.3595536578423001,5,27,4,0,1,True,1
V3,2,313,0.035834040492773056,0.38702625036239624,"n-(1,2,3,4-tetrahydro-1-naphthyl)-tetrachlorophthalimide",O=c2c1c(Cl)c(Cl)c(Cl)c(Cl)c1c(=O)n2c3cccc4ccccc34,bimog_n_and_hal,411.071,281.236,0.31584568115970235,5,25,4,0,1,True,1
V3,2,335,0.006178321782499552,0.04177170991897583,nandrolone,CC12CCC3C(C1CCC2O)CCC4=CC(=O)CCC34,cho,274.404,274.35200000000003,0.00018950161076358718,0,20,0,0,0,False,0
V3,2,341,0.057179540395736694,1.052941918373108,Bucindolol,CC(C)(CC1=CNC2=CC=CC=C21)NCC(COC3=CC=CC=C3C#N)O,bimog_n_only,363.46099999999996,334.37880000000007,0.08001463705872125,2,27,0,0,3,True,2
V3,2,348,0.03504202142357826,0.22439518570899963,Diazepam,CN1C(=O)CN=C(C2=C1C=CC(=C2)Cl)C3=CC=CC=C3,bimog_n_and_hal,284.746,221.22800000000004,0.22306898077584913,3,20,1,0,2,True,2
V3,2,350,0.060899753123521805,0.4994569718837738,Carvedilol,COC1=CC=CC=C1OCCNCC(COC2=CC=CC3=C2C4=CC=CC=C4N3)O,bimog_n_only,406.48199999999997,391.3736000000001,0.037168681516032365,1,30,0,0,2,True,1
V3,2,356,0.019790494814515114,0.18913951516151428,Clofoctol,CC(C)(C)CC(C)(C)C1=CC(=C(C=C1)O)CC2=C(C=C(C=C2)Cl)Cl,bimog_hal_only,365.344,294.40000000000003,0.19418411141280534,2,24,2,0,0,True,0
V3,2,359,0.03790736198425293,0.7962132692337036,Orlistat,CCCCCCCCCCCC(CC1C(C(=O)O1)CCCCCC)OC(=O)C(CC(C)C)NC=O,bimog_n_only,495.745,497.61400000000003,-0.0037700834098175484,0,35,0,0,1,False,0
V3,2,362,0.011664247140288353,0.3362980782985687,Acemetacin,CC1=C(C2=C(N1C(=O)C3=CC=C(C=C3)Cl)C=CC(=C2)OC)CC(=O)OCC(=O)O,bimog_n_and_hal,415.829,367.256,0.11681003489415132,2,29,1,0,1,True,1
V3,2,18,0.09974367916584015,0.500960111618042,resorcinol,c1cc(cc(c1)O)O,cho,110.112,110.072,0.000363266492298675,0,8,0,0,0,False,0
V3,2,19,0.012908289209008217,0.08008094877004623,phenyl-salicylate,O=C(Oc2ccccc2)c1c(O)cccc1,cho,214.22,229.2088,-0.0699691905517692,0,16,0,0,0,False,0
V3,2,21,0.031122392043471336,0.33941587805747986,diethylphthalat,CCOC(=O)c1ccccc1C(=O)OCC,cho,222.23999999999998,224.2136,-0.008880489560835203,0,16,0,0,0,False,0
V3,2,28,0.00844709575176239,0.08820673823356628,m-xylene,CC1=CC(=CC=C1)C,cho,106.16799999999999,106.16000000000001,7.535227187083215e-05,0,8,0,0,0,False,0
V3,2,34,0.020939957350492477,0.09714001417160034,toluol,Cc1ccccc1,cho,92.14099999999999,92.13400000000001,7.597052343666366e-05,0,7,0,0,0,False,0
V3,2,43,0.0077296532690525055,0.04422623664140701,methylcyclohexane,CC1CCCCC1,cho,98.189,98.182,7.129108148562491e-05,0,7,0,0,0,False,0
V3,2,54,0.011384600773453712,0.09530019760131836,4-methylnonane,CCCCCC(C)CCC,cho,142.286,142.276,7.028098337147348e-05,0,10,0,0,0,False,0
V3,2,55,0.021336328238248825,0.1018669605255127,2-isopropoxyethanol,CC(C)OCCO,cho,104.149,104.1468,2.112358255956792e-05,0,7,0,0,0,False,0
V3,2,76,0.03699725121259689,0.983912467956543,beta-d-glucosepentaacetate,CC(=O)OCC1C(C(C(C(O1)OC(=O)C)OC(=O)C)OC(=O)C)OC(=O)C,cho,390.341,390.098,0.0006225326061058967,0,27,0,0,0,False,0
V3,2,78,0.049075670540332794,1.1362743377685547,"4,4’-dimethoxytetraphenylmethane",COc4ccc(C(c1ccccc1)(c2ccccc2)c3ccc(OC)cc3)cc4,cho,380.48699999999997,380.394,0.00024442359397292,0,29,0,0,0,False,0
V3,2,81,0.032935965806245804,0.21308274567127228,n-butylacetate,CCCCOC(=O)C,cho,116.16,116.11200000000001,0.00041322314049574427,0,8,0,0,0,False,0
V3,2,86,0.005830258596688509,0.05372241884469986,"1,3-butanediol",CC(CCO)O,cho,90.122,90.12,2.2192139544130463e-05,0,6,0,0,0,False,0
V3,2,93,0.007107533514499664,0.05976128578186035,ursodeoxycholic acid,CC(CCC(=O)O)C1CCC2C1(CCC3C2C(CC4C3(CCC(C4)O)C)O)C,cho,392.58,392.542,9.679555759334324e-05,0,28,0,0,0,False,0
V3,2,95,0.027453679591417313,0.5886232256889343,cholic acid,CC(CCC(=O)O)C1CCC2C1(C(CC3C2C(CC4C3(CCC(C4)O)C)O)O)C,cho,408.579,408.54200000000003,9.055776239108582e-05,0,29,0,0,0,False,0
V3,2,100,0.009566004388034344,0.3744257390499115,dehydrocholic acid,CC(CCC(=O)O)C1CCC2C1(C(=O)CC3C2C(=O)CC4C3(CCC(=O)C4)C)C,cho,402.531,403.394,-0.002143934255995239,0,29,0,0,0,False,0
V3,2,103,0.03937467560172081,0.38371309638023376,aspirin,CC(=O)OC1=CC=CC=C1C(=O)O,cho,180.159,180.09200000000004,0.00037189371610601984,0,13,0,0,0,False,0
V3,2,111,0.005031894892454147,0.08138464391231537,2-octanol,CCCCCCC(C)O,cho,130.231,130.22400000000002,5.37506430878798e-05,0,9,0,0,0,False,0
V3,2,115,0.013090290129184723,0.07062268257141113,2-methyl-2-propanol,CC(C)(C)O,cho,74.12299999999999,74.12,4.04732674066377e-05,0,5,0,0,0,False,0
V3,2,117,0.00653069606050849,0.031211167573928833,2-methyl-2-heptanol,CCCCCC(C)(C)O,cho,130.231,130.22400000000002,5.37506430878798e-05,0,9,0,0,0,False,0
V3,2,125,0.02287961170077324,0.14416804909706116,methylethylketone,CCC(=O)C,cho,72.107,72.06000000000002,0.0006518091170064633,0,5,0,0,0,False,0
V3,2,132,0.07303248345851898,0.2852691411972046,3-methoxy-1-butanol,CC(CCO)OC,cho,104.149,104.112,0.0003552602521388337,0,7,0,0,0,False,0
V3,2,134,0.002655663527548313,0.04433431848883629,2-methyl-1-butanol,CCC(C)CO,cho,88.14999999999999,88.146,4.537719795794093e-05,0,6,0,0,0,False,0
V3,2,137,0.0041166143491864204,0.027232449501752853,4-methyl-2-pentanol,CC(C)CC(C)O,cho,102.17699999999999,102.172,4.8934691760371685e-05,0,7,0,0,0,False,0
V3,2,139,0.003868355182930827,0.030317405238747597,3-methyl-4-hexanol,CCC(C)C(CC)O,cho,116.204,116.198,5.1633334480771786e-05,0,8,0,0,0,False,0
V3,2,144,0.003617156995460391,0.03134565427899361,2-methyl-1-heptanol,CCCCCC(C)CO,cho,130.231,130.22400000000002,5.37506430878798e-05,0,9,0,0,0,False,0
V3,2,151,0.004744026809930801,0.03691651299595833,"1,5-hexanediol",CC(CCCCO)O,cho,118.176,118.172,3.384782020043886e-05,0,8,0,0,0,False,0
V3,2,152,0.005075735040009022,0.08661245554685593,iso-eugenol,CC=CC1=CC(=C(C=C1)O)OC,cho,164.204,164.108,0.0005846386202529308,0,12,0,0,0,False,0
V3,2,157,0.006869389209896326,0.030751356855034828,cycloheptanol,C1CCCC(CC1)O,cho,114.18799999999999,114.182,5.254492591155735e-05,0,8,0,0,0,False,0
V3,2,166,0.004943872336298227,0.04468204453587532,"2,2-dimethyl-1-hexanol",CCCCC(C)(C)CO,cho,130.231,130.22400000000002,5.37506430878798e-05,0,9,0,0,0,False,0
V3,2,178,0.0032389399129897356,0.05209485813975334,n-butanol,CCCCO,cho,74.12299999999999,74.11999999999999,4.047326740685975e-05,0,5,0,0,0,False,0
V3,2,186,0.012225063517689705,0.09868920594453812,"2,4,6-trimethylheptane",CC(C)CC(C)CC(C)C,cho,142.286,142.276,7.028098337147348e-05,0,10,0,0,0,False,0
V3,2,194,0.018753457814455032,0.4652080535888672,pinic acid,CC1(C(CC1C(=O)O)CC(=O)O)C,cho,186.207,186.166,0.00022018506286014539,0,13,0,0,0,False,0
V3,2,198,0.004636205732822418,0.036901213228702545,"1,2,7-heptanetriol",C(CCC(CO)O)CCO,cho,148.202,148.198,2.6990189066156134e-05,0,10,0,0,0,False,0
V3,2,226,0.10132160037755966,0.5653757452964783,acetaldehyd,CC=O,cho,44.053,44.034000000000006,0.0004312986629739779,0,3,0,0,0,False,0
V3,2,229,0.011947447434067726,0.05408942699432373,1-naphthylamine,C1=CC=C2C(=C1)C=CC=C2N,bimog_n_only,143.189,127.15600000000002,0.11197089161876939,1,11,0,0,1,True,1
V3,2,235,0.09505299478769302,0.18050548434257507,4-nitroaniline,C1=CC(=CC=C1N)[N+](=O)[O-],bimog_n_only,138.126,122.082,0.11615481516875903,1,10,0,0,2,True,1
V3,2,237,0.06754706054925919,0.17239806056022644,2-nitroaniline,C1=CC=C(C(=C1)N)[N+](=O)[O-],bimog_n_only,138.126,122.082,0.11615481516875903,1,10,0,0,2,True,1
V3,2,238,0.08693123608827591,0.1717212200164795,3-nitroaniline,C1=CC(=CC(=C1)[N+](=O)[O-])N,bimog_n_only,138.126,122.082,0.11615481516875903,1,10,0,0,2,True,1
V3,2,250,0.048104144632816315,0.8635738492012024,nialamide,C1=CC=C(C=C1)CNC(=O)CCNNC(=O)C2=CC=NC=C2,bimog_n_only,298.346,270.182,0.09440046120946821,2,22,0,0,4,True,2
V3,2,256,0.041464317589998245,0.5312552452087402,antipyrine,CC1=CC(=O)N(N1C)C2=CC=CC=C2,bimog_n_only,188.23,161.196,0.14362216437337294,2,14,0,0,2,True,2
V3,2,261,0.012079289183020592,0.2753153443336487,hexobarbital,CC1(C(=O)NC(=O)N(C1=O)C)C2=CCCCC2,bimog_n_only,236.271,210.21,0.11030130655052872,2,17,0,0,2,True,2
V3,2,264,0.01754807122051716,0.0805443674325943,dimethyl acetamide,CC(=O)N(C)C,bimog_n_only,87.122,73.06800000000001,0.16131401942104162,1,6,0,0,1,True,1
V3,2,282,0.0866619199514389,0.22347526252269745,2-chloro-4-nitroaniline,C1=CC(=C(C=C1[N+](=O)[O-])Cl)N,bimog_n_and_hal,172.571,121.07400000000001,0.29841050929762236,2,11,1,0,2,True,1
V3,2,288,0.00906284898519516,0.050197333097457886,o-fluoroaniline,C1=CC=C(C(=C1)N)F,bimog_n_and_hal,111.119,76.09200000000001,0.3152206193360271,2,8,1,0,1,True,1
V3,2,293,0.010630174539983273,0.20441392064094543,flufenamic acid,C1=CC=C(C(=C1)C(=O)O)NC2=CC=CC(=C2)C(F)(F)F,bimog_n_and_hal,281.233,209.194,0.2561541497619412,4,20,3,0,1,True,1
V3,2,298,0.03479822725057602,0.34230536222457886,indomethacin,CC1=C(C2=C(N1C(=O)C3=CC=C(C=C3)Cl)C=CC(=C2)OC)CC(=O)O,bimog_n_and_hal,357.793,309.256,0.13565665063318744,2,25,1,0,1,True,1
V3,2,301,0.028865057975053787,0.05815086513757706,sulphathiazole,C1=CC(=CC=C1N)S(=O)(=O)NC2=NC=CS2,bimog_n_only,255.32399999999998,172.138,0.3258056430261158,5,16,0,2,3,True,5
V3,2,302,0.04574590176343918,0.428638219833374,sulphadimethoxine,COC1=NC(=NC(=C1)NS(=O)(=O)C2=CC=C(C=C2)N)OC,bimog_n_only,310.335,245.14,0.2100794302930704,5,21,0,1,4,True,5
V3,2,307,0.008141713216900826,0.36868545413017273,"n-(s-1-naphthylethyl)-2,2’-diphenic imide",CC(c2ccc1ccccc1c2)n5c(=O)c3ccccc3c4ccccc4c5=O,bimog_n_only,377.443,361.36,0.042610407399262806,1,29,0,0,1,True,1
V3,2,311,0.016043102368712425,0.30228111147880554,n-(r-1-phenylethyl)-3-nitrophthalimide,CC(c1ccccc1)n3c(=O)c2cccc(N(=O)=O)c2c3=O,bimog_n_only,296.282,280.194,0.05429961995666277,1,22,0,0,2,True,1
V3,2,315,0.01093961764127016,0.7529993057250977,"1,3-dinitro-4,6-bis-(r-l’-phenylethylamino)benzene",CC(Nc2cc(NC(C)c1ccccc1)c(N(=O)=O)cc2N(=O)=O)c3ccccc3,bimog_n_only,406.442,406.324,0.000290324326718161,0,30,0,0,4,False,0
V3,2,321,0.05089513212442398,0.41167116165161133,n-(1-phenylethyl)-n’-(p-nitrophenyl)urea,CC(NC(=O)Nc1ccc(N(=O)=O)cc1)c2ccccc2,bimog_n_only,285.303,271.216,0.04937557614185617,1,21,0,0,3,True,1
V3,2,326,0.03254624083638191,0.5652288198471069,anilinephthalein,Nc4ccc(C3(c1ccc(N)cc1)OC(=O)c2ccccc23)cc4,bimog_n_only,316.36,286.27600000000007,0.09509419648501694,2,24,0,0,2,True,2
V3,2,330,0.06801380217075348,1.188065528869629,budesonide,CCCC1OC2CC3C4CCC5=CC(=O)C=CC5(C4C(CC3(C2(O1)C(=O)CO)C)O)C,cho,430.541,432.4120000000001,-0.0043456952996348,0,31,0,0,0,False,0
V3,2,332,0.038661401718854904,0.12733229994773865,hydrocortisone,CC12CCC(=O)C=C1CCC3C2C(CC4(C3CCC4(C(=O)CO)O)C)O,cho,362.466,362.3780000000001,0.0002427813919095856,0,26,0,0,0,False,0
V3,2,338,0.015618850477039814,0.11779036372900009,ibuprofen,CC(C)CC1=CC=C(C=C1)C(C)C(=O)O,cho,206.285,206.256,0.00014058220423196488,0,15,0,0,0,False,0
V3,2,346,0.015214987099170685,0.1876448094844818,Pimozide,C1CN(CCC1N2C3=CC=CC=C3NC2=O)CCCC(C4=CC=C(C=C4)F)C5=CC=C(C=C5)F,bimog_n_and_hal,461.556,381.494,0.173461075145811,5,34,2,0,3,True,3
V3,2,363,0.03903781622648239,0.6300996541976929,Nilutamide,CC1(C(=O)N(C(=O)N1)C2=CC(=C(C=C2)[N+](=O)[O-])C(F)(F)F)C,bimog_n_and_hal,317.223,249.15200000000002,0.2145840623157842,4,22,3,0,3,True,1
V3,2,365,0.029157888144254684,0.2783181071281433,Miconazole,C1=CC(=C(C=C1Cl)Cl)COC(CN2C=CN=C2)C3=C(C=C(C=C3)Cl)Cl,bimog_n_and_hal,416.135,246.2928,0.40814206928040175,6,25,4,0,2,True,2
