name,T,w_water,Tg_ml,T - Tg,Δ (measured Tg),Δ (Tg+10 K),T - Tg bin
glucose,263.15,0.05,282.3229429749924,-19.172942974992395,2.176197790945011,1.192322165343601,T<Tg
glucose,263.15,0.2,282.3229429749924,-19.172942974992395,0.6455650875958698,0.35370018585410246,T<Tg
glucose,263.15,0.5,282.3229429749924,-19.172942974992395,0.11376871531905541,0.06233301107187983,T<Tg
glucose,298.15,0.05,282.3229429749924,15.827057025007605,2.409731002785577,1.335576602042436,0-50 K
glucose,298.15,0.2,282.3229429749924,15.827057025007605,0.7148422870240216,0.396196352039357,0-50 K
glucose,298.15,0.5,282.3229429749924,15.827057025007605,0.12597751987073003,0.06982216177996126,0-50 K
tartaric acid,263.15,0.05,286.40027916704116,-23.250279167041185,0.30990984389750764,1.3641671360717478,T<Tg
tartaric acid,263.15,0.2,286.40027916704116,-23.250279167041185,0.12283261062916884,0.5406869576999505,T<Tg
tartaric acid,263.15,0.5,286.40027916704116,-23.250279167041185,0.03607187863980854,0.1587818920429941,T<Tg
tartaric acid,298.15,0.05,286.40027916704116,11.749720832958815,0.34740040673188854,1.6061695502477553,0-50 K
tartaric acid,298.15,0.2,286.40027916704116,11.749720832958815,0.13769197633691688,0.6366044927416293,0-50 K
tartaric acid,298.15,0.5,286.40027916704116,11.749720832958815,0.04043558330853525,0.18694970241298248,0-50 K
"1,2,3-propanetricarboxylic acid",263.15,0.05,277.84141707912926,-14.69141707912928,-0.15425584623216082,1.1800324674219098,T<Tg
"1,2,3-propanetricarboxylic acid",263.15,0.2,277.84141707912926,-14.69141707912928,-0.06391334793738568,0.48892685437827477,T<Tg
"1,2,3-propanetricarboxylic acid",263.15,0.5,277.84141707912926,-14.69141707912928,-0.02806969137542259,0.21472863416573595,T<Tg
"1,2,3-propanetricarboxylic acid",298.15,0.05,277.84141707912926,20.30858292087072,-0.15443690526880616,1.2562203524058715,0-50 K
"1,2,3-propanetricarboxylic acid",298.15,0.2,277.84141707912926,20.30858292087072,-0.06398836674211239,0.5204940391594908,0-50 K
"1,2,3-propanetricarboxylic acid",298.15,0.5,277.84141707912926,20.30858292087072,-0.02810263840079319,0.2285924226073579,0-50 K
"1,2,4-butanetricarboxylic acid",263.15,0.05,276.09169406325606,-12.94169406325608,-0.3421984461376004,1.1169476285656152,T<Tg
"1,2,4-butanetricarboxylic acid",263.15,0.2,276.09169406325606,-12.94169406325608,-0.13191452815048343,0.43057360737338923,T<Tg
"1,2,4-butanetricarboxylic acid",263.15,0.5,276.09169406325606,-12.94169406325608,-0.05637706453055147,0.1840166992095853,T<Tg
"1,2,4-butanetricarboxylic acid",298.15,0.05,276.09169406325606,22.05830593674392,-0.3337760045936702,1.1668459953130812,0-50 K
"1,2,4-butanetricarboxylic acid",298.15,0.2,276.09169406325606,22.05830593674392,-0.12866775010492904,0.4498089942644352,0-50 K
"1,2,4-butanetricarboxylic acid",298.15,0.5,276.09169406325606,22.05830593674392,-0.05498947047281533,0.19223743625220724,0-50 K
glycerol,263.15,0.05,187.65942248987946,75.49057751012052,-0.08191134494708455,0.5897436124030356,50-100 K
glycerol,263.15,0.2,187.65942248987946,75.49057751012052,-0.04098250091510658,0.2950649650619124,50-100 K
glycerol,263.15,0.5,187.65942248987946,75.49057751012052,-0.012213137928875684,0.0879318986350981,50-100 K
glycerol,298.15,0.05,187.65942248987946,110.49057751012052,-0.05438349863132386,0.38377355819645464,>100 K
glycerol,298.15,0.2,187.65942248987946,110.49057751012052,-0.02720956155541998,0.19201247653960984,>100 K
glycerol,298.15,0.5,187.65942248987946,110.49057751012052,-0.008108683482956458,0.05722137028437935,>100 K
ribose,263.15,0.05,265.3042989165726,-2.1542989165726,-0.9877199200526325,1.0754402538641754,T<Tg
ribose,263.15,0.2,265.3042989165726,-2.1542989165726,-0.36019349369219,0.392182616177176,T<Tg
ribose,263.15,0.5,265.3042989165726,-2.1542989165726,-0.08449816323582193,0.09200252447733037,T<Tg
ribose,298.15,0.05,265.3042989165726,32.8457010834274,-0.5198289485266181,1.0110942945731458,0-50 K
ribose,298.15,0.2,265.3042989165726,32.8457010834274,-0.1895669018016387,0.3687174663796742,0-50 K
ribose,298.15,0.5,265.3042989165726,32.8457010834274,-0.04447069503768564,0.08649781078131724,0-50 K
ethanol,263.15,0.05,97.62296118992118,165.5270388100788,-0.047957228286299,0.2438877046608825,>100 K
ethanol,263.15,0.2,97.62296118992118,165.5270388100788,-0.03350497325282742,0.17039039396884492,>100 K
ethanol,263.15,0.5,97.62296118992118,165.5270388100788,-0.01685149638744976,0.08569871364335135,>100 K
ethanol,298.15,0.05,97.62296118992118,200.5270388100788,-0.038501462186431024,0.19414116750988475,>100 K
ethanol,298.15,0.2,97.62296118992118,200.5270388100788,-0.026898770150976414,0.13563533292331087,>100 K
ethanol,298.15,0.5,97.62296118992118,200.5270388100788,-0.013528873000600683,0.06821847925441604,>100 K
n-propanol,263.15,0.05,98.53218976134977,164.6178102386502,-0.021697978853502775,0.2370020591371036,>100 K
n-propanol,263.15,0.2,98.53218976134977,164.6178102386502,-0.013928307636104087,0.15213571790898284,>100 K
n-propanol,263.15,0.5,98.53218976134977,164.6178102386502,-0.006493458503007865,0.07092656170995637,>100 K
n-propanol,298.15,0.05,98.53218976134977,199.6178102386502,-0.01738512550224991,0.18841528984987033,>100 K
n-propanol,298.15,0.2,98.53218976134977,199.6178102386502,-0.011159812530120217,0.12094703096970516,>100 K
n-propanol,298.15,0.5,98.53218976134977,199.6178102386502,-0.0052027698884140605,0.05638621339954408,>100 K
methanol,263.15,0.05,102.02747678821183,161.12252321178815,0.0018256495218915703,0.2631808117716141,>100 K
methanol,263.15,0.2,102.02747678821183,161.12252321178815,0.0013953943025968307,0.2011563560777887,>100 K
methanol,263.15,0.5,102.02747678821183,161.12252321178815,0.0007728232033072935,0.11140815121608716,>100 K
methanol,298.15,0.05,102.02747678821183,196.12252321178815,0.0014546270278548157,0.2081670308066501,>100 K
methanol,298.15,0.2,102.02747678821183,196.12252321178815,0.001111811573214272,0.1591078053552648,>100 K
methanol,298.15,0.5,102.02747678821183,196.12252321178815,0.0006157641462967156,0.08812004146577612,>100 K
ethylenglycol,263.15,0.05,152.19401572192513,110.95598427807485,-0.026357148746455783,0.40393230734991126,>100 K
ethylenglycol,263.15,0.2,152.19401572192513,110.95598427807485,-0.016261345746021227,0.24921067794513774,>100 K
ethylenglycol,263.15,0.5,152.19401572192513,110.95598427807485,-0.006541078842718928,0.10024426750076065,>100 K
ethylenglycol,298.15,0.05,152.19401572192513,145.95598427807485,-0.019230163829159874,0.29105776559498997,>100 K
ethylenglycol,298.15,0.2,152.19401572192513,145.95598427807485,-0.011864270516766862,0.17957143255265828,>100 K
ethylenglycol,298.15,0.5,152.19401572192513,145.95598427807485,-0.004772368171342745,0.07223208439032547,>100 K
phenolphthalein,263.15,0.05,360.55587734938666,-97.40587734938669,-1.152054401294432,2.919716354082823,T<Tg
phenolphthalein,263.15,0.2,360.55587734938666,-97.40587734938669,-0.4131854309401888,1.0471591086578433,T<Tg
phenolphthalein,263.15,0.5,360.55587734938666,-97.40587734938669,-0.7301539725863844,1.8504703357442995,T<Tg
phenolphthalein,298.15,0.05,360.55587734938666,-62.405877349386685,-0.5221964905036582,1.2531905515570578,T<Tg
phenolphthalein,298.15,0.2,360.55587734938666,-62.405877349386685,-0.18728627894809347,0.4494580095466684,T<Tg
phenolphthalein,298.15,0.5,360.55587734938666,-62.405877349386685,-0.33095992826684917,0.7942524750558677,T<Tg
maltitol,263.15,0.05,317.13635194978633,-53.98635194978635,-0.606106032781792,1.1975877366640209,T<Tg
maltitol,263.15,0.2,317.13635194978633,-53.98635194978635,-0.06231448839222686,0.12312543198508341,T<Tg
maltitol,263.15,0.5,317.13635194978633,-53.98635194978635,-0.0029712949951867795,0.005870897591821689,T<Tg
maltitol,298.15,0.05,317.13635194978633,-18.986351949786354,-0.34486075595516574,0.6598390843127078,T<Tg
maltitol,298.15,0.2,317.13635194978633,-18.986351949786354,-0.035455548058600794,0.06783884788512701,T<Tg
maltitol,298.15,0.5,317.13635194978633,-18.986351949786354,-0.0016906002956331712,0.0032347088839370652,T<Tg
flopropione,263.15,0.05,333.2162225783475,-70.06622257834755,0.40707773204006514,2.436461800781558,T<Tg
flopropione,263.15,0.2,333.2162225783475,-70.06622257834755,0.19135059830770373,1.145281076901389,T<Tg
flopropione,263.15,0.5,333.2162225783475,-70.06622257834755,0.14801710625619702,0.8859193143484454,T<Tg
flopropione,298.15,0.05,333.2162225783475,-35.06622257834755,0.21247947297712066,1.2445747627260406,T<Tg
flopropione,298.15,0.2,333.2162225783475,-35.06622257834755,0.099877912944343,0.5850237110559022,T<Tg
flopropione,298.15,0.5,333.2162225783475,-35.06622257834755,0.07725943782604183,0.45253852126717,T<Tg
2-methyl-1-propanol,263.15,0.05,117.66034983044734,145.48965016955265,-0.02140113970180746,0.2725994311714688,>100 K
2-methyl-1-propanol,263.15,0.2,117.66034983044734,145.48965016955265,-0.012664387529341514,0.16131406479917443,>100 K
2-methyl-1-propanol,263.15,0.5,117.66034983044734,145.48965016955265,-0.005542601392522162,0.07059951048701585,>100 K
2-methyl-1-propanol,298.15,0.05,117.66034983044734,180.48965016955265,-0.016666259432879027,0.21037034980731129,>100 K
2-methyl-1-propanol,298.15,0.2,117.66034983044734,180.48965016955265,-0.009862463918438369,0.1244892408425291,>100 K
2-methyl-1-propanol,298.15,0.5,117.66034983044734,180.48965016955265,-0.00431633240228857,0.0544830326811514,>100 K
n-hexanol,263.15,0.05,131.2766933757909,131.87330662420908,-0.08267435075086782,0.2903969873616623,>100 K
n-hexanol,263.15,0.2,131.2766933757909,131.87330662420908,-0.04171413279832192,0.14652257181360318,>100 K
n-hexanol,263.15,0.5,131.2766933757909,131.87330662420908,-0.016249955804951366,0.05707862435761024,>100 K
n-hexanol,298.15,0.05,131.2766933757909,166.87330662420908,-0.0630309888638716,0.21870437947133148,>100 K
n-hexanol,298.15,0.2,131.2766933757909,166.87330662420908,-0.03180288706227907,0.11034938219633972,>100 K
n-hexanol,298.15,0.5,131.2766933757909,166.87330662420908,-0.012388978855930599,0.04298717157716725,>100 K
n-pentanol,263.15,0.05,121.94934386724391,141.20065613275608,-0.03584167244742753,0.274092743641138,>100 K
n-pentanol,263.15,0.2,121.94934386724391,141.20065613275608,-0.019569087938814622,0.14965108036104935,>100 K
n-pentanol,263.15,0.5,121.94934386724391,141.20065613275608,-0.008055981786945221,0.06160667178535251,>100 K
n-pentanol,298.15,0.05,121.94934386724391,176.20065613275608,-0.02772966077520822,0.20997120437449102,>100 K
n-pentanol,298.15,0.2,121.94934386724391,176.20065613275608,-0.015140034858013518,0.114641552205752,>100 K
n-pentanol,298.15,0.5,121.94934386724391,176.20065613275608,-0.006232679083011838,0.04719434341979811,>100 K
benzyl alcohol,263.15,0.05,166.25780310295121,96.89219689704876,0.07113999670530324,0.43022030207976847,50-100 K
benzyl alcohol,263.15,0.2,166.25780310295121,96.89219689704876,0.03929226162524646,0.23762059950377523,50-100 K
benzyl alcohol,263.15,0.5,166.25780310295121,96.89219689704876,0.022647975134865828,0.13696400274489662,50-100 K
benzyl alcohol,298.15,0.05,166.25780310295121,131.89219689704876,0.0500351438969977,0.299172942891448,>100 K
benzyl alcohol,298.15,0.2,166.25780310295121,131.89219689704876,0.027635564457527018,0.16524011930983562,>100 K
benzyl alcohol,298.15,0.5,166.25780310295121,131.89219689704876,0.015929079945601998,0.09524404955623345,>100 K
"propan-1,2-diol",263.15,0.05,170.20021368025374,92.94978631974624,-0.18327311894397114,0.48512010863495963,50-100 K
"propan-1,2-diol",263.15,0.2,170.20021368025374,92.94978631974624,-0.10383906147758393,0.27485982164115286,50-100 K
"propan-1,2-diol",263.15,0.5,170.20021368025374,92.94978631974624,-0.03864267185156578,0.10228634332516462,50-100 K
"propan-1,2-diol",298.15,0.05,170.20021368025374,127.94978631974624,-0.12855756953045616,0.333660648253735,>100 K
"propan-1,2-diol",298.15,0.2,170.20021368025374,127.94978631974624,-0.0728382724253347,0.18904577368633135,>100 K
"propan-1,2-diol",298.15,0.5,170.20021368025374,127.94978631974624,-0.027106037164779107,0.07035150061581863,>100 K
resorcinol,263.15,0.05,249.16368246753245,13.986317532467524,0.14096490427847108,1.9025760113764152,0-50 K
resorcinol,263.15,0.2,249.16368246753245,13.986317532467524,0.0898842431230471,1.2131502209146234,0-50 K
resorcinol,263.15,0.5,249.16368246753245,13.986317532467524,0.07464442076891253,1.0074612902050535,0-50 K
resorcinol,298.15,0.05,249.16368246753245,48.986317532467524,0.06698664637964691,0.8647389631601936,0-50 K
resorcinol,298.15,0.2,249.16368246753245,48.986317532467524,0.042713071313774886,0.5513883586876149,0-50 K
resorcinol,298.15,0.5,249.16368246753245,48.986317532467524,0.035471094339787124,0.4579007757412472,0-50 K
phenyl-salicylate,263.15,0.05,220.35959134199132,42.79040865800866,-0.16434173582059441,0.7514410693569211,0-50 K
phenyl-salicylate,263.15,0.2,220.35959134199132,42.79040865800866,-0.06722698553848683,0.3073906798564554,0-50 K
phenyl-salicylate,263.15,0.5,220.35959134199132,42.79040865800866,-0.06263004957744989,0.2863715123450612,0-50 K
phenyl-salicylate,298.15,0.05,220.35959134199132,77.79040865800866,-0.09566321852467319,0.4226141184050924,50-100 K
phenyl-salicylate,298.15,0.2,220.35959134199132,77.79040865800866,-0.039132784963059386,0.1728780159496104,50-100 K
phenyl-salicylate,298.15,0.5,220.35959134199132,77.79040865800866,-0.03645691150225705,0.1610567337364368,50-100 K
dimethylphthalat,263.15,0.05,193.06824583333332,70.08175416666666,0.007324712951843448,0.5034154412768093,50-100 K
dimethylphthalat,263.15,0.2,193.06824583333332,70.08175416666666,0.0028192195308425205,0.1937603089030464,50-100 K
dimethylphthalat,263.15,0.5,193.06824583333332,70.08175416666666,0.0014132022913031506,0.0971270628306109,50-100 K
dimethylphthalat,298.15,0.05,193.06824583333332,105.08175416666666,0.004761023184616908,0.3211884737502826,>100 K
dimethylphthalat,298.15,0.2,193.06824583333332,105.08175416666666,0.0018324772092932484,0.12362270361058147,>100 K
dimethylphthalat,298.15,0.5,193.06824583333332,105.08175416666666,0.0009185737267358718,0.061968883972428834,>100 K
diethylphthalat,263.15,0.05,181.4211518939393,81.72884810606067,-0.04015677504106252,0.39560663216750475,50-100 K
diethylphthalat,263.15,0.2,181.4211518939393,81.72884810606067,-0.01331361749134441,0.13115981978959912,50-100 K
diethylphthalat,263.15,0.5,181.4211518939393,81.72884810606067,-0.006219470361917612,0.061271447252126965,50-100 K
diethylphthalat,298.15,0.05,181.4211518939393,116.72884810606067,-0.02717336910703949,0.2629417361419082,>100 K
diethylphthalat,298.15,0.2,181.4211518939393,116.72884810606067,-0.009009086060131288,0.08717596704226782,>100 K
diethylphthalat,298.15,0.5,181.4211518939393,116.72884810606067,-0.004208603993270721,0.04072434435219474,>100 K
2-ethyl-1-hexanol,263.15,0.05,147.97954140851772,115.17045859148226,-0.03180884681584972,0.32352557760485157,>100 K
2-ethyl-1-hexanol,263.15,0.2,147.97954140851772,115.17045859148226,-0.013743681666535057,0.13978603422263802,>100 K
2-ethyl-1-hexanol,263.15,0.5,147.97954140851772,115.17045859148226,-0.00484041526908241,0.04923152841230616,>100 K
2-ethyl-1-hexanol,298.15,0.05,147.97954140851772,150.17045859148226,-0.02342938588590382,0.23538309218745912,>100 K
2-ethyl-1-hexanol,298.15,0.2,147.97954140851772,150.17045859148226,-0.010123159230589707,0.10170221848775718,>100 K
2-ethyl-1-hexanol,298.15,0.5,147.97954140851772,150.17045859148226,-0.0035652960902323727,0.03581871169690665,>100 K
5-methyl-3-heptanol,263.15,0.05,160.79034917742018,102.3596508225798,-0.06267288355947964,0.3759295193793116,>100 K
5-methyl-3-heptanol,263.15,0.2,160.79034917742018,102.3596508225798,-0.027094717113760325,0.16252170641913577,>100 K
5-methyl-3-heptanol,263.15,0.5,160.79034917742018,102.3596508225798,-0.009566322822318174,0.05738148520657127,>100 K
5-methyl-3-heptanol,298.15,0.05,160.79034917742018,137.3596508225798,-0.044884459927166276,0.265229086368594,>100 K
5-methyl-3-heptanol,298.15,0.2,160.79034917742018,137.3596508225798,-0.01940443259446223,0.11466373744680247,>100 K
5-methyl-3-heptanol,298.15,0.5,160.79034917742018,137.3596508225798,-0.006851116607091701,0.04048428790838221,>100 K
2-phenyl-1-ethanol,263.15,0.05,175.87622813930068,87.2737718606993,0.2519754329696462,0.47030070849598227,50-100 K
2-phenyl-1-ethanol,263.15,0.2,175.87622813930068,87.2737718606993,0.12918417919593628,0.241116406811134,50-100 K
2-phenyl-1-ethanol,263.15,0.5,175.87622813930068,87.2737718606993,0.07155847965680628,0.1335606542465806,50-100 K
2-phenyl-1-ethanol,298.15,0.05,175.87622813930068,122.2737718606993,0.1716326740902705,0.31809917247695996,>100 K
2-phenyl-1-ethanol,298.15,0.2,175.87622813930068,122.2737718606993,0.08799360264707357,0.16308486908838038,>100 K
2-phenyl-1-ethanol,298.15,0.5,175.87622813930068,122.2737718606993,0.048741947072322045,0.09033695425887611,>100 K
2-butanol,263.15,0.05,120.34611387806639,142.8038861219336,-0.11767927064011863,0.2797938242491065,>100 K
2-butanol,263.15,0.2,120.34611387806639,142.8038861219336,-0.06963815517875682,0.16557143535247842,>100 K
2-butanol,263.15,0.5,120.34611387806639,142.8038861219336,-0.030477315620058842,0.07246275953104231,>100 K
2-butanol,298.15,0.05,120.34611387806639,177.8038861219336,-0.09151584468963803,0.21493632003627683,>100 K
2-butanol,298.15,0.2,120.34611387806639,177.8038861219336,-0.054155626213062025,0.12719120986066468,>100 K
2-butanol,298.15,0.5,120.34611387806639,177.8038861219336,-0.023701347464772482,0.055665556289795415,>100 K
"2,2-dimethyl-1-propanol",263.15,0.05,160.78172034803094,102.36827965196903,0.21204986419279803,0.41853835058947564,>100 K
"2,2-dimethyl-1-propanol",263.15,0.2,160.78172034803094,102.36827965196903,0.11457540736243921,0.2261458746891356,>100 K
"2,2-dimethyl-1-propanol",263.15,0.5,160.78172034803094,102.36827965196903,0.0449282701196978,0.08867821793858743,>100 K
"2,2-dimethyl-1-propanol",298.15,0.05,160.78172034803094,137.36827965196903,0.1505564898532985,0.2952973834093595,>100 K
"2,2-dimethyl-1-propanol",298.15,0.2,160.78172034803094,137.36827965196903,0.08134912616740309,0.15955595220956065,>100 K
"2,2-dimethyl-1-propanol",298.15,0.5,160.78172034803094,137.36827965196903,0.031899301940851554,0.062566418790031,>100 K
o-xylene,263.15,0.05,122.65022739754023,140.49977260245976,0.008931410136201912,0.26781444911501184,>100 K
o-xylene,263.15,0.2,122.65022739754023,140.49977260245976,0.005356917527983729,0.16063084046452625,>100 K
o-xylene,263.15,0.5,122.65022739754023,140.49977260245976,0.004107764551228854,0.12317413304338354,>100 K
o-xylene,298.15,0.05,122.65022739754023,175.49977260245976,0.00689190655021088,0.20490944280694423,>100 K
o-xylene,298.15,0.2,122.65022739754023,175.49977260245976,0.004133655765107935,0.1229014197178806,>100 K
o-xylene,298.15,0.5,122.65022739754023,175.49977260245976,0.003169749119748211,0.09424264842151642,>100 K
m-xylene,263.15,0.05,122.41046257070042,140.73953742929956,0.008649628352765948,0.2671815573136085,>100 K
m-xylene,263.15,0.2,122.41046257070042,140.73953742929956,0.005187909302884375,0.1602512420436093,>100 K
m-xylene,263.15,0.5,122.41046257070042,140.73953742929956,0.0039781665142415434,0.12288305129179866,>100 K
m-xylene,298.15,0.05,122.41046257070042,175.73953742929956,0.006677220485382662,0.20451142712436576,>100 K
m-xylene,298.15,0.2,122.41046257070042,175.73953742929956,0.004004890483237045,0.12266269625160842,>100 K
m-xylene,298.15,0.5,122.41046257070042,175.73953742929956,0.003071009974048522,0.09405959169399036,>100 K
2-methylpentane,263.15,0.05,80.72210950658823,182.42789049341175,-0.037380979057239916,0.19101345731638153,>100 K
2-methylpentane,263.15,0.2,80.72210950658823,182.42789049341175,-0.021524721901920785,0.10998940241676802,>100 K
2-methylpentane,263.15,0.5,80.72210950658823,182.42789049341175,-0.010818087360680462,0.0552794581744358,>100 K
2-methylpentane,298.15,0.05,80.72210950658823,217.42789049341175,-0.030661005570568722,0.15551206508387594,>100 K
2-methylpentane,298.15,0.2,80.72210950658823,217.42789049341175,-0.01765522559291899,0.08954698452916832,>100 K
2-methylpentane,298.15,0.5,80.72210950658823,217.42789049341175,-0.008873321277134139,0.045005324850937445,>100 K
triphenylethene,263.15,0.05,252.25438128078832,10.895618719211654,-0.7404976178970655,1.46665494537198,0-50 K
triphenylethene,263.15,0.2,252.25438128078832,10.895618719211654,-0.30161203583913254,0.5973831289335295,0-50 K
triphenylethene,263.15,0.5,252.25438128078832,10.895618719211654,-0.45313102277331635,0.897486824251108,0-50 K
triphenylethene,298.15,0.05,252.25438128078832,45.895618719211654,-0.3529796853700648,0.6462690847522332,0-50 K
triphenylethene,298.15,0.2,252.25438128078832,45.895618719211654,-0.14377213233536734,0.2632318182272795,0-50 K
triphenylethene,298.15,0.5,252.25438128078832,45.895618719211654,-0.215998055880545,0.39546997084501356,0-50 K
n-buten,263.15,0.05,63.91348907563027,199.23651092436972,-0.075553407411038,0.18081008327174164,>100 K
n-buten,263.15,0.2,63.91348907563027,199.23651092436972,-0.0518495599836597,0.12408339450854511,>100 K
n-buten,263.15,0.5,63.91348907563027,199.23651092436972,-0.02989247639651138,0.07153696082888183,>100 K
n-buten,298.15,0.05,63.91348907563027,234.23651092436972,-0.06322701110061235,0.1501333180829718,>100 K
n-buten,298.15,0.2,63.91348907563027,234.23651092436972,-0.04339040179635667,0.10303104450523737,>100 K
n-buten,298.15,0.5,63.91348907563027,234.23651092436972,-0.025015575097292242,0.05939979176200083,>100 K
4-methylstyrene,263.15,0.05,166.8213333333333,96.32866666666666,0.007146115683089427,0.4255585416715384,50-100 K
4-methylstyrene,263.15,0.2,166.8213333333333,96.32866666666666,0.004094774945470725,0.24384806117694025,50-100 K
4-methylstyrene,263.15,0.5,166.8213333333333,96.32866666666666,0.0031737440348242885,0.1889997227857143,50-100 K
4-methylstyrene,298.15,0.05,166.8213333333333,131.32866666666666,0.0050290049297885275,0.2954752363875288,>100 K
4-methylstyrene,298.15,0.2,166.8213333333333,131.32866666666666,0.002881655475558187,0.16930940508417436,>100 K
4-methylstyrene,298.15,0.5,166.8213333333333,131.32866666666666,0.002233489507423858,0.1312269225003342,>100 K
o-terphenyl,263.15,0.05,245.31872857142884,17.831271428571142,0.0466394710074538,1.3110207036341173,0-50 K
o-terphenyl,263.15,0.2,245.31872857142884,17.831271428571142,0.022654719220885244,0.6368169555107438,0-50 K
o-terphenyl,263.15,0.5,245.31872857142884,17.831271428571142,0.041862113417798,1.1767307004798795,0-50 K
o-terphenyl,298.15,0.05,245.31872857142884,52.83127142857114,0.02293093800051052,0.6175717372195607,50-100 K
o-terphenyl,298.15,0.2,245.31872857142884,52.83127142857114,0.011138504589601528,0.2999801242005402,50-100 K
o-terphenyl,298.15,0.5,245.31872857142884,52.83127142857114,0.02058208437227904,0.5543128502246473,50-100 K
toluol,263.15,0.05,119.12322209450993,144.02677790549006,-0.080380337406178,0.26822711133410415,>100 K
toluol,263.15,0.2,119.12322209450993,144.02677790549006,-0.05199555785147236,0.17350783456196117,>100 K
toluol,263.15,0.5,119.12322209450993,144.02677790549006,-0.04102046408279891,0.13688422991948723,>100 K
toluol,298.15,0.05,119.12322209450993,179.02677790549006,-0.06256749135395667,0.20648350355097467,>100 K
toluol,298.15,0.2,119.12322209450993,179.02677790549006,-0.040472977861202075,0.13356780153841807,>100 K
toluol,298.15,0.5,119.12322209450993,179.02677790549006,-0.03193004178206582,0.10537464029669508,>100 K
ethylbenzene,263.15,0.05,115.30206029797311,147.84793970202685,-0.06963775268407346,0.2494084161998349,>100 K
ethylbenzene,263.15,0.2,115.30206029797311,147.84793970202685,-0.041742428289679,0.14950098943163015,>100 K
ethylbenzene,263.15,0.5,115.30206029797311,147.84793970202685,-0.031582881144768926,0.11311445389514896,>100 K
ethylbenzene,298.15,0.05,115.30206029797311,182.84793970202685,-0.054524911626973704,0.193231466458458,>100 K
ethylbenzene,298.15,0.2,115.30206029797311,182.84793970202685,-0.0326834529528206,0.11582726784054387,>100 K
ethylbenzene,298.15,0.5,115.30206029797311,182.84793970202685,-0.024728738894779667,0.08763646446595708,>100 K
propylbenzene,263.15,0.05,122.50840384054165,140.64159615945835,0.01333618755781929,0.25801185727887743,>100 K
propylbenzene,263.15,0.2,122.50840384054165,140.64159615945835,0.007409754975918226,0.1433546607701297,>100 K
propylbenzene,263.15,0.5,122.50840384054165,140.64159615945835,0.005374833371318388,0.10398554569557383,>100 K
propylbenzene,298.15,0.05,122.50840384054165,175.64159615945835,0.010291637434265866,0.19745857876764372,>100 K
propylbenzene,298.15,0.2,122.50840384054165,175.64159615945835,0.0057181643073231925,0.10971049111433606,>100 K
propylbenzene,298.15,0.5,122.50840384054165,175.64159615945835,0.004147799818155384,0.07958098624604126,>100 K
n-pentylbenzene,263.15,0.05,126.52629410983118,136.6237058901688,0.03528144969468805,0.24993879024425425,>100 K
n-pentylbenzene,263.15,0.2,126.52629410983118,136.6237058901688,0.016850464400272713,0.11937107810771463,>100 K
n-pentylbenzene,263.15,0.5,126.52629410983118,136.6237058901688,0.011227386048008103,0.07953639407472801,>100 K
n-pentylbenzene,298.15,0.05,126.52629410983118,171.6237058901688,0.027018011038371093,0.18990886235045235,>100 K
n-pentylbenzene,298.15,0.2,126.52629410983118,171.6237058901688,0.0129038357864526,0.09070070963706378,>100 K
n-pentylbenzene,298.15,0.5,126.52629410983118,171.6237058901688,0.008597765760821385,0.060433460926283544,>100 K
n-hexylbenzene,263.15,0.05,137.21083544583433,125.93916455416564,-0.005378223923879766,0.26931498349403116,>100 K
n-hexylbenzene,263.15,0.2,137.21083544583433,125.93916455416564,-0.0023818695557680236,0.11927230423567536,>100 K
n-hexylbenzene,263.15,0.5,137.21083544583433,125.93916455416564,-0.0015207353332375995,0.07615094071320838,>100 K
n-hexylbenzene,298.15,0.05,137.21083544583433,160.93916455416564,-0.004044952620616549,0.20048129550679183,>100 K
n-hexylbenzene,298.15,0.2,137.21083544583433,160.93916455416564,-0.0017913998446208446,0.08878773011817298,>100 K
n-hexylbenzene,298.15,0.5,137.21083544583433,160.93916455416564,-0.0011437423317635087,0.056687671254589844,>100 K
sec-butylbenzene,263.15,0.05,125.83200998284707,137.3179900171529,0.04115375543649247,0.25729595537334005,>100 K
sec-butylbenzene,263.15,0.2,125.83200998284707,137.3179900171529,0.02121882058788227,0.13266144625560727,>100 K
sec-butylbenzene,263.15,0.5,125.83200998284707,137.3179900171529,0.014804434073449446,0.0925582846155546,>100 K
sec-butylbenzene,298.15,0.05,125.83200998284707,172.3179900171529,0.031547796341516054,0.1957459023165553,>100 K
sec-butylbenzene,298.15,0.2,125.83200998284707,172.3179900171529,0.016266001083344417,0.10092632222781406,>100 K
sec-butylbenzene,298.15,0.5,125.83200998284707,172.3179900171529,0.011348837211741625,0.070416594433655,>100 K
tert-butyl-benzene,263.15,0.05,141.21615498728707,121.93384501271291,0.022483479994291233,0.3015945590407534,>100 K
tert-butyl-benzene,263.15,0.2,141.21615498728707,121.93384501271291,0.011349495412318777,0.1522427162113007,>100 K
tert-butyl-benzene,263.15,0.5,141.21615498728707,121.93384501271291,0.007308851023439811,0.0980413041961743,>100 K
tert-butyl-benzene,298.15,0.05,141.21615498728707,156.9338450127129,0.01676126780326337,0.22266928213789816,>100 K
tert-butyl-benzene,298.15,0.2,141.21615498728707,156.9338450127129,0.008460964765511392,0.11240181665516458,>100 K
tert-butyl-benzene,298.15,0.5,141.21615498728707,156.9338450127129,0.005448694302178314,0.07238455128189392,>100 K
3-methylheptane,263.15,0.05,100.17960783538356,162.9703921646164,0.04704482631675688,0.20981755655436585,>100 K
3-methylheptane,263.15,0.2,100.17960783538356,162.9703921646164,0.0232372340715985,0.10363689390958664,>100 K
3-methylheptane,263.15,0.5,100.17960783538356,162.9703921646164,0.010608420802448393,0.04731302261981929,>100 K
3-methylheptane,298.15,0.05,100.17960783538356,197.9703921646164,0.03752201444508074,0.16640785085095589,>100 K
3-methylheptane,298.15,0.2,100.17960783538356,197.9703921646164,0.018533554075162773,0.08219518455737207,>100 K
3-methylheptane,298.15,0.5,100.17960783538356,197.9703921646164,0.008461064685600928,0.0375243070252167,>100 K
cyclohexene,263.15,0.05,90.52010519717207,172.6298948028279,0.03009391230789138,0.21089082837462492,>100 K
cyclohexene,263.15,0.2,90.52010519717207,172.6298948028279,0.019206021225665726,0.13459113207421414,>100 K
cyclohexene,263.15,0.5,90.52010519717207,172.6298948028279,0.012919340621693198,0.0905356012833396,>100 K
cyclohexene,298.15,0.05,90.52010519717207,207.6298948028279,0.024331585706204084,0.1695315284853307,>100 K
cyclohexene,298.15,0.2,90.52010519717207,207.6298948028279,0.01552848784652383,0.10819550815448231,>100 K
cyclohexene,298.15,0.5,90.52010519717207,207.6298948028279,0.010445569203110239,0.07278002076334023,>100 K
methylcyclohexane,263.15,0.05,87.58794651818768,175.5620534818123,-0.048412099149494736,0.1971851789255772,>100 K
methylcyclohexane,263.15,0.2,87.58794651818768,175.5620534818123,-0.027955460166585233,0.11386414784190135,>100 K
methylcyclohexane,263.15,0.5,87.58794651818768,175.5620534818123,-0.017263784615053623,0.07031635723416807,>100 K
methylcyclohexane,298.15,0.05,87.58794651818768,210.5620534818123,-0.039390527845303946,0.15913258539560093,>100 K
methylcyclohexane,298.15,0.2,87.58794651818768,210.5620534818123,-0.022745973660835084,0.09189076140853158,>100 K
methylcyclohexane,298.15,0.5,87.58794651818768,210.5620534818123,-0.014046686686621346,0.056746778755096816,>100 K
ethylcyclohexane,263.15,0.05,97.81502233199804,165.33497766800195,0.0036803976350694434,0.20774059027612024,>100 K
ethylcyclohexane,263.15,0.2,97.81502233199804,165.33497766800195,0.0019714771936230058,0.11128032254356679,>100 K
ethylcyclohexane,263.15,0.5,97.81502233199804,165.33497766800195,0.0011660535478958955,0.06581806542457613,>100 K
ethylcyclohexane,298.15,0.05,97.81502233199804,200.33497766800195,0.0029494401955196814,0.16532189034479616,>100 K
ethylcyclohexane,298.15,0.2,97.81502233199804,200.33497766800195,0.0015799255015309654,0.08855791377423428,>100 K
ethylcyclohexane,298.15,0.5,97.81502233199804,200.33497766800195,0.0009344656597760626,0.052378627500602626,>100 K
isopropylcyclohexane,263.15,0.05,108.93892301613731,154.21107698386265,-0.019781923349508013,0.22158981395580835,>100 K
isopropylcyclohexane,263.15,0.2,108.93892301613731,154.21107698386265,-0.00983772234256719,0.11019853960219228,>100 K
isopropylcyclohexane,263.15,0.5,108.93892301613731,154.21107698386265,-0.005590329504907121,0.0626208105783026,>100 K
isopropylcyclohexane,298.15,0.05,108.93892301613731,189.21107698386265,-0.015615782756635888,0.17344131169594812,>100 K
isopropylcyclohexane,298.15,0.2,108.93892301613731,189.21107698386265,-0.007765864431248826,0.08625387112511307,>100 K
isopropylcyclohexane,298.15,0.5,108.93892301613731,189.21107698386265,-0.0044129870257947346,0.04901414614811772,>100 K
sec-butylcyclohexane,263.15,0.05,122.78072575335105,140.36927424664893,0.0050984504030999744,0.244026574288998,>100 K
sec-butylcyclohexane,263.15,0.2,122.78072575335105,140.36927424664893,0.0023520607993439135,0.11257642891540698,>100 K
sec-butylcyclohexane,263.15,0.5,122.78072575335105,140.36927424664893,0.0012801151368875274,0.061270010856675494,>100 K
sec-butylcyclohexane,298.15,0.05,122.78072575335105,175.36927424664893,0.003933778190942316,0.18666601205355526,>100 K
sec-butylcyclohexane,298.15,0.2,122.78072575335105,175.36927424664893,0.0018147642410335507,0.08611436315121468,>100 K
sec-butylcyclohexane,298.15,0.5,122.78072575335105,175.36927424664893,0.0009876901037064734,0.046867963533959056,>100 K
n-butylcyclohexane,263.15,0.05,121.06762575335105,142.08237424664893,-0.04677631157401141,0.2399328453684122,>100 K
n-butylcyclohexane,263.15,0.2,121.06762575335105,142.08237424664893,-0.021562114991087622,0.11059999020630196,>100 K
n-butylcyclohexane,263.15,0.5,121.06762575335105,142.08237424664893,-0.01169854129708181,0.06000610577487775,>100 K
n-butylcyclohexane,298.15,0.05,121.06762575335105,177.08237424664893,-0.036262599017502506,0.18408534774912422,>100 K
n-butylcyclohexane,298.15,0.2,121.06762575335105,177.08237424664893,-0.01671569013418095,0.0848564006604211,>100 K
n-butylcyclohexane,298.15,0.5,121.06762575335105,177.08237424664893,-0.009069109937720032,0.046038902392366854,>100 K
n-pentylcyclohexane,263.15,0.05,125.49918224685759,137.6508177531424,-0.011456586523799661,0.24187483651218233,>100 K
n-pentylcyclohexane,263.15,0.2,125.49918224685759,137.6508177531424,-0.004898969615328763,0.10342849262511766,>100 K
n-pentylcyclohexane,263.15,0.5,125.49918224685759,137.6508177531424,-0.002545666748289932,0.05374486783457888,>100 K
n-pentylcyclohexane,298.15,0.05,125.49918224685759,172.6508177531424,-0.008804041509826277,0.184124657662037,>100 K
n-pentylcyclohexane,298.15,0.2,125.49918224685759,172.6508177531424,-0.0037647105234297484,0.07873384462687172,>100 K
n-pentylcyclohexane,298.15,0.5,125.49918224685759,172.6508177531424,-0.001956268184730714,0.04091271144129527,>100 K
n-hexylcyclohexane,263.15,0.05,132.38505025879917,130.7649497412008,0.014661664666988372,0.2503259933418218,>100 K
n-hexylcyclohexane,263.15,0.2,132.38505025879917,130.7649497412008,0.005815899367904276,0.09929778231285757,>100 K
n-hexylcyclohexane,263.15,0.5,132.38505025879917,130.7649497412008,0.002894476159264414,0.04941885087601339,>100 K
n-hexylcyclohexane,298.15,0.05,132.38505025879917,165.7649497412008,0.011118797189636265,0.18812615166629065,>100 K
n-hexylcyclohexane,298.15,0.2,132.38505025879917,165.7649497412008,0.004410536389682029,0.07462472996164893,>100 K
n-hexylcyclohexane,298.15,0.5,132.38505025879917,165.7649497412008,0.002195050433635437,0.03713948404223277,>100 K
trans-2-hexene,263.15,0.05,87.20888495907688,175.94111504092308,-0.04256785770034188,0.20280450720291787,>100 K
trans-2-hexene,263.15,0.2,87.20888495907688,175.94111504092308,-0.025036447093552905,0.11928024075496424,>100 K
trans-2-hexene,263.15,0.5,87.20888495907688,175.94111504092308,-0.013056310803793103,0.06220371006432268,>100 K
trans-2-hexene,298.15,0.05,87.20888495907688,210.94111504092308,-0.03464363599221665,0.16374889952142269,>100 K
trans-2-hexene,298.15,0.2,87.20888495907688,210.94111504092308,-0.020375786015664588,0.09630953684245647,>100 K
trans-2-hexene,298.15,0.5,87.20888495907688,210.94111504092308,-0.010625812604241336,0.050224668128262984,>100 K
1-heptene,263.15,0.05,90.54318813368003,172.60681186631996,0.008825682139540714,0.20122541521559034,>100 K
1-heptene,263.15,0.2,90.54318813368003,172.60681186631996,0.004808697133591,0.1096382196927066,>100 K
1-heptene,263.15,0.5,90.54318813368003,172.60681186631996,0.002392755304475802,0.054554783646159066,>100 K
1-heptene,298.15,0.05,90.54318813368003,207.60681186631996,0.007140294278308534,0.16175664922393906,>100 K
1-heptene,298.15,0.2,90.54318813368003,207.60681186631996,0.0038904089322766566,0.08813355423006408,>100 K
1-heptene,298.15,0.5,90.54318813368003,207.60681186631996,0.001935825099953714,0.04385429639832017,>100 K
cis-2-octene,263.15,0.05,99.63683359034754,163.51316640965246,0.02756278029450776,0.2101096601359953,>100 K
cis-2-octene,263.15,0.2,99.63683359034754,163.51316640965246,0.01391891668804579,0.10610318783295325,>100 K
cis-2-octene,263.15,0.5,99.63683359034754,163.51316640965246,0.006610568586047361,0.050392025190466594,>100 K
cis-2-octene,298.15,0.05,99.63683359034754,198.51316640965246,0.0220150965894379,0.16677062726633762,>100 K
cis-2-octene,298.15,0.2,99.63683359034754,198.51316640965246,0.011117394255350632,0.08421742807259047,>100 K
cis-2-octene,298.15,0.5,99.63683359034754,198.51316640965246,0.005280029967148714,0.0399977309220132,>100 K
3-methylhexane,263.15,0.05,88.58017777720643,174.56982222279356,0.017410766026124236,0.19670031268629273,>100 K
3-methylhexane,263.15,0.2,88.58017777720643,174.56982222279356,0.009283492401796156,0.1048814196637946,>100 K
3-methylhexane,263.15,0.5,88.58017777720643,174.56982222279356,0.004444007723181098,0.05020673458125424,>100 K
3-methylhexane,298.15,0.05,88.58017777720643,209.56982222279356,0.014117307776106536,0.1585337167037979,>100 K
3-methylhexane,298.15,0.2,88.58017777720643,209.56982222279356,0.007527406851407736,0.08453083294783648,>100 K
3-methylhexane,298.15,0.5,88.58017777720643,209.56982222279356,0.0036033695871511284,0.04046490891664911,>100 K
4-methylnonane,263.15,0.05,123.67894404761904,139.47105595238094,-0.01567839099322299,0.24346312832732808,>100 K
4-methylnonane,263.15,0.2,123.67894404761904,139.47105595238094,-0.006650613244323811,0.10327457112519722,>100 K
4-methylnonane,263.15,0.5,123.67894404761904,139.47105595238094,-0.0027680374089600335,0.04298368673187092,>100 K
4-methylnonane,298.15,0.05,123.67894404761904,174.47105595238094,-0.012087695302571255,0.18593918208685833,>100 K
4-methylnonane,298.15,0.2,123.67894404761904,174.47105595238094,-0.005127476825101507,0.07887350095811074,>100 K
4-methylnonane,298.15,0.5,123.67894404761904,174.47105595238094,-0.002134096081676695,0.0328277698923527,>100 K
2-isopropoxyethanol,263.15,0.05,144.44293435078382,118.70706564921616,-0.10651109899333489,0.3330054870096202,>100 K
2-isopropoxyethanol,263.15,0.2,144.44293435078382,118.70706564921616,-0.05386626313535814,0.168412131301928,>100 K
2-isopropoxyethanol,263.15,0.5,144.44293435078382,118.70706564921616,-0.02106185369384539,0.06584959607902574,>100 K
2-isopropoxyethanol,298.15,0.05,144.44293435078382,153.70706564921616,-0.07922338650953531,0.24417586661187585,>100 K
2-isopropoxyethanol,298.15,0.2,144.44293435078382,153.70706564921616,-0.040065944530943476,0.1234879895760197,>100 K
2-isopropoxyethanol,298.15,0.5,144.44293435078382,153.70706564921616,-0.015665892020316097,0.04828413589525482,>100 K
"2,5-hexanediol",263.15,0.05,202.00190008006703,61.148099919932946,0.09625021607542383,0.6886438303013052,50-100 K
"2,5-hexanediol",263.15,0.2,202.00190008006703,61.148099919932946,0.042732027243237325,0.3057359049902072,50-100 K
"2,5-hexanediol",263.15,0.5,202.00190008006703,61.148099919932946,0.013140363147218448,0.09401568514048675,50-100 K
"2,5-hexanediol",298.15,0.05,202.00190008006703,96.14809991993295,0.0603373674865732,0.42386193303013775,50-100 K
"2,5-hexanediol",298.15,0.2,202.00190008006703,96.14809991993295,0.02678786745996531,0.18818118450167187,50-100 K
"2,5-hexanediol",298.15,0.5,202.00190008006703,96.14809991993295,0.008237435222997025,0.05786688021493491,50-100 K
n-eugenol,263.15,0.05,197.42026264430032,65.72973735569965,-0.2469884102576027,0.5859177524255508,50-100 K
n-eugenol,263.15,0.2,197.42026264430032,65.72973735569965,-0.11870492236217434,0.2815975099388437,50-100 K
n-eugenol,263.15,0.5,197.42026264430032,65.72973735569965,-0.08779083618414818,0.20826163206171056,50-100 K
n-eugenol,298.15,0.05,197.42026264430032,100.72973735569965,-0.15942412867620082,0.36754210867998904,>100 K
n-eugenol,298.15,0.2,197.42026264430032,100.72973735569965,-0.07662071591710706,0.17664414872820844,>100 K
n-eugenol,298.15,0.5,197.42026264430032,100.72973735569965,-0.056666535688113306,0.13064106538540754,>100 K
sorbitol,263.15,0.05,273.86604496843745,-10.716044968437473,0.11392193063147182,1.0729350309523156,T<Tg
sorbitol,263.15,0.2,273.86604496843745,-10.716044968437473,0.030577180712700436,0.2879807966083816,T<Tg
sorbitol,263.15,0.5,273.86604496843745,-10.716044968437473,0.003792075253655547,0.03571437349333828,T<Tg
sorbitol,298.15,0.05,273.86604496843745,24.283955031562527,0.11107446965541756,1.0951307925419775,0-50 K
sorbitol,298.15,0.2,273.86604496843745,24.283955031562527,0.029812908826202994,0.29393824316341394,0-50 K
sorbitol,298.15,0.5,273.86604496843745,24.283955031562527,0.003697292921200468,0.03645319522672774,0-50 K
propylencarbonate,263.15,0.05,161.1335229946524,102.01647700534758,-0.056178977838657884,0.41057523261141937,>100 K
propylencarbonate,263.15,0.2,161.1335229946524,102.01647700534758,-0.03264503548780695,0.2385811126273507,>100 K
propylencarbonate,263.15,0.5,161.1335229946524,102.01647700534758,-0.017963757120124324,0.13128529642087416,>100 K
propylencarbonate,298.15,0.05,161.1335229946524,137.01647700534758,-0.04018489159996452,0.2894170554868669,>100 K
propylencarbonate,298.15,0.2,161.1335229946524,137.01647700534758,-0.023351033835503632,0.16817732202745628,>100 K
propylencarbonate,298.15,0.5,161.1335229946524,137.01647700534758,-0.01284949745211561,0.09254382851390996,>100 K
guajacol,263.15,0.05,203.64632314213566,59.50367685786432,0.09030608296683745,0.7165500739697992,50-100 K
guajacol,263.15,0.2,203.64632314213566,59.50367685786432,0.05289018556298353,0.41966681681176776,50-100 K
guajacol,263.15,0.5,203.64632314213566,59.50367685786432,0.04098338758577724,0.3251901581968253,50-100 K
guajacol,298.15,0.05,203.64632314213566,94.50367685786432,0.05625109967064379,0.43791202216019354,50-100 K
guajacol,298.15,0.2,203.64632314213566,94.50367685786432,0.032944968954026876,0.25647494998558695,50-100 K
guajacol,298.15,0.5,203.64632314213566,94.50367685786432,0.02552829825178815,0.19873653626692223,50-100 K
sucrose,263.15,0.05,339.0586259452354,-75.90862594523543,-0.6137933064696011,1.6961805246874615,T<Tg
sucrose,263.15,0.2,339.0586259452354,-75.90862594523543,-0.07052241978855789,0.19488442402085648,T<Tg
sucrose,263.15,0.5,339.0586259452354,-75.90862594523543,-0.0047831883494957594,0.013218050504642309,T<Tg
sucrose,298.15,0.05,339.0586259452354,-40.90862594523543,-0.3156831058589935,0.839433041850044,T<Tg
sucrose,298.15,0.2,339.0586259452354,-40.90862594523543,-0.03627073849924177,0.09644753166539546,T<Tg
sucrose,298.15,0.5,339.0586259452354,-40.90862594523543,-0.002460065527208677,0.006541560984190564,T<Tg
trehalose,263.15,0.05,380.2913717938312,-117.14137179383124,0.9691107215554879,3.928489526123233,T<Tg
trehalose,263.15,0.2,380.2913717938312,-117.14137179383124,0.1129635185942246,0.4579208440900828,T<Tg
trehalose,263.15,0.5,380.2913717938312,-117.14137179383124,0.008117794768195852,0.03290714983618093,T<Tg
trehalose,298.15,0.05,380.2913717938312,-82.14137179383124,0.3608503606296889,1.403540350990248,T<Tg
trehalose,298.15,0.2,380.2913717938312,-82.14137179383124,0.04206219734861394,0.1636024171545124,T<Tg
trehalose,298.15,0.5,380.2913717938312,-82.14137179383124,0.00302267749645746,0.011756811956360469,T<Tg
dioctylphthalat,263.15,0.05,183.4026036363639,79.74739636363608,0.0011684771742364042,0.2644522082835308,50-100 K
dioctylphthalat,263.15,0.2,183.4026036363639,79.74739636363608,0.00015762351897219418,0.03567368587817654,50-100 K
dioctylphthalat,263.15,0.5,183.4026036363639,79.74739636363608,4.5739854146020775e-05,0.010351939860090642,50-100 K
dioctylphthalat,298.15,0.05,183.4026036363639,114.74739636363608,0.0007844846212337053,0.1746237864722504,>100 K
dioctylphthalat,298.15,0.2,183.4026036363639,114.74739636363608,0.00010582425511129756,0.023556143266498353,>100 K
dioctylphthalat,298.15,0.5,183.4026036363639,114.74739636363608,3.070852640174593e-05,0.00683562049806774,>100 K
naphthylsalyciate,263.15,0.05,246.51254291824986,16.637457081750114,-0.2573635211859515,1.1979394537477535,0-50 K
naphthylsalyciate,263.15,0.2,246.51254291824986,16.637457081750114,-0.09856223033061173,0.45877358150187786,0-50 K
naphthylsalyciate,263.15,0.5,246.51254291824986,16.637457081750114,-0.13852796586729044,0.6448004557722371,0-50 K
naphthylsalyciate,298.15,0.05,246.51254291824986,51.637457081750114,-0.12678858687501446,0.5582436038894873,50-100 K
naphthylsalyciate,298.15,0.2,246.51254291824986,51.637457081750114,-0.04855608846693871,0.21378995132488887,50-100 K
naphthylsalyciate,298.15,0.5,246.51254291824986,51.637457081750114,-0.068244967095759,0.3004790676972502,50-100 K
vinylacetate,263.15,0.05,125.07546836346661,138.07453163653338,-0.0020568131734468587,0.28660319814721413,>100 K
vinylacetate,263.15,0.2,125.07546836346661,138.07453163653338,-0.0012419232009568404,0.1730537152535585,>100 K
vinylacetate,263.15,0.5,125.07546836346661,138.07453163653338,-0.00065061967921487,0.09065951309909748,>100 K
vinylacetate,298.15,0.05,125.07546836346661,173.07453163653338,-0.001581175414528957,0.21834040574764702,>100 K
vinylacetate,298.15,0.2,125.07546836346661,173.07453163653338,-0.0009547286342952432,0.13183599711679284,>100 K
vinylacetate,298.15,0.5,125.07546836346661,173.07453163653338,-0.0005001639693209547,0.06906634330288774,>100 K
xylitol,263.15,0.05,253.83264798070283,9.317352019297147,-0.5614927879405531,1.7910911999548667,0-50 K
xylitol,263.15,0.2,253.83264798070283,9.317352019297147,-0.18539571073725125,0.5913889423741363,0-50 K
xylitol,263.15,0.5,253.83264798070283,9.317352019297147,-0.030744593751932614,0.09807137775935981,0-50 K
xylitol,298.15,0.05,253.83264798070283,44.31735201929715,-0.26097797909826426,0.809815169095117,0-50 K
xylitol,298.15,0.2,253.83264798070283,44.31735201929715,-0.08617064895732351,0.26738768879092334,0-50 K
xylitol,298.15,0.5,253.83264798070283,44.31735201929715,-0.014289875342844205,0.04434151056383273,0-50 K
methyl(s)(-)lactate,263.15,0.05,284.8352976190476,-21.685297619047617,0.16601544537843616,1.49953162894208,T<Tg
methyl(s)(-)lactate,263.15,0.2,284.8352976190476,-21.685297619047617,0.08254403069647331,0.7455775245946228,T<Tg
methyl(s)(-)lactate,263.15,0.5,284.8352976190476,-21.685297619047617,0.02954303556894329,0.2668469560142812,T<Tg
methyl(s)(-)lactate,298.15,0.05,284.8352976190476,13.314702380952383,0.18146633059605755,1.7313530258158645,0-50 K
methyl(s)(-)lactate,298.15,0.2,284.8352976190476,13.314702380952383,0.09022631797271896,0.8608407307139663,0-50 K
methyl(s)(-)lactate,298.15,0.5,284.8352976190476,13.314702380952383,0.032292575230841836,0.3081003933548401,0-50 K
(s)-glycerol acetonate,263.15,0.05,280.8100698310747,-17.660069831074736,0.15246681685138697,1.3462280290796826,T<Tg
(s)-glycerol acetonate,263.15,0.2,280.8100698310747,-17.660069831074736,0.07090743480690653,0.6260875525475318,T<Tg
(s)-glycerol acetonate,263.15,0.5,280.8100698310747,-17.660069831074736,0.0299698538813733,0.26462320231853076,T<Tg
(s)-glycerol acetonate,298.15,0.05,280.8100698310747,17.339930168925264,0.1594708814750705,1.4816442846881994,0-50 K
(s)-glycerol acetonate,298.15,0.2,280.8100698310747,17.339930168925264,0.07416480100594802,0.6890653172483947,0-50 K
(s)-glycerol acetonate,298.15,0.5,280.8100698310747,17.339930168925264,0.03134661767616009,0.2912414886942847,0-50 K
(r)-nopol,263.15,0.05,276.81636245290656,-13.666362452906583,0.020573456720121897,1.182155891656988,T<Tg
(r)-nopol,263.15,0.2,276.81636245290656,-13.666362452906583,0.008180282972517494,0.47004107491203717,T<Tg
(r)-nopol,263.15,0.5,276.81636245290656,-13.666362452906583,0.00369761713468153,0.21246599151130163,T<Tg
(r)-nopol,298.15,0.05,276.81636245290656,21.333637547093417,0.020548416427197846,1.2445703588043715,0-50 K
(r)-nopol,298.15,0.2,276.81636245290656,21.333637547093417,0.008170326615419943,0.49485790612276404,0-50 K
(r)-nopol,298.15,0.5,276.81636245290656,21.333637547093417,0.0036931167039839785,0.22368359127179582,0-50 K
3-hydroxy-2-methylpropionate,263.15,0.05,268.73797177912667,-5.58797177912669,0.030199289360403725,1.2128744297036036,T<Tg
3-hydroxy-2-methylpropionate,263.15,0.2,268.73797177912667,-5.58797177912669,0.013915814236186819,0.5588918021927491,T<Tg
3-hydroxy-2-methylpropionate,263.15,0.5,268.73797177912667,-5.58797177912669,0.0047442593087799745,0.19054060295362873,T<Tg
3-hydroxy-2-methylpropionate,298.15,0.05,268.73797177912667,29.41202822087331,0.027987514983693007,1.1769911257158006,0-50 K
3-hydroxy-2-methylpropionate,298.15,0.2,268.73797177912667,29.41202822087331,0.012896629943756843,0.5423567974608288,0-50 K
3-hydroxy-2-methylpropionate,298.15,0.5,268.73797177912667,29.41202822087331,0.004396793146566491,0.18490339417887092,0-50 K
dianin’s compound,263.15,0.05,300.15753983363453,-37.00753983363455,-0.0711027197401286,0.6586064604314172,T<Tg
dianin’s compound,263.15,0.2,300.15753983363453,-37.00753983363455,-0.009837786190306286,0.09112491849762261,T<Tg
dianin’s compound,263.15,0.5,300.15753983363453,-37.00753983363455,-0.017985430520979673,0.16659448159015744,T<Tg
dianin’s compound,298.15,0.05,300.15753983363453,-2.007539833634553,-0.04265196666944382,0.38747409842255287,T<Tg
dianin’s compound,298.15,0.2,300.15753983363453,-2.007539833634553,-0.005901334438733752,0.053610991935254315,T<Tg
dianin’s compound,298.15,0.5,300.15753983363453,-2.007539833634553,-0.010788813506995343,0.09801155991399702,T<Tg
4-(1-idianyl)phenol,263.15,0.05,269.8970266261516,-6.747026626151637,-0.08690422759052119,1.0259310028512543,T<Tg
4-(1-idianyl)phenol,263.15,0.2,269.8970266261516,-6.747026626151637,-0.04414199111057626,0.5211097142627854,T<Tg
4-(1-idianyl)phenol,263.15,0.5,269.8970266261516,-6.747026626151637,-0.07060063595713251,0.8334621140725447,T<Tg
4-(1-idianyl)phenol,298.15,0.05,269.8970266261516,28.252973373848363,-0.080952165905668,1.0066571614757962,0-50 K
4-(1-idianyl)phenol,298.15,0.2,269.8970266261516,28.252973373848363,-0.04111871064117989,0.5113197908234921,0-50 K
4-(1-idianyl)phenol,298.15,0.5,269.8970266261516,28.252973373848363,-0.06576520560054816,0.8178041248564645,0-50 K
2p-hydroxyphenoxytetrahydropyran,263.15,0.05,253.32283982683984,9.827160173160138,0.25983540826658036,1.723330723036792,0-50 K
2p-hydroxyphenoxytetrahydropyran,263.15,0.2,253.32283982683984,9.827160173160138,0.12151250181414974,0.8059187506675215,0-50 K
2p-hydroxyphenoxytetrahydropyran,263.15,0.5,253.32283982683984,9.827160173160138,0.11038525325699333,0.7321184575152486,0-50 K
2p-hydroxyphenoxytetrahydropyran,298.15,0.05,253.32283982683984,44.82716017316014,0.11839721254134128,0.7588969465452564,0-50 K
2p-hydroxyphenoxytetrahydropyran,298.15,0.2,253.32283982683984,44.82716017316014,0.055368672036259836,0.35489953893898796,0-50 K
2p-hydroxyphenoxytetrahydropyran,298.15,0.5,253.32283982683984,44.82716017316014,0.05029840381834938,0.3224003695232007,0-50 K
salicin,263.15,0.05,333.0293717870411,-69.87937178704112,0.03685613845031277,1.8047833297343665,T<Tg
salicin,263.15,0.2,333.0293717870411,-69.87937178704112,0.007042607073409979,0.34486466511123226,T<Tg
salicin,263.15,0.5,333.0293717870411,-69.87937178704112,0.001308021131892323,0.06405160261055132,T<Tg
salicin,298.15,0.05,333.0293717870411,-34.87937178704112,0.019329327260949825,0.9228020551946274,T<Tg
salicin,298.15,0.2,333.0293717870411,-34.87937178704112,0.0036935192512301818,0.1763324253307969,T<Tg
salicin,298.15,0.5,333.0293717870411,-34.87937178704112,0.0006859961348544275,0.03275016427386079,T<Tg
cholesterol,263.15,0.05,329.50898354828036,-66.35898354828038,0.3168190159049722,1.3481352738498042,T<Tg
cholesterol,263.15,0.2,329.50898354828036,-66.35898354828038,0.04548808505017754,0.19356190417060803,T<Tg
cholesterol,263.15,0.5,329.50898354828036,-66.35898354828038,0.01777439823770921,0.07563401195241815,T<Tg
cholesterol,298.15,0.05,329.50898354828036,-31.358983548280378,0.1680569994168648,0.701744153108967,T<Tg
cholesterol,298.15,0.2,329.50898354828036,-31.358983548280378,0.02412920531589835,0.10075467733180554,T<Tg
cholesterol,298.15,0.5,329.50898354828036,-31.358983548280378,0.009428449317467447,0.03936973291427792,T<Tg
beta-d-glucosepentaacetate,263.15,0.05,293.2470314024402,-30.097031402440223,0.02007200090659378,0.8413614614286864,T<Tg
beta-d-glucosepentaacetate,263.15,0.2,293.2470314024402,-30.097031402440223,0.0035324786565811284,0.1480715061142852,T<Tg
beta-d-glucosepentaacetate,263.15,0.5,293.2470314024402,-30.097031402440223,0.0013186625580017264,0.055274601774622845,T<Tg
beta-d-glucosepentaacetate,298.15,0.05,293.2470314024402,4.902968597559777,0.024170141370468023,0.7608882510994541,0-50 K
beta-d-glucosepentaacetate,298.15,0.2,293.2470314024402,4.902968597559777,0.004253711870333632,0.1339089968937328,0-50 K
beta-d-glucosepentaacetate,298.15,0.5,293.2470314024402,4.902968597559777,0.0015878965228810493,0.0499877840887728,0-50 K
3-pentadecylcyclohexanone,263.15,0.05,224.78859696969695,38.36140303030302,0.012422708779601388,0.6478357718994607,0-50 K
3-pentadecylcyclohexanone,263.15,0.2,224.78859696969695,38.36140303030302,0.0024108519686767416,0.1257242823422966,0-50 K
3-pentadecylcyclohexanone,263.15,0.5,224.78859696969695,38.36140303030302,0.0008308570669228743,0.04332862814684946,0-50 K
3-pentadecylcyclohexanone,298.15,0.05,224.78859696969695,73.36140303030302,0.007012830774294154,0.355008706384594,50-100 K
3-pentadecylcyclohexanone,298.15,0.2,224.78859696969695,73.36140303030302,0.001360967014373493,0.0688958788191103,50-100 K
3-pentadecylcyclohexanone,298.15,0.5,224.78859696969695,73.36140303030302,0.00046903297109546216,0.023743733975558623,50-100 K
"4,4’-dimethoxytetraphenylmethane",263.15,0.05,319.4137231031428,-56.26372310314281,-2.269300878524432,1.2550492788231828,T<Tg
"4,4’-dimethoxytetraphenylmethane",263.15,0.2,319.4137231031428,-56.26372310314281,-0.6365457160016135,0.3520450943134875,T<Tg
"4,4’-dimethoxytetraphenylmethane",263.15,0.5,319.4137231031428,-56.26372310314281,-1.3345988578183146,0.7381072073229213,T<Tg
"4,4’-dimethoxytetraphenylmethane",298.15,0.05,319.4137231031428,-21.26372310314281,-1.3861536285983322,0.684740021149949,T<Tg
"4,4’-dimethoxytetraphenylmethane",298.15,0.2,319.4137231031428,-21.26372310314281,-0.3888202584128426,0.19207163367480362,T<Tg
"4,4’-dimethoxytetraphenylmethane",298.15,0.5,319.4137231031428,-21.26372310314281,-0.8152110048496277,0.402702549837035,T<Tg
lactic acid,263.15,0.05,202.78208578636261,60.36791421363736,0.20511840165470563,0.7541285646242037,50-100 K
lactic acid,263.15,0.2,202.78208578636261,60.36791421363736,0.11380855871446871,0.41842313674894405,50-100 K
lactic acid,263.15,0.5,202.78208578636261,60.36791421363736,0.04761703147770535,0.17506651431692122,50-100 K
lactic acid,298.15,0.05,202.78208578636261,95.36791421363736,0.12781288358697102,0.46261359634049903,50-100 K
lactic acid,298.15,0.2,202.78208578636261,95.36791421363736,0.07091611454081193,0.2566780270151421,50-100 K
lactic acid,298.15,0.5,202.78208578636261,95.36791421363736,0.029671009777378465,0.10739302764284497,50-100 K
epoxypropane,263.15,0.05,109.94206248290931,153.20793751709067,0.12388425777603107,0.26686133814921664,>100 K
epoxypropane,263.15,0.2,109.94206248290931,153.20793751709067,0.09047863563902814,0.1949016785021911,>100 K
epoxypropane,263.15,0.5,109.94206248290931,153.20793751709067,0.06255825730101217,0.13475788252138443,>100 K
epoxypropane,298.15,0.05,109.94206248290931,188.20793751709067,0.09722170595269963,0.20854752338092464,>100 K
epoxypropane,298.15,0.2,109.94206248290931,188.20793751709067,0.07100569085219988,0.15231229310440497,>100 K
epoxypropane,298.15,0.5,109.94206248290931,188.20793751709067,0.049094377327811856,0.10531095605980267,>100 K
n-butylacetate,263.15,0.05,127.09358286469012,136.05641713530986,-0.03561013905976651,0.27059577411916713,>100 K
n-butylacetate,263.15,0.2,127.09358286469012,136.05641713530986,-0.018152435447999604,0.13793746533692186,>100 K
n-butylacetate,263.15,0.5,127.09358286469012,136.05641713530986,-0.008553010129852545,0.06499296150604916,>100 K
n-butylacetate,298.15,0.05,127.09358286469012,171.05641713530986,-0.027310989065885583,0.20539132511207425,>100 K
n-butylacetate,298.15,0.2,127.09358286469012,171.05641713530986,-0.01392190480378197,0.1046991915537987,>100 K
n-butylacetate,298.15,0.5,127.09358286469012,171.05641713530986,-0.006559681380203131,0.04933185128311246,>100 K
camphor,263.15,0.05,157.26817981685008,105.8818201831499,-0.01850715988790186,0.34683762850420496,>100 K
camphor,263.15,0.2,157.26817981685008,105.8818201831499,-0.00873604722852539,0.16371987498865836,>100 K
camphor,263.15,0.5,157.26817981685008,105.8818201831499,-0.00554703123797351,0.10395539734192605,>100 K
camphor,298.15,0.05,157.26817981685008,140.8818201831499,-0.013346111418947704,0.24688465902700507,>100 K
camphor,298.15,0.2,157.26817981685008,140.8818201831499,-0.0062998461341066125,0.11653846696748715,>100 K
camphor,298.15,0.5,157.26817981685008,140.8818201831499,-0.004000143587388649,0.07399714078735631,>100 K
dibutylphthalat,263.15,0.05,178.13186752525246,85.01813247474752,-0.02471251915674899,0.32753479576103317,50-100 K
dibutylphthalat,263.15,0.2,178.13186752525246,85.01813247474752,-0.006074136474651937,0.08050539230868115,50-100 K
dibutylphthalat,263.15,0.5,178.13186752525246,85.01813247474752,-0.002436863044059656,0.032297696336463844,50-100 K
dibutylphthalat,298.15,0.05,178.13186752525246,120.01813247474752,-0.016880363387262065,0.2199974506088771,>100 K
dibutylphthalat,298.15,0.2,178.13186752525246,120.01813247474752,-0.004149056205301704,0.054073586371260696,>100 K
dibutylphthalat,298.15,0.5,178.13186752525246,120.01813247474752,-0.0016645463559505913,0.02169360613443283,>100 K
o-cresol,263.15,0.05,217.35359698412685,45.796403015873125,0.24231855823884785,0.944461105851421,0-50 K
o-cresol,263.15,0.2,217.35359698412685,45.796403015873125,0.14956993480216862,0.582963958898029,0-50 K
o-cresol,263.15,0.5,217.35359698412685,45.796403015873125,0.11982872991858406,0.4670446027502555,0-50 K
o-cresol,298.15,0.05,217.35359698412685,80.79640301587312,0.14134043386890283,0.5400477559887635,50-100 K
o-cresol,298.15,0.2,217.35359698412685,80.79640301587312,0.08724168562378365,0.3333418135216828,50-100 K
o-cresol,298.15,0.5,217.35359698412685,80.79640301587312,0.06989412944574447,0.2670585248024162,50-100 K
isopropranol,263.15,0.05,118.76231887806632,144.38768112193367,0.031138269649777506,0.28573309241307676,>100 K
isopropranol,263.15,0.2,118.76231887806632,144.38768112193367,0.019996216766722696,0.18349063443731506,>100 K
isopropranol,263.15,0.5,118.76231887806632,144.38768112193367,0.009340082744615952,0.0857070979225778,>100 K
isopropranol,298.15,0.05,118.76231887806632,179.38768112193367,0.02416739055545536,0.22009501385946617,>100 K
isopropranol,298.15,0.2,118.76231887806632,179.38768112193367,0.015519692830342713,0.1413395046002548,>100 K
isopropranol,298.15,0.5,118.76231887806632,179.38768112193367,0.0072491320181948815,0.06601862159477667,>100 K
"1,3-butanediol",263.15,0.05,175.0257431747789,88.12425682522107,0.022177336775843215,0.4982786730406286,50-100 K
"1,3-butanediol",263.15,0.2,175.0257431747789,88.12425682522107,0.011564579612304948,0.2598320727928347,50-100 K
"1,3-butanediol",263.15,0.5,175.0257431747789,88.12425682522107,0.00401324518861923,0.09016927989974288,50-100 K
"1,3-butanediol",298.15,0.05,175.0257431747789,123.12425682522107,0.015256839064116567,0.33789319295649634,>100 K
"1,3-butanediol",298.15,0.2,175.0257431747789,123.12425682522107,0.007955821376230077,0.17619756465337844,>100 K
"1,3-butanediol",298.15,0.5,175.0257431747789,123.12425682522107,0.0027609012112899123,0.061145675182104675,>100 K
"2,3-butanediol",263.15,0.05,196.10579928641616,67.04420071358382,-0.062309418976415065,0.6743863695046189,50-100 K
"2,3-butanediol",263.15,0.2,196.10579928641616,67.04420071358382,-0.03250536127362036,0.3518115389111619,50-100 K
"2,3-butanediol",263.15,0.5,196.10579928641616,67.04420071358382,-0.011302071986482698,0.12232441611643075,50-100 K
"2,3-butanediol",298.15,0.05,196.10579928641616,102.04420071358382,-0.04014467978131464,0.4252544910146415,>100 K
"2,3-butanediol",298.15,0.2,196.10579928641616,102.04420071358382,-0.020942537114643445,0.2218452858450295,>100 K
"2,3-butanediol",298.15,0.5,196.10579928641616,102.04420071358382,-0.007281693012326951,0.0771353183672252,>100 K
m-cresol,263.15,0.05,198.53032222222203,64.61967777777795,-0.014543222521433613,0.6844644114405718,50-100 K
m-cresol,263.15,0.2,198.53032222222203,64.61967777777795,-0.008976732364841089,0.422482281743614,50-100 K
m-cresol,263.15,0.5,198.53032222222203,64.61967777777795,-0.007191755746371653,0.3384738737862214,50-100 K
m-cresol,298.15,0.05,198.53032222222203,99.61967777777795,-0.009272477065683127,0.42743741808586144,50-100 K
m-cresol,298.15,0.2,198.53032222222203,99.61967777777795,-0.005723390730980604,0.2638336379176276,50-100 K
m-cresol,298.15,0.5,198.53032222222203,99.61967777777795,-0.004585324203211449,0.21137168899140635,50-100 K
mephenesin,263.15,0.05,246.35870119047613,16.791298809523852,0.08229815743211333,1.4456621677356534,0-50 K
mephenesin,263.15,0.2,246.35870119047613,16.791298809523852,0.0295270853293495,0.5186773497250423,0-50 K
mephenesin,263.15,0.5,246.35870119047613,16.791298809523852,0.011158555779257062,0.19601291742098015,0-50 K
mephenesin,298.15,0.05,246.35870119047613,51.79129880952385,0.040082566584880075,0.6746313865051723,50-100 K
mephenesin,298.15,0.2,246.35870119047613,51.79129880952385,0.01438089746720439,0.2420454981829594,50-100 K
mephenesin,298.15,0.5,246.35870119047613,51.79129880952385,0.005434672767517412,0.09147120897530447,50-100 K
estradiol-17b-cypionate,263.15,0.05,313.6666717133561,-50.51667171335612,-0.4610526429468367,1.090716050136181,T<Tg
estradiol-17b-cypionate,263.15,0.2,313.6666717133561,-50.51667171335612,-0.09894331256077282,0.23407101274576103,T<Tg
estradiol-17b-cypionate,263.15,0.5,313.6666717133561,-50.51667171335612,-0.12889245491717438,0.304921946485462,T<Tg
estradiol-17b-cypionate,298.15,0.05,313.6666717133561,-15.516671713356118,-0.26534471510950874,0.609709586315637,T<Tg
estradiol-17b-cypionate,298.15,0.2,313.6666717133561,-15.516671713356118,-0.05694379044359277,0.130845548969305,T<Tg
estradiol-17b-cypionate,298.15,0.5,313.6666717133561,-15.516671713356118,-0.07418010123782404,0.17045117638728957,T<Tg
norethylnodrel,263.15,0.05,318.30857865233065,-55.158578652330675,0.8060355045378138,1.46096902200693,T<Tg
norethylnodrel,263.15,0.2,318.30857865233065,-55.158578652330675,0.22778649826145828,0.4128714128818051,T<Tg
norethylnodrel,263.15,0.5,318.30857865233065,-55.158578652330675,0.1913051436751676,0.34674761482159083,T<Tg
norethylnodrel,298.15,0.05,318.30857865233065,-20.158578652330675,0.4461400272706584,0.8009226764229203,T<Tg
norethylnodrel,298.15,0.2,318.30857865233065,-20.158578652330675,0.12607965030588408,0.22634160755137422,T<Tg
norethylnodrel,298.15,0.5,318.30857865233065,-20.158578652330675,0.10588724880698064,0.1900916607558667,T<Tg
beta-estradiol-3-benzoate,263.15,0.05,334.573329302499,-71.42332930249904,0.20445716073056275,1.5353910440394607,T<Tg
beta-estradiol-3-benzoate,263.15,0.2,334.573329302499,-71.42332930249904,0.04175260404774206,0.3135452634242043,T<Tg
beta-estradiol-3-benzoate,263.15,0.5,334.573329302499,-71.42332930249904,0.037000449803224145,0.2778584963730759,T<Tg
beta-estradiol-3-benzoate,298.15,0.05,334.573329302499,-36.42332930249904,0.10609824456984018,0.7787229633312069,T<Tg
beta-estradiol-3-benzoate,298.15,0.2,334.573329302499,-36.42332930249904,0.021666533859006076,0.1590245674677031,T<Tg
beta-estradiol-3-benzoate,298.15,0.5,334.573329302499,-36.42332930249904,0.019200514955746595,0.1409248754722019,T<Tg
ursodeoxycholic acid,263.15,0.05,374.79517374465814,-111.64517374465817,-0.08200976204546251,3.136351536284927,T<Tg
ursodeoxycholic acid,263.15,0.2,374.79517374465814,-111.64517374465817,-0.011554082981411584,0.44187015064163826,T<Tg
ursodeoxycholic acid,263.15,0.5,374.79517374465814,-111.64517374465817,-0.0040496477880318515,0.15487325831240284,T<Tg
ursodeoxycholic acid,298.15,0.05,374.79517374465814,-76.64517374465817,-0.03267281251649479,1.1873194443840518,T<Tg
ursodeoxycholic acid,298.15,0.2,374.79517374465814,-76.64517374465817,-0.004603164033599061,0.1672774928703229,T<Tg
ursodeoxycholic acid,298.15,0.5,374.79517374465814,-76.64517374465817,-0.0016133857681825958,0.058629917240477614,T<Tg
deoxycholic acid,263.15,0.05,376.33517374465816,-113.18517374465819,0.19328925786021145,3.2537275919619617,T<Tg
deoxycholic acid,263.15,0.2,376.33517374465816,-113.18517374465819,0.027231881534960645,0.458406873264629,T<Tg
deoxycholic acid,263.15,0.5,376.33517374465816,-113.18517374465819,0.00954463707759512,0.16066929615454306,T<Tg
deoxycholic acid,298.15,0.05,376.33517374465816,-78.18517374465819,0.07558758548440636,1.212674679015132,T<Tg
deoxycholic acid,298.15,0.2,376.33517374465816,-78.18517374465819,0.010649283856807301,0.17084970766078,T<Tg
deoxycholic acid,298.15,0.5,376.33517374465816,-78.18517374465819,0.003732520260086414,0.0598819605006673,T<Tg
cholic acid,263.15,0.05,391.0774521329365,-127.92745213293654,0.7832305507994839,4.591184527234361,T<Tg
cholic acid,263.15,0.2,391.0774521329365,-127.92745213293654,0.09455920803947537,0.5542924397104135,T<Tg
cholic acid,263.15,0.5,391.0774521329365,-127.92745213293654,0.02444909257376926,0.14331705449312482,T<Tg
cholic acid,298.15,0.05,391.0774521329365,-92.92745213293654,0.25906492110962454,1.4342898765021665,T<Tg
cholic acid,298.15,0.2,391.0774521329365,-92.92745213293654,0.0312768363618221,0.17316142058381478,T<Tg
cholic acid,298.15,0.5,391.0774521329365,-92.92745213293654,0.008086893740751222,0.04477236738585644,T<Tg
lactose,263.15,0.05,356.06787774621216,-92.91787774621218,7.411645929111431,2.2927038219293205,T<Tg
lactose,263.15,0.2,356.06787774621216,-92.91787774621218,0.8198353469416717,0.2536062368957859,T<Tg
lactose,263.15,0.5,356.06787774621216,-92.91787774621218,0.04885310333867554,0.01511212189693989,T<Tg
lactose,298.15,0.05,356.06787774621216,-57.917877746212184,3.0488411046502737,1.0178021686556615,T<Tg
lactose,298.15,0.2,356.06787774621216,-57.917877746212184,0.33724596786029326,0.11258365578154916,T<Tg
lactose,298.15,0.5,356.06787774621216,-57.917877746212184,0.020096123178746872,0.006708738517629653,T<Tg
diethylhexylphthalat,263.15,0.05,183.85927030303029,79.29072969696969,0.0034938934658835796,0.266205754822574,50-100 K
diethylhexylphthalat,263.15,0.2,183.85927030303029,79.29072969696969,0.00047217914986630305,0.03597614186836262,50-100 K
diethylhexylphthalat,263.15,0.5,183.85927030303029,79.29072969696969,0.00013792291141179192,0.01050858393311005,50-100 K
diethylhexylphthalat,298.15,0.05,183.85927030303029,114.29072969696969,0.0023419984540209438,0.17551295978464299,>100 K
diethylhexylphthalat,298.15,0.2,183.85927030303029,114.29072969696969,0.00031650731477839145,0.02371954409910071,>100 K
diethylhexylphthalat,298.15,0.5,183.85927030303029,114.29072969696969,9.245137221647326e-05,0.006928447773320023,>100 K
cholecalciterol,263.15,0.05,295.8862493043156,-32.736249304315606,0.009088320713930287,0.8487063203053751,T<Tg
cholecalciterol,263.15,0.2,295.8862493043156,-32.736249304315606,0.001197895286115358,0.11186459329407183,T<Tg
cholecalciterol,263.15,0.5,295.8862493043156,-32.736249304315606,0.0003284318208600645,0.03067037034971376,T<Tg
cholecalciterol,298.15,0.05,295.8862493043156,2.2637506956843936,0.011326189423866317,0.6276364051589889,0-50 K
cholecalciterol,298.15,0.2,295.8862493043156,2.2637506956843936,0.001492859830496407,0.08272624996406419,0-50 K
cholecalciterol,298.15,0.5,295.8862493043156,2.2637506956843936,0.00040930344922607276,0.022681392291578728,0-50 K
diethylstilbestrol,263.15,0.05,304.5231350321544,-41.37313503215444,0.43423674608192186,1.3031828806432468,T<Tg
diethylstilbestrol,263.15,0.2,304.5231350321544,-41.37313503215444,0.1365862767219702,0.40990749668452064,T<Tg
diethylstilbestrol,263.15,0.5,304.5231350321544,-41.37313503215444,0.10620511681019812,0.31873094875682184,T<Tg
diethylstilbestrol,298.15,0.05,304.5231350321544,-6.373135032154437,0.25458609844731406,0.7547615890589654,T<Tg
diethylstilbestrol,298.15,0.2,304.5231350321544,-6.373135032154437,0.08007836187481743,0.2374052315758477,T<Tg
diethylstilbestrol,298.15,0.5,304.5231350321544,-6.373135032154437,0.06226637097807597,0.18459870900638897,T<Tg
dehydrocholic acid,263.15,0.05,345.75300945894384,-82.60300945894386,0.3629846164903494,1.7303901607702485,T<Tg
dehydrocholic acid,263.15,0.2,345.75300945894384,-82.60300945894386,0.06100928144279938,0.29083838688543895,T<Tg
dehydrocholic acid,263.15,0.5,345.75300945894384,-82.60300945894386,0.036863084133711865,0.1757306375608243,T<Tg
dehydrocholic acid,298.15,0.05,345.75300945894384,-47.60300945894386,0.17692562019455949,0.8231416158098375,T<Tg
dehydrocholic acid,298.15,0.2,345.75300945894384,-47.60300945894386,0.02973708654999907,0.13835098300249404,T<Tg
dehydrocholic acid,298.15,0.5,345.75300945894384,-47.60300945894386,0.017967769779617004,0.08359455816873185,T<Tg
cellobiose,263.15,0.05,362.25880234938677,-99.10880234938679,1.0309201244461406,2.60545985588049,T<Tg
cellobiose,263.15,0.2,362.25880234938677,-99.10880234938679,0.12016827598410185,0.30370308193872364,T<Tg
cellobiose,263.15,0.5,362.25880234938677,-99.10880234938679,0.008635543706734028,0.021824738821239364,T<Tg
cellobiose,298.15,0.05,362.25880234938677,-64.10880234938679,0.44714793207933035,1.1033684881144499,T<Tg
cellobiose,298.15,0.2,362.25880234938677,-64.10880234938679,0.052121396055487434,0.12861315425686548,T<Tg
cellobiose,298.15,0.5,362.25880234938677,-64.10880234938679,0.0037455525595846417,0.009242410326274486,T<Tg
17b-estradiol,263.15,0.05,313.5813729428299,-50.43137294282991,7.506618219049143,1.456872145906324,T<Tg
17b-estradiol,263.15,0.2,313.5813729428299,-50.43137294282991,2.373820093398504,0.4607071083872303,T<Tg
17b-estradiol,263.15,0.5,313.5813729428299,-50.43137294282991,2.167884905007679,0.42073954495537536,T<Tg
17b-estradiol,298.15,0.05,313.5813729428299,-15.43137294282991,3.8734507126528674,0.8146741852857939,T<Tg
17b-estradiol,298.15,0.2,313.5813729428299,-15.43137294282991,1.224902461290863,0.25762465789147826,T<Tg
17b-estradiol,298.15,0.5,313.5813729428299,-15.43137294282991,1.1186389243750634,0.23527503560774088,T<Tg
aspirin,263.15,0.05,243.8139101911977,19.336089808802285,-0.0998074534855884,1.3995748016315037,0-50 K
aspirin,263.15,0.2,243.8139101911977,19.336089808802285,-0.046778793847983835,0.6559672532854122,0-50 K
aspirin,263.15,0.5,243.8139101911977,19.336089808802285,-0.032712927481295395,0.45872514918969476,0-50 K
aspirin,298.15,0.05,243.8139101911977,54.336089808802285,-0.04989539566419121,0.6680694638553746,50-100 K
aspirin,298.15,0.2,243.8139101911977,54.336089808802285,-0.02338549222754982,0.3131177345421019,50-100 K
aspirin,298.15,0.5,243.8139101911977,54.336089808802285,-0.016353733143275928,0.21896669196879737,50-100 K
methyltestosterone,263.15,0.05,279.62947688196044,-16.479476881960466,-0.7582499172399126,0.8757173658426396,T<Tg
methyltestosterone,263.15,0.2,279.62947688196044,-16.479476881960466,-0.17440446510321195,0.20142306025871348,T<Tg
methyltestosterone,263.15,0.5,279.62947688196044,-16.479476881960466,-0.08593247167689233,0.09924505895254265,T<Tg
methyltestosterone,298.15,0.05,279.62947688196044,18.520523118039534,-0.7433162828285462,0.9509440281969641,0-50 K
methyltestosterone,298.15,0.2,279.62947688196044,18.520523118039534,-0.17096959163689895,0.2187258855028804,0-50 K
methyltestosterone,298.15,0.5,279.62947688196044,18.520523118039534,-0.08424004272054164,0.10777049744601541,0-50 K
progesterone,263.15,0.05,283.56132807243665,-20.411328072436675,-0.37832218196831047,0.8999851154205132,T<Tg
progesterone,263.15,0.2,283.56132807243665,-20.411328072436675,-0.09462869741261648,0.22511082675591032,T<Tg
progesterone,263.15,0.5,283.56132807243665,-20.411328072436675,-0.0692016445784156,0.16462278198747327,T<Tg
progesterone,298.15,0.05,283.56132807243665,14.588671927563325,-0.3953442672249259,1.0231107032439168,0-50 K
progesterone,298.15,0.2,283.56132807243665,14.588671927563325,-0.09888638525608284,0.2559078948349569,0-50 K
progesterone,298.15,0.5,283.56132807243665,14.588671927563325,-0.0723152772176201,0.18714457313049815,0-50 K
citric acid,263.15,0.05,283.18658148933747,-20.036581489337493,0.03630648708164408,1.1920762598405776,T<Tg
citric acid,263.15,0.2,283.18658148933747,-20.036581489337493,0.012578192036844849,0.41298856827213637,T<Tg
citric acid,263.15,0.5,283.18658148933747,-20.036581489337493,0.003920281592555419,0.12871734486089736,T<Tg
citric acid,298.15,0.05,283.18658148933747,14.963418510662507,0.03877798846366165,1.3490759494700617,0-50 K
citric acid,298.15,0.2,283.18658148933747,14.963418510662507,0.013434430728637314,0.4673802873454807,0-50 K
citric acid,298.15,0.5,283.18658148933747,14.963418510662507,0.00418714798896902,0.1456697696963647,0-50 K
ergocalciferol,263.15,0.05,294.46598125986003,-31.315981259860052,-0.33191499462535035,0.8103066058569324,T<Tg
ergocalciferol,263.15,0.2,294.46598125986003,-31.315981259860052,-0.041744191905914274,0.10191041382659582,T<Tg
ergocalciferol,263.15,0.5,294.46598125986003,-31.315981259860052,-0.01157763980802784,0.028264580294922848,T<Tg
ergocalciferol,298.15,0.05,294.46598125986003,3.6840187401399476,-0.3940634036806725,0.6718106807042026,0-50 K
ergocalciferol,298.15,0.2,294.46598125986003,3.6840187401399476,-0.04956045557662003,0.08449209717510353,0-50 K
ergocalciferol,298.15,0.5,294.46598125986003,3.6840187401399476,-0.013745459600251309,0.02343365682878673,0-50 K
n-nonanol,263.15,0.05,148.1886340322694,114.96136596773059,0.14609831119149508,0.3128049817903247,>100 K
n-nonanol,263.15,0.2,148.1886340322694,114.96136596773059,0.05840553894205991,0.12504965592161277,>100 K
n-nonanol,263.15,0.5,148.1886340322694,114.96136596773059,0.01953040189738564,0.041815726410840526,>100 K
n-nonanol,298.15,0.05,148.1886340322694,149.9613659677306,0.1068807275772854,0.2274764142098813,>100 K
n-nonanol,298.15,0.2,148.1886340322694,149.9613659677306,0.04272757464313681,0.09093796129594711,>100 K
n-nonanol,298.15,0.5,148.1886340322694,149.9613659677306,0.014287800780484972,0.03040901537781604,>100 K
2-pentanol,263.15,0.05,143.67678629869815,119.47321370130183,-0.11727229393887662,0.3436469303125058,>100 K
2-pentanol,263.15,0.2,143.67678629869815,119.47321370130183,-0.06406082302034655,0.18771957505759218,>100 K
2-pentanol,263.15,0.5,143.67678629869815,119.47321370130183,-0.026430575352824004,0.07745040010154014,>100 K
2-pentanol,298.15,0.05,143.67678629869815,154.47321370130183,-0.08738257847242759,0.25239535040535843,>100 K
2-pentanol,298.15,0.2,143.67678629869815,154.47321370130183,-0.04773335377494492,0.1378727517848617,>100 K
2-pentanol,298.15,0.5,143.67678629869815,154.47321370130183,-0.019694096084138746,0.056884316862328976,>100 K
3-pentanol,263.15,0.05,147.29193495319578,115.8580650468042,-0.1418319285379792,0.35775545909490036,>100 K
3-pentanol,263.15,0.2,147.29193495319578,115.8580650468042,-0.0774766977564334,0.19542645905422917,>100 K
3-pentanol,263.15,0.5,147.29193495319578,115.8580650468042,-0.031965772551642235,0.08063014973016847,>100 K
3-pentanol,298.15,0.05,147.29193495319578,150.8580650468042,-0.1049711062841463,0.26068767066810716,>100 K
3-pentanol,298.15,0.2,147.29193495319578,150.8580650468042,-0.057341211944089476,0.14240249059134324,>100 K
3-pentanol,298.15,0.5,147.29193495319578,150.8580650468042,-0.02365816034909729,0.058753222024776175,>100 K
2-octanol,263.15,0.05,158.13831654961638,105.0116834503836,0.2824971369148168,0.36407152964979184,>100 K
2-octanol,263.15,0.2,158.13831654961638,105.0116834503836,0.12205883300146092,0.15730476607099275,>100 K
2-octanol,263.15,0.5,158.13831654961638,105.0116834503836,0.04298814926900052,0.05540148630213526,>100 K
2-octanol,298.15,0.05,158.13831654961638,140.0116834503836,0.20121010263075156,0.2585927013500047,>100 K
2-octanol,298.15,0.2,158.13831654961638,140.0116834503836,0.08693705919794636,0.11173041855993926,>100 K
2-octanol,298.15,0.5,158.13831654961638,140.0116834503836,0.030618540140921358,0.039350563927520454,>100 K
4-hetpanol,263.15,0.05,159.10531546675963,104.04468453324034,0.25829457504617914,0.3818441375135173,>100 K
4-hetpanol,263.15,0.2,159.10531546675963,104.04468453324034,0.12059828418326024,0.1782838365898085,>100 K
4-hetpanol,263.15,0.5,159.10531546675963,104.04468453324034,0.04468096539574695,0.06605312826163656,>100 K
4-hetpanol,298.15,0.05,159.10531546675963,139.04468453324034,0.18376073274558657,0.270559334131786,>100 K
4-hetpanol,298.15,0.2,159.10531546675963,139.04468453324034,0.0857982753428499,0.12632472617833868,>100 K
4-hetpanol,298.15,0.5,159.10531546675963,139.04468453324034,0.031787763794244306,0.04680257896890527,>100 K
4-decanol,263.15,0.05,176.88055656245342,86.26944343754656,0.17009182873322692,0.42982623834781214,50-100 K
4-decanol,263.15,0.2,176.88055656245342,86.26944343754656,0.06300844643603676,0.15922389521849345,50-100 K
4-decanol,263.15,0.5,176.88055656245342,86.26944343754656,0.020127132485400878,0.050861759258855166,50-100 K
4-decanol,298.15,0.05,176.88055656245342,121.26944343754656,0.11576073499876482,0.2898292904278861,>100 K
4-decanol,298.15,0.2,176.88055656245342,121.26944343754656,0.042882154450851306,0.10736373085953321,>100 K
4-decanol,298.15,0.5,176.88055656245342,121.26944343754656,0.013698081014707597,0.03429578346024442,>100 K
3-methyl-4-octanol,263.15,0.05,177.55242593961222,85.59757406038776,0.10452884824835806,0.44966154717484863,50-100 K
3-methyl-4-octanol,263.15,0.2,177.55242593961222,85.59757406038776,0.04183692773059278,0.17997383466507633,50-100 K
3-methyl-4-octanol,263.15,0.5,177.55242593961222,85.59757406038776,0.01406134410586457,0.06048900233721133,50-100 K
3-methyl-4-octanol,298.15,0.05,177.55242593961222,120.59757406038776,0.0711780884937232,0.3025737869673779,>100 K
3-methyl-4-octanol,298.15,0.2,177.55242593961222,120.59757406038776,0.02848852344797992,0.12110300525314521,>100 K
3-methyl-4-octanol,298.15,0.5,177.55242593961222,120.59757406038776,0.009574960519318942,0.04070258313622643,>100 K
2-methyl-2-propanol,263.15,0.05,168.87718596973156,94.27281403026842,0.17478535279391882,0.48015175675594784,50-100 K
2-methyl-2-propanol,263.15,0.2,168.87718596973156,94.27281403026842,0.10240012453922809,0.28130274593151605,50-100 K
2-methyl-2-propanol,263.15,0.5,168.87718596973156,94.27281403026842,0.04273040085636026,0.1173844187176134,50-100 K
2-methyl-2-propanol,298.15,0.05,168.87718596973156,129.27281403026842,0.12174502457958947,0.3314826895288696,>100 K
2-methyl-2-propanol,298.15,0.2,168.87718596973156,129.27281403026842,0.0713258032192221,0.19420316489778244,>100 K
2-methyl-2-propanol,298.15,0.5,168.87718596973156,129.27281403026842,0.029763441955499292,0.0810387596792137,>100 K
2-methyl-2-butanol,263.15,0.05,158.69540477549066,104.45459522450932,-0.17565609002176097,0.4081142151538327,>100 K
2-methyl-2-butanol,263.15,0.2,158.69540477549066,104.45459522450932,-0.09491101607892527,0.22051347511893815,>100 K
2-methyl-2-butanol,263.15,0.5,158.69540477549066,104.45459522450932,-0.0372173040087036,0.08646959415851718,>100 K
2-methyl-2-butanol,298.15,0.05,158.69540477549066,139.45459522450932,-0.1268506165313843,0.28947154977594436,>100 K
2-methyl-2-butanol,298.15,0.2,158.69540477549066,139.45459522450932,-0.06854029885180912,0.15640812061666987,>100 K
2-methyl-2-butanol,298.15,0.5,158.69540477549066,139.45459522450932,-0.02687659709694712,0.06133206465285257,>100 K
2-methyl-2-heptanol,263.15,0.05,173.8766296439031,89.27337035609688,0.17575017580953367,0.44333224668870724,50-100 K
2-methyl-2-heptanol,263.15,0.2,173.8766296439031,89.27337035609688,0.07497858960823489,0.18913452821004828,50-100 K
2-methyl-2-heptanol,263.15,0.5,173.8766296439031,89.27337035609688,0.024946413415415147,0.06292767250638187,50-100 K
2-methyl-2-heptanol,298.15,0.05,173.8766296439031,124.27337035609688,0.12066527215954137,0.3016700970360435,>100 K
2-methyl-2-heptanol,298.15,0.2,173.8766296439031,124.27337035609688,0.05147825246571047,0.12869858194198613,>100 K
2-methyl-2-heptanol,298.15,0.5,173.8766296439031,124.27337035609688,0.017127526332819887,0.0428197975965916,>100 K
4-methyl-4-heptanol,263.15,0.05,175.83381468531098,87.316185314689,-0.2392401288579069,0.45502929623640564,50-100 K
4-methyl-4-heptanol,263.15,0.2,175.83381468531098,87.316185314689,-0.10206469129736773,0.194124726789505,50-100 K
4-methyl-4-heptanol,263.15,0.5,175.83381468531098,87.316185314689,-0.03395833393938963,0.06458798056817194,50-100 K
4-methyl-4-heptanol,298.15,0.05,175.83381468531098,122.316185314689,-0.16565105059783325,0.30780976933387216,>100 K
4-methyl-4-heptanol,298.15,0.2,175.83381468531098,122.316185314689,-0.07067009796000479,0.13131789067056943,>100 K
4-methyl-4-heptanol,298.15,0.5,175.83381468531098,122.316185314689,-0.023512918674914562,0.043691277825111285,>100 K
6-methyl-3-heptanol,263.15,0.05,160.2766429215845,102.87335707841547,-0.04455510419816666,0.37359097678337905,>100 K
6-methyl-3-heptanol,263.15,0.2,160.2766429215845,102.87335707841547,-0.01926204565133416,0.16151070857610272,>100 K
6-methyl-3-heptanol,263.15,0.5,160.2766429215845,102.87335707841547,-0.006800844096110037,0.05702453253205153,>100 K
6-methyl-3-heptanol,298.15,0.05,160.2766429215845,137.87335707841547,-0.031928894458955526,0.2639260561885146,>100 K
6-methyl-3-heptanol,298.15,0.2,160.2766429215845,137.87335707841547,-0.013803487473166953,0.11410041193639398,>100 K
6-methyl-3-heptanol,298.15,0.5,160.2766429215845,137.87335707841547,-0.0048735927630363385,0.040285394756481185,>100 K
3-methyl-3-heptanol,263.15,0.05,175.9877198440411,87.16228015595888,-0.9170714010477543,0.45596868668053947,50-100 K
3-methyl-3-heptanol,263.15,0.2,175.9877198440411,87.16228015595888,-0.3912412599525734,0.19452548980591855,50-100 K
3-methyl-3-heptanol,263.15,0.5,175.9877198440411,87.16228015595888,-0.13017137648149424,0.06472131996467523,50-100 K
3-methyl-3-heptanol,298.15,0.05,175.9877198440411,122.16228015595888,-0.6496490746521182,0.30830050096411843,>100 K
3-methyl-3-heptanol,298.15,0.2,175.9877198440411,122.16228015595888,-0.2771534715874133,0.13152724673717087,>100 K
3-methyl-3-heptanol,298.15,0.5,175.9877198440411,122.16228015595888,-0.09221279191650567,0.04376093348302312,>100 K
6-methyl-1-heptanol,263.15,0.05,144.3903706664685,118.75962933353148,-0.12613927620906717,0.3108081787803496,>100 K
6-methyl-1-heptanol,263.15,0.2,144.3903706664685,118.75962933353148,-0.05450112881806035,0.13429121442982384,>100 K
6-methyl-1-heptanol,263.15,0.5,144.3903706664685,118.75962933353148,-0.01919486368456269,0.047296296625706,>100 K
6-methyl-1-heptanol,298.15,0.05,144.3903706664685,153.75962933353148,-0.09392091703244265,0.22792564401783855,>100 K
6-methyl-1-heptanol,298.15,0.2,144.3903706664685,153.75962933353148,-0.040580508718088826,0.0984800710681637,>100 K
6-methyl-1-heptanol,298.15,0.5,144.3903706664685,153.75962933353148,-0.01429213210783642,0.034683897027340205,>100 K
diethylether,263.15,0.05,93.66289057214031,169.48710942785965,-0.02333631067453812,0.2199714994361437,>100 K
diethylether,263.15,0.2,93.66289057214031,169.48710942785965,-0.01454995151743832,0.13714998470200346,>100 K
diethylether,263.15,0.5,93.66289057214031,169.48710942785965,-0.0076416868859152665,0.0720316654144626,>100 K
diethylether,298.15,0.05,93.66289057214031,204.48710942785965,-0.018822424551248496,0.17607665279973705,>100 K
diethylether,298.15,0.2,93.66289057214031,204.48710942785965,-0.011735589591721496,0.10978199584839565,>100 K
diethylether,298.15,0.5,93.66289057214031,204.48710942785965,-0.006163573876797557,0.057657899201850604,>100 K
diisopropylether,263.15,0.05,110.35449993655467,152.7955000634453,-0.1963825243315913,0.23783288571647443,>100 K
diisopropylether,263.15,0.2,110.35449993655467,152.7955000634453,-0.10546233312399522,0.12772221513417437,>100 K
diisopropylether,263.15,0.5,110.35449993655467,152.7955000634453,-0.050985225444263094,0.061746651529131835,>100 K
diisopropylether,298.15,0.05,110.35449993655467,187.7955000634453,-0.15560433849320754,0.18574135872577058,>100 K
diisopropylether,298.15,0.2,110.35449993655467,187.7955000634453,-0.08356342621403812,0.09974776073132219,>100 K
diisopropylether,298.15,0.5,110.35449993655467,187.7955000634453,-0.040398310924987246,0.04822254465456899,>100 K
acetone,263.15,0.05,98.88443356227103,164.26556643772895,0.029223712963555748,0.24002193231131352,>100 K
acetone,263.15,0.2,98.88443356227103,164.26556643772895,0.019979002376314003,0.16409272709444345,>100 K
acetone,263.15,0.5,98.88443356227103,164.26556643772895,0.011241444241568477,0.09232889647513387,>100 K
acetone,298.15,0.05,98.88443356227103,199.26556643772895,0.02336774535216568,0.19071965242766975,>100 K
acetone,298.15,0.2,98.88443356227103,199.26556643772895,0.01597552783598033,0.13038686746663375,>100 K
acetone,298.15,0.5,98.88443356227103,199.26556643772895,0.008988837481230583,0.07336385835744652,>100 K
methylethylketone,263.15,0.05,104.56847939560441,158.58152060439556,0.15416053475730784,0.2436596059931313,>100 K
methylethylketone,263.15,0.2,104.56847939560441,158.58152060439556,0.09777769866145514,0.1545432854671378,>100 K
methylethylketone,263.15,0.5,104.56847939560441,158.58152060439556,0.05270448296544261,0.0833024715025048,>100 K
methylethylketone,298.15,0.05,104.56847939560441,193.58152060439556,0.1218102345341201,0.19199815910646256,>100 K
methylethylketone,298.15,0.2,104.56847939560441,193.58152060439556,0.07725923126115619,0.12177655049147296,>100 K
methylethylketone,298.15,0.5,104.56847939560441,193.58152060439556,0.04164454567523945,0.06564042945202164,>100 K
methylisobutylketone,263.15,0.05,120.79276859446108,142.3572314055389,-0.023618002313617215,0.26425595042079264,>100 K
methylisobutylketone,263.15,0.2,120.79276859446108,142.3572314055389,-0.01290120369948955,0.14434835766000287,>100 K
methylisobutylketone,263.15,0.5,120.79276859446108,142.3572314055389,-0.0063983874096646964,0.0715899644537914,>100 K
methylisobutylketone,298.15,0.05,120.79276859446108,177.3572314055389,-0.01830093248589426,0.20284356811320148,>100 K
methylisobutylketone,298.15,0.2,120.79276859446108,177.3572314055389,-0.009996783587195246,0.11080218202243364,>100 K
methylisobutylketone,298.15,0.5,120.79276859446108,177.3572314055389,-0.004957932277589894,0.054952646507223424,>100 K
ethyl acetate,263.15,0.05,131.46771229437232,131.68228770562766,-0.39361768843185985,0.303889349046337,>100 K
ethyl acetate,263.15,0.2,131.46771229437232,131.68228770562766,-0.23231408897152672,0.17935621123406698,>100 K
ethyl acetate,263.15,0.5,131.46771229437232,131.68228770562766,-0.11778149897800771,0.09093225255379966,>100 K
ethyl acetate,298.15,0.05,131.46771229437232,166.68228770562766,-0.3029328502359694,0.22878239837332082,>100 K
ethyl acetate,298.15,0.2,131.46771229437232,166.68228770562766,-0.17879168337807094,0.13502791163314143,>100 K
ethyl acetate,298.15,0.5,131.46771229437232,166.68228770562766,-0.09064604116908104,0.06845813745704676,>100 K
benzaldehyde,263.15,0.05,148.74617498407395,114.40382501592603,0.008522256672242712,0.35482425384152827,>100 K
benzaldehyde,263.15,0.2,148.74617498407395,114.40382501592603,0.005346246559837731,0.22259103655323553,>100 K
benzaldehyde,263.15,0.5,148.74617498407395,114.40382501592603,0.0042291450727800495,0.17608050338643544,>100 K
benzaldehyde,298.15,0.05,148.74617498407395,149.40382501592603,0.00625829725608007,0.25770930884566434,>100 K
benzaldehyde,298.15,0.2,148.74617498407395,149.40382501592603,0.003926002403182416,0.16166815420400837,>100 K
benzaldehyde,298.15,0.5,148.74617498407395,149.40382501592603,0.003105661800911097,0.12788749454872805,>100 K
acetophenone,263.15,0.05,160.93379675407928,102.2162032459207,0.0024609462647666724,0.39489218693201034,>100 K
acetophenone,263.15,0.2,160.93379675407928,102.2162032459207,0.0014293863457348621,0.2293644148672933,>100 K
acetophenone,263.15,0.5,160.93379675407928,102.2162032459207,0.0010889508875435716,0.17473693091164622,>100 K
acetophenone,298.15,0.05,160.93379675407928,137.2162032459207,0.0017579119325925596,0.2785051276851611,>100 K
acetophenone,298.15,0.2,160.93379675407928,137.2162032459207,0.0010210443638802857,0.16176355917633245,>100 K
acetophenone,298.15,0.5,160.93379675407928,137.2162032459207,0.000777863290486458,0.12323650065844483,>100 K
decalin,263.15,0.05,136.1146388761758,127.03536112382417,0.03476431890523335,0.28325809225179643,>100 K
decalin,263.15,0.2,136.1146388761758,127.03536112382417,0.017710501340964413,0.14430436092649046,>100 K
decalin,263.15,0.5,136.1146388761758,127.03536112382417,0.01299765359308358,0.1059042914248578,>100 K
decalin,298.15,0.05,136.1146388761758,162.03536112382417,0.02616351734306077,0.21132484814618913,>100 K
decalin,298.15,0.2,136.1146388761758,162.03536112382417,0.013328867746604356,0.1076583440818899,>100 K
decalin,298.15,0.5,136.1146388761758,162.03536112382417,0.009781993317020454,0.07900995210930617,>100 K
3-methoxy-1-butanol,263.15,0.05,146.66548921626818,116.48451078373179,-0.01819740285962257,0.3413769073346582,>100 K
3-methoxy-1-butanol,263.15,0.2,146.66548921626818,116.48451078373179,-0.009204212123180344,0.1726677973391093,>100 K
3-methoxy-1-butanol,263.15,0.5,146.66548921626818,116.48451078373179,-0.0035988998453682086,0.06751410124270762,>100 K
3-methoxy-1-butanol,298.15,0.05,146.66548921626818,151.4845107837318,-0.013434017715052704,0.2490993085015516,>100 K
3-methoxy-1-butanol,298.15,0.2,146.66548921626818,151.4845107837318,-0.006794900880623178,0.12599396149398379,>100 K
3-methoxy-1-butanol,298.15,0.5,146.66548921626818,151.4845107837318,-0.002656845300966104,0.04926436314913207,>100 K
"2,4-pentanediol",263.15,0.05,203.01119869117815,60.138801308821826,0.19772128505326259,0.72592694280459,50-100 K
"2,4-pentanediol",263.15,0.2,203.01119869117815,60.138801308821826,0.09509750974956455,0.3491472579810238,50-100 K
"2,4-pentanediol",263.15,0.5,203.01119869117815,60.138801308821826,0.031029667786340864,0.11392436512999926,50-100 K
"2,4-pentanediol",298.15,0.05,203.01119869117815,95.13880130882183,0.12308668724215771,0.4448719723574998,50-100 K
"2,4-pentanediol",298.15,0.2,203.01119869117815,95.13880130882183,0.059200694740070725,0.21396895492146317,50-100 K
"2,4-pentanediol",298.15,0.5,203.01119869117815,95.13880130882183,0.0193167822726652,0.06981660829277381,50-100 K
2-methyl-1-butanol,263.15,0.05,129.26056743290047,133.8894325670995,-0.054418396153929294,0.29493937209612486,>100 K
2-methyl-1-butanol,263.15,0.2,129.26056743290047,133.8894325670995,-0.02972643518753859,0.16111272563176637,>100 K
2-methyl-1-butanol,263.15,0.5,129.26056743290047,133.8894325670995,-0.012264700142012863,0.06647279623236768,>100 K
2-methyl-1-butanol,298.15,0.05,129.26056743290047,168.8894325670995,-0.04159813029702031,0.22297245191490234,>100 K
2-methyl-1-butanol,298.15,0.2,129.26056743290047,168.8894325670995,-0.022723273958669576,0.12180028462629267,>100 K
2-methyl-1-butanol,298.15,0.5,129.26056743290047,168.8894325670995,-0.009375296418479007,0.05025304779159878,>100 K
2-ethyl-1-butanol,263.15,0.05,138.46989075949224,124.68010924050773,-0.21346167773876146,0.3132135699529728,>100 K
2-ethyl-1-butanol,263.15,0.2,138.46989075949224,124.68010924050773,-0.10776086424367248,0.15811814724085993,>100 K
2-ethyl-1-butanol,263.15,0.5,138.46989075949224,124.68010924050773,-0.04207679392547403,0.061739526163107517,>100 K
2-ethyl-1-butanol,298.15,0.05,138.46989075949224,159.68010924050773,-0.1612478899813694,0.23256514230964376,>100 K
2-ethyl-1-butanol,298.15,0.2,138.46989075949224,159.68010924050773,-0.08140202103689198,0.11740477725894527,>100 K
2-ethyl-1-butanol,298.15,0.5,138.46989075949224,159.68010924050773,-0.031784600915424566,0.045842399773448506,>100 K
3-methyl-2-pentanol,263.15,0.05,159.06068767786988,104.0893123221301,-0.29022285903083556,0.39568334349620815,>100 K
3-methyl-2-pentanol,263.15,0.2,159.06068767786988,104.0893123221301,-0.146589201076178,0.19985643238425044,>100 K
3-methyl-2-pentanol,263.15,0.5,159.06068767786988,104.0893123221301,-0.057371720407354054,0.07821931817748284,>100 K
3-methyl-2-pentanol,298.15,0.05,159.06068767786988,139.0893123221301,-0.21021875401643442,0.2803967714148641,>100 K
3-methyl-2-pentanol,298.15,0.2,159.06068767786988,139.0893123221301,-0.10617977958526215,0.14162612429394272,>100 K
3-methyl-2-pentanol,298.15,0.5,159.06068767786988,139.0893123221301,-0.041556380569360396,0.0554292836424346,>100 K
4-methyl-2-pentanol,263.15,0.05,157.49952473081018,105.6504752691898,-0.014584099258999617,0.38834982695445,>100 K
4-methyl-2-pentanol,263.15,0.2,157.49952473081018,105.6504752691898,-0.00736630969018659,0.19615233293968792,>100 K
4-methyl-2-pentanol,263.15,0.5,157.49952473081018,105.6504752691898,-0.002883008140277088,0.07676961686159922,>100 K
4-methyl-2-pentanol,298.15,0.05,157.49952473081018,140.6504752691898,-0.010509315663348673,0.2762755065688647,>100 K
4-methyl-2-pentanol,298.15,0.2,157.49952473081018,140.6504752691898,-0.0053081697013532825,0.13954450700433352,>100 K
4-methyl-2-pentanol,298.15,0.5,157.49952473081018,140.6504752691898,-0.0020774983814981773,0.05461458539551156,>100 K
5-methyl-2-hexanol,263.15,0.05,157.55579961860622,105.59420038139376,-0.18676752866887814,0.37483302406898567,>100 K
5-methyl-2-hexanol,263.15,0.2,157.55579961860622,105.59420038139376,-0.0872504539508161,0.17510726697978507,>100 K
5-methyl-2-hexanol,263.15,0.5,157.55579961860622,105.59420038139376,-0.03240411338749727,0.06503342363566711,>100 K
5-methyl-2-hexanol,298.15,0.05,157.55579961860622,140.59420038139376,-0.13534412260550877,0.2666223441228164,>100 K
5-methyl-2-hexanol,298.15,0.2,157.55579961860622,140.59420038139376,-0.06322745833319621,0.12455548736948474,>100 K
5-methyl-2-hexanol,298.15,0.5,157.55579961860622,140.59420038139376,-0.0234821669831895,0.04625890127781984,>100 K
3-methyl-4-hexanol,263.15,0.05,160.79120294130337,102.35879705869661,0.08207582433789651,0.38973260804224086,>100 K
3-methyl-4-hexanol,263.15,0.2,160.79120294130337,102.35879705869661,0.03834260153736313,0.18206776741907404,>100 K
3-methyl-4-hexanol,263.15,0.5,160.79120294130337,102.35879705869661,0.014240132303365627,0.06761849723993318,>100 K
3-methyl-4-hexanol,298.15,0.05,160.79120294130337,137.3587970586966,0.05849482070861445,0.27496695964998885,>100 K
3-methyl-4-hexanol,298.15,0.2,160.79120294130337,137.3587970586966,0.02732648280444172,0.12845376400236486,>100 K
3-methyl-4-hexanol,298.15,0.5,160.79120294130337,137.3587970586966,0.010148834844753374,0.047706689711091155,>100 K
4-methyl-3-heptanol,263.15,0.05,171.2389262681409,91.91107373185909,-0.3579693770739797,0.42869493378004475,50-100 K
4-methyl-3-heptanol,263.15,0.2,171.2389262681409,91.91107373185909,-0.15475718454861997,0.18533323024540715,50-100 K
4-methyl-3-heptanol,263.15,0.5,171.2389262681409,91.91107373185909,-0.05464006803427024,0.0654355423895594,50-100 K
4-methyl-3-heptanol,298.15,0.05,171.2389262681409,126.91107373185909,-0.2520931966286364,0.2939744292458497,>100 K
4-methyl-3-heptanol,298.15,0.2,171.2389262681409,126.91107373185909,-0.1089848346051312,0.1270909131145399,>100 K
4-methyl-3-heptanol,298.15,0.5,171.2389262681409,126.91107373185909,-0.03847923955774224,0.044871946716853905,>100 K
3-methyl-4-heptanol,263.15,0.05,172.1032847529894,91.04671524701058,0.03662766340647394,0.43355027028218085,50-100 K
3-methyl-4-heptanol,263.15,0.2,172.1032847529894,91.04671524701058,0.015834857472204922,0.18743228746993457,50-100 K
3-methyl-4-heptanol,263.15,0.5,172.1032847529894,91.04671524701058,0.0055908078976609765,0.06617665583053167,50-100 K
3-methyl-4-heptanol,298.15,0.05,172.1032847529894,126.04671524701058,0.02539012806885932,0.2965592886990349,>100 K
3-methyl-4-heptanol,298.15,0.2,172.1032847529894,126.04671524701058,0.010976650481623551,0.12820839856734256,>100 K
3-methyl-4-heptanol,298.15,0.5,172.1032847529894,126.04671524701058,0.0038755223601003586,0.04526649693658369,>100 K
6-methyl-2-heptanol,263.15,0.05,158.1754590783132,104.97454092168678,0.028425427901199285,0.364249428463818,>100 K
6-methyl-2-heptanol,263.15,0.2,158.1754590783132,104.97454092168678,0.012288870147320718,0.1574721739699394,>100 K
6-methyl-2-heptanol,263.15,0.5,158.1754590783132,104.97454092168678,0.004338827324058769,0.055598648452529265,>100 K
6-methyl-2-heptanol,298.15,0.05,158.1754590783132,139.97454092168678,0.020421286094893798,0.2586950828465462,>100 K
6-methyl-2-heptanol,298.15,0.2,158.1754590783132,139.97454092168678,0.008828522614811707,0.11183895953655743,>100 K
6-methyl-2-heptanol,298.15,0.5,158.1754590783132,139.97454092168678,0.003117083563664469,0.0394869445046,>100 K
4-methyl-1-heptanol,263.15,0.05,144.1592738715967,118.99072612840328,-0.17490389724261535,0.3100151690247346,>100 K
4-methyl-1-heptanol,263.15,0.2,144.1592738715967,118.99072612840328,-0.07557090956032786,0.13394857787645442,>100 K
4-methyl-1-heptanol,263.15,0.5,144.1592738715967,118.99072612840328,-0.026615472724818012,0.04717562275934961,>100 K
4-methyl-1-heptanol,298.15,0.05,144.1592738715967,153.99072612840328,-0.13051556843049017,0.22745767383538684,>100 K
4-methyl-1-heptanol,298.15,0.2,144.1592738715967,153.99072612840328,-0.05639199796899774,0.09827787470265914,>100 K
4-methyl-1-heptanol,298.15,0.5,144.1592738715967,153.99072612840328,-0.01986081274625473,0.03461268507710136,>100 K
2-methyl-1-heptanol,263.15,0.05,147.7470728476207,115.40292715237928,0.10101579857506038,0.3226784321364009,>100 K
2-methyl-1-heptanol,263.15,0.2,147.7470728476207,115.40292715237928,0.04364600159647081,0.13942000719528158,>100 K
2-methyl-1-heptanol,263.15,0.5,147.7470728476207,115.40292715237928,0.015371774295119156,0.04910261660722348,>100 K
2-methyl-1-heptanol,298.15,0.05,147.7470728476207,150.40292715237928,0.07409867958293637,0.23488906573228663,>100 K
2-methyl-1-heptanol,298.15,0.2,147.7470728476207,150.40292715237928,0.032015893879907775,0.1014887639612847,>100 K
2-methyl-1-heptanol,298.15,0.5,147.7470728476207,150.40292715237928,0.011275742944989897,0.035743534712000535,>100 K
2-methyl-3-heptanol,263.15,0.05,167.1248053997936,96.02519460020639,-0.32989463458624235,0.4066666527828874,50-100 K
2-methyl-3-heptanol,263.15,0.2,167.1248053997936,96.02519460020639,-0.1426199225854774,0.1758099722074402,50-100 K
2-methyl-3-heptanol,263.15,0.5,167.1248053997936,96.02519460020639,-0.050354768961725416,0.06207316881950442,50-100 K
2-methyl-3-heptanol,298.15,0.05,167.1248053997936,131.0251946002064,-0.23466638767408532,0.2821226536984427,>100 K
2-methyl-3-heptanol,298.15,0.2,167.1248053997936,131.0251946002064,-0.10145088320538376,0.12196715803076463,>100 K
2-methyl-3-heptanol,298.15,0.5,167.1248053997936,131.0251946002064,-0.03581922982540098,0.04306290420173564,>100 K
3-methylpentane,263.15,0.05,80.6336664080201,182.51633359197987,0.0006047472696444345,0.19087534556579966,>100 K
3-methylpentane,263.15,0.2,80.6336664080201,182.51633359197987,0.0003482256786297988,0.10990987488438053,>100 K
3-methylpentane,263.15,0.5,80.6336664080201,182.51633359197987,0.00017501437787759144,0.05523948851550786,>100 K
3-methylpentane,298.15,0.05,80.6336664080201,217.51633359197987,0.0004954683066533683,0.15541674696526098,>100 K
3-methylpentane,298.15,0.2,80.6336664080201,217.51633359197987,0.00028530064703780056,0.08949209843342842,>100 K
3-methylpentane,298.15,0.5,80.6336664080201,217.51633359197987,0.00014338895237608895,0.04497773970575736,>100 K
isopropylbenzene,263.15,0.05,123.88743836435117,139.2625616356488,0.049572687203605525,0.26158073505504653,>100 K
isopropylbenzene,263.15,0.2,123.88743836435117,139.2625616356488,0.027570540580485137,0.14548176985619543,>100 K
isopropylbenzene,263.15,0.5,123.88743836435117,139.2625616356488,0.02007004209201213,0.10590380830983692,>100 K
isopropylbenzene,298.15,0.05,123.88743836435117,174.2625616356488,0.0381194565641958,0.1997019997357783,>100 K
isopropylbenzene,298.15,0.2,123.88743836435117,174.2625616356488,0.02120066680655386,0.1110670491818464,>100 K
isopropylbenzene,298.15,0.5,123.88743836435117,174.2625616356488,0.015433076980994276,0.08085152866727086,>100 K
diisobutylphthalat,263.15,0.05,189.18606994949462,73.96393005050535,0.012985193016290641,0.3830212900629587,50-100 K
diisobutylphthalat,263.15,0.2,189.18606994949462,73.96393005050535,0.0031978613988488114,0.0943265915949758,50-100 K
diisobutylphthalat,263.15,0.5,189.18606994949462,73.96393005050535,0.0012915250180687288,0.038095820212201925,50-100 K
diisobutylphthalat,298.15,0.05,189.18606994949462,108.96393005050535,0.008551142950502744,0.2478987175642673,>100 K
diisobutylphthalat,298.15,0.2,189.18606994949462,108.96393005050535,0.002105888601205308,0.06104997736485984,>100 K
diisobutylphthalat,298.15,0.5,189.18606994949462,108.96393005050535,0.0008505083474541486,0.024656344752040926,>100 K
"1,4-pentanediol",263.15,0.05,177.592688318457,85.55731168154298,-0.08235454118572022,0.4973449390660387,50-100 K
"1,4-pentanediol",263.15,0.2,177.592688318457,85.55731168154298,-0.039591911044839945,0.23909837032178416,50-100 K
"1,4-pentanediol",263.15,0.5,177.592688318457,85.55731168154298,-0.012891995175214443,0.07785567696136475,50-100 K
"1,4-pentanediol",298.15,0.05,177.592688318457,120.55731168154298,-0.05642218395258425,0.33461766209262,>100 K
"1,4-pentanediol",298.15,0.2,177.592688318457,120.55731168154298,-0.027124941209600628,0.16086730034385144,>100 K
"1,4-pentanediol",298.15,0.5,177.592688318457,120.55731168154298,-0.008832476179442939,0.05238192360893956,>100 K
"1,2-pentanediol",263.15,0.05,181.35926897617097,81.79073102382901,-0.017511048677546326,0.523740107795529,50-100 K
"1,2-pentanediol",263.15,0.2,181.35926897617097,81.79073102382901,-0.008418429288310936,0.2517878365892827,50-100 K
"1,2-pentanediol",263.15,0.5,181.35926897617097,81.79073102382901,-0.002741225338803943,0.08198764567869565,50-100 K
"1,2-pentanediol",298.15,0.05,181.35926897617097,116.79073102382901,-0.011838411545681327,0.34817643129572917,>100 K
"1,2-pentanediol",298.15,0.2,181.35926897617097,116.79073102382901,-0.005691311372518104,0.16738567293676554,>100 K
"1,2-pentanediol",298.15,0.5,181.35926897617097,116.79073102382901,-0.0018532158923076913,0.054504448786441895,>100 K
"1,5-hexanediol",263.15,0.05,178.22794820856691,84.92205179143306,0.053385928383034964,0.48378784067832387,50-100 K
"1,5-hexanediol",263.15,0.2,178.22794820856691,84.92205179143306,0.02369019092809488,0.21468253267282966,50-100 K
"1,5-hexanediol",263.15,0.5,178.22794820856691,84.92205179143306,0.007269122770461767,0.06587341112653222,50-100 K
"1,5-hexanediol",298.15,0.05,178.22794820856691,119.92205179143306,0.036349380395188424,0.3248511428757066,>100 K
"1,5-hexanediol",298.15,0.2,178.22794820856691,119.92205179143306,0.016130163654765717,0.14415382163478263,>100 K
"1,5-hexanediol",298.15,0.5,178.22794820856691,119.92205179143306,0.004949396155987884,0.044232308235716555,>100 K
iso-eugenol,263.15,0.05,217.25225609668098,45.897743903319,0.2186937995640068,0.8212398740045541,0-50 K
iso-eugenol,263.15,0.2,217.25225609668098,45.897743903319,0.1051095579405108,0.39470785313451606,0-50 K
iso-eugenol,263.15,0.5,217.25225609668098,45.897743903319,0.0776961617613332,0.2917649527454469,0-50 K
iso-eugenol,298.15,0.05,217.25225609668098,80.897743903319,0.12759251736017574,0.4698452222958047,50-100 K
iso-eugenol,298.15,0.2,217.25225609668098,80.897743903319,0.06132406644807409,0.22581903883159216,50-100 K
iso-eugenol,298.15,0.5,217.25225609668098,80.897743903319,0.04533026948233365,0.16692366435199313,50-100 K
2-methyltetrahydrofuran,263.15,0.05,109.18669206166388,153.9633079383361,-0.3934998256123148,0.24525071548958488,>100 K
2-methyltetrahydrofuran,263.15,0.2,109.18669206166388,153.9633079383361,-0.230781828044468,0.14383591749202784,>100 K
2-methyltetrahydrofuran,263.15,0.5,109.18669206166388,153.9633079383361,-0.11353286391738893,0.07075991981443375,>100 K
2-methyltetrahydrofuran,298.15,0.05,109.18669206166388,188.9633079383361,-0.31425300583274085,0.1918866628682454,>100 K
2-methyltetrahydrofuran,298.15,0.2,109.18669206166388,188.9633079383361,-0.18430474026690202,0.11253868985882498,>100 K
2-methyltetrahydrofuran,298.15,0.5,109.18669206166388,188.9633079383361,-0.09066851221934114,0.05536328345020847,>100 K
menthol,263.15,0.05,305.5651111111111,-42.415111111111116,0.0694999651507402,1.7006106849091722,T<Tg
menthol,263.15,0.2,305.5651111111111,-42.415111111111116,0.0278295095288712,0.6809666905290075,T<Tg
menthol,263.15,0.5,305.5651111111111,-42.415111111111116,0.011450556750644547,0.28018631543296585,T<Tg
menthol,298.15,0.05,305.5651111111111,-7.415111111111116,0.04081808310620527,0.9811477210406148,T<Tg
menthol,298.15,0.2,305.5651111111111,-7.415111111111116,0.01634457269569345,0.39287587832178694,T<Tg
menthol,298.15,0.5,305.5651111111111,-7.415111111111116,0.006725036135578177,0.16165026322206377,T<Tg
n-butylbenzene,263.15,0.05,124.14312537733818,139.0068746226618,0.008604939631855046,0.25297099537369405,>100 K
n-butylbenzene,263.15,0.2,124.14312537733818,139.0068746226618,0.004432401782932249,0.1303052826511215,>100 K
n-butylbenzene,263.15,0.5,124.14312537733818,139.0068746226618,0.0030816799380390947,0.09059629407079495,>100 K
n-butylbenzene,298.15,0.05,124.14312537733818,174.0068746226618,0.006623162368343927,0.1930409542606477,>100 K
n-butylbenzene,298.15,0.2,124.14312537733818,174.0068746226618,0.0034115889182340098,0.09943533673106542,>100 K
n-butylbenzene,298.15,0.5,124.14312537733818,174.0068746226618,0.002371947680067432,0.06913359784219386,>100 K
cyclohexanol,263.15,0.05,155.87721118564795,107.27278881435203,-0.18915930039941986,0.38467252205267166,>100 K
cyclohexanol,263.15,0.2,155.87721118564795,107.27278881435203,-0.10223327003920835,0.2079005882377163,>100 K
cyclohexanol,263.15,0.5,155.87721118564795,107.27278881435203,-0.04983204662959029,0.10133796760494596,>100 K
cyclohexanol,298.15,0.05,155.87721118564795,142.27278881435203,-0.1375873667497598,0.27475213821549094,>100 K
cyclohexanol,298.15,0.2,155.87721118564795,142.27278881435203,-0.07436063883304023,0.1484928812948838,>100 K
cyclohexanol,298.15,0.5,155.87721118564795,142.27278881435203,-0.0362459580947867,0.07238058786548507,>100 K
cycloheptanol,263.15,0.05,153.15317994367328,109.9968200563267,-0.41528310865886064,0.3594547389388747,>100 K
cycloheptanol,263.15,0.2,153.15317994367328,109.9968200563267,-0.20809125290421493,0.18011661304912963,>100 K
cycloheptanol,263.15,0.5,153.15317994367328,109.9968200563267,-0.0969669899192338,0.08393128282937035,>100 K
cycloheptanol,298.15,0.05,153.15317994367328,144.9968200563267,-0.30631644413895165,0.25842469779811816,>100 K
cycloheptanol,298.15,0.2,153.15317994367328,144.9968200563267,-0.15348992366169112,0.12949218984579147,>100 K
cycloheptanol,298.15,0.5,153.15317994367328,144.9968200563267,-0.07152369776570211,0.06034116135182366,>100 K
cycloheptane,263.15,0.05,85.22466240107931,177.92533759892066,-0.04087909905836362,0.19330868694003867,>100 K
cycloheptane,263.15,0.2,85.22466240107931,177.92533759892066,-0.023586877549675478,0.11153739767193871,>100 K
cycloheptane,263.15,0.5,85.22466240107931,177.92533759892066,-0.014520645217915629,0.06866508619942557,>100 K
cycloheptane,298.15,0.05,85.22466240107931,212.92533759892066,-0.03335148289263312,0.1564848218131183,>100 K
cycloheptane,298.15,0.2,85.22466240107931,212.92533759892066,-0.01924350979373468,0.0902903541298481,>100 K
cycloheptane,298.15,0.5,85.22466240107931,212.92533759892066,-0.01184676428127407,0.055584898686071416,>100 K
"2,3-dimethylbutane",263.15,0.05,79.78477996113367,183.3652200388663,-0.06785784060111855,0.18956585376083845,>100 K
"2,3-dimethylbutane",263.15,0.2,79.78477996113367,183.3652200388663,-0.03909709893765578,0.10922061288768203,>100 K
"2,3-dimethylbutane",263.15,0.5,79.78477996113367,183.3652200388663,-0.019700552950800088,0.05503493931720449,>100 K
"2,3-dimethylbutane",298.15,0.05,79.78477996113367,218.3652200388663,-0.05577715225232893,0.15451327025821504,>100 K
"2,3-dimethylbutane",298.15,0.2,79.78477996113367,218.3652200388663,-0.03213666719648156,0.08902465155023842,>100 K
"2,3-dimethylbutane",298.15,0.5,79.78477996113367,218.3652200388663,-0.016193275996668532,0.044858439870146594,>100 K
1-phenyl-1-propanol,263.15,0.05,192.2415655569431,70.90843444305688,0.19953720005093079,0.5724197836874818,50-100 K
1-phenyl-1-propanol,263.15,0.2,192.2415655569431,70.90843444305688,0.09502456296383932,0.2726004963629576,50-100 K
1-phenyl-1-propanol,263.15,0.5,192.2415655569431,70.90843444305688,0.050706061608491115,0.14546236396104728,50-100 K
1-phenyl-1-propanol,298.15,0.05,192.2415655569431,105.90843444305688,0.12926241265359728,0.36635222346598983,>100 K
1-phenyl-1-propanol,298.15,0.2,192.2415655569431,105.90843444305688,0.06155796646903067,0.17446601394026207,>100 K
1-phenyl-1-propanol,298.15,0.5,192.2415655569431,105.90843444305688,0.03284794944502867,0.09309681808070236,>100 K
"1,2-butanediol",263.15,0.05,177.68918841700793,85.46081158299205,0.058901734514659854,0.5164394027432513,50-100 K
"1,2-butanediol",263.15,0.2,177.68918841700793,85.46081158299205,0.03071486017381564,0.26930215509290134,50-100 K
"1,2-butanediol",263.15,0.5,177.68918841700793,85.46081158299205,0.010658949044763943,0.09345567365556384,50-100 K
"1,2-butanediol",298.15,0.05,177.68918841700793,120.46081158299205,0.04016663032598111,0.34736019740617086,>100 K
"1,2-butanediol",298.15,0.2,177.68918841700793,120.46081158299205,0.02094526492778881,0.18113422263692636,>100 K
"1,2-butanediol",298.15,0.5,177.68918841700793,120.46081158299205,0.007268615592940453,0.06285883896016786,>100 K
cis-2-heptene,263.15,0.05,91.24212503844196,171.90787496155804,0.03435168955627477,0.20244663278751895,>100 K
cis-2-heptene,263.15,0.2,91.24212503844196,171.90787496155804,0.018718490845170077,0.1103146742247052,>100 K
cis-2-heptene,263.15,0.5,91.24212503844196,171.90787496155804,0.00931108910947831,0.05487353495991565,>100 K
cis-2-heptene,298.15,0.05,91.24212503844196,206.90787496155804,0.027742915644686672,0.16258507985864545,>100 K
cis-2-heptene,298.15,0.2,91.24212503844196,206.90787496155804,0.015117320842768844,0.08859381789386811,>100 K
cis-2-heptene,298.15,0.5,91.24212503844196,206.90787496155804,0.0075197686943817565,0.04406898717326557,>100 K
2-methyl-1-pentanol,263.15,0.05,143.2897306584822,119.86026934151778,-0.009036801088523783,0.33003145700916603,>100 K
2-methyl-1-pentanol,263.15,0.2,143.2897306584822,119.86026934151778,-0.004562006190587553,0.1666082428080169,>100 K
2-methyl-1-pentanol,263.15,0.5,143.2897306584822,119.86026934151778,-0.0017813015487142536,0.06505460723724532,>100 K
2-methyl-1-pentanol,298.15,0.05,143.2897306584822,154.86026934151778,-0.006716036059331465,0.24259655892954735,>100 K
2-methyl-1-pentanol,298.15,0.2,143.2897306584822,154.86026934151778,-0.003390425193467106,0.12246889057427301,>100 K
2-methyl-1-pentanol,298.15,0.5,143.2897306584822,154.86026934151778,-0.0013238407392743845,0.0478197563386531,>100 K
"2,2-dimethyl-1-butanol",263.15,0.05,160.04947085329283,103.10052914670715,-0.07626126126898214,0.4000756048876217,>100 K
"2,2-dimethyl-1-butanol",263.15,0.2,160.04947085329283,103.10052914670715,-0.038053187368367825,0.19963152590152533,>100 K
"2,2-dimethyl-1-butanol",263.15,0.5,160.04947085329283,103.10052914670715,-0.014086792485257682,0.07390098105757614,>100 K
"2,2-dimethyl-1-butanol",298.15,0.05,160.04947085329283,138.10052914670715,-0.05472982098851609,0.28280008040476345,>100 K
"2,2-dimethyl-1-butanol",298.15,0.2,160.04947085329283,138.10052914670715,-0.02730933239312039,0.14111285688647568,>100 K
"2,2-dimethyl-1-butanol",298.15,0.5,160.04947085329283,138.10052914670715,-0.01010955783043288,0.05223813481690254,>100 K
"2,2-dimethyl-1-pentanol",263.15,0.05,162.80728542338366,100.34271457661632,0.12214010891861848,0.3990907873224029,>100 K
"2,2-dimethyl-1-pentanol",263.15,0.2,162.80728542338366,100.34271457661632,0.056335016198438836,0.18407373439821773,>100 K
"2,2-dimethyl-1-pentanol",263.15,0.5,162.80728542338366,100.34271457661632,0.01974902003695167,0.06452959658521618,>100 K
"2,2-dimethyl-1-pentanol",298.15,0.05,162.80728542338366,135.34271457661632,0.08650484670766789,0.28009967049334317,>100 K
"2,2-dimethyl-1-pentanol",298.15,0.2,162.80728542338366,135.34271457661632,0.03989886683142663,0.12919113642622948,>100 K
"2,2-dimethyl-1-pentanol",298.15,0.5,162.80728542338366,135.34271457661632,0.01398710027400929,0.045289741870152334,>100 K
"2,2-dimethyl-1-hexanol",263.15,0.05,164.22499413880615,98.92500586119382,0.3410886929326412,0.3917550355146756,50-100 K
"2,2-dimethyl-1-hexanol",263.15,0.2,164.22499413880615,98.92500586119382,0.14551535444904107,0.167130643821642,50-100 K
"2,2-dimethyl-1-hexanol",263.15,0.5,164.22499413880615,98.92500586119382,0.048414970318110484,0.055606675945012896,50-100 K
"2,2-dimethyl-1-hexanol",298.15,0.05,164.22499413880615,133.92500586119382,0.2389036351819973,0.27392187540532165,>100 K
"2,2-dimethyl-1-hexanol",298.15,0.2,164.22499413880615,133.92500586119382,0.10192113627037847,0.116860627798129,>100 K
"2,2-dimethyl-1-hexanol",298.15,0.5,164.22499413880615,133.92500586119382,0.03391057119712082,0.03888114658156905,>100 K
2-hexanol,263.15,0.05,151.91437182911173,111.23562817088825,-0.13150234795605265,0.3637029921491626,>100 K
2-hexanol,263.15,0.2,151.91437182911173,111.23562817088825,-0.06638571764229706,0.1836064870152876,>100 K
2-hexanol,263.15,0.5,151.91437182911173,111.23562817088825,-0.025921267247015933,0.07169181846995087,>100 K
2-hexanol,298.15,0.05,151.91437182911173,146.23562817088825,-0.09633854328208535,0.2622415997270249,>100 K
2-hexanol,298.15,0.2,151.91437182911173,146.23562817088825,-0.04863413795875404,0.1323862049927853,>100 K
2-hexanol,298.15,0.5,151.91437182911173,146.23562817088825,-0.018989905240609506,0.0516921157337884,>100 K
3-hexanol,263.15,0.05,154.14346695443908,109.0065330455609,-0.03999732999956329,0.37324458886670664,>100 K
3-hexanol,263.15,0.2,154.14346695443908,109.0065330455609,-0.020191665754015098,0.1884233268314044,>100 K
3-hexanol,263.15,0.5,154.14346695443908,109.0065330455609,-0.007884129038001841,0.07357262350745053,>100 K
3-hexanol,298.15,0.05,154.14346695443908,144.0065330455609,-0.02906979601386972,0.267707369590626,>100 K
3-hexanol,298.15,0.2,154.14346695443908,144.0065330455609,-0.014675169683973532,0.13514546412771722,>100 K
3-hexanol,298.15,0.5,154.14346695443908,144.0065330455609,-0.005730133058488018,0.05276950852218443,>100 K
3-heptanol,263.15,0.05,157.88909084109292,105.26090915890705,0.003934146679741568,0.3763122708368899,>100 K
3-heptanol,263.15,0.2,157.88909084109292,105.26090915890705,0.0018368614176944575,0.17570099632143443,>100 K
3-heptanol,263.15,0.5,157.88909084109292,105.26090915890705,0.0006805465102313057,0.06509620091034352,>100 K
3-heptanol,298.15,0.05,157.88909084109292,140.26090915890705,0.002830661516626254,0.2674530676548832,>100 K
3-heptanol,298.15,0.2,157.88909084109292,140.26090915890705,0.0013216418577424172,0.12487440378088355,>100 K
3-heptanol,298.15,0.5,157.88909084109292,140.26090915890705,0.0004896606490820687,0.04626524292559209,>100 K
2-heptanol,263.15,0.05,156.65528963153446,106.49471036846552,-0.057301448346804396,0.3708224242887652,>100 K
2-heptanol,263.15,0.2,156.65528963153446,106.49471036846552,-0.02675416760342264,0.17313777534006158,>100 K
2-heptanol,263.15,0.5,156.65528963153446,106.49471036846552,-0.009912264050656372,0.06414654239118622,>100 K
2-heptanol,298.15,0.05,156.65528963153446,141.49471036846552,-0.041432597348466604,0.26435626136131907,>100 K
2-heptanol,298.15,0.2,156.65528963153446,141.49471036846552,-0.019344967460456886,0.1234284983630678,>100 K
2-heptanol,298.15,0.5,156.65528963153446,141.49471036846552,-0.00716719833566648,0.045729543347638124,>100 K
4-nonanol,263.15,0.05,172.87514431742719,90.27485568257279,0.0852126767511392,0.4224456150630271,50-100 K
4-nonanol,263.15,0.2,172.87514431742719,90.27485568257279,0.03408554465674385,0.16898059568447943,50-100 K
4-nonanol,263.15,0.5,172.87514431742719,90.27485568257279,0.011426985422558378,0.05664978579709157,50-100 K
4-nonanol,298.15,0.05,172.87514431742719,125.27485568257279,0.05884079123497288,0.28831085978224924,>100 K
4-nonanol,298.15,0.2,172.87514431742719,125.27485568257279,0.023536643768804044,0.11532594750933844,>100 K
4-nonanol,298.15,0.5,172.87514431742719,125.27485568257279,0.007890526261221442,0.03866236946784962,>100 K
3-methyl-4-nonanol,263.15,0.05,181.19987996114622,81.95012003885375,0.21101212251377616,0.4560270340049206,50-100 K
3-methyl-4-nonanol,263.15,0.2,181.19987996114622,81.95012003885375,0.07821444382749543,0.1690324726849215,50-100 K
3-methyl-4-nonanol,263.15,0.5,181.19987996114622,81.95012003885375,0.02504935499019023,0.054135198129040774,50-100 K
3-methyl-4-nonanol,298.15,0.05,181.19987996114622,116.95012003885375,0.14157534194111587,0.3033188346899911,>100 K
3-methyl-4-nonanol,298.15,0.2,181.19987996114622,116.95012003885375,0.05247677952193941,0.11242915181867241,>100 K
3-methyl-4-nonanol,298.15,0.5,181.19987996114622,116.95012003885375,0.01680647991164097,0.036007131129939474,>100 K
2-methyl-2-pentanol,263.15,0.05,161.44922915469846,101.70077084530152,0.05992134929534143,0.40694547153676364,>100 K
2-methyl-2-pentanol,263.15,0.2,161.44922915469846,101.70077084530152,0.029899824552580334,0.20305948288054143,>100 K
2-methyl-2-pentanol,263.15,0.5,161.44922915469846,101.70077084530152,0.011068524161735205,0.075169965916698,>100 K
2-methyl-2-pentanol,298.15,0.05,161.44922915469846,136.70077084530152,0.04267127501611179,0.2866247300474316,>100 K
2-methyl-2-pentanol,298.15,0.2,161.44922915469846,136.70077084530152,0.021292304853286037,0.14302129777833938,>100 K
2-methyl-2-pentanol,298.15,0.5,161.44922915469846,136.70077084530152,0.007882132897240712,0.052944614685561664,>100 K
2-methyl-2-hexanol,263.15,0.05,164.16599496521553,98.98400503478445,0.35587518246820526,0.4058547500814139,50-100 K
2-methyl-2-hexanol,263.15,0.2,164.16599496521553,98.98400503478445,0.16414128287970198,0.18719349542486263,50-100 K
2-methyl-2-hexanol,263.15,0.5,164.16599496521553,98.98400503478445,0.05754199968743423,0.06562327201452156,50-100 K
2-methyl-2-hexanol,298.15,0.05,164.16599496521553,133.98400503478445,0.24927882812720292,0.2838252676911215,>100 K
2-methyl-2-hexanol,298.15,0.2,164.16599496521553,133.98400503478445,0.11497555508019586,0.13090950380238375,>100 K
2-methyl-2-hexanol,298.15,0.5,164.16599496521553,133.98400503478445,0.040306272976652124,0.04589213934924352,>100 K
4-methy-4-octanol,263.15,0.05,178.53245653179783,84.61754346820214,-0.022562739802077125,0.4552228882139959,50-100 K
4-methy-4-octanol,263.15,0.2,178.53245653179783,84.61754346820214,-0.008907781768458412,0.17972224028592,50-100 K
4-methy-4-octanol,263.15,0.5,178.53245653179783,84.61754346820214,-0.0028173878269655006,0.056843248429086835,50-100 K
4-methy-4-octanol,298.15,0.05,178.53245653179783,119.61754346820214,-0.015387486591435184,0.30537827622204183,>100 K
4-methy-4-octanol,298.15,0.2,178.53245653179783,119.61754346820214,-0.006074987954652666,0.12056350714834396,>100 K
4-methy-4-octanol,298.15,0.5,178.53245653179783,119.61754346820214,-0.0019214207933346827,0.03813229446401545,>100 K
4-methyl-4-nonanol,263.15,0.05,181.79213834408273,81.35786165591725,0.14045566763538558,0.45931455676865984,50-100 K
4-methyl-4-nonanol,263.15,0.2,181.79213834408273,81.35786165591725,0.05133547771660063,0.16787597532281806,50-100 K
4-methyl-4-nonanol,263.15,0.5,181.79213834408273,81.35786165591725,0.015453662735680052,0.0505361753597402,50-100 K
4-methyl-4-nonanol,298.15,0.05,181.79213834408273,116.35786165591725,0.09430257153275878,0.3049156861324067,>100 K
4-methyl-4-nonanol,298.15,0.2,181.79213834408273,116.35786165591725,0.03446687229528722,0.11144436301087168,>100 K
4-methyl-4-nonanol,298.15,0.5,181.79213834408273,116.35786165591725,0.010375659167828566,0.03354840894381628,>100 K
4-methyl-undecane,263.15,0.05,134.14421692546583,129.00578307453415,0.02056427022433782,0.25209943826928694,>100 K
4-methyl-undecane,263.15,0.2,134.14421692546583,129.00578307453415,0.007496037465440253,0.09189467040004251,>100 K
4-methyl-undecane,263.15,0.5,134.14421692546583,129.00578307453415,0.002849873356225885,0.03493688151369323,>100 K
4-methyl-undecane,298.15,0.05,134.14421692546583,164.00578307453415,0.015540752615585518,0.18881284940518972,>100 K
4-methyl-undecane,298.15,0.2,134.14421692546583,164.00578307453415,0.0056648771182601365,0.06882559787717124,>100 K
4-methyl-undecane,298.15,0.5,134.14421692546583,164.00578307453415,0.0021536955278111947,0.026166389712006133,>100 K
n-butanol,263.15,0.05,115.4153773376623,147.73462266233767,-0.039196919392868956,0.26678770602618496,>100 K
n-butanol,263.15,0.2,115.4153773376623,147.73462266233767,-0.023184731100492684,0.1578032488507186,>100 K
n-butanol,263.15,0.5,115.4153773376623,147.73462266233767,-0.010125709061729271,0.06891905625008876,>100 K
n-butanol,298.15,0.05,115.4153773376623,182.73462266233767,-0.030651288594100823,0.2066575758151128,>100 K
n-butanol,298.15,0.2,115.4153773376623,182.73462266233767,-0.01813004427248721,0.12223665531288663,>100 K
n-butanol,298.15,0.5,115.4153773376623,182.73462266233767,-0.00791812304329742,0.05338568746009198,>100 K
xylose,263.15,0.05,277.3654752444114,-14.215475244411437,0.17259789474515763,1.218478671521531,T<Tg
xylose,263.15,0.2,277.3654752444114,-14.215475244411437,0.06035441742513692,0.4260803439880898,T<Tg
xylose,263.15,0.5,277.3654752444114,-14.215475244411437,0.012051922059420628,0.08508220799521604,T<Tg
xylose,298.15,0.05,277.3654752444114,20.784524755588563,0.17447267682221135,1.2904416571401436,0-50 K
xylose,298.15,0.2,277.3654752444114,20.784524755588563,0.06100999541017976,0.45124452156741507,0-50 K
xylose,298.15,0.5,277.3654752444114,20.784524755588563,0.012182831694815821,0.09010713773215895,0-50 K
fructose,263.15,0.05,279.50350368927815,-16.35350368927817,0.14255532906475565,1.154168251601245,T<Tg
fructose,263.15,0.2,279.50350368927815,-16.35350368927817,0.041785314972692555,0.33830572480901244,T<Tg
fructose,263.15,0.5,279.50350368927815,-16.35350368927817,0.006997985521516981,0.05665766946131412,T<Tg
fructose,298.15,0.05,279.50350368927815,18.64649631072183,0.14715201622715401,1.2515390598237248,0-50 K
fructose,298.15,0.2,279.50350368927815,18.64649631072183,0.043132679691863546,0.3668467124901792,0-50 K
fructose,298.15,0.5,279.50350368927815,18.64649631072183,0.0072236351020720235,0.06143756447211168,0-50 K
n-heptanol,263.15,0.05,142.53582736104173,120.61417263895825,-0.04111673497711221,0.31569446297246406,>100 K
n-heptanol,263.15,0.2,142.53582736104173,120.61417263895825,-0.019186883746379557,0.14731697358266516,>100 K
n-heptanol,263.15,0.5,142.53582736104173,120.61417263895825,-0.007091472035874347,0.05444835192521591,>100 K
n-heptanol,298.15,0.05,142.53582736104173,155.61417263895825,-0.030637706540445286,0.23243114370153783,>100 K
n-heptanol,298.15,0.2,142.53582736104173,155.61417263895825,-0.014296906453648894,0.10846263293333269,>100 K
n-heptanol,298.15,0.5,142.53582736104173,155.61417263895825,-0.005284136478633794,0.040087788019727455,>100 K
n-octanol,263.15,0.05,146.4536183324137,116.69638166758628,0.10405683528359266,0.31801124351066745,>100 K
n-octanol,263.15,0.2,146.4536183324137,116.69638166758628,0.044934138725517325,0.13732458125637148,>100 K
n-octanol,263.15,0.5,146.4536183324137,116.69638166758628,0.015786160488110212,0.048244562823780424,>100 K
n-octanol,298.15,0.05,146.4536183324137,151.69638166758628,0.0765296302677676,0.23215835944304386,>100 K
n-octanol,298.15,0.2,146.4536183324137,151.69638166758628,0.03304725743092707,0.10025132804655978,>100 K
n-octanol,298.15,0.5,146.4536183324137,151.69638166758628,0.011610088104354155,0.035220070943309256,>100 K
3-methyl-1-butanol,263.15,0.05,126.15724040737041,136.99275959262957,-0.07923483581643653,0.28581434405321016,>100 K
3-methyl-1-butanol,263.15,0.2,126.15724040737041,136.99275959262957,-0.04328259151243774,0.1561281142894022,>100 K
3-methyl-1-butanol,263.15,0.5,126.15724040737041,136.99275959262957,-0.017857775509248164,0.06441621719580004,>100 K
3-methyl-1-butanol,298.15,0.05,126.15724040737041,171.99275959262957,-0.060948298582927496,0.21731384620727612,>100 K
3-methyl-1-butanol,298.15,0.2,126.15724040737041,171.99275959262957,-0.033293440741827496,0.11870923109094411,>100 K
3-methyl-1-butanol,298.15,0.5,126.15724040737041,171.99275959262957,-0.013736395394142509,0.04897772350549534,>100 K
"1,2,4-butanetriol",263.15,0.05,197.94946495380452,65.20053504619545,0.17249397333495564,0.6642776118708941,50-100 K
"1,2,4-butanetriol",263.15,0.2,197.94946495380452,65.20053504619545,0.07935608536531424,0.3056018123690072,50-100 K
"1,2,4-butanetriol",263.15,0.5,197.94946495380452,65.20053504619545,0.021968076148913607,0.08459948414117169,50-100 K
"1,2,4-butanetriol",298.15,0.05,197.94946495380452,100.20053504619545,0.1095929904605043,0.41580979927771233,>100 K
"1,2,4-butanetriol",298.15,0.2,197.94946495380452,100.20053504619545,0.05041840325363678,0.19129385965932455,>100 K
"1,2,4-butanetriol",298.15,0.5,197.94946495380452,100.20053504619545,0.01395728275763286,0.05295571292951484,>100 K
benzene,263.15,0.05,118.15727713946497,144.99272286053503,-0.004125841146433107,0.27550884414256505,>100 K
benzene,263.15,0.2,118.15727713946497,144.99272286053503,-0.0028787623459480827,0.19223340364886932,>100 K
benzene,263.15,0.5,118.15727713946497,144.99272286053503,-0.0023293564726207805,0.1555460539053226,>100 K
benzene,298.15,0.05,118.15727713946497,179.99272286053503,-0.0032087254322128445,0.212437349108348,>100 K
benzene,298.15,0.2,118.15727713946497,179.99272286053503,-0.002238854484430952,0.14822593012697816,>100 K
benzene,298.15,0.5,118.15727713946497,179.99272286053503,-0.0018115737104542617,0.11993731620031678,>100 K
"2,4,6-trimethylheptane",263.15,0.05,125.9165869047619,137.23341309523806,0.001976080467751995,0.2489866914513974,>100 K
"2,4,6-trimethylheptane",263.15,0.2,125.9165869047619,137.23341309523806,0.0008393483078177333,0.10575812146788355,>100 K
"2,4,6-trimethylheptane",263.15,0.5,125.9165869047619,137.23341309523806,0.0003512980849071923,0.04426365692170986,>100 K
"2,4,6-trimethylheptane",298.15,0.05,125.9165869047619,172.23341309523806,0.00151670252421221,0.18939532960531347,>100 K
"2,4,6-trimethylheptane",298.15,0.2,125.9165869047619,172.23341309523806,0.0006442256365244425,0.08044644537862222,>100 K
"2,4,6-trimethylheptane",298.15,0.5,125.9165869047619,172.23341309523806,0.00026963208271313377,0.03366979111757118,>100 K
santonin,263.15,0.05,288.00539563545425,-24.855395635454272,0.2104028110316154,1.1055204633981326,T<Tg
santonin,263.15,0.2,288.00539563545425,-24.855395635454272,0.06317225700772805,0.3319262822519767,T<Tg
santonin,263.15,0.5,288.00539563545425,-24.855395635454272,0.030464653662679808,0.16007057067963193,T<Tg
santonin,298.15,0.05,288.00539563545425,10.144604364545728,0.2398606953041984,1.328782679244239,0-50 K
santonin,298.15,0.2,288.00539563545425,10.144604364545728,0.0720168205715288,0.39895950300788097,0-50 K
santonin,298.15,0.5,288.00539563545425,10.144604364545728,0.034729921021036336,0.1923971638860893,0-50 K
maltotetraose,263.15,0.05,411.0,-147.85000000000002,0.0,4.567571098880563,T<Tg
maltotetraose,263.15,0.2,411.0,-147.85000000000002,0.0,0.08444118295460656,T<Tg
maltotetraose,263.15,0.5,411.0,-147.85000000000002,0.0,0.0010786798657882457,T<Tg
maltotetraose,298.15,0.05,411.0,-112.85000000000002,0.0,0.9963998323586871,T<Tg
maltotetraose,298.15,0.2,411.0,-112.85000000000002,0.0,0.018420551912319505,T<Tg
maltotetraose,298.15,0.5,411.0,-112.85000000000002,0.0,0.00023531028071020754,T<Tg
malic acid,263.15,0.05,257.346911660725,5.80308833927495,-0.43328353195673586,1.6533388757714285,0-50 K
malic acid,263.15,0.2,257.346911660725,5.80308833927495,-0.19740000695063964,0.7532460421358254,0-50 K
malic acid,263.15,0.5,257.346911660725,5.80308833927495,-0.07384294764495114,0.2817725739346656,0-50 K
malic acid,298.15,0.05,257.346911660725,40.80308833927495,-0.1935542472542986,0.9199558391986407,0-50 K
malic acid,298.15,0.2,257.346911660725,40.80308833927495,-0.08818154149726465,0.41912345071593043,0-50 K
malic acid,298.15,0.5,257.346911660725,40.80308833927495,-0.03298675138173568,0.15678475146014925,0-50 K
pinonic acid,263.15,0.05,267.76865495112895,-4.618654951128974,-0.2681058623028454,1.0345088719344542,T<Tg
pinonic acid,263.15,0.2,267.76865495112895,-4.618654951128974,-0.10572459314674909,0.4079471767328502,T<Tg
pinonic acid,263.15,0.5,267.76865495112895,-4.618654951128974,-0.053238292892102246,0.2054244015795238,T<Tg
pinonic acid,298.15,0.05,267.76865495112895,30.381345048871026,-0.24324094443030653,0.994802893021578,0-50 K
pinonic acid,298.15,0.2,267.76865495112895,30.381345048871026,-0.09591938671402955,0.39228956137897497,0-50 K
pinonic acid,298.15,0.5,267.76865495112895,30.381345048871026,-0.048300818682973645,0.19753990954800127,0-50 K
"2-methylbutane-1,2,3,4-tetraol",263.15,0.05,246.1169545713343,17.033045428665673,-0.6125594518083108,1.5880734758367927,0-50 K
"2-methylbutane-1,2,3,4-tetraol",263.15,0.2,246.1169545713343,17.033045428665673,-0.2270111048848673,0.5885311430977253,0-50 K
"2-methylbutane-1,2,3,4-tetraol",263.15,0.5,246.1169545713343,17.033045428665673,-0.045010596301457984,0.11669093327501479,0-50 K
"2-methylbutane-1,2,3,4-tetraol",298.15,0.05,246.1169545713343,52.03304542866567,-0.30515854775098883,0.7427218782706939,50-100 K
"2-methylbutane-1,2,3,4-tetraol",298.15,0.2,246.1169545713343,52.03304542866567,-0.11309005009311568,0.2752485717274603,50-100 K
"2-methylbutane-1,2,3,4-tetraol",298.15,0.5,246.1169545713343,52.03304542866567,-0.0224229144782786,0.05457487355458168,50-100 K
"1,2-isopooh",263.15,0.05,144.2185913370905,118.93140866290949,-0.06653863403267879,0.3207216969000912,>100 K
"1,2-isopooh",263.15,0.2,144.2185913370905,118.93140866290949,-0.0312879173565932,0.1508103388799369,>100 K
"1,2-isopooh",263.15,0.5,144.2185913370905,118.93140866290949,-0.011307879761595085,0.054504911893738406,>100 K
"1,2-isopooh",298.15,0.05,144.2185913370905,153.9314086629095,-0.049453654683318415,0.23528290036150823,>100 K
"1,2-isopooh",298.15,0.2,144.2185913370905,153.9314086629095,-0.023254187333531018,0.11063515277928593,>100 K
"1,2-isopooh",298.15,0.5,144.2185913370905,153.9314086629095,-0.008404380238039355,0.039985052081780825,>100 K
trans-beta-iepox,263.15,0.05,169.14240998241544,94.00759001758453,-0.07997601647148778,0.43110577900703395,50-100 K
trans-beta-iepox,263.15,0.2,169.14240998241544,94.00759001758453,-0.037389095508108205,0.20154361090412376,50-100 K
trans-beta-iepox,263.15,0.5,169.14240998241544,94.00759001758453,-0.013337510390011076,0.07189502628891331,50-100 K
trans-beta-iepox,298.15,0.05,169.14240998241544,129.00759001758453,-0.05610096656843333,0.2974007525101763,>100 K
trans-beta-iepox,298.15,0.2,169.14240998241544,129.00759001758453,-0.02622741778933335,0.13903599641963238,>100 K
trans-beta-iepox,298.15,0.5,169.14240998241544,129.00759001758453,-0.009355895148427162,0.04959718927756018,>100 K
pinic acid,263.15,0.05,270.96656051725375,-7.816560517253777,-0.286082616619999,1.0678899667768675,T<Tg
pinic acid,263.15,0.2,270.96656051725375,-7.816560517253777,-0.11463120947988548,0.4278956894667505,T<Tg
pinic acid,263.15,0.5,270.96656051725375,-7.816560517253777,-0.0583831995220323,0.21793296542979068,T<Tg
pinic acid,298.15,0.05,270.96656051725375,27.183439482746223,-0.2667207641351723,1.058769957143673,0-50 K
pinic acid,298.15,0.2,270.96656051725375,27.183439482746223,-0.10687305697719429,0.4242413683930939,0-50 K
pinic acid,298.15,0.5,270.96656051725375,27.183439482746223,-0.05443186927312249,0.21607177110645637,0-50 K
"2,4-dimethyl-3-pentanol",263.15,0.05,184.78020405649534,78.36979594350464,0.4335139713838524,0.5343287608581755,50-100 K
"2,4-dimethyl-3-pentanol",263.15,0.2,184.78020405649534,78.36979594350464,0.20263308655919565,0.2497559322123275,50-100 K
"2,4-dimethyl-3-pentanol",263.15,0.5,184.78020405649534,78.36979594350464,0.0754389089676133,0.09298242135192014,50-100 K
"2,4-dimethyl-3-pentanol",298.15,0.05,184.78020405649534,113.36979594350464,0.28584034395609237,0.35119533095108846,>100 K
"2,4-dimethyl-3-pentanol",298.15,0.2,184.78020405649534,113.36979594350464,0.13360748437719794,0.16415571029609488,>100 K
"2,4-dimethyl-3-pentanol",298.15,0.5,184.78020405649534,113.36979594350464,0.04974115048274097,0.061114045567890685,>100 K
erythritol,263.15,0.05,226.83229251442964,36.31770748557034,0.16631128482719815,1.0644836716942865,0-50 K
erythritol,263.15,0.2,226.83229251442964,36.31770748557034,0.06757547283223292,0.43252018353218297,0-50 K
erythritol,263.15,0.5,226.83229251442964,36.31770748557034,0.01500395142312616,0.09603353925987057,0-50 K
erythritol,298.15,0.05,226.83229251442964,71.31770748557034,0.09239981275836029,0.5759964922846088,50-100 K
erythritol,298.15,0.2,226.83229251442964,71.31770748557034,0.03754382057263084,0.2340384499842113,50-100 K
erythritol,298.15,0.5,226.83229251442964,71.31770748557034,0.008335948481024147,0.051964143017167785,50-100 K
"2-ethyl-1,3-hexanediol",263.15,0.05,204.10945370879125,59.04054629120873,0.3040356703246263,0.6631050533144747,50-100 K
"2-ethyl-1,3-hexanediol",263.15,0.2,204.10945370879125,59.04054629120873,0.11529300822724409,0.25145528577513254,50-100 K
"2-ethyl-1,3-hexanediol",263.15,0.5,204.10945370879125,59.04054629120873,0.03175203006753691,0.06925151765349025,50-100 K
"2-ethyl-1,3-hexanediol",298.15,0.05,204.10945370879125,94.04054629120873,0.18763894847384405,0.4044263062385387,50-100 K
"2-ethyl-1,3-hexanediol",298.15,0.2,204.10945370879125,94.04054629120873,0.07115434451177305,0.1533620229583208,50-100 K
"2-ethyl-1,3-hexanediol",298.15,0.5,204.10945370879125,94.04054629120873,0.01959611359884539,0.04223634753802985,50-100 K
"1,2,7-heptanetriol",263.15,0.05,201.20679521312013,61.943204786879846,-0.05211737459575738,0.6273646461083594,50-100 K
"1,2,7-heptanetriol",263.15,0.2,201.20679521312013,61.943204786879846,-0.018794240402019047,0.22623629970125048,50-100 K
"1,2,7-heptanetriol",263.15,0.5,201.20679521312013,61.943204786879846,-0.004299224698403048,0.05175206161811308,50-100 K
"1,2,7-heptanetriol",298.15,0.05,201.20679521312013,96.94320478687985,-0.03293125452795154,0.38745204720605936,50-100 K
"1,2,7-heptanetriol",298.15,0.2,201.20679521312013,96.94320478687985,-0.011875462245344748,0.13972052460290074,50-100 K
"1,2,7-heptanetriol",298.15,0.5,201.20679521312013,96.94320478687985,-0.0027165386574843353,0.03196138377489799,50-100 K
"1,2,6-hexanetriol",263.15,0.05,202.6881971250972,60.46180287490279,0.09081925031697224,0.6663732786903945,50-100 K
"1,2,6-hexanetriol",263.15,0.2,202.6881971250972,60.46180287490279,0.035483673586884756,0.26035638728074195,50-100 K
"1,2,6-hexanetriol",263.15,0.5,202.6881971250972,60.46180287490279,0.00861795501160234,0.06323301410928228,50-100 K
"1,2,6-hexanetriol",298.15,0.05,202.6881971250972,95.46180287490279,0.05677958451521875,0.4089467280102388,50-100 K
"1,2,6-hexanetriol",298.15,0.2,202.6881971250972,95.46180287490279,0.022184154089636365,0.15977815452665256,50-100 K
"1,2,6-hexanetriol",298.15,0.5,202.6881971250972,95.46180287490279,0.005387887515276635,0.038805478924719417,50-100 K
"2-methyl-1,3-propanediol",263.15,0.05,169.65255657526723,93.49744342473275,-0.1136523497260592,0.46444163380067577,50-100 K
"2-methyl-1,3-propanediol",263.15,0.2,169.65255657526723,93.49744342473275,-0.05926508037539513,0.24218743231637485,50-100 K
"2-methyl-1,3-propanediol",263.15,0.5,169.65255657526723,93.49744342473275,-0.020566705115386608,0.08404607690655119,50-100 K
"2-methyl-1,3-propanediol",298.15,0.05,169.65255657526723,128.49744342473275,-0.07968429371684715,0.3199360473387791,>100 K
"2-methyl-1,3-propanediol",298.15,0.2,169.65255657526723,128.49744342473275,-0.04155211997964292,0.16683364317782745,>100 K
"2-methyl-1,3-propanediol",298.15,0.5,169.65255657526723,128.49744342473275,-0.014419793124844205,0.05789612231739172,>100 K
3-methyl-2-butanol,263.15,0.05,157.01911565663946,106.13088434336052,-0.11194712675879126,0.40035382329861013,>100 K
3-methyl-2-butanol,263.15,0.2,157.01911565663946,106.13088434336052,-0.06118223720955096,0.21880456688793726,>100 K
3-methyl-2-butanol,263.15,0.5,157.01911565663946,106.13088434336052,-0.025299244803026255,0.0904770821432761,>100 K
3-methyl-2-butanol,298.15,0.05,157.01911565663946,141.13088434336052,-0.0810026583821104,0.28515360193745787,>100 K
3-methyl-2-butanol,298.15,0.2,157.01911565663946,141.13088434336052,-0.04427021937255127,0.15584442245209695,>100 K
3-methyl-2-butanol,298.15,0.5,157.01911565663946,141.13088434336052,-0.01830601770173601,0.06444266137731702,>100 K
"3-methyl-1,3,5-pentanetriol",263.15,0.05,204.34161752553007,58.80838247446991,0.08650119421728397,0.6842388716501269,50-100 K
"3-methyl-1,3,5-pentanetriol",263.15,0.2,204.34161752553007,58.80838247446991,0.03345927862372178,0.26466847375788183,50-100 K
"3-methyl-1,3,5-pentanetriol",263.15,0.5,204.34161752553007,58.80838247446991,0.0077556616703999826,0.061348577187553044,50-100 K
"3-methyl-1,3,5-pentanetriol",298.15,0.05,204.34161752553007,93.80838247446991,0.05372627298208488,0.41688840345129785,50-100 K
"3-methyl-1,3,5-pentanetriol",298.15,0.2,204.34161752553007,93.80838247446991,0.02078170542485469,0.1612554066136631,50-100 K
"3-methyl-1,3,5-pentanetriol",298.15,0.5,204.34161752553007,93.80838247446991,0.004817075646538438,0.03737804362977659,50-100 K
"1,3-propanediol",263.15,0.05,150.0885795672752,113.06142043272479,-0.09160883010199217,0.380064911953383,>100 K
"1,3-propanediol",263.15,0.2,150.0885795672752,113.06142043272479,-0.05188461261317223,0.21525785999674896,>100 K
"1,3-propanediol",263.15,0.5,150.0885795672752,113.06142043272479,-0.019274446301883685,0.07996544359883018,>100 K
"1,3-propanediol",298.15,0.05,150.0885795672752,148.0614204327248,-0.06728290245351953,0.2751993163189781,>100 K
"1,3-propanediol",298.15,0.2,150.0885795672752,148.0614204327248,-0.03810710523651517,0.1558649957948699,>100 K
"1,3-propanediol",298.15,0.5,150.0885795672752,148.0614204327248,-0.014156284813716447,0.05790178128898438,>100 K
gentiobiose,263.15,0.05,360.07911068272006,-96.92911068272008,0.4913083724317282,2.49229192025496,T<Tg
gentiobiose,263.15,0.2,360.07911068272006,-96.92911068272008,0.05726539773923989,0.29049390587278645,T<Tg
gentiobiose,263.15,0.5,360.07911068272006,-96.92911068272008,0.004115290652836112,0.02087590242519055,T<Tg
gentiobiose,298.15,0.05,360.07911068272006,-61.92911068272008,0.21827796190075688,1.0736960464457823,T<Tg
gentiobiose,298.15,0.2,360.07911068272006,-61.92911068272008,0.025441810087806882,0.12514671965886592,T<Tg
gentiobiose,298.15,0.5,360.07911068272006,-61.92911068272008,0.00182833696052076,0.0089934785398742,T<Tg
isomalt,263.15,0.05,308.012793616453,-44.86279361645302,-0.09963763438513595,1.0576525850259273,T<Tg
isomalt,263.15,0.2,308.012793616453,-44.86279361645302,-0.010243150345749852,0.10873094798813754,T<Tg
isomalt,263.15,0.5,308.012793616453,-44.86279361645302,-0.0004884208775952081,0.00518458318442383,T<Tg
isomalt,298.15,0.05,308.012793616453,-9.862793616453018,-0.05816025937395786,0.6045892382497273,T<Tg
isomalt,298.15,0.2,308.012793616453,-9.862793616453018,-0.005979109044404685,0.06215421013385697,T<Tg
isomalt,298.15,0.5,308.012793616453,-9.862793616453018,-0.00028509995344516703,0.002963679418451326,T<Tg
isomaltulose,263.15,0.05,342.4228269164862,-79.27282691648622,-0.05263902666192344,1.7804873331096331,T<Tg
isomaltulose,263.15,0.2,342.4228269164862,-79.27282691648622,-0.005627934344226704,0.19036191295529092,T<Tg
isomaltulose,263.15,0.5,342.4228269164862,-79.27282691648622,-0.0003011766429936724,0.010187141212214534,T<Tg
isomaltulose,298.15,0.05,342.4228269164862,-44.272826916486224,-0.02633734287898637,0.864213810849348,T<Tg
isomaltulose,298.15,0.2,342.4228269164862,-44.272826916486224,-0.002815873429352689,0.09239795823109864,T<Tg
isomaltulose,298.15,0.5,342.4228269164862,-44.272826916486224,-0.00015069033408621202,0.004944639574207432,T<Tg
kojibiose,263.15,0.05,358.0158110795455,-94.8658110795455,0.21440100384180738,2.38160624398677,T<Tg
kojibiose,263.15,0.2,358.0158110795455,-94.8658110795455,0.023715855162331323,0.26344013192106597,T<Tg
kojibiose,263.15,0.5,358.0158110795455,-94.8658110795455,0.0014132022086296159,0.015698113086126675,T<Tg
kojibiose,298.15,0.05,358.0158110795455,-59.865811079545495,0.09705339391597789,1.0422238575471745,T<Tg
kojibiose,298.15,0.2,358.0158110795455,-59.865811079545495,0.01073551052411259,0.11528504815468316,T<Tg
kojibiose,298.15,0.5,358.0158110795455,-59.865811079545495,0.0006397174834973374,0.006869711573079584,T<Tg
lactulose,263.15,0.05,360.6863199928544,-97.53631999285443,1.0375530865815037,2.5202585999833254,T<Tg
lactulose,263.15,0.2,360.6863199928544,-97.53631999285443,0.11921074008720689,0.28956773084743603,T<Tg
lactulose,263.15,0.5,360.6863199928544,-97.53631999285443,0.00808547728267861,0.019639952808370387,T<Tg
lactulose,298.15,0.05,360.6863199928544,-62.53631999285443,0.4550933353528599,1.0806373361131225,T<Tg
lactulose,298.15,0.2,360.6863199928544,-62.53631999285443,0.052288421689262676,0.12416094970943287,T<Tg
lactulose,298.15,0.5,360.6863199928544,-62.53631999285443,0.0035464660768516065,0.008421225617230466,T<Tg
levoglucosan,263.15,0.05,250.74545060032582,12.404549399674153,-0.3393433461001498,1.7034985060770866,0-50 K
levoglucosan,263.15,0.2,250.74545060032582,12.404549399674153,-0.13144421602150835,0.6598479923016655,0-50 K
levoglucosan,263.15,0.5,250.74545060032582,12.404549399674153,-0.044637965262216195,0.2240819158895906,0-50 K
levoglucosan,298.15,0.05,250.74545060032582,47.40454939967415,-0.16125185145488863,0.76227559962827,0-50 K
levoglucosan,298.15,0.2,250.74545060032582,47.40454939967415,-0.062460700762493104,0.29526648963935254,0-50 K
levoglucosan,298.15,0.5,250.74545060032582,47.40454939967415,-0.02121142089990169,0.10027139806183083,0-50 K
maltoheptaose,263.15,0.05,423.0,-159.85000000000002,0.0,2.3244717821610976,T<Tg
maltoheptaose,263.15,0.2,423.0,-159.85000000000002,0.0,0.0027479221378836627,T<Tg
maltoheptaose,263.15,0.5,423.0,-159.85000000000002,0.0,2.7082691635982314e-06,T<Tg
maltoheptaose,298.15,0.05,423.0,-124.85000000000002,0.0,0.3596339968060791,T<Tg
maltoheptaose,298.15,0.2,423.0,-124.85000000000002,0.0,0.00042514872795784697,T<Tg
maltoheptaose,298.15,0.5,423.0,-124.85000000000002,0.0,4.1901376235387033e-07,T<Tg
maltohexaose,263.15,0.05,433.0,-169.85000000000002,0.0,6.775019290524238,T<Tg
maltohexaose,263.15,0.2,433.0,-169.85000000000002,0.0,0.02001656153903575,T<Tg
maltohexaose,263.15,0.5,433.0,-169.85000000000002,0.0,4.627583293004278e-05,T<Tg
maltohexaose,298.15,0.05,433.0,-134.85000000000002,0.0,0.6760385139969918,T<Tg
maltohexaose,298.15,0.2,433.0,-134.85000000000002,0.0,0.00199733254444201,T<Tg
maltohexaose,298.15,0.5,433.0,-134.85000000000002,0.0,4.617587638033882e-06,T<Tg
maltopentaose,263.15,0.05,426.5,-163.35000000000002,0.0,6.56083376631614,T<Tg
maltopentaose,263.15,0.2,426.5,-163.35000000000002,0.0,0.048467602017250755,T<Tg
maltopentaose,263.15,0.5,426.5,-163.35000000000002,0.0,0.0002631386747151687,T<Tg
maltopentaose,298.15,0.05,426.5,-128.35000000000002,0.0,0.8894209888923372,T<Tg
maltopentaose,298.15,0.2,426.5,-128.35000000000002,0.0,0.006570521987120603,T<Tg
maltopentaose,298.15,0.5,426.5,-128.35000000000002,0.0,3.567245697988497e-05,T<Tg
maltotriose,263.15,0.05,395.01,-131.86,-0.003347302712931821,3.908695912582502,T<Tg
maltotriose,263.15,0.2,395.01,-131.86,-0.0001551059830595669,0.1811195980759206,T<Tg
maltotriose,263.15,0.5,395.01,-131.86,-4.6792738212508844e-06,0.005464058684846312,T<Tg
maltotriose,298.15,0.05,395.01,-96.86000000000001,-0.0010652170714031683,1.1529835916525286,T<Tg
maltotriose,298.15,0.2,395.01,-96.86000000000001,-4.9359605390209005e-05,0.05342649553166767,T<Tg
maltotriose,298.15,0.5,395.01,-96.86000000000001,-1.4890921986587813e-06,0.0016117830980852954,T<Tg
nigerose,263.15,0.05,362.0745523493868,-98.92455234938683,-0.017452507090549574,2.595608094911551,T<Tg
nigerose,263.15,0.2,362.0745523493868,-98.92455234938683,-0.002034335773393181,0.30255472029268304,T<Tg
nigerose,263.15,0.5,362.0745523493868,-98.92455234938683,-0.0001461916245484307,0.021742215150958755,T<Tg
nigerose,298.15,0.05,362.0745523493868,-63.92455234938683,-0.007704236506368645,1.1008171110009162,T<Tg
nigerose,298.15,0.2,362.0745523493868,-63.92455234938683,-0.0008980373908610284,0.12831575528108824,T<Tg
nigerose,298.15,0.5,362.0745523493868,-63.92455234938683,-6.453484562007894e-05,0.009221038613710375,T<Tg
nystose,263.15,0.05,350.0714333333334,-86.92143333333343,-0.005799712163144122,0.8900628051689106,T<Tg
nystose,263.15,0.2,350.0714333333334,-86.92143333333343,-0.00010220377751624099,0.015684878551899928,T<Tg
nystose,263.15,0.5,350.0714333333334,-86.92143333333343,-1.0853405005839534e-06,0.00016656364720235572,T<Tg
nystose,298.15,0.05,350.0714333333334,-51.921433333333425,-0.0027741850153901737,0.41186152774544915,T<Tg
nystose,298.15,0.2,350.0714333333334,-51.921433333333425,-4.888728614860227e-05,0.0072579125937766165,T<Tg
nystose,298.15,0.5,350.0714333333334,-51.921433333333425,-5.191525491721194e-07,7.707451407401589e-05,T<Tg
raffinose,263.15,0.05,381.35413888888894,-118.20413888888896,0.08455093884913722,2.656258379509339,T<Tg
raffinose,263.15,0.2,381.35413888888894,-118.20413888888896,0.0038574594294200626,0.12118622303293036,T<Tg
raffinose,263.15,0.5,381.35413888888894,-118.20413888888896,0.0001095349189478706,0.003441156896242331,T<Tg
raffinose,298.15,0.05,381.35413888888894,-83.20413888888896,0.031524287878395896,0.9377530610665517,T<Tg
raffinose,298.15,0.2,381.35413888888894,-83.20413888888896,0.0014382295831069092,0.042783018581654675,T<Tg
raffinose,298.15,0.5,381.35413888888894,-83.20413888888896,4.083940834531674e-05,0.0012148499701516435,T<Tg
rhamnose,263.15,0.05,295.5521857266851,-32.402185726685104,-0.9480968200315019,1.4554651425050071,T<Tg
rhamnose,263.15,0.2,295.5521857266851,-32.402185726685104,-0.3201456219851089,0.49146962997875,T<Tg
rhamnose,263.15,0.5,295.5521857266851,-32.402185726685104,-0.07134729643901361,0.1095283738801125,T<Tg
rhamnose,298.15,0.05,295.5521857266851,2.5978142733148957,-1.122488109454273,1.1072754334882289,0-50 K
rhamnose,298.15,0.2,295.5521857266851,2.5978142733148957,-0.3790326540280849,0.3738957613539319,0-50 K
rhamnose,298.15,0.5,295.5521857266851,2.5978142733148957,-0.08447079475684882,0.083325992581746,0-50 K
sorbose,263.15,0.05,280.2348226194221,-17.08482261942214,1.3738348093846113,1.1558979122066173,T<Tg
sorbose,263.15,0.2,280.2348226194221,-17.08482261942214,0.3802731034985827,0.3199488638661261,T<Tg
sorbose,263.15,0.5,280.2348226194221,-17.08482261942214,0.05199601063335946,0.043747676011423264,T<Tg
sorbose,298.15,0.05,280.2348226194221,17.91517738057786,1.5188185829987413,1.2638265022248403,0-50 K
sorbose,298.15,0.2,280.2348226194221,17.91517738057786,0.4204041506758468,0.3498231541389435,0-50 K
sorbose,298.15,0.5,280.2348226194221,17.91517738057786,0.05748326265449699,0.04783248742826629,0-50 K
stachyose,263.15,0.05,395.96,-132.81,0.009065682404795439,2.6507523006548706,T<Tg
stachyose,263.15,0.2,395.96,-132.81,0.00016490680108072198,0.0482177802883883,T<Tg
stachyose,263.15,0.5,395.96,-132.81,1.979913258898236e-06,0.0005789150104900109,T<Tg
stachyose,298.15,0.05,395.96,-97.81,0.0028468855431817985,0.770529243861958,T<Tg
stachyose,298.15,0.2,395.96,-97.81,5.178548806439309e-05,0.014016100175461288,T<Tg
stachyose,298.15,0.5,395.96,-97.81,6.217498231819718e-07,0.00016828088583882572,T<Tg
turanose,263.15,0.05,343.2189519164866,-80.06895191648664,-0.003138788647291335,1.8050362373204134,T<Tg
turanose,263.15,0.2,343.2189519164866,-80.06895191648664,-0.0003356081646932463,0.19299958260487737,T<Tg
turanose,263.15,0.5,343.2189519164866,-80.06895191648664,-1.7959731469119333e-05,0.010328177445818265,T<Tg
turanose,298.15,0.05,343.2189519164866,-45.06895191648664,-0.0015622683568112805,0.871994598229163,T<Tg
turanose,298.15,0.2,343.2189519164866,-45.06895191648664,-0.00016704215380669574,0.09323613011878928,T<Tg
turanose,298.15,0.5,343.2189519164866,-45.06895191648664,-8.939091899584639e-06,0.004989437195829005,T<Tg
"3-methyl-1,2,3-butanetricarboxylic acid",263.15,0.05,298.9372930670714,-35.7872930670714,0.8297887695108894,1.4032749812363843,T<Tg
"3-methyl-1,2,3-butanetricarboxylic acid",263.15,0.2,298.9372930670714,-35.7872930670714,0.29097258412313765,0.4920704672423748,T<Tg
"3-methyl-1,2,3-butanetricarboxylic acid",263.15,0.5,298.9372930670714,-35.7872930670714,0.11236816094067903,0.19002839605619537,T<Tg
"3-methyl-1,2,3-butanetricarboxylic acid",298.15,0.05,298.9372930670714,-0.7872930670714027,0.49372350154959044,0.8290991585506804,T<Tg
"3-methyl-1,2,3-butanetricarboxylic acid",298.15,0.2,298.9372930670714,-0.7872930670714027,0.17312840130734353,0.29073076609606313,T<Tg
"3-methyl-1,2,3-butanetricarboxylic acid",298.15,0.5,298.9372930670714,-0.7872930670714027,0.06685894521689106,0.11227477534881469,T<Tg
cyclooctanol,263.15,0.05,168.33062194690658,94.8193780530934,-0.012914194681663993,0.4171501001269736,50-100 K
cyclooctanol,263.15,0.2,168.33062194690658,94.8193780530934,-0.006000287571665819,0.19381933004812923,50-100 K
cyclooctanol,263.15,0.5,168.33062194690658,94.8193780530934,-0.0026740326449341545,0.08637572942592264,50-100 K
cyclooctanol,298.15,0.05,168.33062194690658,129.8193780530934,-0.009058504728428396,0.288429396345085,>100 K
cyclooctanol,298.15,0.2,168.33062194690658,129.8193780530934,-0.004208828709779233,0.13401217535073062,>100 K
cyclooctanol,298.15,0.5,168.33062194690658,129.8193780530934,-0.0018756676630022895,0.05972262619522839,>100 K
"1,2-dimethylcyclohexane",263.15,0.05,98.1231022021279,165.0268977978721,-0.022280910010810562,0.20831788099108062,>100 K
"1,2-dimethylcyclohexane",263.15,0.2,98.1231022021279,165.0268977978721,-0.011944681842902316,0.11167815001356463,>100 K
"1,2-dimethylcyclohexane",263.15,0.5,98.1231022021279,165.0268977978721,-0.007086948073559363,0.06626022028101364,>100 K
"1,2-dimethylcyclohexane",298.15,0.05,98.1231022021279,200.0268977978721,-0.01786414839719752,0.16570847256901855,>100 K
"1,2-dimethylcyclohexane",298.15,0.2,98.1231022021279,200.0268977978721,-0.009576878542904232,0.0888354641955762,>100 K
"1,2-dimethylcyclohexane",298.15,0.5,98.1231022021279,200.0268977978721,-0.00568209700626543,0.052707332863680456,>100 K
2-methylbutane,263.15,0.05,79.59083357418727,183.5591664258127,-0.06668901245436842,0.1962048334155373,>100 K
2-methylbutane,263.15,0.2,79.59083357418727,183.5591664258127,-0.041494718913216655,0.12208104622276439,>100 K
2-methylbutane,263.15,0.5,79.59083357418727,183.5591664258127,-0.021938045791349836,0.06454362512714473,>100 K
2-methylbutane,298.15,0.05,79.59083357418727,218.5591664258127,-0.054822736482381895,0.15996299792862345,>100 K
2-methylbutane,298.15,0.2,79.59083357418727,218.5591664258127,-0.034111376922043135,0.09953093307695182,>100 K
2-methylbutane,298.15,0.5,79.59083357418727,218.5591664258127,-0.018034510620180022,0.052621495570667864,>100 K
4-methylcyclohexen,263.15,0.05,91.96235068485434,171.18764931514562,0.04056266185740309,0.20600662185679974,>100 K
4-methylcyclohexen,263.15,0.2,91.96235068485434,171.18764931514562,0.024037688332533058,0.12208081875987498,>100 K
4-methylcyclohexen,263.15,0.5,91.96235068485434,171.18764931514562,0.015552718448391456,0.07898798652579853,>100 K
4-methylcyclohexen,298.15,0.05,91.96235068485434,206.18764931514562,0.032721999757370224,0.16528266466175046,>100 K
4-methylcyclohexen,298.15,0.2,91.96235068485434,206.18764931514562,0.019391262697453726,0.0979475457965937,>100 K
4-methylcyclohexen,298.15,0.5,91.96235068485434,206.18764931514562,0.012546416482325462,0.06337342349279185,>100 K
acetaldehyd,263.15,0.05,84.40905889159862,178.74094110840136,-0.05029431744700874,0.2197526185811678,>100 K
acetaldehyd,263.15,0.2,84.40905889159862,178.74094110840136,-0.037054875991418434,0.16190509074696147,>100 K
acetaldehyd,263.15,0.5,84.40905889159862,178.74094110840136,-0.021758098593446018,0.09506837718386096,>100 K
acetaldehyd,298.15,0.05,84.40905889159862,213.74094110840136,-0.04107859907363043,0.17807803680651535,>100 K
acetaldehyd,298.15,0.2,84.40905889159862,213.74094110840136,-0.030265096970017336,0.1312008971513139,>100 K
acetaldehyd,298.15,0.5,84.40905889159862,213.74094110840136,-0.017771236475500718,0.07703930938611414,>100 K
butyronitrile,263.15,0.05,96.6679767045047,166.48202329549528,0.007589243281078684,0.23845593088890116,>100 K
butyronitrile,263.15,0.2,96.6679767045047,166.48202329549528,0.005642459995031768,0.17728751086067707,>100 K
butyronitrile,263.15,0.5,96.6679767045047,166.48202329549528,0.004213369109959952,0.13238511615500315,>100 K
butyronitrile,298.15,0.05,96.6679767045047,201.48202329549528,0.0060908567159705385,0.19007433987506328,>100 K
butyronitrile,298.15,0.2,96.6679767045047,201.48202329549528,0.0045284376956287176,0.14131670564585974,>100 K
butyronitrile,298.15,0.5,96.6679767045047,201.48202329549528,0.0033815001825345803,0.10552479642106061,>100 K
1-naphthylamine,263.15,0.05,305.61273611111113,-42.462736111111155,0.06930031469617326,1.9048709053645645,T<Tg
1-naphthylamine,263.15,0.2,305.61273611111113,-42.462736111111155,0.04893527527582897,1.345093200912686,T<Tg
1-naphthylamine,263.15,0.5,305.61273611111113,-42.462736111111155,0.07388736212404012,2.030955948775718,T<Tg
1-naphthylamine,298.15,0.05,305.61273611111113,-7.462736111111155,0.040697417851681905,1.098798415810311,T<Tg
1-naphthylamine,298.15,0.2,305.61273611111113,-7.462736111111155,0.028737810994349022,0.7758983950658918,T<Tg
1-naphthylamine,298.15,0.5,305.61273611111113,-7.462736111111155,0.04339121493898013,1.1715288279171805,T<Tg
2-naphthylamine,263.15,0.05,301.1635694444444,-38.01356944444444,0.48762023267434174,1.7993460151288634,T<Tg
2-naphthylamine,263.15,0.2,301.1635694444444,-38.01356944444444,0.34432499218218027,1.2705785385366895,T<Tg
2-naphthylamine,263.15,0.5,301.1635694444444,-38.01356944444444,0.5198962352274545,1.9184462753041327,T<Tg
2-naphthylamine,298.15,0.05,301.1635694444444,-3.0135694444444425,0.2895675526894266,1.054848756807588,T<Tg
2-naphthylamine,298.15,0.2,301.1635694444444,-3.0135694444444425,0.2044733557694447,0.7448640675739298,T<Tg
2-naphthylamine,298.15,0.5,301.1635694444444,-3.0135694444444425,0.3087342780294424,1.1246701031884516,T<Tg
m-toluidine,263.15,0.05,187.00853809523812,76.14146190476185,-0.0004775574908851832,0.6013140557948631,50-100 K
m-toluidine,263.15,0.2,187.00853809523812,76.14146190476185,-0.00032943996831624744,0.41481263988119155,50-100 K
m-toluidine,263.15,0.5,187.00853809523812,76.14146190476185,-0.0003125615387227221,0.3935602521621764,50-100 K
m-toluidine,298.15,0.05,187.00853809523812,111.14146190476185,-0.00031696569299533017,0.392198158387024,>100 K
m-toluidine,298.15,0.2,187.00853809523812,111.14146190476185,-0.0002186567478270618,0.27055538095148757,>100 K
m-toluidine,298.15,0.5,187.00853809523812,111.14146190476185,-0.00020745415288336844,0.2566938268361314,>100 K
triethylamine,263.15,0.05,101.23437654938196,161.915623450618,0.04184899260949271,0.2265223972345427,>100 K
triethylamine,263.15,0.2,101.23437654938196,161.915623450618,0.02331480841432887,0.1261996039512736,>100 K
triethylamine,263.15,0.5,101.23437654938196,161.915623450618,0.010476773586367116,0.05670922333095918,>100 K
triethylamine,298.15,0.05,101.23437654938196,196.915623450618,0.03333788562607998,0.17938042335880056,>100 K
triethylamine,298.15,0.2,101.23437654938196,196.915623450618,0.01857312130697597,0.09993598275870808,>100 K
triethylamine,298.15,0.5,101.23437654938196,196.915623450618,0.008346042706734114,0.044907367278669064,>100 K
pyridine,263.15,0.05,125.45730245165286,137.6926975483471,0.05849280379501298,0.30559705079385013,>100 K
pyridine,263.15,0.2,125.45730245165286,137.6926975483471,0.043105979375186454,0.22520821902814037,>100 K
pyridine,263.15,0.5,125.45730245165286,137.6926975483471,0.034821069744999544,0.18192351074246282,>100 K
pyridine,298.15,0.05,125.45730245165286,172.6926975483471,0.0448561037458739,0.2326501174472,>100 K
pyridine,298.15,0.2,125.45730245165286,172.6926975483471,0.03305648143824591,0.1714503411301438,>100 K
pyridine,298.15,0.5,125.45730245165286,172.6926975483471,0.026703071415378865,0.13849782264159316,>100 K
2-methoxy-4-nitroaniline,263.15,0.05,330.28570833333333,-67.13570833333335,0.05031360005088814,2.5325833218800042,T<Tg
2-methoxy-4-nitroaniline,263.15,0.2,330.28570833333333,-67.13570833333335,0.02965132511373625,1.4925278926320384,T<Tg
2-methoxy-4-nitroaniline,263.15,0.5,330.28570833333333,-67.13570833333335,0.028201695292928264,1.419559385044435,T<Tg
2-methoxy-4-nitroaniline,298.15,0.05,330.28570833333333,-32.135708333333355,0.026735566343841555,1.3131885185928525,T<Tg
2-methoxy-4-nitroaniline,298.15,0.2,330.28570833333333,-32.135708333333355,0.015756077262594204,0.7739016818720268,T<Tg
2-methoxy-4-nitroaniline,298.15,0.5,330.28570833333333,-32.135708333333355,0.014985775113493194,0.7360662410574799,T<Tg
4-nitroaniline,263.15,0.05,316.9466527777778,-53.79665277777781,0.2215397742285603,2.2397995647410553,T<Tg
4-nitroaniline,263.15,0.2,316.9466527777778,-53.79665277777781,0.14914576100636445,1.5078854880495847,T<Tg
4-nitroaniline,263.15,0.5,316.9466527777778,-53.79665277777781,0.15009190926477878,1.5174511855174746,T<Tg
4-nitroaniline,298.15,0.05,316.9466527777778,-18.79665277777781,0.12451295359014658,1.2350653868635888,T<Tg
4-nitroaniline,298.15,0.2,316.9466527777778,-18.79665277777781,0.08382503450235124,0.8314749243463027,T<Tg
4-nitroaniline,298.15,0.5,316.9466527777778,-18.79665277777781,0.08435680228355213,0.8367496203636513,T<Tg
4-nitro-1-naphthylamine,263.15,0.05,305.61202777777777,-42.46202777777779,-0.09882616797280974,1.7296737139429315,T<Tg
4-nitro-1-naphthylamine,263.15,0.2,305.61202777777777,-42.46202777777779,-0.06387173239088462,1.1178947726770625,T<Tg
4-nitro-1-naphthylamine,263.15,0.5,305.61202777777777,-42.46202777777779,-0.10169571175288539,1.7798969953795556,T<Tg
4-nitro-1-naphthylamine,298.15,0.05,305.61202777777777,-7.4620277777777915,-0.05813893850649876,0.9977409733037872,T<Tg
4-nitro-1-naphthylamine,298.15,0.2,305.61202777777777,-7.4620277777777915,-0.037575419526524545,0.6448438277988586,T<Tg
4-nitro-1-naphthylamine,298.15,0.5,305.61202777777777,-7.4620277777777915,-0.05982707670707388,1.0267116544785972,T<Tg
2-nitroaniline,263.15,0.05,299.7936840277778,-36.643684027777795,-0.13241339546345188,1.784590842160199,T<Tg
2-nitroaniline,263.15,0.2,299.7936840277778,-36.643684027777795,-0.0891437968762121,1.201428322141255,T<Tg
2-nitroaniline,263.15,0.5,299.7936840277778,-36.643684027777795,-0.08970930572871882,1.209049922024028,T<Tg
2-nitroaniline,298.15,0.05,299.7936840277778,-1.6436840277777947,-0.0794779249848947,1.0512563623357645,T<Tg
2-nitroaniline,298.15,0.2,299.7936840277778,-1.6436840277777947,-0.05350639922946421,0.707730387102365,T<Tg
2-nitroaniline,298.15,0.5,299.7936840277778,-1.6436840277777947,-0.05384583218487249,0.7122200746983447,T<Tg
3-nitroaniline,263.15,0.05,301.40598611111113,-38.255986111111156,-0.06923674281082981,1.8211676078591879,T<Tg
3-nitroaniline,263.15,0.2,301.40598611111113,-38.255986111111156,-0.046611795701613445,1.2260526568654493,T<Tg
3-nitroaniline,263.15,0.5,301.40598611111113,-38.255986111111156,-0.04690749079228862,1.2338304681702388,T<Tg
3-nitroaniline,298.15,0.05,301.40598611111113,-3.255986111111156,-0.041308988495646126,1.0667226924255928,T<Tg
3-nitroaniline,298.15,0.2,301.40598611111113,-3.255986111111156,-0.02781017786553175,0.718142682498331,T<Tg
3-nitroaniline,298.15,0.5,301.40598611111113,-3.255986111111156,-0.027986599583294414,0.7226984234309155,T<Tg
4-methoxyaniline,263.15,0.05,287.1074459653092,-23.957445965309205,-0.015922724831987978,1.5713060753903019,T<Tg
4-methoxyaniline,263.15,0.2,287.1074459653092,-23.957445965309205,-0.01045778887943527,1.0320084894261203,T<Tg
4-methoxyaniline,263.15,0.5,287.1074459653092,-23.957445965309205,-0.009604655587744482,0.9478185320853205,T<Tg
4-methoxyaniline,298.15,0.05,287.1074459653092,11.042554034690795,-0.017735001366298242,1.8668159373916628,0-50 K
4-methoxyaniline,298.15,0.2,287.1074459653092,11.042554034690795,-0.011648062880083243,1.2260946010188554,0-50 K
4-methoxyaniline,298.15,0.5,287.1074459653092,11.042554034690795,-0.010697828529275588,1.126071342282912,0-50 K
cinchonine,263.15,0.05,380.8585619047619,-117.70856190476195,2.456740778285006,5.092737468812409,T<Tg
cinchonine,263.15,0.2,380.8585619047619,-117.70856190476195,0.80042708690035,1.6592572779922632,T<Tg
cinchonine,263.15,0.5,380.8585619047619,-117.70856190476195,0.7702003371481272,1.5965982858901224,T<Tg
cinchonine,298.15,0.05,380.8585619047619,-82.70856190476195,0.8974285866995295,1.8080029750104174,T<Tg
cinchonine,298.15,0.2,380.8585619047619,-82.70856190476195,0.2923898832559988,0.5890627807322002,T<Tg
cinchonine,298.15,0.5,380.8585619047619,-82.70856190476195,0.2813482831203935,0.5668178398088579,T<Tg
piperine,263.15,0.05,285.3161039149198,-22.166103914919802,-0.12643958479691797,1.024895980118341,T<Tg
piperine,263.15,0.2,285.3161039149198,-22.166103914919802,-0.040156570839482444,0.3255017650906313,T<Tg
piperine,263.15,0.5,285.3161039149198,-22.166103914919802,-0.03225170816637235,0.26142640459280064,T<Tg
piperine,298.15,0.05,285.3161039149198,12.833896085080198,-0.13702896118632957,1.1904034605470697,0-50 K
piperine,298.15,0.2,285.3161039149198,12.833896085080198,-0.0435197030722434,0.3780661014333633,0-50 K
piperine,298.15,0.5,285.3161039149198,12.833896085080198,-0.03495280432643755,0.3036433967374079,0-50 K
benzyl n-phenylcarbamate,263.15,0.05,231.02306991341993,32.126930086580046,0.17515568561167538,0.9655924981419721,0-50 K
benzyl n-phenylcarbamate,263.15,0.2,231.02306991341993,32.126930086580046,0.07470044441732115,0.4118061511126242,0-50 K
benzyl n-phenylcarbamate,263.15,0.5,231.02306991341993,32.126930086580046,0.06799299355100286,0.3748295367620518,0-50 K
benzyl n-phenylcarbamate,298.15,0.05,231.02306991341993,67.12693008658005,0.09479356511367654,0.5083710936766412,50-100 K
benzyl n-phenylcarbamate,298.15,0.2,231.02306991341993,67.12693008658005,0.04042758542016722,0.21681024223648437,50-100 K
benzyl n-phenylcarbamate,298.15,0.5,231.02306991341993,67.12693008658005,0.036797539508595545,0.19734256626133773,50-100 K
methyl n-phenylcarbamate,263.15,0.05,216.1999154040404,46.95008459595957,0.14313283595295379,0.8577593024844368,0-50 K
methyl n-phenylcarbamate,263.15,0.2,216.1999154040404,46.95008459595957,0.07410946145315678,0.44411947503402494,0-50 K
methyl n-phenylcarbamate,263.15,0.5,216.1999154040404,46.95008459595957,0.046835415877725106,0.28067293844475194,0-50 K
methyl n-phenylcarbamate,298.15,0.05,216.1999154040404,81.95008459595957,0.08417244392571305,0.4934984378000018,50-100 K
methyl n-phenylcarbamate,298.15,0.2,216.1999154040404,81.95008459595957,0.043581715173875324,0.2555172138512891,50-100 K
methyl n-phenylcarbamate,298.15,0.5,216.1999154040404,81.95008459595957,0.027542606771244316,0.1614807979977977,50-100 K
ethyl n-phenylcarbamate,263.15,0.05,213.26549332611833,49.884506673881646,-0.01900684576575884,0.7845478822294542,0-50 K
ethyl n-phenylcarbamate,263.15,0.2,213.26549332611833,49.884506673881646,-0.009129612324807468,0.37684411728678546,0-50 K
ethyl n-phenylcarbamate,263.15,0.5,213.26549332611833,49.884506673881646,-0.005569919597991024,0.22991024805728588,0-50 K
ethyl n-phenylcarbamate,298.15,0.05,213.26549332611833,84.88450667388165,-0.011392315119646668,0.45827125895544363,50-100 K
ethyl n-phenylcarbamate,298.15,0.2,213.26549332611833,84.88450667388165,-0.0054721031467401815,0.2201227381663622,50-100 K
ethyl n-phenylcarbamate,298.15,0.5,213.26549332611833,84.88450667388165,-0.0033384960362923266,0.13429551109686955,50-100 K
propyl n-phenylcarbamate,263.15,0.05,205.78061832611837,57.369381673881605,-0.1663225282302742,0.6648858799110698,50-100 K
propyl n-phenylcarbamate,263.15,0.2,205.78061832611837,57.369381673881605,-0.07411301128754788,0.2962719196677708,50-100 K
propyl n-phenylcarbamate,263.15,0.5,205.78061832611837,57.369381673881605,-0.0435768675649153,0.17420156032352008,50-100 K
propyl n-phenylcarbamate,298.15,0.05,205.78061832611837,92.3693816738816,-0.10356837815114794,0.40250154325651555,50-100 K
propyl n-phenylcarbamate,298.15,0.2,205.78061832611837,92.3693816738816,-0.04614987795472869,0.17935394402690275,50-100 K
propyl n-phenylcarbamate,298.15,0.5,205.78061832611837,92.3693816738816,-0.027135142464628004,0.10545628804342799,50-100 K
dibucaine,263.15,0.05,293.7739672343634,-30.62396723436342,-4.414032687330176,0.9991090771928492,T<Tg
dibucaine,263.15,0.2,293.7739672343634,-30.62396723436342,-0.9835705815001242,0.22262959195053122,T<Tg
dibucaine,263.15,0.5,293.7739672343634,-30.62396723436342,-0.5350016802336044,0.121096755030631,T<Tg
dibucaine,298.15,0.05,293.7739672343634,4.37603276563658,-3.413738165333565,0.8712149713336559,0-50 K
dibucaine,298.15,0.2,293.7739672343634,4.37603276563658,-0.7606768391190091,0.19413118947348695,0-50 K
dibucaine,298.15,0.5,293.7739672343634,4.37603276563658,-0.4137612436748199,0.10559538329792018,0-50 K
proxyphylline,263.15,0.05,293.028115588635,-29.878115588635012,0.25415578105922876,1.3529027313590731,T<Tg
proxyphylline,263.15,0.2,293.028115588635,-29.878115588635012,0.08583898557538805,0.45693156204450536,T<Tg
proxyphylline,263.15,0.5,293.028115588635,-29.878115588635012,0.027167483677333903,0.14461588368376588,T<Tg
proxyphylline,298.15,0.05,293.028115588635,5.121884411364988,0.3086670802948204,1.2415859143545056,0-50 K
proxyphylline,298.15,0.2,293.028115588635,5.121884411364988,0.10424972016217748,0.4193352397836853,0-50 K
proxyphylline,298.15,0.5,293.028115588635,5.121884411364988,0.03299436208254347,0.1327168908834424,0-50 K
eserine,263.15,0.05,292.7980480787625,-29.648048078762542,0.3202751795388519,1.1656585756308502,T<Tg
eserine,263.15,0.2,292.7980480787625,-29.648048078762542,0.09586986012342169,0.3489234624996591,T<Tg
eserine,263.15,0.5,292.7980480787625,-29.648048078762542,0.05174849376194035,0.18834139946916406,T<Tg
eserine,298.15,0.05,292.7980480787625,5.3519519212374576,0.39014457583417883,1.0860653876025523,0-50 K
eserine,298.15,0.2,292.7980480787625,5.3519519212374576,0.11678427896594767,0.32509836367671263,0-50 K
eserine,298.15,0.5,292.7980480787625,5.3519519212374576,0.06303764836812986,0.17548112225347134,0-50 K
nialamide,263.15,0.05,298.2134176498363,-35.06341764983631,-0.1362652682550083,1.2034604883385285,T<Tg
nialamide,263.15,0.2,298.2134176498363,-35.06341764983631,-0.04451428954875425,0.3931389804930559,T<Tg
nialamide,263.15,0.5,298.2134176498363,-35.06341764983631,-0.03812766749486979,0.33673394497499876,T<Tg
nialamide,298.15,0.05,298.2134176498363,-0.06341764983631037,-0.16890031428842178,0.712819899849185,T<Tg
nialamide,298.15,0.2,298.2134176498363,-0.06341764983631037,-0.055175303225765804,0.23285956740362956,T<Tg
nialamide,298.15,0.5,298.2134176498363,-0.06341764983631037,-0.04725910795490851,0.19945038433648987,T<Tg
acetaminophen,263.15,0.05,297.20743061420507,-34.05743061420509,0.28026312003173537,1.6449517437841088,T<Tg
acetaminophen,263.15,0.2,297.20743061420507,-34.05743061420509,0.1555428674928505,0.9129296465641765,T<Tg
acetaminophen,263.15,0.5,297.20743061420507,-34.05743061420509,0.12044742738103853,0.7069435524813765,T<Tg
acetaminophen,298.15,0.05,297.20743061420507,0.9425693857949113,0.26762297698654613,1.0763648415578473,0-50 K
acetaminophen,298.15,0.2,297.20743061420507,0.9425693857949113,0.14852773080791737,0.5973703350816826,0-50 K
acetaminophen,298.15,0.5,297.20743061420507,0.9425693857949113,0.11501512964829086,0.4625845029997594,0-50 K
diphylline,263.15,0.05,312.7227479493298,-49.57274794932982,0.3592705734091499,1.6634679570350954,T<Tg
diphylline,263.15,0.2,312.7227479493298,-49.57274794932982,0.10560787328495991,0.4889777405178375,T<Tg
diphylline,263.15,0.5,312.7227479493298,-49.57274794932982,0.025700511538415682,0.11899660197017536,T<Tg
diphylline,298.15,0.05,312.7227479493298,-14.572747949329823,0.20480805943928893,0.9334489047617094,T<Tg
diphylline,298.15,0.2,312.7227479493298,-14.572747949329823,0.060203493383163165,0.2743880544310364,T<Tg
diphylline,298.15,0.5,312.7227479493298,-14.572747949329823,0.01465099644769774,0.06677450401714102,T<Tg
nitrendipine,263.15,0.05,300.92278264125423,-37.77278264125425,0.20245448825208356,1.0248592898844544,T<Tg
nitrendipine,263.15,0.2,300.92278264125423,-37.77278264125425,0.04543591129264102,0.23000436386793555,T<Tg
nitrendipine,263.15,0.5,300.92278264125423,-37.77278264125425,0.02727304211411341,0.13806080969297274,T<Tg
nitrendipine,298.15,0.05,300.92278264125423,-2.7727826412542527,0.12048070174382186,0.6013262396435812,T<Tg
nitrendipine,298.15,0.2,300.92278264125423,-2.7727826412542527,0.0270389188413116,0.13495282776029915,T<Tg
nitrendipine,298.15,0.5,300.92278264125423,-2.7727826412542527,0.016230192182777436,0.08100583987893906,T<Tg
phenobarbital,263.15,0.05,314.7118770386868,-51.561877038686816,0.5983894291600311,1.7276365904550737,T<Tg
phenobarbital,263.15,0.2,314.7118770386868,-51.561877038686816,0.22151521846225242,0.6395463858631922,T<Tg
phenobarbital,263.15,0.5,314.7118770386868,-51.561877038686816,0.11641955588124679,0.3361200495592014,T<Tg
phenobarbital,298.15,0.05,314.7118770386868,-16.561877038686816,0.3375720168621319,0.9616094580982564,T<Tg
phenobarbital,298.15,0.2,314.7118770386868,-16.561877038686816,0.12496433830210657,0.35597408444365525,T<Tg
phenobarbital,298.15,0.5,314.7118770386868,-16.561877038686816,0.06567626760417955,0.18708576820976286,T<Tg
quinidine,263.15,0.05,327.46764321539763,-64.31764321539765,-0.22600393434590949,1.6787109983136776,T<Tg
quinidine,263.15,0.2,327.46764321539763,-64.31764321539765,-0.06488194254764224,0.48192979853164186,T<Tg
quinidine,263.15,0.5,327.46764321539763,-64.31764321539765,-0.059565684839066296,0.442441723640007,T<Tg
quinidine,298.15,0.05,327.46764321539763,-29.317643215397652,-0.12212502250364476,0.8825966834102559,T<Tg
quinidine,298.15,0.2,327.46764321539763,-29.317643215397652,-0.035060047590071086,0.2533787187001677,T<Tg
quinidine,298.15,0.5,327.46764321539763,-29.317643215397652,-0.032187318430846545,0.2326175251602296,T<Tg
antipyrine,263.15,0.05,245.0778023989899,18.07219760101009,1.6445830642851167,1.4872734951718094,0-50 K
antipyrine,263.15,0.2,245.0778023989899,18.07219760101009,0.7172451217218242,0.6486383584047472,0-50 K
antipyrine,263.15,0.5,245.0778023989899,18.07219760101009,0.389688218037088,0.35241330806189963,0-50 K
antipyrine,298.15,0.05,245.0778023989899,53.07219760101009,0.7728305684520258,0.7021031875465422,50-100 K
antipyrine,298.15,0.2,245.0778023989899,53.07219760101009,0.3370513579869996,0.3062053216703904,50-100 K
antipyrine,298.15,0.5,245.0778023989899,53.07219760101009,0.18312420552352693,0.1663651693702093,50-100 K
phenylbutazone,263.15,0.05,281.32688123112223,-18.176881231122252,-0.3783123676169513,0.946583909919787,T<Tg
phenylbutazone,263.15,0.2,281.32688123112223,-18.176881231122252,-0.10479415268800674,0.26220781364616363,T<Tg
phenylbutazone,263.15,0.5,281.32688123112223,-18.176881231122252,-0.06765595195358198,0.1692834837332391,T<Tg
phenylbutazone,298.15,0.05,281.32688123112223,16.823118768877748,-0.38667804095761316,1.0480342130226372,0-50 K
phenylbutazone,298.15,0.2,281.32688123112223,16.823118768877748,-0.10711148017830752,0.2903099838727772,0-50 K
phenylbutazone,298.15,0.5,281.32688123112223,16.823118768877748,-0.06915203731066555,0.18742647196182505,0-50 K
quinineethylcarbonate,263.15,0.05,284.26046542201055,-21.110465422010577,-0.4591610531052943,0.8034032978452794,T<Tg
quinineethylcarbonate,263.15,0.2,284.26046542201055,-21.110465422010577,-0.10340227539433378,0.1809250338082642,T<Tg
quinineethylcarbonate,263.15,0.5,284.26046542201055,-21.110465422010577,-0.09899194208398576,0.1732081852163212,T<Tg
quinineethylcarbonate,298.15,0.05,284.26046542201055,13.889534577989423,-0.47924444593915827,0.9210909456595131,0-50 K
quinineethylcarbonate,298.15,0.2,284.26046542201055,13.889534577989423,-0.10792502074177834,0.2074280886459925,0-50 K
quinineethylcarbonate,298.15,0.5,284.26046542201055,13.889534577989423,-0.10332178244569379,0.19858082677125655,0-50 K
pentobarbital,263.15,0.05,281.1038464063565,-17.953846406356547,-0.22374806555346094,1.137674314712985,T<Tg
pentobarbital,263.15,0.2,281.1038464063565,-17.953846406356547,-0.07229639889321104,0.36759985327068023,T<Tg
pentobarbital,263.15,0.5,281.1038464063565,-17.953846406356547,-0.02390027344987211,0.12152385385445585,T<Tg
pentobarbital,298.15,0.05,281.1038464063565,17.046153593643453,-0.23073621144073897,1.2563577282690597,0-50 K
pentobarbital,298.15,0.2,281.1038464063565,17.046153593643453,-0.07455437498494133,0.4059482670870568,0-50 K
pentobarbital,298.15,0.5,281.1038464063565,17.046153593643453,-0.02464673173633969,0.13420135357244511,0-50 K
atropine,263.15,0.05,284.688745416229,-21.538745416229006,-0.3384462598378537,0.9913877719849662,T<Tg
atropine,263.15,0.2,284.688745416229,-21.538745416229006,-0.08944272897657102,0.26199854547903567,T<Tg
atropine,263.15,0.5,284.688745416229,-21.538745416229006,-0.04581973478859602,0.1342166546818122,T<Tg
atropine,298.15,0.05,284.688745416229,13.461254583770994,-0.35961285869539594,1.1425893899347312,0-50 K
atropine,298.15,0.2,284.688745416229,13.461254583770994,-0.09503652211193603,0.30195728321653936,0-50 K
atropine,298.15,0.5,284.688745416229,13.461254583770994,-0.048685323985810935,0.15468672292066366,0-50 K
hexobarbital,263.15,0.05,286.73977454314786,-23.589774543147882,-0.08222767699578881,1.1825992232161386,T<Tg
hexobarbital,263.15,0.2,286.73977454314786,-23.589774543147882,-0.025739069029023676,0.3701795326358185,T<Tg
hexobarbital,263.15,0.5,286.73977454314786,-23.589774543147882,-0.0087534346475997,0.12589197935452812,T<Tg
hexobarbital,298.15,0.05,286.73977454314786,11.410225456852118,-0.09086377808479984,1.3984134195361317,0-50 K
hexobarbital,298.15,0.2,286.73977454314786,11.410225456852118,-0.02844235836167841,0.4377341164386425,0-50 K
hexobarbital,298.15,0.5,286.73977454314786,11.410225456852118,-0.009672778951787642,0.14886618381378947,0-50 K
amobarbital,263.15,0.05,284.6153640803492,-21.465364080349218,0.15601123350468882,1.1838056698929638,T<Tg
amobarbital,263.15,0.2,284.6153640803492,-21.465364080349218,0.05040959948135049,0.3825055949016811,T<Tg
amobarbital,263.15,0.5,284.6153640803492,-21.465364080349218,0.016664774878793365,0.12645150317597076,T<Tg
amobarbital,298.15,0.05,284.6153640803492,13.534635919650782,0.17032070509742336,1.3631246081107777,0-50 K
amobarbital,298.15,0.2,284.6153640803492,13.534635919650782,0.05503320712533344,0.44044626783860286,0-50 K
amobarbital,298.15,0.5,284.6153640803492,13.534635919650782,0.018193280982940596,0.14560595551747024,0-50 K
nimodipine,263.15,0.05,292.1052009419078,-28.955200941907833,-0.3004224253956753,0.7952963516275018,T<Tg
nimodipine,263.15,0.2,292.1052009419078,-28.955200941907833,-0.0508311888823787,0.1345633869169407,T<Tg
nimodipine,263.15,0.5,292.1052009419078,-28.955200941907833,-0.02664187890723424,0.07052798760784329,T<Tg
nimodipine,298.15,0.05,292.1052009419078,6.044799058092167,-0.3470149881054576,0.7742792729987764,0-50 K
nimodipine,298.15,0.2,292.1052009419078,6.044799058092167,-0.05871460621547442,0.13100731718571001,0-50 K
nimodipine,298.15,0.5,292.1052009419078,6.044799058092167,-0.030773772230632712,0.0686641638168175,0-50 K
dimethyl acetamide,263.15,0.05,146.8359709348088,116.31402906519116,-0.023971761683069914,0.3709812433381525,>100 K
dimethyl acetamide,263.15,0.2,146.8359709348088,116.31402906519116,-0.014697171811447252,0.22744991145209692,>100 K
dimethyl acetamide,263.15,0.5,146.8359709348088,116.31402906519116,-0.007137406689145198,0.11045679674093689,>100 K
dimethyl acetamide,298.15,0.05,146.8359709348088,151.31402906519116,-0.017692771742131352,0.27059906836545444,>100 K
dimethyl acetamide,298.15,0.2,146.8359709348088,151.31402906519116,-0.010847500886780992,0.16590524519494787,>100 K
dimethyl acetamide,298.15,0.5,146.8359709348088,151.31402906519116,-0.005267885983990528,0.08056878030754078,>100 K
1-bromobutane,263.15,0.05,102.46410994588744,160.68589005411252,-0.060246505584469645,0.2485105514617718,>100 K
1-bromobutane,263.15,0.2,102.46410994588744,160.68589005411252,-0.04187039165004158,0.17271099822185088,>100 K
1-bromobutane,263.15,0.5,102.46410994588744,160.68589005411252,-0.025957189213733134,0.10707069801514102,>100 K
1-bromobutane,298.15,0.05,102.46410994588744,195.68589005411252,-0.048061982234077316,0.1964366318822126,>100 K
1-bromobutane,298.15,0.2,102.46410994588744,195.68589005411252,-0.03340233595451725,0.13652042772491413,>100 K
1-bromobutane,298.15,0.5,102.46410994588744,195.68589005411252,-0.020707490911449522,0.08463466507822481,>100 K
isobutylbromide,263.15,0.05,98.13129213991891,165.01870786008107,-0.1319106163469388,0.2391295433194074,>100 K
isobutylbromide,263.15,0.2,98.13129213991891,165.01870786008107,-0.09173365666390998,0.16629614835067885,>100 K
isobutylbromide,263.15,0.5,98.13129213991891,165.01870786008107,-0.05702192905231662,0.10337020803245123,>100 K
isobutylbromide,298.15,0.05,98.13129213991891,200.01870786008107,-0.1060987823393793,0.1902156824330632,>100 K
isobutylbromide,298.15,0.2,98.13129213991891,200.01870786008107,-0.07378351751447543,0.13228033184616939,>100 K
isobutylbromide,298.15,0.5,98.13129213991891,200.01870786008107,-0.04586406618843508,0.08222586967381496,>100 K
isoamylbromide,263.15,0.05,104.86213876690304,158.28786123309692,0.05053283447111534,0.24499578048975934,>100 K
isoamylbromide,263.15,0.2,104.86213876690304,158.28786123309692,0.03255921524872729,0.1578551932715273,>100 K
isoamylbromide,263.15,0.5,104.86213876690304,158.28786123309692,0.019300825209691563,0.09357521274702352,>100 K
isoamylbromide,298.15,0.05,104.86213876690304,193.28786123309692,0.04003982324068378,0.19296558992570478,>100 K
isoamylbromide,298.15,0.2,104.86213876690304,193.28786123309692,0.025798379154045037,0.12433120452762214,>100 K
isoamylbromide,298.15,0.5,104.86213876690304,193.28786123309692,0.015293059213551174,0.07370247803474861,>100 K
3-bromopentane,263.15,0.05,106.01145895382399,157.138541046176,0.0474566579127198,0.2475715886046128,>100 K
3-bromopentane,263.15,0.2,106.01145895382399,157.138541046176,0.030577179296140233,0.1595148328252689,>100 K
3-bromopentane,263.15,0.5,106.01145895382399,157.138541046176,0.018125891195220678,0.09455903292491019,>100 K
3-bromopentane,298.15,0.05,106.01145895382399,192.138541046176,0.03754325476710241,0.19465477479568127,>100 K
3-bromopentane,298.15,0.2,106.01145895382399,192.138541046176,0.024189795128128022,0.12541957675831217,>100 K
3-bromopentane,298.15,0.5,106.01145895382399,192.138541046176,0.014339504317275598,0.07434765581397906,>100 K
9-bromophenanthrene,263.15,0.05,225.17398744588706,37.97601255411291,-0.03243732440374081,0.961893573293026,0-50 K
9-bromophenanthrene,263.15,0.2,225.17398744588706,37.97601255411291,-0.021862432628401818,0.6483066599471548,0-50 K
9-bromophenanthrene,263.15,0.5,225.17398744588706,37.97601255411291,-0.052046874720940606,1.5433934587492244,0-50 K
9-bromophenanthrene,298.15,0.05,225.17398744588706,72.97601255411291,-0.01830192774302386,0.5258717400546999,50-100 K
9-bromophenanthrene,298.15,0.2,225.17398744588706,72.97601255411291,-0.012335316478988112,0.3544322998107843,50-100 K
9-bromophenanthrene,298.15,0.5,225.17398744588706,72.97601255411291,-0.029366113201464428,0.8437804620763858,50-100 K
bromobenzene,263.15,0.05,140.44782261904766,122.70217738095232,-0.01477097470993094,0.3489972780823889,>100 K
bromobenzene,263.15,0.2,140.44782261904766,122.70217738095232,-0.011046480424977467,0.2609977795247098,>100 K
bromobenzene,263.15,0.5,140.44782261904766,122.70217738095232,-0.010805613330081787,0.25530675627479527,>100 K
bromobenzene,298.15,0.05,140.44782261904766,157.70217738095232,-0.011042006610904043,0.25808086430720456,>100 K
bromobenzene,298.15,0.2,140.44782261904766,157.70217738095232,-0.008257769867943132,0.19300589647033561,>100 K
bromobenzene,298.15,0.5,140.44782261904766,157.70217738095232,-0.008077710250591785,0.18879742754702278,>100 K
tert-butyl-chloride,263.15,0.05,99.21263366187733,163.93736633812264,0.9369193363969002,0.24117363794796232,>100 K
tert-butyl-chloride,263.15,0.2,99.21263366187733,163.93736633812264,0.6426768544634269,0.1654322938962567,>100 K
tert-butyl-chloride,263.15,0.5,99.21263366187733,163.93736633812264,0.37590748254086037,0.09676283920543893,>100 K
tert-butyl-chloride,298.15,0.05,99.21263366187733,198.93736633812264,0.7290338270077465,0.19154431455509568,>100 K
tert-butyl-chloride,298.15,0.2,99.21263366187733,198.93736633812264,0.500078447031103,0.13138921653813984,>100 K
tert-butyl-chloride,298.15,0.5,99.21263366187733,198.93736633812264,0.2925003892560474,0.07685073653866725,>100 K
1 -bromopropane,263.15,0.05,104.70250756493505,158.44749243506493,0.05831290302391734,0.2628774908267375,>100 K
1 -bromopropane,263.15,0.2,104.70250756493505,158.44749243506493,0.04377369773250406,0.19733402433092762,>100 K
1 -bromopropane,263.15,0.5,104.70250756493505,158.44749243506493,0.028533228354841622,0.1286292241706879,>100 K
1 -bromopropane,298.15,0.05,104.70250756493505,193.44749243506493,0.04620971255514972,0.20709958909868842,>100 K
1 -bromopropane,298.15,0.2,104.70250756493505,193.44749243506493,0.03468820595101185,0.15546327388320114,>100 K
1 -bromopropane,298.15,0.5,104.70250756493505,193.44749243506493,0.02261098680007212,0.10133640346327866,>100 K
1-iodobutane,263.15,0.05,105.89481827922079,157.2551817207792,0.06205055762192746,0.25634586929317615,>100 K
1-iodobutane,263.15,0.2,105.89481827922079,157.2551817207792,0.04312417997573137,0.17815642319913083,>100 K
1-iodobutane,263.15,0.5,105.89481827922079,157.2551817207792,0.02673446450353456,0.11044654239858609,>100 K
1-iodobutane,298.15,0.05,105.89481827922079,192.2551817207792,0.04907816176002466,0.20158942200521945,>100 K
1-iodobutane,298.15,0.2,105.89481827922079,192.2551817207792,0.034108565043247996,0.14010153734193942,>100 K
1-iodobutane,298.15,0.5,105.89481827922079,192.2551817207792,0.021145311561365787,0.08685474318738517,>100 K
isobutylchloride,263.15,0.05,90.2100976572774,172.93990234272258,-0.03211152388658389,0.22328133424454588,>100 K
isobutylchloride,263.15,0.2,90.2100976572774,172.93990234272258,-0.022331087434384056,0.15527494164061695,>100 K
isobutylchloride,263.15,0.5,90.2100976572774,172.93990234272258,-0.013881074075241528,0.09651939133172327,>100 K
isobutylchloride,298.15,0.05,90.2100976572774,207.93990234272258,-0.026023379480620612,0.1795667573702313,>100 K
isobutylchloride,298.15,0.2,90.2100976572774,207.93990234272258,-0.01809725270505247,0.1248748260377206,>100 K
isobutylchloride,298.15,0.5,90.2100976572774,207.93990234272258,-0.011249309112032257,0.0776225840078677,>100 K
iodobenzene,263.15,0.05,148.9356083333336,114.21439166666639,0.027809708588637072,0.38341894934402987,>100 K
iodobenzene,263.15,0.2,148.9356083333336,114.21439166666639,0.02079750372480005,0.2867400426626383,>100 K
iodobenzene,263.15,0.5,148.9356083333336,114.21439166666639,0.020344016812177568,0.2804877126526044,>100 K
iodobenzene,298.15,0.05,148.9356083333336,149.2143916666664,0.020402413261676244,0.2783583109632781,>100 K
iodobenzene,298.15,0.2,148.9356083333336,149.2143916666664,0.015257954410135888,0.20817039454535013,>100 K
iodobenzene,298.15,0.5,148.9356083333336,149.2143916666664,0.014925256662851716,0.20363126567820444,>100 K
m-fluorotoluene,263.15,0.05,124.5721612908691,138.57783870913087,-0.05567686162557628,0.2852594701868032,>100 K
m-fluorotoluene,263.15,0.2,124.5721612908691,138.57783870913087,-0.03840832544763284,0.19678441363370558,>100 K
m-fluorotoluene,263.15,0.5,124.5721612908691,138.57783870913087,-0.03644052469719128,0.18670241937046317,>100 K
m-fluorotoluene,298.15,0.05,124.5721612908691,173.57783870913087,-0.04291104277617919,0.21751321149636782,>100 K
m-fluorotoluene,298.15,0.2,124.5721612908691,173.57783870913087,-0.0296019072937046,0.1500500921279393,>100 K
m-fluorotoluene,298.15,0.5,124.5721612908691,173.57783870913087,-0.028085291958144687,0.14236247022690485,>100 K
trichloroethylene,263.15,0.05,129.86045147780322,133.28954852219675,-0.686270218079263,0.35268341238514545,>100 K
trichloroethylene,263.15,0.2,129.86045147780322,133.28954852219675,-0.5997646486393222,0.30822704721489647,>100 K
trichloroethylene,263.15,0.5,129.86045147780322,133.28954852219675,-0.46849564515142195,0.2407661566343826,>100 K
trichloroethylene,298.15,0.05,129.86045147780322,168.28954852219675,-0.5329106399617731,0.26632679983588003,>100 K
trichloroethylene,298.15,0.2,129.86045147780322,168.28954852219675,-0.46573631539393645,0.23275583774255093,>100 K
trichloroethylene,298.15,0.5,129.86045147780322,168.28954852219675,-0.36380176131745223,0.18181314389460068,>100 K
hydrochloro-thiazide,263.15,0.05,384.137725,-120.98772500000001,0.4776574003730545,6.2569157816247625,T<Tg
hydrochloro-thiazide,263.15,0.2,384.137725,-120.98772500000001,0.19196200372749495,2.5145430378694087,T<Tg
hydrochloro-thiazide,263.15,0.5,384.137725,-120.98772500000001,0.14183319972964092,1.8578972817203878,T<Tg
hydrochloro-thiazide,298.15,0.05,384.137725,-85.98772500000001,0.17247366120120233,2.138301987144068,T<Tg
hydrochloro-thiazide,298.15,0.2,384.137725,-85.98772500000001,0.06931409325709659,0.8593454926189219,T<Tg
hydrochloro-thiazide,298.15,0.5,384.137725,-85.98772500000001,0.051213466426244914,0.6349366985375418,T<Tg
griseofulvin,263.15,0.05,364.0385257260101,-100.88852572601013,0.698075245296998,3.071833354960539,T<Tg
griseofulvin,263.15,0.2,364.0385257260101,-100.88852572601013,0.19516269301066114,0.8588003572294118,T<Tg
griseofulvin,263.15,0.5,364.0385257260101,-100.88852572601013,0.15503536310877175,0.6822227300057362,T<Tg
griseofulvin,298.15,0.05,364.0385257260101,-65.88852572601013,0.30073658292300287,1.2821850914566806,T<Tg
griseofulvin,298.15,0.2,364.0385257260101,-65.88852572601013,0.08407770051365489,0.3584637860641267,T<Tg
griseofulvin,298.15,0.5,364.0385257260101,-65.88852572601013,0.06679051527421298,0.2847601781697131,T<Tg
glibenclamide,263.15,0.05,336.01883261081707,-72.8688326108171,0.20058459396435957,1.4514432823006214,T<Tg
glibenclamide,263.15,0.2,336.01883261081707,-72.8688326108171,0.03512932603113006,0.2541981079997181,T<Tg
glibenclamide,263.15,0.5,336.01883261081707,-72.8688326108171,0.02487151564241774,0.17997191901107157,T<Tg
glibenclamide,298.15,0.05,336.01883261081707,-37.868832610817094,0.10331816817006256,0.7304699996626702,T<Tg
glibenclamide,298.15,0.2,336.01883261081707,-37.868832610817094,0.01809459810871683,0.12793065642254087,T<Tg
glibenclamide,298.15,0.5,336.01883261081707,-37.868832610817094,0.012810951155322936,0.09057473290374052,T<Tg
triphenyl phosphite,263.15,0.05,201.16956277056272,61.98043722943726,-0.04622269115682409,0.4322584832996441,50-100 K
triphenyl phosphite,263.15,0.2,201.16956277056272,61.98043722943726,-0.014086752328031693,0.13173439372609685,50-100 K
triphenyl phosphite,263.15,0.5,201.16956277056272,61.98043722943726,-0.0170586751108055,0.15952677886020394,50-100 K
triphenyl phosphite,298.15,0.05,201.16956277056272,96.98043722943726,-0.029225725208381625,0.2669990964567548,50-100 K
triphenyl phosphite,298.15,0.2,201.16956277056272,96.98043722943726,-0.008906784575151594,0.08137021124178645,50-100 K
triphenyl phosphite,298.15,0.5,201.16956277056272,96.98043722943726,-0.010785874615477642,0.09853711948275379,50-100 K
2-chloro-4-nitroaniline,263.15,0.05,322.9944226190476,-59.844422619047634,0.23292529784288973,2.4745272654302504,T<Tg
2-chloro-4-nitroaniline,263.15,0.2,322.9944226190476,-59.844422619047634,0.17308976427305822,1.8388528211713862,T<Tg
2-chloro-4-nitroaniline,263.15,0.5,322.9944226190476,-59.844422619047634,0.21637824218918666,2.2987363970407735,T<Tg
2-chloro-4-nitroaniline,298.15,0.05,322.9944226190476,-24.844422619047634,0.12767061049929573,1.3286387114113225,T<Tg
2-chloro-4-nitroaniline,298.15,0.2,322.9944226190476,-24.844422619047634,0.09487366155833499,0.9873283988129442,T<Tg
2-chloro-4-nitroaniline,298.15,0.5,322.9944226190476,-24.844422619047634,0.1186008670371681,1.234251974955514,T<Tg
4-chloroaniline,263.15,0.05,274.53587570889897,-11.385875708898993,3.5820414247013943,1.4842425631556697,T<Tg
4-chloroaniline,263.15,0.2,274.53587570889897,-11.385875708898993,2.9200889197189,1.2099581632301621,T<Tg
4-chloroaniline,263.15,0.5,274.53587570889897,-11.385875708898993,3.5571230275292685,1.4739174604269731,T<Tg
4-chloroaniline,298.15,0.05,274.53587570889897,23.614124291101007,3.9795528645819647,1.5254418905437617,0-50 K
4-chloroaniline,298.15,0.2,274.53587570889897,23.614124291101007,3.2441412165606462,1.243543955559704,0-50 K
4-chloroaniline,298.15,0.5,274.53587570889897,23.614124291101007,3.9518691872902183,1.5148301855451995,0-50 K
"3,4-dichloroaniline",263.15,0.05,295.1558904097537,-32.005890409753704,0.15216562576586234,1.9061313980287267,T<Tg
"3,4-dichloroaniline",263.15,0.2,295.1558904097537,-32.005890409753704,0.1385100824781631,1.7350726606377158,T<Tg
"3,4-dichloroaniline",263.15,0.5,295.1558904097537,-32.005890409753704,0.21820190511353132,2.733347300700917,T<Tg
"3,4-dichloroaniline",298.15,0.05,295.1558904097537,2.994109590246296,0.1886964018358972,1.4978977242460125,0-50 K
"3,4-dichloroaniline",298.15,0.2,295.1558904097537,2.994109590246296,0.17176253868162839,1.3634744133895982,0-50 K
"3,4-dichloroaniline",298.15,0.5,295.1558904097537,2.994109590246296,0.27058617320061273,2.1479498766601726,0-50 K
2-chloroaniline,263.15,0.05,291.8574459653092,-28.707445965309205,0.024285111446067376,1.8066991875565233,T<Tg
2-chloroaniline,263.15,0.2,291.8574459653092,-28.707445965309205,0.019797282175122888,1.472825591147016,T<Tg
2-chloroaniline,263.15,0.5,291.8574459653092,-28.707445965309205,0.024116172569980776,1.79413092198158,T<Tg
2-chloroaniline,298.15,0.05,291.8574459653092,6.292554034690795,0.028704228727622016,1.7857988745626923,0-50 K
2-chloroaniline,298.15,0.2,291.8574459653092,6.292554034690795,0.023399757378180563,1.455787604938632,0-50 K
2-chloroaniline,298.15,0.5,291.8574459653092,6.292554034690795,0.02850454835345939,1.7733760015833306,0-50 K
3-chloroaniline,263.15,0.05,286.4516126319758,-23.301612631975843,-0.07209724063289968,1.695614131892384,T<Tg
3-chloroaniline,263.15,0.2,286.4516126319758,-23.301612631975843,-0.05877384668492169,1.3822687824082038,T<Tg
3-chloroaniline,263.15,0.5,286.4516126319758,-23.301612631975843,-0.07159569766784202,1.6838186272123465,T<Tg
3-chloroaniline,298.15,0.05,286.4516126319758,11.698387368024157,-0.07953652925929067,1.9977147945322837,0-50 K
3-chloroaniline,298.15,0.2,286.4516126319758,11.698387368024157,-0.06483837294603978,1.628541980571466,0-50 K
3-chloroaniline,298.15,0.5,286.4516126319758,11.698387368024157,-0.07898323503658666,1.9838177328334714,0-50 K
3-trifluoromethylaniline,263.15,0.05,280.29601570737276,-17.146015707372783,-0.043510488796330904,1.5566481345030088,T<Tg
3-trifluoromethylaniline,263.15,0.2,280.29601570737276,-17.146015707372783,-0.038214281519256765,1.3671689673901781,T<Tg
3-trifluoromethylaniline,263.15,0.5,280.29601570737276,-17.146015707372783,-0.061409393112187516,2.1970062822439953,T<Tg
3-trifluoromethylaniline,298.15,0.05,280.29601570737276,17.853984292627217,-0.044910236346471955,1.7031820365946015,0-50 K
3-trifluoromethylaniline,298.15,0.2,280.29601570737276,17.853984292627217,-0.039443648240171214,1.4958663905070462,0-50 K
3-trifluoromethylaniline,298.15,0.5,280.29601570737276,17.853984292627217,-0.06338495463636828,2.403819817249926,0-50 K
o-fluoroaniline,263.15,0.05,248.7283792986425,14.421620701357483,-7.057803171782284,2.0620465697465606,0-50 K
o-fluoroaniline,263.15,0.2,248.7283792986425,14.421620701357483,-5.7535383866188585,1.6809854008774487,0-50 K
o-fluoroaniline,263.15,0.5,248.7283792986425,14.421620701357483,-7.008705709819854,2.047701985382452,0-50 K
o-fluoroaniline,298.15,0.05,248.7283792986425,49.42162070135748,-4.05758894077923,0.9411629353919215,0-50 K
o-fluoroaniline,298.15,0.2,248.7283792986425,49.42162070135748,-3.307756416505178,0.7672383240283632,0-50 K
o-fluoroaniline,298.15,0.5,248.7283792986425,49.42162070135748,-4.0293624071355065,0.9346157548746745,0-50 K
m-fluorophenol,263.15,0.05,192.94845833333338,70.2015416666666,-0.11708810545105824,0.6572935170989315,50-100 K
m-fluorophenol,263.15,0.2,192.94845833333338,70.2015416666666,-0.08408822739609301,0.4720432235099683,50-100 K
m-fluorophenol,263.15,0.5,192.94845833333338,70.2015416666666,-0.08354683357721782,0.46900401943391823,50-100 K
m-fluorophenol,298.15,0.05,192.94845833333338,105.2015416666666,-0.07641887240228029,0.41955549753725974,>100 K
m-fluorophenol,298.15,0.2,192.94845833333338,105.2015416666666,-0.05488112985654148,0.30130881310519264,>100 K
m-fluorophenol,298.15,0.5,192.94845833333338,105.2015416666666,-0.054527783075461134,0.2993688658136495,>100 K
ethacrynic acid,263.15,0.05,283.32925332495256,-20.179253324952583,-0.13735765009577516,1.1016605859136162,T<Tg
ethacrynic acid,263.15,0.2,283.32925332495256,-20.179253324952583,-0.050337089451821915,0.40372259877781413,T<Tg
ethacrynic acid,263.15,0.5,283.32925332495256,-20.179253324952583,-0.03449412178863431,0.2766559736115578,T<Tg
ethacrynic acid,298.15,0.05,283.32925332495256,14.820746675047417,-0.14562480613938833,1.2488864227107683,0-50 K
ethacrynic acid,298.15,0.2,283.32925332495256,14.820746675047417,-0.05336673194344388,0.45767605613028217,0-50 K
ethacrynic acid,298.15,0.5,283.32925332495256,14.820746675047417,-0.03657022229861795,0.31362825685441664,0-50 K
tolbutamide,263.15,0.05,286.4198295559177,-23.269829555917738,-0.2595809110143854,1.151898337747891,T<Tg
tolbutamide,263.15,0.2,286.4198295559177,-23.269829555917738,-0.08327723648238683,0.36954531787964373,T<Tg
tolbutamide,263.15,0.5,286.4198295559177,-23.269829555917738,-0.03609169315536365,0.16015800695709292,T<Tg
tolbutamide,298.15,0.05,286.4198295559177,11.730170444082262,-0.28310276939282186,1.356580515090986,0-50 K
tolbutamide,298.15,0.2,286.4198295559177,11.730170444082262,-0.09082338213320296,0.43521026226912674,0-50 K
tolbutamide,298.15,0.5,286.4198295559177,11.730170444082262,-0.03936213277174838,0.18861667254298142,0-50 K
tolnaftate,263.15,0.05,289.2153545545982,-26.06535455459823,-0.22844407976938896,1.1073052844233535,T<Tg
tolnaftate,263.15,0.2,289.2153545545982,-26.06535455459823,-0.08522726909236611,0.41311031364093836,T<Tg
tolnaftate,263.15,0.5,289.2153545545982,-26.06535455459823,-0.10972404565460425,0.5318501390112753,T<Tg
tolnaftate,298.15,0.05,289.2153545545982,8.93464544540177,-0.2576559890543688,1.2661397252947828,0-50 K
tolnaftate,298.15,0.2,289.2153545545982,8.93464544540177,-0.09612556532243688,0.4723678161638769,0-50 K
tolnaftate,298.15,0.5,289.2153545545982,8.93464544540177,-0.12375482671611837,0.6081399577682063,0-50 K
flufenamic acid,263.15,0.05,290.22225035786903,-27.072250357869052,-0.02739272783036739,1.3091198414483038,T<Tg
flufenamic acid,263.15,0.2,290.22225035786903,-27.072250357869052,-0.015723126533136345,0.7514204880067554,T<Tg
flufenamic acid,263.15,0.5,290.22225035786903,-27.072250357869052,-0.029131393343169165,1.3922120232326183,T<Tg
flufenamic acid,298.15,0.05,290.22225035786903,7.927749642130948,-0.03164946544674008,1.4205237834198936,0-50 K
flufenamic acid,298.15,0.2,290.22225035786903,7.927749642130948,-0.01816644742381396,0.8153651337082201,0-50 K
flufenamic acid,298.15,0.5,290.22225035786903,7.927749642130948,-0.033658313722516375,1.5106869729948733,0-50 K
chorotrianisene,263.15,0.05,298.4836443207914,-35.33364432079145,-0.04640368505958836,1.0238502223054677,T<Tg
chorotrianisene,263.15,0.2,298.4836443207914,-35.33364432079145,-0.013286286493118804,0.29314842909836375,T<Tg
chorotrianisene,263.15,0.5,298.4836443207914,-35.33364432079145,-0.017736568049867146,0.3913393756869354,T<Tg
chorotrianisene,298.15,0.05,298.4836443207914,-0.3336443207914499,-0.037740327806075946,0.6058716357089184,T<Tg
chorotrianisene,298.15,0.2,298.4836443207914,-0.3336443207914499,-0.010805797145891027,0.1734729498259906,T<Tg
chorotrianisene,298.15,0.5,298.4836443207914,-0.3336443207914499,-0.014425231347406253,0.23157823527239607,T<Tg
chloramphenicol,263.15,0.05,303.3729015933508,-40.2229015933508,0.10900667426008148,1.317736797545173,T<Tg
chloramphenicol,263.15,0.2,303.3729015933508,-40.2229015933508,0.03176853600244722,0.3840367498478273,T<Tg
chloramphenicol,263.15,0.5,303.3729015933508,-40.2229015933508,0.014010179691656077,0.1693632930756781,T<Tg
chloramphenicol,298.15,0.05,303.3729015933508,-5.222901593350798,0.06446218493876543,0.7664074750195642,T<Tg
chloramphenicol,298.15,0.2,303.3729015933508,-5.222901593350798,0.018786640881616634,0.22335919913134483,T<Tg
chloramphenicol,298.15,0.5,303.3729015933508,-5.222901593350798,0.008285059611616408,0.09850320189049633,T<Tg
spironolactone,263.15,0.05,332.57177010107955,-69.42177010107957,-0.21124328901393952,1.4713328109274482,T<Tg
spironolactone,263.15,0.2,332.57177010107955,-69.42177010107957,-0.04296734438836225,0.2992722935347062,T<Tg
spironolactone,263.15,0.5,332.57177010107955,-69.42177010107957,-0.035450435208317144,0.24691619188059977,T<Tg
spironolactone,298.15,0.05,332.57177010107955,-34.421770101079574,-0.11151017415318698,0.7540909565682226,T<Tg
spironolactone,298.15,0.2,332.57177010107955,-34.421770101079574,-0.02268141193034534,0.15338374053093906,T<Tg
spironolactone,298.15,0.5,332.57177010107955,-34.421770101079574,-0.018713419121327846,0.12655006803665048,T<Tg
chlormadinone acetate,263.15,0.05,333.9137648100742,-70.76376481007424,0.012365601100192691,1.551637752153228,T<Tg
chlormadinone acetate,263.15,0.2,333.9137648100742,-70.76376481007424,0.0025307700987454718,0.31756146712292416,T<Tg
chlormadinone acetate,263.15,0.5,333.9137648100742,-70.76376481007424,0.0017027155535862537,0.2136570404233582,T<Tg
chlormadinone acetate,298.15,0.05,333.9137648100742,-35.763764810074235,0.00645934671113757,0.7897082530225328,T<Tg
chlormadinone acetate,298.15,0.2,333.9137648100742,-35.763764810074235,0.0013219835721312023,0.16162336285057832,T<Tg
chlormadinone acetate,298.15,0.5,333.9137648100742,-35.763764810074235,0.0008894375632815255,0.10874105628362685,T<Tg
indomethacin,263.15,0.05,319.0358895567646,-55.885889556764596,-0.004896699249163916,1.4653154145528298,T<Tg
indomethacin,263.15,0.2,319.0358895567646,-55.885889556764596,-0.001586263864129689,0.4746823877440759,T<Tg
indomethacin,263.15,0.5,319.0358895567646,-55.885889556764596,-0.0019620843183172365,0.5871449827704425,T<Tg
indomethacin,298.15,0.05,319.0358895567646,-20.885889556764596,-0.0027349547522685924,0.8007775626173634,T<Tg
indomethacin,298.15,0.2,319.0358895567646,-20.885889556764596,-0.0008859763838449108,0.25940831693979827,T<Tg
indomethacin,298.15,0.5,319.0358895567646,-20.885889556764596,-0.001095883483480442,0.32086779647330166,T<Tg
sulphisoxazole,263.15,0.05,306.17673157816904,-43.02673157816906,-0.0266898164345033,1.6136705841308743,T<Tg
sulphisoxazole,263.15,0.2,306.17673157816904,-43.02673157816906,-0.014217604380687199,0.859598642134749,T<Tg
sulphisoxazole,263.15,0.5,306.17673157816904,-43.02673157816906,-0.01885963083720732,1.1402563065298716,T<Tg
sulphisoxazole,298.15,0.05,306.17673157816904,-8.026731578169063,-0.01565831746592483,0.9288640098670324,T<Tg
sulphisoxazole,298.15,0.2,306.17673157816904,-8.026731578169063,-0.008341150024168131,0.49480374090080415,T<Tg
sulphisoxazole,298.15,0.5,306.17673157816904,-8.026731578169063,-0.011064522967544121,0.6563564184507751,T<Tg
felodipine,263.15,0.05,313.9490778719897,-50.79907787198971,0.39809519810414074,1.369259787834757,T<Tg
felodipine,263.15,0.2,313.9490778719897,-50.79907787198971,0.11509113559619044,0.3958592433633822,T<Tg
felodipine,263.15,0.5,313.9490778719897,-50.79907787198971,0.09393476121211392,0.3230912902746455,T<Tg
felodipine,298.15,0.05,313.9490778719897,-15.79907787198971,0.22551575877498653,0.7645317392342088,T<Tg
felodipine,298.15,0.2,313.9490778719897,-15.79907787198971,0.06519763336974527,0.22102960921617865,T<Tg
felodipine,298.15,0.5,313.9490778719897,-15.79907787198971,0.05321282208622713,0.18039932836683015,T<Tg
sulphathiazole,263.15,0.05,331.56572791655293,-68.41572791655295,0.5601258395015236,2.442385665182716,T<Tg
sulphathiazole,263.15,0.2,331.56572791655293,-68.41572791655295,0.28888474895800886,1.259659740698372,T<Tg
sulphathiazole,263.15,0.5,331.56572791655293,-68.41572791655295,0.2746691306103646,1.1976736296757267,T<Tg
sulphathiazole,298.15,0.05,331.56572791655293,-33.41572791655295,0.29425522578378427,1.2582540169939431,T<Tg
sulphathiazole,298.15,0.2,331.56572791655293,-33.41572791655295,0.15176205244482333,0.6489441660970043,T<Tg
sulphathiazole,298.15,0.5,331.56572791655293,-33.41572791655295,0.1442940520571523,0.6170105225680897,T<Tg
sulphadimethoxine,263.15,0.05,337.1106127109253,-73.96061271092532,0.39481400857126125,2.2337780217753025,T<Tg
sulphadimethoxine,263.15,0.2,337.1106127109253,-73.96061271092532,0.14909777643303812,0.843565144248362,T<Tg
sulphadimethoxine,263.15,0.5,337.1106127109253,-73.96061271092532,0.1281542879970936,0.7250711112305979,T<Tg
sulphadimethoxine,298.15,0.05,337.1106127109253,-38.96061271092532,0.20201142709015762,1.117530516765326,T<Tg
sulphadimethoxine,298.15,0.2,337.1106127109253,-38.96061271092532,0.0762877049428985,0.42202483075192354,T<Tg
sulphadimethoxine,298.15,0.5,337.1106127109253,-38.96061271092532,0.06557171236071548,0.36274378462241214,T<Tg
chlorobenzene,263.15,0.05,125.08800894515916,138.0619910548408,0.03450120292350345,0.2974784290627164,>100 K
chlorobenzene,263.15,0.2,125.08800894515916,138.0619910548408,0.025801740928879546,0.22246938391175375,>100 K
chlorobenzene,263.15,0.5,125.08800894515916,138.0619910548408,0.025239137263124878,0.21761846740763024,>100 K
chlorobenzene,298.15,0.05,125.08800894515916,173.0619910548408,0.026492766348988006,0.226620272676052,>100 K
chlorobenzene,298.15,0.2,125.08800894515916,173.0619910548408,0.01981262784783322,0.1694780781349552,>100 K
chlorobenzene,298.15,0.5,125.08800894515916,173.0619910548408,0.01938061602792729,0.16578263028565488,>100 K
probucol,263.15,0.05,296.171234160146,-33.02123416014604,-0.07949274387949945,0.7265382845204309,T<Tg
probucol,263.15,0.2,296.171234160146,-33.02123416014604,-0.008618060298110741,0.07876631802236922,T<Tg
probucol,263.15,0.5,296.171234160146,-33.02123416014604,-0.003252136090063029,0.029723484944527367,T<Tg
probucol,298.15,0.05,296.171234160146,1.9787658398539634,-0.09858909880488564,0.5240540927787802,0-50 K
probucol,298.15,0.2,296.171234160146,1.9787658398539634,-0.010688356657117204,0.056814365068158956,0-50 K
probucol,298.15,0.5,296.171234160146,1.9787658398539634,-0.0040333890951878,0.02143963266451987,0-50 K
2-ethylhexylamine,263.15,0.05,143.44707771122953,119.70292228877045,-0.07083306614892027,0.3098286435395037,>100 K
2-ethylhexylamine,263.15,0.2,143.44707771122953,119.70292228877045,-0.032603205615794106,0.14260863633580234,>100 K
2-ethylhexylamine,263.15,0.5,143.44707771122953,119.70292228877045,-0.014406941974720144,0.06301694296552585,>100 K
2-ethylhexylamine,298.15,0.05,143.44707771122953,154.70292228877045,-0.052739646750664004,0.2276693220324888,>100 K
2-ethylhexylamine,298.15,0.2,143.44707771122953,154.70292228877045,-0.02427512517248953,0.10479215601126324,>100 K
2-ethylhexylamine,298.15,0.5,143.44707771122953,154.70292228877045,-0.010726869127853256,0.04630632118973832,>100 K
n-(r-1-phenylethyl)-3-nitrophthalimide,263.15,0.05,301.9120774733059,-38.76207747330591,-1.4243020721049477,1.2685007813847253,T<Tg
n-(r-1-phenylethyl)-3-nitrophthalimide,263.15,0.2,301.9120774733059,-38.76207747330591,-0.5918253901081305,0.5270869041747552,T<Tg
n-(r-1-phenylethyl)-3-nitrophthalimide,263.15,0.5,301.9120774733059,-38.76207747330591,-0.9123450165308018,0.8125455891891091,T<Tg
n-(r-1-phenylethyl)-3-nitrophthalimide,298.15,0.05,301.9120774733059,-3.762077473305908,-1.4562582906920216,0.7416663841701174,T<Tg
n-(r-1-phenylethyl)-3-nitrophthalimide,298.15,0.2,301.9120774733059,-3.762077473305908,-0.6051038244389363,0.3081768999274642,T<Tg
n-(r-1-phenylethyl)-3-nitrophthalimide,298.15,0.5,301.9120774733059,-3.762077473305908,-0.9328147591128644,0.4750787370027545,T<Tg
"1-methyl-1-(p-hydroxyphenyl)-1,2,3,4tetrahydronaphthalene",263.15,0.05,282.903723285053,-19.753723285053013,0.009967595302821763,1.094992298262059,T<Tg
"1-methyl-1-(p-hydroxyphenyl)-1,2,3,4tetrahydronaphthalene",263.15,0.2,282.903723285053,-19.753723285053013,0.004144672144043127,0.4553138383601689,T<Tg
"1-methyl-1-(p-hydroxyphenyl)-1,2,3,4tetrahydronaphthalene",263.15,0.5,282.903723285053,-19.753723285053013,0.0053848389542709985,0.5915526266038946,T<Tg
"1-methyl-1-(p-hydroxyphenyl)-1,2,3,4tetrahydronaphthalene",298.15,0.05,282.903723285053,15.246276714946987,0.010600153052799488,1.2350264539869662,0-50 K
"1-methyl-1-(p-hydroxyphenyl)-1,2,3,4tetrahydronaphthalene",298.15,0.2,282.903723285053,15.246276714946987,0.004407698922938241,0.5135420916965897,0-50 K
"1-methyl-1-(p-hydroxyphenyl)-1,2,3,4tetrahydronaphthalene",298.15,0.5,282.903723285053,15.246276714946987,0.005726568479740957,0.6672039099643394,0-50 K
"1,3-dinitro-4,6-bis-(r-l’-phenylethylamino)benzene",263.15,0.05,313.13082556701033,-49.980825567010356,0.29607222337401673,1.0838864418015577,T<Tg
"1,3-dinitro-4,6-bis-(r-l’-phenylethylamino)benzene",263.15,0.2,313.13082556701033,-49.980825567010356,0.07578875398035334,0.27745393317956313,T<Tg
"1,3-dinitro-4,6-bis-(r-l’-phenylethylamino)benzene",263.15,0.5,313.13082556701033,-49.980825567010356,0.13709787757241887,0.5018996007362554,T<Tg
"1,3-dinitro-4,6-bis-(r-l’-phenylethylamino)benzene",298.15,0.05,313.13082556701033,-14.980825567010356,0.16831873256546714,0.6072148977701697,T<Tg
"1,3-dinitro-4,6-bis-(r-l’-phenylethylamino)benzene",298.15,0.2,313.13082556701033,-14.980825567010356,0.04308633504121051,0.15543525149325976,T<Tg
"1,3-dinitro-4,6-bis-(r-l’-phenylethylamino)benzene",298.15,0.5,313.13082556701033,-14.980825567010356,0.07794091835914574,0.2811742106907461,T<Tg
n-(r-1-phenylethyl)-n’-(p-nitrophenyl)thiourea,263.15,0.05,308.787442968499,-45.637442968499045,0.5945294227081401,1.4673073404438561,T<Tg
n-(r-1-phenylethyl)-n’-(p-nitrophenyl)thiourea,263.15,0.2,308.787442968499,-45.637442968499045,0.261503844075174,0.6453953249579603,T<Tg
n-(r-1-phenylethyl)-n’-(p-nitrophenyl)thiourea,263.15,0.5,308.787442968499,-45.637442968499045,0.3955715825565722,0.9762764710825573,T<Tg
n-(r-1-phenylethyl)-n’-(p-nitrophenyl)thiourea,298.15,0.05,308.787442968499,-10.637442968499045,0.3427332064547777,0.8362679900555356,T<Tg
n-(r-1-phenylethyl)-n’-(p-nitrophenyl)thiourea,298.15,0.2,308.787442968499,-10.637442968499045,0.15075124553445826,0.3678325844335845,T<Tg
n-(r-1-phenylethyl)-n’-(p-nitrophenyl)thiourea,298.15,0.5,308.787442968499,-10.637442968499045,0.22803836394580057,0.5564129202568799,T<Tg
1-menthyl-3-nitrophenylurethane,263.15,0.05,288.6003955871909,-25.45039558719094,-0.05503621652415891,0.9751689965969046,T<Tg
1-menthyl-3-nitrophenylurethane,263.15,0.2,288.6003955871909,-25.45039558719094,-0.014350994936260797,0.25428065764690816,T<Tg
1-menthyl-3-nitrophenylurethane,263.15,0.5,288.6003955871909,-25.45039558719094,-0.009341156949467466,0.16551295173910807,T<Tg
1-menthyl-3-nitrophenylurethane,298.15,0.05,288.6003955871909,9.54960441280906,-0.0622090795652821,1.1493785614948115,0-50 K
1-menthyl-3-nitrophenylurethane,298.15,0.2,288.6003955871909,9.54960441280906,-0.01622135826576865,0.29970675597982277,0-50 K
1-menthyl-3-nitrophenylurethane,298.15,0.5,288.6003955871909,9.54960441280906,-0.010558588736675034,0.19508109778154958,0-50 K
1’-(ethoxycarbonyl)ethyl-2-methyl-4-nitrophenylurethane,263.15,0.05,274.6460086037378,-11.496008603737835,-0.12280946199420395,0.79436460775156,T<Tg
1’-(ethoxycarbonyl)ethyl-2-methyl-4-nitrophenylurethane,263.15,0.2,274.6460086037378,-11.496008603737835,-0.027901545485636614,0.18047469531627824,T<Tg
1’-(ethoxycarbonyl)ethyl-2-methyl-4-nitrophenylurethane,263.15,0.5,274.6460086037378,-11.496008603737835,-0.01333904659920604,0.08628053854725337,T<Tg
1’-(ethoxycarbonyl)ethyl-2-methyl-4-nitrophenylurethane,298.15,0.05,274.6460086037378,23.503991396262165,-0.11906403165198087,0.8173474742212048,0-50 K
1’-(ethoxycarbonyl)ethyl-2-methyl-4-nitrophenylurethane,298.15,0.2,274.6460086037378,23.503991396262165,-0.027050607020799866,0.18569625954903524,0-50 K
1’-(ethoxycarbonyl)ethyl-2-methyl-4-nitrophenylurethane,298.15,0.5,274.6460086037378,23.503991396262165,-0.012932233727806164,0.08877684072009728,0-50 K
"1,1,3-trimethyl-3-(p-carboxyphenyl)-indan-5-carboxylic acid",263.15,0.05,400.08192261904765,-136.93192261904767,1.313904579604646,7.863835532158191,T<Tg
"1,1,3-trimethyl-3-(p-carboxyphenyl)-indan-5-carboxylic acid",263.15,0.2,400.08192261904765,-136.93192261904767,0.37677258852962936,2.255017384986999,T<Tg
"1,1,3-trimethyl-3-(p-carboxyphenyl)-indan-5-carboxylic acid",263.15,0.5,400.08192261904765,-136.93192261904767,0.3935493353486823,2.355427703816529,T<Tg
"1,1,3-trimethyl-3-(p-carboxyphenyl)-indan-5-carboxylic acid",298.15,0.05,400.08192261904765,-101.93192261904767,0.38314090848435,2.136196213380517,T<Tg
"1,1,3-trimethyl-3-(p-carboxyphenyl)-indan-5-carboxylic acid",298.15,0.2,400.08192261904765,-101.93192261904767,0.10986870287390249,0.6125712547289783,T<Tg
"1,1,3-trimethyl-3-(p-carboxyphenyl)-indan-5-carboxylic acid",298.15,0.5,400.08192261904765,-101.93192261904767,0.1147608831109157,0.6398475300262951,T<Tg
"2-benzyl-(3,3’)spirobi-(benzo[f]chroman)",263.15,0.05,337.3625495355339,-74.21254953553392,0.20386001985654545,1.3337175432797128,T<Tg
"2-benzyl-(3,3’)spirobi-(benzo[f]chroman)",263.15,0.2,337.3625495355339,-74.21254953553392,0.03662984621189147,0.2396441859213796,T<Tg
"2-benzyl-(3,3’)spirobi-(benzo[f]chroman)",263.15,0.5,337.3625495355339,-74.21254953553392,0.07005767828515885,0.4583397697896556,T<Tg
"2-benzyl-(3,3’)spirobi-(benzo[f]chroman)",298.15,0.05,337.3625495355339,-39.212549535533924,0.10424017047454015,0.6663183001598698,T<Tg
"2-benzyl-(3,3’)spirobi-(benzo[f]chroman)",298.15,0.2,337.3625495355339,-39.212549535533924,0.018730015901453623,0.11972498030854872,T<Tg
"2-benzyl-(3,3’)spirobi-(benzo[f]chroman)",298.15,0.5,337.3625495355339,-39.212549535533924,0.03582273921406687,0.22898414873580153,T<Tg
n-(1-phenylethyl)-n’-(p-nitrophenyl)urea,263.15,0.05,304.0041275824962,-40.85412758249623,0.12241881881009142,1.3027135353906267,T<Tg
n-(1-phenylethyl)-n’-(p-nitrophenyl)urea,263.15,0.2,304.0041275824962,-40.85412758249623,0.04297637636576568,0.4573308886485574,T<Tg
n-(1-phenylethyl)-n’-(p-nitrophenyl)urea,263.15,0.5,304.0041275824962,-40.85412758249623,0.04154643138744418,0.44211420304229765,T<Tg
n-(1-phenylethyl)-n’-(p-nitrophenyl)urea,298.15,0.05,304.0041275824962,-5.854127582496233,0.07222058008120325,0.7559280061613318,T<Tg
n-(1-phenylethyl)-n’-(p-nitrophenyl)urea,298.15,0.2,304.0041275824962,-5.854127582496233,0.025353772084164894,0.2653762453680434,T<Tg
n-(1-phenylethyl)-n’-(p-nitrophenyl)urea,298.15,0.5,304.0041275824962,-5.854127582496233,0.02451018074075595,0.25654643090904594,T<Tg
"n-( 1-phenylethyl)-2,4-dinitroaniline",263.15,0.05,286.7094348363535,-23.559434836353546,-0.35364005214510463,1.031157011222371,T<Tg
"n-( 1-phenylethyl)-2,4-dinitroaniline",263.15,0.2,286.7094348363535,-23.559434836353546,-0.13404904807508994,0.3908652736924656,T<Tg
"n-( 1-phenylethyl)-2,4-dinitroaniline",263.15,0.5,286.7094348363535,-23.559434836353546,-0.16969314324791884,0.49479767168639754,T<Tg
"n-( 1-phenylethyl)-2,4-dinitroaniline",298.15,0.05,286.7094348363535,11.440565163646454,-0.3842137566887458,1.218862835967259,0-50 K
"n-( 1-phenylethyl)-2,4-dinitroaniline",298.15,0.2,286.7094348363535,11.440565163646454,-0.14563816521650108,0.4620161147031936,0-50 K
"n-( 1-phenylethyl)-2,4-dinitroaniline",298.15,0.5,286.7094348363535,11.440565163646454,-0.18436384582607346,0.5848677619199362,0-50 K
n-(2-tetrahydropyryl)saccharin,263.15,0.05,282.9761264476159,-19.826126447615934,-0.4012503161156209,1.0912831896790705,T<Tg
n-(2-tetrahydropyryl)saccharin,263.15,0.2,282.9761264476159,-19.826126447615934,-0.1420430248844568,0.386315372329596,T<Tg
n-(2-tetrahydropyryl)saccharin,263.15,0.5,282.9761264476159,-19.826126447615934,-0.0897439330948906,0.2440771798268624,T<Tg
n-(2-tetrahydropyryl)saccharin,298.15,0.05,282.9761264476159,15.173873552384066,-0.4179621508635276,1.2319058704711088,0-50 K
n-(2-tetrahydropyryl)saccharin,298.15,0.2,282.9761264476159,15.173873552384066,-0.1479590315855659,0.43609594606329205,0-50 K
n-(2-tetrahydropyryl)saccharin,298.15,0.5,282.9761264476159,15.173873552384066,-0.09348171402433136,0.27552894933272953,0-50 K
"2,2,2-tris(chloromethyl)ethyl-p-nitrophenylurethane",263.15,0.05,291.9492943949937,-28.799294394993694,0.12195876797242278,1.2245602352192488,T<Tg
"2,2,2-tris(chloromethyl)ethyl-p-nitrophenylurethane",263.15,0.2,291.9492943949937,-28.799294394993694,0.04886727234093424,0.4906651609162638,T<Tg
"2,2,2-tris(chloromethyl)ethyl-p-nitrophenylurethane",263.15,0.5,291.9492943949937,-28.799294394993694,0.04150657170901417,0.4167580409358329,T<Tg
"2,2,2-tris(chloromethyl)ethyl-p-nitrophenylurethane",298.15,0.05,291.9492943949937,6.200705605006306,0.1451648867053752,1.2036569890497173,0-50 K
"2,2,2-tris(chloromethyl)ethyl-p-nitrophenylurethane",298.15,0.2,291.9492943949937,6.200705605006306,0.05816565853286204,0.48228950543565874,0-50 K
"2,2,2-tris(chloromethyl)ethyl-p-nitrophenylurethane",298.15,0.5,291.9492943949937,6.200705605006306,0.049404375592166705,0.409643980171599,0-50 K
"2,2,3,3-tetrafluoropropyl-p-nitrophenylurethane",263.15,0.05,265.57256899726804,-2.4225689972680584,-0.6364601538621368,0.9956916779832516,T<Tg
"2,2,3,3-tetrafluoropropyl-p-nitrophenylurethane",263.15,0.2,265.57256899726804,-2.4225689972680584,-0.32692913914071964,0.5114548352435477,T<Tg
"2,2,3,3-tetrafluoropropyl-p-nitrophenylurethane",263.15,0.5,265.57256899726804,-2.4225689972680584,-0.359632334333029,0.5626164030162553,T<Tg
"2,2,3,3-tetrafluoropropyl-p-nitrophenylurethane",298.15,0.05,265.57256899726804,32.57743100273194,-0.37387709385458145,0.9383813827989556,0-50 K
"2,2,3,3-tetrafluoropropyl-p-nitrophenylurethane",298.15,0.2,265.57256899726804,32.57743100273194,-0.19204865488686762,0.482016377305833,0-50 K
"2,2,3,3-tetrafluoropropyl-p-nitrophenylurethane",298.15,0.5,265.57256899726804,32.57743100273194,-0.21125955992792145,0.530233173503182,0-50 K
n-pentyl-p-nitrophenylurethane,263.15,0.05,244.9124199712644,18.23758002873558,-0.20416769765438625,1.2362133725835567,0-50 K
n-pentyl-p-nitrophenylurethane,263.15,0.2,244.9124199712644,18.23758002873558,-0.0686350388451058,0.4155777521267897,0-50 K
n-pentyl-p-nitrophenylurethane,263.15,0.5,244.9124199712644,18.23758002873558,-0.03887288744234918,0.23537113774244278,0-50 K
n-pentyl-p-nitrophenylurethane,298.15,0.05,244.9124199712644,53.23758002873558,-0.10162664004835847,0.5844411575352595,50-100 K
n-pentyl-p-nitrophenylurethane,298.15,0.2,244.9124199712644,53.23758002873558,-0.03416381958337089,0.19647153791200855,50-100 K
n-pentyl-p-nitrophenylurethane,298.15,0.5,244.9124199712644,53.23758002873558,-0.019349392607793447,0.11127575808785917,50-100 K
budesonide,263.15,0.05,354.3317874605316,-91.18178746053161,2.629138082098308,1.8532374248941768,T<Tg
budesonide,263.15,0.2,354.3317874605316,-91.18178746053161,0.32321423578418007,0.22782855038779837,T<Tg
budesonide,263.15,0.5,354.3317874605316,-91.18178746053161,0.10688354494926111,0.0753405030165788,T<Tg
budesonide,298.15,0.05,354.3317874605316,-56.18178746053161,1.1648850048641108,0.8329806565573739,T<Tg
budesonide,298.15,0.2,354.3317874605316,-56.18178746053161,0.14320564567803729,0.10240283998979738,T<Tg
budesonide,298.15,0.5,354.3317874605316,-56.18178746053161,0.04735659934557157,0.0338635410795769,T<Tg
prednisone,263.15,0.05,351.2858844061786,-88.1358844061786,3.2240588726260047,2.0912455855785073,T<Tg
prednisone,263.15,0.2,351.2858844061786,-88.1358844061786,0.5338498034844471,0.3462750182317501,T<Tg
prednisone,263.15,0.5,351.2858844061786,-88.1358844061786,0.17238690452165883,0.1118166160529297,T<Tg
prednisone,298.15,0.05,351.2858844061786,-53.135884406178604,1.4538702339554188,0.9598854937810586,T<Tg
prednisone,298.15,0.2,351.2858844061786,-53.135884406178604,0.24073640381660022,0.15894085761691135,T<Tg
prednisone,298.15,0.5,351.2858844061786,-53.135884406178604,0.07773685255431362,0.051324028346102946,T<Tg
hydrocortisone,263.15,0.05,356.6204700927143,-93.47047009271432,0.5031076065284665,2.2785998670190875,T<Tg
hydrocortisone,263.15,0.2,356.6204700927143,-93.47047009271432,0.07576698976271579,0.34315253945180063,T<Tg
hydrocortisone,263.15,0.5,356.6204700927143,-93.47047009271432,0.019712235518012378,0.08927771444348176,T<Tg
hydrocortisone,298.15,0.05,356.6204700927143,-58.47047009271432,0.22882664200484815,1.0074819459019455,T<Tg
hydrocortisone,298.15,0.2,356.6204700927143,-58.47047009271432,0.03446083028211344,0.1517247469343408,T<Tg
hydrocortisone,298.15,0.5,356.6204700927143,-58.47047009271432,0.008965645920402388,0.03947410283617092,T<Tg
warfarin,263.15,0.05,295.26821745096106,-32.11821745096108,6.213650429225268,1.0541907371193338,T<Tg
warfarin,263.15,0.2,295.26821745096106,-32.11821745096108,1.7290538444512717,0.2933464905312302,T<Tg
warfarin,263.15,0.5,295.26821745096106,-32.11821745096108,1.401485861150168,0.2377722129457529,T<Tg
warfarin,298.15,0.05,295.26821745096106,2.881782549038917,3.6299434159567414,0.820944988868733,0-50 K
warfarin,298.15,0.2,295.26821745096106,2.881782549038917,1.0100934531141847,0.22844189663618852,0-50 K
warfarin,298.15,0.5,295.26821745096106,2.881782549038917,0.8187319888983218,0.18516374678404013,0-50 K
testosterone,263.15,0.05,285.5728102152938,-22.42281021529385,3.2337970202980237,0.9726811903419739,T<Tg
testosterone,263.15,0.2,285.5728102152938,-22.42281021529385,0.8204469267792499,0.24677903045334282,T<Tg
testosterone,263.15,0.5,285.5728102152938,-22.42281021529385,0.45726798557452497,0.13753985352887543,T<Tg
testosterone,298.15,0.05,285.5728102152938,12.57718978470615,2.6384881799270032,1.1333754406253105,0-50 K
testosterone,298.15,0.2,285.5728102152938,12.57718978470615,0.6694110684674288,0.2875487828430303,0-50 K
testosterone,298.15,0.5,285.5728102152938,12.57718978470615,0.3730896427402315,0.16026247206654087,0-50 K
nandrolone,263.15,0.05,285.07571741920106,-21.925717419201078,2.7453481822271657,1.0045596022199748,T<Tg
nandrolone,263.15,0.2,285.07571741920106,-21.925717419201078,0.7691448120235572,0.2814403693556736,T<Tg
nandrolone,263.15,0.5,285.07571741920106,-21.925717419201078,0.4859391941934861,0.17781164763810997,T<Tg
nandrolone,298.15,0.05,285.07571741920106,13.074282580798922,2.4135421707766653,1.163309408552684,0-50 K
nandrolone,298.15,0.2,285.07571741920106,13.074282580798922,0.6761850650750505,0.3259161814734264,0-50 K
nandrolone,298.15,0.5,285.07571741920106,13.074282580798922,0.4272080114325414,0.20591108998465701,0-50 K
simvastatin,263.15,0.05,299.6253617729069,-36.47536177290692,0.7656980917044534,0.8200700381052135,T<Tg
simvastatin,263.15,0.2,299.6253617729069,-36.47536177290692,0.09240572820458048,0.09896742576592388,T<Tg
simvastatin,263.15,0.5,299.6253617729069,-36.47536177290692,0.02614040125108197,0.027996621752499617,T<Tg
simvastatin,298.15,0.05,299.6253617729069,-1.475361772906922,0.4518353134694064,0.48336604865308175,T<Tg
simvastatin,298.15,0.2,299.6253617729069,-1.475361772906922,0.05452824242612975,0.058333424360157426,T<Tg
simvastatin,298.15,0.5,299.6253617729069,-1.475361772906922,0.015425343907031763,0.016501781315420683,T<Tg
fluorescamin,263.15,0.05,302.998260298952,-39.84826029895203,-0.4462399542249056,1.2190756401995841,T<Tg
fluorescamin,263.15,0.2,302.998260298952,-39.84826029895203,-0.14799033212030152,0.40429237042718674,T<Tg
fluorescamin,263.15,0.5,302.998260298952,-39.84826029895203,-0.15078983168709592,0.41194027755499263,T<Tg
fluorescamin,298.15,0.05,302.998260298952,-4.848260298952027,-0.26640529876971986,0.7099890968405322,T<Tg
fluorescamin,298.15,0.2,302.998260298952,-4.848260298952027,-0.08835024356350774,0.23545969214192675,T<Tg
fluorescamin,298.15,0.5,302.998260298952,-4.848260298952027,-0.09002154509407778,0.23991382976500453,T<Tg
ibuprofen,263.15,0.05,241.30969524149768,21.8403047585023,-1.2532385095999223,1.219348913027352,0-50 K
ibuprofen,263.15,0.2,241.30969524149768,21.8403047585023,-0.4717423183338444,0.458985642942784,0-50 K
ibuprofen,263.15,0.5,241.30969524149768,21.8403047585023,-0.2944923405626054,0.2865287912949046,0-50 K
ibuprofen,298.15,0.05,241.30969524149768,56.8403047585023,-0.6651398362219143,0.5944795348261331,50-100 K
ibuprofen,298.15,0.2,241.30969524149768,56.8403047585023,-0.25037102351386187,0.22377316992152796,50-100 K
ibuprofen,298.15,0.5,241.30969524149768,56.8403047585023,-0.15629793185412932,0.13969381589096308,50-100 K
ketoprofen,263.15,0.05,265.81767667985855,-2.667676679858573,0.35211258814134094,0.8678385900725001,T<Tg
ketoprofen,263.15,0.2,265.81767667985855,-2.667676679858573,0.1249373235696063,0.30792830016788897,T<Tg
ketoprofen,263.15,0.5,265.81767667985855,-2.667676679858573,0.10856227869356361,0.2675693458555406,T<Tg
ketoprofen,298.15,0.05,265.81767667985855,32.33232332014143,0.32369733393123257,0.8197014055204588,0-50 K
ketoprofen,298.15,0.2,265.81767667985855,32.33232332014143,0.11485496375310378,0.2908481638573568,0-50 K
ketoprofen,298.15,0.5,265.81767667985855,32.33232332014143,0.09980137422550728,0.25272783600652504,0-50 K
Aripiprazole,263.15,0.05,323.81437819113756,-60.66437819113759,7.437392062245012,1.4747477938342684,T<Tg
Aripiprazole,263.15,0.2,323.81437819113756,-60.66437819113759,2.1996676277204554,0.4361683442260534,T<Tg
Aripiprazole,263.15,0.5,323.81437819113756,-60.66437819113759,3.455981593330433,0.6852806988848492,T<Tg
Aripiprazole,298.15,0.05,323.81437819113756,-25.664378191137587,3.6429669145619625,0.7888551147989684,T<Tg
Aripiprazole,298.15,0.2,323.81437819113756,-25.664378191137587,1.0774363276473236,0.2333101501793371,T<Tg
Aripiprazole,298.15,0.5,323.81437819113756,-25.664378191137587,1.6928012529754342,0.36656246352661215,T<Tg
Bucindolol,263.15,0.05,309.43463268016706,-46.28463268016708,7.455575769261209,1.198064309640829,T<Tg
Bucindolol,263.15,0.2,309.43463268016706,-46.28463268016708,2.0512253901596127,0.3296190672639129,T<Tg
Bucindolol,263.15,0.5,309.43463268016706,-46.28463268016708,2.5141157455101317,0.40400264690760407,T<Tg
Bucindolol,298.15,0.05,309.43463268016706,-11.284632680167078,3.8517782881919738,0.6811072672203968,T<Tg
Bucindolol,298.15,0.2,309.43463268016706,-11.284632680167078,1.0597257229387431,0.1873905601905177,T<Tg
Bucindolol,298.15,0.5,309.43463268016706,-11.284632680167078,1.298869026652934,0.22967810373012454,T<Tg
Danazol,263.15,0.05,336.92837424921896,-73.77837424921898,2.885759168598039,1.8322398477915804,T<Tg
Danazol,263.15,0.2,336.92837424921896,-73.77837424921898,0.7925425026618991,0.5032048308976078,T<Tg
Danazol,263.15,0.5,336.92837424921896,-73.77837424921898,0.8604013062870567,0.5462900631576101,T<Tg
Danazol,298.15,0.05,336.92837424921896,-38.778374249218984,1.423107937888524,0.91756219387059,T<Tg
Danazol,298.15,0.2,336.92837424921896,-38.778374249218984,0.39084118277275715,0.2519985192774876,T<Tg
Danazol,298.15,0.5,336.92837424921896,-38.778374249218984,0.42430565310882284,0.2735750504742961,T<Tg
Bezafibrate,263.15,0.05,312.86626220790833,-49.71626220790836,4.998875880289166,1.2626117902421754,T<Tg
Bezafibrate,263.15,0.2,312.86626220790833,-49.71626220790836,1.2631508584677724,0.3190455624322638,T<Tg
Bezafibrate,263.15,0.5,312.86626220790833,-49.71626220790836,0.9754315427272864,0.24637366398269966,T<Tg
Bezafibrate,298.15,0.05,312.86626220790833,-14.716262207908358,2.646895282436942,0.7080990551552135,T<Tg
Bezafibrate,298.15,0.2,312.86626220790833,-14.716262207908358,0.6688359799985892,0.1789274130462677,T<Tg
Bezafibrate,298.15,0.5,312.86626220790833,-14.716262207908358,0.516489148883547,0.1381714950149613,T<Tg
Ezetimibe,263.15,0.05,333.81728059614005,-70.66728059614007,0.6471221446332063,1.6215891253063415,T<Tg
Ezetimibe,263.15,0.2,333.81728059614005,-70.66728059614007,0.1720789750673838,0.4312035942168129,T<Tg
Ezetimibe,263.15,0.5,333.81728059614005,-70.66728059614007,0.24770023310689915,0.6206989015492006,T<Tg
Ezetimibe,298.15,0.05,333.81728059614005,-35.667280596140074,0.3347204024909436,0.8257285171717914,T<Tg
Ezetimibe,298.15,0.2,333.81728059614005,-35.667280596140074,0.08900691202188904,0.2195729478541808,T<Tg
Ezetimibe,298.15,0.5,333.81728059614005,-35.667280596140074,0.1281215956064008,0.31606575031116946,T<Tg
Glafenine,263.15,0.05,308.1069617103735,-44.95696171037355,3.925161101303278,1.2354484218464314,T<Tg
Glafenine,263.15,0.2,308.1069617103735,-44.95696171037355,1.0348966437028533,0.32573476406161683,T<Tg
Glafenine,263.15,0.5,308.1069617103735,-44.95696171037355,0.7608306055155938,0.2394722016797235,T<Tg
Glafenine,298.15,0.05,308.1069617103735,-9.956961710373548,2.15411715329403,0.7059686600509156,T<Tg
Glafenine,298.15,0.2,308.1069617103735,-9.956961710373548,0.5679483095220064,0.18613365871874854,T<Tg
Glafenine,298.15,0.5,308.1069617103735,-9.956961710373548,0.4175416539076702,0.13684089626874885,T<Tg
Pimozide,263.15,0.05,308.8973067889015,-45.74730678890154,2.057004369836271,1.073147607232987,T<Tg
Pimozide,263.15,0.2,308.8973067889015,-45.74730678890154,0.5357015367756113,0.27947768649005855,T<Tg
Pimozide,263.15,0.5,308.8973067889015,-45.74730678890154,1.1026793601151281,0.5752723398185783,T<Tg
Pimozide,298.15,0.05,308.8973067889015,-10.74730678890154,1.151682464858256,0.6113635553099228,T<Tg
Pimozide,298.15,0.2,308.8973067889015,-10.74730678890154,0.2999303624966041,0.15921618879895494,T<Tg
Pimozide,298.15,0.5,308.8973067889015,-10.74730678890154,0.6173717965931192,0.32772802228928355,T<Tg
Zolmitriptan,263.15,0.05,306.91717531313765,-43.76717531313767,2.151298760729979,1.3772649116418894,T<Tg
Zolmitriptan,263.15,0.2,306.91717531313765,-43.76717531313767,0.7214167965986148,0.4618521884367296,T<Tg
Zolmitriptan,263.15,0.5,306.91717531313765,-43.76717531313767,0.6236196093077986,0.3992422725237921,T<Tg
Zolmitriptan,298.15,0.05,306.91717531313765,-8.76717531313767,1.2220511977409547,0.7905773742974498,T<Tg
Zolmitriptan,298.15,0.2,306.91717531313765,-8.76717531313767,0.4098028021243473,0.26511231598324525,T<Tg
Zolmitriptan,298.15,0.5,306.91717531313765,-8.76717531313767,0.35424884000339774,0.22917298251948504,T<Tg
Diazepam,263.15,0.05,295.136605188387,-31.986605188387045,3.4859827894311888,1.3338834514312161,T<Tg
Diazepam,263.15,0.2,295.136605188387,-31.986605188387045,1.747283448886082,0.668584045938192,T<Tg
Diazepam,263.15,0.5,295.136605188387,-31.986605188387045,2.9496872841582027,1.1286742628691293,T<Tg
Diazepam,298.15,0.05,295.136605188387,3.0133948116129545,2.2838663744951058,1.0498286818690836,0-50 K
Diazepam,298.15,0.2,295.136605188387,3.0133948116129545,1.1447451570103429,0.5262069237854878,0-50 K
Diazepam,298.15,0.5,295.136605188387,3.0133948116129545,1.9325085665910406,0.8883194497810711,0-50 K
Nifedipine,263.15,0.05,310.9697146999363,-47.8197146999363,0.8344329511039916,1.2114365027366496,T<Tg
Nifedipine,263.15,0.2,310.9697146999363,-47.8197146999363,0.20241371122775242,0.2938658619740141,T<Tg
Nifedipine,263.15,0.5,310.9697146999363,-47.8197146999363,0.12622274205685025,0.18325119711640503,T<Tg
Nifedipine,298.15,0.05,310.9697146999363,-12.819714699936299,0.4744203867279113,0.6845743208770632,T<Tg
Nifedipine,298.15,0.2,310.9697146999363,-12.819714699936299,0.11508317238988641,0.16606154960277442,T<Tg
Nifedipine,298.15,0.5,310.9697146999363,-12.819714699936299,0.07176447433103039,0.1035539737596487,T<Tg
Carvedilol,263.15,0.05,312.62112089195523,-49.47112089195525,0.24770871649725024,1.0971399851217596,T<Tg
Carvedilol,263.15,0.2,312.62112089195523,-49.47112089195525,0.05771614260672853,0.2556336681900093,T<Tg
Carvedilol,263.15,0.5,312.62112089195523,-49.47112089195525,0.07792763146591364,0.3451534594182725,T<Tg
Carvedilol,298.15,0.05,312.62112089195523,-14.471120891955252,0.14123768868161646,0.615908651131309,T<Tg
Carvedilol,298.15,0.2,312.62112089195523,-14.471120891955252,0.03290838811271035,0.14350674471242097,T<Tg
Carvedilol,298.15,0.5,312.62112089195523,-14.471120891955252,0.04443250406491295,0.19376105556851186,T<Tg
Loratadine,263.15,0.05,328.0892302219499,-64.93923022194991,-2.382647430684095,1.6093954017805459,T<Tg
Loratadine,263.15,0.2,328.0892302219499,-64.93923022194991,-0.6610739066937394,0.446532412629986,T<Tg
Loratadine,263.15,0.5,328.0892302219499,-64.93923022194991,-0.685587668298425,0.46309060529368085,T<Tg
Loratadine,298.15,0.05,328.0892302219499,-29.939230221949913,-1.328028622432357,0.8436052874706119,T<Tg
Loratadine,298.15,0.2,328.0892302219499,-29.939230221949913,-0.3684662104541405,0.23406125300526415,T<Tg
Loratadine,298.15,0.5,328.0892302219499,-29.939230221949913,-0.3821295735834307,0.24274064830277498,T<Tg
Clemastine,263.15,0.05,304.9935678110743,-41.84356781107431,0.3549313951873909,1.2357261735393017,T<Tg
Clemastine,263.15,0.2,304.9935678110743,-41.84356781107431,0.10642611199389367,0.3705322603807578,T<Tg
Clemastine,263.15,0.5,304.9935678110743,-41.84356781107431,0.10919835514807447,0.3801840789335448,T<Tg
Clemastine,298.15,0.05,304.9935678110743,-6.843567811074308,0.207920099022334,0.7144516958786546,T<Tg
Clemastine,298.15,0.2,304.9935678110743,-6.843567811074308,0.06234480252909069,0.21422820643878215,T<Tg
Clemastine,298.15,0.5,304.9935678110743,-6.843567811074308,0.06396879262674604,0.21980853505932219,T<Tg
Cinnarizine,263.15,0.05,310.0440390843838,-46.89403908438385,-2.788124090089253,1.184916888306021,T<Tg
Cinnarizine,263.15,0.2,310.0440390843838,-46.89403908438385,-0.7262079149734936,0.30862902620881916,T<Tg
Cinnarizine,263.15,0.5,310.0440390843838,-46.89403908438385,-0.9281116818000691,0.3944355310110324,T<Tg
Cinnarizine,298.15,0.05,310.0440390843838,-11.894039084383849,-2.5227443246340995,0.6720328139366991,T<Tg
Cinnarizine,298.15,0.2,310.0440390843838,-11.894039084383849,-0.6570858529991388,0.17504082775136265,T<Tg
Cinnarizine,298.15,0.5,310.0440390843838,-11.894039084383849,-0.8397719765094029,0.22370650839563444,T<Tg
Clofoctol,263.15,0.05,297.39108039904,-34.241080399040015,-2.555815340462882,1.119922531908136,T<Tg
Clofoctol,263.15,0.2,297.39108039904,-34.241080399040015,-0.7505466312821821,0.32887903531732904,T<Tg
Clofoctol,263.15,0.5,297.39108039904,-34.241080399040015,-0.7521515878313509,0.32958230482733314,T<Tg
Clofoctol,298.15,0.05,297.39108039904,0.7589196009599846,-2.7760284747718504,0.719391158595041,0-50 K
Clofoctol,298.15,0.2,297.39108039904,0.7589196009599846,-0.815214928519084,0.21125806786960832,0-50 K
Clofoctol,298.15,0.5,297.39108039904,0.7589196009599846,-0.8169581706894888,0.21170981864092675,0-50 K
Tamoxifen,263.15,0.05,298.22532566999774,-35.07532566999777,-2.650857344752526,0.966217317162144,T<Tg
Tamoxifen,263.15,0.2,298.22532566999774,-35.07532566999777,-0.5698446279916045,0.20770402781093766,T<Tg
Tamoxifen,263.15,0.5,298.22532566999774,-35.07532566999777,-0.4657085252416957,0.16974721130479287,T<Tg
Tamoxifen,298.15,0.05,298.22532566999774,-0.07532566999776691,-2.808316165906933,0.572275333492863,T<Tg
Tamoxifen,298.15,0.2,298.22532566999774,-0.07532566999776691,-0.6036929463639029,0.12301983174181563,T<Tg
Tamoxifen,298.15,0.5,298.22532566999774,-0.07532566999776691,-0.4933712418081968,0.10053860579134266,T<Tg
Procaine,263.15,0.05,273.26979623779005,-10.11979623779007,-4.779047650478484,1.0349726086575277,T<Tg
Procaine,263.15,0.2,273.26979623779005,-10.11979623779007,-1.7010979092083878,0.3683976117080563,T<Tg
Procaine,263.15,0.5,273.26979623779005,-10.11979623779007,-0.9011607240696757,0.19515952416099425,T<Tg
Procaine,298.15,0.05,273.26979623779005,24.88020376220993,-2.6749178259335915,1.049976023964442,0-50 K
Procaine,298.15,0.2,273.26979623779005,24.88020376220993,-0.9521347041903419,0.37373806450873537,0-50 K
Procaine,298.15,0.5,273.26979623779005,24.88020376220993,-0.5043956581190088,0.19798864192468546,0-50 K
Orlistat,263.15,0.05,272.3476037740854,-9.19760377408545,-2.483779890634974,0.48879937687224606,T<Tg
Orlistat,263.15,0.2,272.3476037740854,-9.19760377408545,-0.18713513632157452,0.03682755399130899,T<Tg
Orlistat,263.15,0.5,272.3476037740854,-9.19760377408545,-0.035110100483712436,0.006909547542062633,T<Tg
Orlistat,298.15,0.05,272.3476037740854,25.80239622591455,-1.3692241302286159,0.4912965404686539,0-50 K
Orlistat,298.15,0.2,272.3476037740854,25.80239622591455,-0.10316129268588892,0.037015697494601874,0-50 K
Orlistat,298.15,0.5,272.3476037740854,25.80239622591455,-0.019355014902210144,0.006944846831312468,0-50 K
Linaprazan,263.15,0.05,323.64183426194364,-60.491834261943666,9.959211549356805,1.411768356108663,T<Tg
Linaprazan,263.15,0.2,323.64183426194364,-60.491834261943666,2.1266470018636427,0.30146291470617015,T<Tg
Linaprazan,263.15,0.5,323.64183426194364,-60.491834261943666,1.4138534395056808,0.20042084016163164,T<Tg
Linaprazan,298.15,0.05,323.64183426194364,-25.491834261943666,4.686802186126782,0.7557678431815811,T<Tg
Linaprazan,298.15,0.2,323.64183426194364,-25.491834261943666,1.000799487796621,0.16138339966388804,T<Tg
Linaprazan,298.15,0.5,323.64183426194364,-25.491834261943666,0.665359035531889,0.1072921244070848,T<Tg
Isradipine,263.15,0.05,317.3152684755038,-54.16526847550381,-0.16070325913948302,1.3224646860716156,T<Tg
Isradipine,263.15,0.2,317.3152684755038,-54.16526847550381,-0.03821427825455867,0.31447422887362964,T<Tg
Isradipine,263.15,0.5,317.3152684755038,-54.16526847550381,-0.02476742305162105,0.2038169140199937,T<Tg
Isradipine,298.15,0.05,317.3152684755038,-19.165268475503808,-0.0906154603252114,0.7280879681921117,T<Tg
Isradipine,298.15,0.2,317.3152684755038,-19.165268475503808,-0.02154781697381125,0.17313498406488503,T<Tg
Isradipine,298.15,0.5,317.3152684755038,-19.165268475503808,-0.01396556269555127,0.11221217804523498,T<Tg
Acemetacin,263.15,0.05,309.66859590597085,-46.51859590597087,0.034815967060843,1.1205980848017791,T<Tg
Acemetacin,263.15,0.2,309.66859590597085,-46.51859590597087,0.008923890635616716,0.2872272580502172,T<Tg
Acemetacin,263.15,0.5,309.66859590597085,-46.51859590597087,0.009939463851478925,0.31991482920636316,T<Tg
Acemetacin,298.15,0.05,309.66859590597085,-11.51859590597087,0.020151441621716337,0.6364870897147439,T<Tg
Acemetacin,298.15,0.2,309.66859590597085,-11.51859590597087,0.005165137618264204,0.16314184723550262,T<Tg
Acemetacin,298.15,0.5,309.66859590597085,-11.51859590597087,0.005752950225516251,0.18170801945834625,T<Tg
Nilutamide,263.15,0.05,307.5777706769834,-44.427770676983414,-0.20967291577812652,1.4335018501336059,T<Tg
Nilutamide,263.15,0.2,307.5777706769834,-44.427770676983414,-0.07617434331625428,0.5207924050243784,T<Tg
Nilutamide,263.15,0.5,307.5777706769834,-44.427770676983414,-0.05882388437920294,0.4021699549352608,T<Tg
Nilutamide,298.15,0.05,307.5777706769834,-9.427770676983414,-0.12270346217223871,0.8207989532196898,T<Tg
Nilutamide,298.15,0.2,307.5777706769834,-9.427770676983414,-0.044578269057373054,0.2981969369965813,T<Tg
Nilutamide,298.15,0.5,307.5777706769834,-9.427770676983414,-0.0344245428407437,0.2302757251387607,T<Tg
Aceclofenac,263.15,0.05,292.3312604116722,-29.181260411672213,-0.9650791048489102,1.1573818355453458,T<Tg
Aceclofenac,263.15,0.2,292.3312604116722,-29.181260411672213,-0.4115927898192945,0.49360722471850005,T<Tg
Aceclofenac,263.15,0.5,292.3312604116722,-29.181260411672213,-0.615722063664466,0.7384115236245985,T<Tg
Aceclofenac,298.15,0.05,292.3312604116722,5.818739588327787,-1.085065088475063,1.111047545253141,0-50 K
Aceclofenac,298.15,0.2,292.3312604116722,5.818739588327787,-0.46276513982850087,0.473846295578239,0-50 K
Aceclofenac,298.15,0.5,292.3312604116722,5.818739588327787,-0.6922733194920085,0.7088501698518301,0-50 K
Flurbiprofen,263.15,0.05,261.13545930852626,2.0145406914737123,0.7073187030227075,1.0908487276563035,0-50 K
Flurbiprofen,263.15,0.2,261.13545930852626,2.0145406914737123,0.3228200368946947,0.4978630212995141,0-50 K
Flurbiprofen,263.15,0.5,261.13545930852626,2.0145406914737123,0.4209896110394056,0.6492631675033136,0-50 K
Flurbiprofen,298.15,0.05,261.13545930852626,37.01454069147371,0.4604274957401471,0.8165859206969246,0-50 K
Flurbiprofen,298.15,0.2,261.13545930852626,37.01454069147371,0.21013896639093232,0.3726895611844254,0-50 K
Flurbiprofen,298.15,0.5,261.13545930852626,37.01454069147371,0.2740422266725635,0.48602445780854375,0-50 K
Fenofibrate,263.15,0.05,295.2771914407126,-32.127191440712636,-3.646614333397104,0.9901004057620408,T<Tg
Fenofibrate,263.15,0.2,295.2771914407126,-32.127191440712636,-0.793252675966265,0.21537780651850957,T<Tg
Fenofibrate,263.15,0.5,295.2771914407126,-32.127191440712636,-0.4100560642144848,0.11133523823610103,T<Tg
Fenofibrate,298.15,0.05,295.2771914407126,2.872808559287364,-3.119310737860126,0.770473875998392,0-50 K
Fenofibrate,298.15,0.2,295.2771914407126,2.872808559287364,-0.6785476509858261,0.16760216683744122,0-50 K
Fenofibrate,298.15,0.5,295.2771914407126,2.872808559287364,-0.35076160166280346,0.08663857931958985,0-50 K
