organic,salt,wo,ws,T,species,total,own,cross
glucose,Na+Cl-,0.05,0.02,283.15,H2O,0.0014395244783194615,2.461183397494543e-05,0.001464136312294407
glucose,Na+Cl-,0.05,0.02,283.15,organic,0.34096912460130113,0.060739581946621435,0.2802295426546797
glucose,Na+Cl-,0.05,0.02,283.15,cation,0.15696259427309622,0.008306247185865145,0.16526884145896137
glucose,Na+Cl-,0.05,0.02,283.15,anion,0.0701932976767729,0.0033603492460418383,0.06683294843073107
glucose,Na+Cl-,0.05,0.02,298.15,H2O,0.0014408089771317904,2.224169147237512e-05,0.0014630506686041655
glucose,Na+Cl-,0.05,0.02,298.15,organic,0.3380721637318249,0.05793915546194661,0.2801330082698783
glucose,Na+Cl-,0.05,0.02,298.15,cation,0.15685493869011014,0.008392595871333786,0.16524753456144392
glucose,Na+Cl-,0.05,0.02,298.15,anion,0.0703574182553886,0.0033660253251546757,0.06699139293023393
glucose,Na+Cl-,0.05,0.02,313.15,H2O,0.0014411079819378503,2.0992186213157583e-05,0.001462100168151008
glucose,Na+Cl-,0.05,0.02,313.15,organic,0.34136039862025735,0.06131230115452069,0.28004809746573667
glucose,Na+Cl-,0.05,0.02,313.15,cation,0.15678281475705363,0.008432260072035846,0.16521507482908948
glucose,Na+Cl-,0.05,0.02,313.15,anion,0.07048593775560397,0.0033718525722794546,0.06711408518332451
glucose,Na+Cl-,0.05,0.08,283.15,H2O,0.005850243861795639,0.0001367084318223803,0.005986952293618019
glucose,Na+Cl-,0.05,0.08,283.15,organic,1.1795003226981213,0.060515461167151896,1.1189848615309694
glucose,Na+Cl-,0.05,0.08,283.15,cation,0.15131178885645769,0.014855304135409142,0.16616709299186683
glucose,Na+Cl-,0.05,0.08,283.15,anion,0.05853731121669836,0.001359542548219017,0.057177768668479345
glucose,Na+Cl-,0.05,0.08,298.15,H2O,0.005840042702107401,0.00013896765746381607,0.005979010359571217
glucose,Na+Cl-,0.05,0.08,298.15,organic,1.1758483908230557,0.05775511057447669,1.118093280248579
glucose,Na+Cl-,0.05,0.08,298.15,cation,0.15097667809533782,0.015125842391168043,0.16610252048650587
glucose,Na+Cl-,0.05,0.08,298.15,anion,0.05850693500899362,0.0012696510975777064,0.057237283911415915
glucose,Na+Cl-,0.05,0.08,313.15,H2O,0.005829641176734137,0.00014283493876537213,0.005972476115499509
glucose,Na+Cl-,0.05,0.08,313.15,organic,1.1784547253648598,0.06113035570376524,1.1173243696610946
glucose,Na+Cl-,0.05,0.08,313.15,cation,0.15073967170949104,0.015300189961003074,0.16603986167049412
glucose,Na+Cl-,0.05,0.08,313.15,anion,0.05842058369898123,0.001134424310889226,0.057286159388092006
glucose,Na+Cl-,0.15,0.02,283.15,H2O,0.0041733819454513625,0.00020978862247792666,0.004383170567929289
glucose,Na+Cl-,0.15,0.02,283.15,organic,0.29710726220483763,0.04631664636881072,0.2507906158360269
glucose,Na+Cl-,0.15,0.02,283.15,cation,0.48585264291041214,0.009101045879192526,0.49495368878960466
glucose,Na+Cl-,0.15,0.02,283.15,anion,0.20561653993420326,0.0034316845845491217,0.20218485534965414
glucose,Na+Cl-,0.15,0.02,298.15,H2O,0.004165714371196379,0.00020026303953683561,0.004365977410733215
glucose,Na+Cl-,0.15,0.02,298.15,organic,0.29409561624267333,0.04418244934981086,0.24991316689286247
glucose,Na+Cl-,0.15,0.02,298.15,cation,0.4851443184036661,0.009196306052747794,0.4943406244564139
glucose,Na+Cl-,0.15,0.02,298.15,anion,0.2052501013443701,0.0034359163411896154,0.2018141850031805
glucose,Na+Cl-,0.15,0.02,313.15,H2O,0.004134283346068425,0.00021737030335723835,0.004351653649425663
glucose,Na+Cl-,0.15,0.02,313.15,organic,0.29536362246347636,0.04617445796558606,0.2491891644978903
glucose,Na+Cl-,0.15,0.02,313.15,cation,0.48456151727418184,0.009240439681733048,0.4938019569559149
glucose,Na+Cl-,0.15,0.02,313.15,anion,0.20494563943639676,0.003439811052653785,0.20150582838374298
glucose,Na+Cl-,0.15,0.08,283.15,H2O,0.017176216261227974,0.0003448946674955652,0.01752111092872354
glucose,Na+Cl-,0.15,0.08,283.15,organic,1.0309335097309615,0.044331279149338876,0.9866022305816227
glucose,Na+Cl-,0.15,0.08,283.15,cation,0.47862699009039383,0.014082075780858683,0.4927090658712525
glucose,Na+Cl-,0.15,0.08,283.15,anion,0.1695378362499902,0.000846320444344073,0.16869151580564612
glucose,Na+Cl-,0.15,0.08,298.15,H2O,0.01710681674096653,0.0003399706852764649,0.017446787426242998
glucose,Na+Cl-,0.15,0.08,298.15,organic,1.0251164143324958,0.042276840190729414,0.9828395741417664
glucose,Na+Cl-,0.15,0.08,298.15,cation,0.47770140109487813,0.014375553879758973,0.4920769549746371
glucose,Na+Cl-,0.15,0.08,298.15,anion,0.16892756745693777,0.0007355902383484048,0.16819197721858936
glucose,Na+Cl-,0.15,0.08,313.15,H2O,0.017016733126834906,0.0003681367532590771,0.017384869880093985
glucose,Na+Cl-,0.15,0.08,313.15,organic,1.0237401378135358,0.04404544521870868,0.9796946925948271
glucose,Na+Cl-,0.15,0.08,313.15,cation,0.47695402395268816,0.014575489349500037,0.4915295133021882
glucose,Na+Cl-,0.15,0.08,313.15,anion,0.16835185886051596,0.000566987699055943,0.16778487116146001
glucose,Na+Cl-,0.3,0.02,283.15,H2O,0.007478946749830014,0.0010126165407280154,0.00849156329055803
glucose,Na+Cl-,0.3,0.02,283.15,organic,0.22046369474973093,0.019112719119513732,0.2013509756302172
glucose,Na+Cl-,0.3,0.02,283.15,cation,0.9703315424547578,0.010550511469806734,0.9808820539245646
glucose,Na+Cl-,0.3,0.02,283.15,anion,0.4052667127874265,0.003492718389641547,0.40177399439778494
glucose,Na+Cl-,0.3,0.02,298.15,H2O,0.007520321137536976,0.0009164953633935677,0.008436816500930543
glucose,Na+Cl-,0.3,0.02,298.15,organic,0.21979374162117415,0.01963605501324106,0.2001576866079331
glucose,Na+Cl-,0.3,0.02,298.15,cation,0.9679639080083466,0.010663322285333898,0.9786272302936805
glucose,Na+Cl-,0.3,0.02,298.15,anion,0.40299391236866816,0.0034930666626059037,0.39950084570606226
glucose,Na+Cl-,0.3,0.02,313.15,H2O,0.00736130139379517,0.0010290094754732285,0.008390310869268398
glucose,Na+Cl-,0.3,0.02,313.15,organic,0.217551569518869,0.01840026665720207,0.19915130286166693
glucose,Na+Cl-,0.3,0.02,313.15,cation,0.9659687224556197,0.01071664984373949,0.9766853722993591
glucose,Na+Cl-,0.3,0.02,313.15,anion,0.40109677677434263,0.003491734371898869,0.39760504240244376
glucose,Na+Cl-,0.3,0.08,283.15,H2O,0.030816446629423015,0.0011405613702655756,0.03195700799968859
glucose,Na+Cl-,0.3,0.08,283.15,organic,0.7836130310865961,0.017160938760948374,0.7664520923256477
glucose,Na+Cl-,0.3,0.08,283.15,cation,0.9442942917186175,0.011718734267517184,0.9560130259861346
glucose,Na+Cl-,0.3,0.08,283.15,anion,0.31639863485265846,0.00018149157682051387,0.31658012642947897
glucose,Na+Cl-,0.3,0.08,298.15,H2O,0.030707819208856204,0.0010292033616621627,0.031737022570518365
glucose,Na+Cl-,0.3,0.08,298.15,organic,0.7798123617716863,0.01820930050549241,0.7616030612661939
glucose,Na+Cl-,0.3,0.08,298.15,cation,0.9418632323993528,0.012054988447977255,0.95391822084733
glucose,Na+Cl-,0.3,0.08,298.15,anion,0.313996412203532,0.0003364983771892982,0.3143329105807213
glucose,Na+Cl-,0.3,0.08,313.15,H2O,0.030382887083539336,0.001167084438396711,0.031549971521936046
glucose,Na+Cl-,0.3,0.08,313.15,organic,0.7741502620301286,0.01667013797455108,0.7574801240555775
glucose,Na+Cl-,0.3,0.08,313.15,cation,0.9398078063953462,0.012309922830426756,0.952117729225773
glucose,Na+Cl-,0.3,0.08,313.15,anion,0.3118857718204885,0.0005784065041131159,0.3124641783246016
glucose,NH4+SO4--,0.05,0.02,283.15,H2O,0.0007452439039237965,1.3758021162569092e-05,0.0007314858827612274
glucose,NH4+SO4--,0.05,0.02,283.15,organic,0.22142182380865005,0.060739581946621435,0.16068224186202862
glucose,NH4+SO4--,0.05,0.02,283.15,cation,0.06588303638735882,0.003640675945655314,0.06952371233301413
glucose,NH4+SO4--,0.05,0.02,283.15,anion,0.12784762736921618,0.010899209180682767,0.11694841818853341
glucose,NH4+SO4--,0.05,0.02,298.15,H2O,0.0007470722122095387,1.670554050941988e-05,0.0007303666717001188
glucose,NH4+SO4--,0.05,0.02,298.15,organic,0.2185731555668431,0.05793915546194661,0.16063400010489648
glucose,NH4+SO4--,0.05,0.02,298.15,cation,0.06602088784408155,0.0035428867042475165,0.06956377454832907
glucose,NH4+SO4--,0.05,0.02,298.15,anion,0.12836566782989234,0.010874326978473015,0.11749134085141932
glucose,NH4+SO4--,0.05,0.02,313.15,H2O,0.0007467151816041994,1.7282284701122894e-05,0.0007294328969030765
glucose,NH4+SO4--,0.05,0.02,313.15,organic,0.22190672719886062,0.06131230115452069,0.16059442604433993
glucose,NH4+SO4--,0.05,0.02,313.15,cation,0.06598855314087898,0.0035972192991458596,0.06958577244002484
glucose,NH4+SO4--,0.05,0.02,313.15,anion,0.12827781875638755,0.010366291962051077,0.11791152679433647
glucose,NH4+SO4--,0.05,0.08,283.15,H2O,0.0027607515782602354,8.993936322375558e-05,0.0026708122150364798
glucose,NH4+SO4--,0.05,0.08,283.15,organic,0.6067839850317875,0.060515461167151896,0.5462685238646356
glucose,NH4+SO4--,0.05,0.08,283.15,cation,0.06907029789820329,0.009783546083340755,0.05928675181486254
glucose,NH4+SO4--,0.05,0.08,283.15,anion,0.09631029627591081,0.0033688170752914637,0.09967911335120228
glucose,NH4+SO4--,0.05,0.08,298.15,H2O,0.0027617879700088787,0.0001031308744168253,0.0026586570955920534
glucose,NH4+SO4--,0.05,0.08,298.15,organic,0.6030023069110324,0.05775511057447669,0.5452471963365557
glucose,NH4+SO4--,0.05,0.08,298.15,cation,0.06936734073314166,0.010136934639471074,0.059230406093670585
glucose,NH4+SO4--,0.05,0.08,298.15,anion,0.0970125622066984,0.0026522125034293964,0.0996647747101278
glucose,NH4+SO4--,0.05,0.08,313.15,H2O,0.0027506531897454403,0.000101682713665327,0.0026489704760801133
glucose,NH4+SO4--,0.05,0.08,313.15,organic,0.6055344950460071,0.06113035570376524,0.5444041393422419
glucose,NH4+SO4--,0.05,0.08,313.15,cation,0.06917334641301343,0.009992834636858627,0.0591805117761548
glucose,NH4+SO4--,0.05,0.08,313.15,anion,0.0962756287125539,0.003385087093057404,0.09966071580561131
glucose,NH4+SO4--,0.15,0.02,283.15,H2O,0.0022120487785827056,0.00016176995510710623,0.002373818733689812
glucose,NH4+SO4--,0.15,0.02,283.15,organic,0.20225169975447854,0.04631664636881072,0.15593505338566782
glucose,NH4+SO4--,0.15,0.02,283.15,cation,0.2073763266603974,0.003059429147068471,0.21043575580746587
glucose,NH4+SO4--,0.15,0.02,283.15,anion,0.39503769438760417,0.011207273102665116,0.38383042128493905
glucose,NH4+SO4--,0.15,0.02,298.15,H2O,0.0021989406096592405,0.00015149053046630088,0.0023504311401255414
glucose,NH4+SO4--,0.15,0.02,298.15,organic,0.1989146709687466,0.04418244934981086,0.15473222161893574
glucose,NH4+SO4--,0.15,0.02,298.15,cation,0.2069627711398141,0.002950948201528192,0.2099137193413423
glucose,NH4+SO4--,0.15,0.02,298.15,anion,0.39344498560734453,0.011194338579298302,0.38225064702804623
glucose,NH4+SO4--,0.15,0.02,313.15,H2O,0.0021617419378188243,0.00016937730244811003,0.0023311192402669344
glucose,NH4+SO4--,0.15,0.02,313.15,organic,0.1999210039117454,0.04617445796558606,0.15374654594615933
glucose,NH4+SO4--,0.15,0.02,313.15,cation,0.206452147090887,0.0030111259771118393,0.20946327306799883
glucose,NH4+SO4--,0.15,0.02,313.15,anion,0.3915860252323877,0.010649125884537147,0.3809368993478506
glucose,NH4+SO4--,0.15,0.08,283.15,H2O,0.008637177042173802,0.00010834294766571065,0.008745519989839513
glucose,NH4+SO4--,0.15,0.08,283.15,organic,0.5790444531801988,0.044331279149338876,0.5347131740308599
glucose,NH4+SO4--,0.15,0.08,283.15,cation,0.18987639515399357,0.010581304610051245,0.17929509054394233
glucose,NH4+SO4--,0.15,0.08,283.15,anion,0.3244803105875804,0.0036271267444560884,0.3281074373320365
glucose,NH4+SO4--,0.15,0.08,298.15,H2O,0.00855937045768989,8.362262154850558e-05,0.008642993079238395
glucose,NH4+SO4--,0.15,0.08,298.15,organic,0.57200062678213,0.042276840190729414,0.5297237865914006
glucose,NH4+SO4--,0.15,0.08,298.15,cation,0.18964683412876637,0.010971998214848289,0.17867483591391808
glucose,NH4+SO4--,0.15,0.08,298.15,anion,0.3230500856285321,0.00275853799594028,0.3258086236244724
glucose,NH4+SO4--,0.15,0.08,313.15,H2O,0.008450940256572666,0.00010727519052518633,0.008558215447097853
glucose,NH4+SO4--,0.15,0.08,313.15,organic,0.5696296710849618,0.04404544521870868,0.5255842258662531
glucose,NH4+SO4--,0.15,0.08,313.15,cation,0.1889763409652938,0.010824417424524446,0.17815192354076936
glucose,NH4+SO4--,0.15,0.08,313.15,anion,0.3204728703310402,0.0034610830186792008,0.3239339533497194
glucose,NH4+SO4--,0.3,0.02,283.15,H2O,0.004183982828735397,0.0009443063631744478,0.005128289191909845
glucose,NH4+SO4--,0.3,0.02,283.15,organic,0.1595920174875085,0.019112719119513732,0.14047929836799478
glucose,NH4+SO4--,0.3,0.02,283.15,cation,0.41980743315567115,0.0017502018823660759,0.4215576350380372
glucose,NH4+SO4--,0.3,0.02,283.15,anion,0.8650234683808415,0.011030197255372798,0.8539932711254687
glucose,NH4+SO4--,0.3,0.02,298.15,H2O,0.004205901230544216,0.0008469822544938518,0.005052883485038068
glucose,NH4+SO4--,0.3,0.02,298.15,organic,0.15844136401401454,0.01963605501324106,0.13880530900077348
glucose,NH4+SO4--,0.3,0.02,298.15,cation,0.4177044334778437,0.0016202584302120737,0.41932469190805577
glucose,NH4+SO4--,0.3,0.02,298.15,anion,0.8560325183253772,0.011048860187659493,0.8449836581377177
glucose,NH4+SO4--,0.3,0.02,313.15,H2O,0.004028674979908207,0.0009604705964171853,0.004989145576325392
glucose,NH4+SO4--,0.3,0.02,313.15,organic,0.15579890328826962,0.01840026665720207,0.13739863663106755
glucose,NH4+SO4--,0.3,0.02,313.15,cation,0.41573458226532833,0.0016917907510288765,0.4174263730163572
glucose,NH4+SO4--,0.3,0.02,313.15,anion,0.8479026315189562,0.010440008963679137,0.837462622555277
glucose,NH4+SO4--,0.3,0.08,283.15,H2O,0.018158503029096617,0.0009159377936746559,0.019074440822771273
glucose,NH4+SO4--,0.3,0.08,283.15,organic,0.5019396575704407,0.017160938760948374,0.4847787188094923
glucose,NH4+SO4--,0.3,0.08,283.15,cation,0.3697156335975622,0.011251668697660477,0.35846396489990173
glucose,NH4+SO4--,0.3,0.08,283.15,anion,0.7305116280751651,0.0026469583346120373,0.7331585864097772
glucose,NH4+SO4--,0.3,0.08,298.15,H2O,0.01800251979368044,0.000774393773029295,0.018776913566709734
glucose,NH4+SO4--,0.3,0.08,298.15,organic,0.4964582695195585,0.01820930050549241,0.4782489690140661
glucose,NH4+SO4--,0.3,0.08,298.15,cation,0.3680702193321028,0.011715040374580488,0.35635517895752233
glucose,NH4+SO4--,0.3,0.08,298.15,anion,0.7228116778204701,0.001465414294005818,0.7242770921144759
glucose,NH4+SO4--,0.3,0.08,313.15,H2O,0.017623596813160097,0.0009016425441181301,0.018525239357278227
glucose,NH4+SO4--,0.3,0.08,313.15,organic,0.4893950931084088,0.01667013797455108,0.4727249551338577
glucose,NH4+SO4--,0.3,0.08,313.15,cation,0.3661376939146337,0.011568043746119416,0.35456965016851427
glucose,NH4+SO4--,0.3,0.08,313.15,anion,0.7148122586508521,0.0020750738585828543,0.7168873325094349
glucose,Ca2+NO3-,0.05,0.02,283.15,H2O,0.0004510155141111338,2.568484709414634e-06,0.00045358399882054843
glucose,Ca2+NO3-,0.05,0.02,283.15,organic,0.16547879076924144,0.060739581946621435,0.10473920882262
glucose,Ca2+NO3-,0.05,0.02,283.15,cation,0.20007678068368207,0.004177273778354307,0.20425405446203637
glucose,Ca2+NO3-,0.05,0.02,283.15,anion,0.004033015969569231,0.008113333987344096,0.004080318017774864
glucose,Ca2+NO3-,0.05,0.02,298.15,H2O,0.00045280856611783996,1.260657111288449e-07,0.0004526825004067111
glucose,Ca2+NO3-,0.05,0.02,298.15,organic,0.16263602781194741,0.05793915546194661,0.1046968723500008
glucose,Ca2+NO3-,0.05,0.02,298.15,cation,0.20081653600169225,0.0037678891430508177,0.20458442514474307
glucose,Ca2+NO3-,0.05,0.02,298.15,anion,0.003990863299644598,0.00793159223954154,0.0039407289398969425
glucose,Ca2+NO3-,0.05,0.02,313.15,H2O,0.00045335976875727287,1.445341061262007e-06,0.00045191442769601086
glucose,Ca2+NO3-,0.05,0.02,313.15,organic,0.16597383941158994,0.06131230115452069,0.10466153825706925
glucose,Ca2+NO3-,0.05,0.02,313.15,cation,0.20140023334538548,0.003415545280181176,0.20481577862556666
glucose,Ca2+NO3-,0.05,0.02,313.15,anion,0.0039013903538939187,0.007734986228334573,0.003833595874440654
glucose,Ca2+NO3-,0.05,0.08,283.15,H2O,0.0013448295122571513,4.223025340000224e-05,0.001302599258857149
glucose,Ca2+NO3-,0.05,0.08,283.15,organic,0.3782147021933999,0.060515461167151896,0.317699241026248
glucose,Ca2+NO3-,0.05,0.08,283.15,cation,0.1886907807825966,0.00041132728776327454,0.18910210807035988
glucose,Ca2+NO3-,0.05,0.08,283.15,anion,0.022154831596802094,0.007158227810824869,0.029313059407626962
glucose,Ca2+NO3-,0.05,0.08,298.15,H2O,0.001339138680239456,4.526558760122382e-05,0.0012938730926382322
glucose,Ca2+NO3-,0.05,0.08,298.15,organic,0.37465438486893876,0.05775511057447669,0.3168992742944621
glucose,Ca2+NO3-,0.05,0.08,298.15,cation,0.1898971320443752,0.0008344570141463059,0.1890626750302289
glucose,Ca2+NO3-,0.05,0.08,298.15,anion,0.022712866539285115,0.006573628165089607,0.02928649470437472
glucose,Ca2+NO3-,0.05,0.08,313.15,H2O,0.0013298369226942197,4.2977799455463234e-05,0.0012868591232387564
glucose,Ca2+NO3-,0.05,0.08,313.15,organic,0.3773586611750328,0.06113035570376524,0.31622830547126757
glucose,Ca2+NO3-,0.05,0.08,313.15,cation,0.19065499524184304,0.0016369633422126384,0.1890180318996304
glucose,Ca2+NO3-,0.05,0.08,313.15,anion,0.023380606537245274,0.005883980734536998,0.029264587271782272
glucose,Ca2+NO3-,0.15,0.02,283.15,H2O,0.0012991048772876346,0.00018444032441498805,0.0014835452017026227
glucose,Ca2+NO3-,0.15,0.02,283.15,organic,0.14899656494331537,0.04631664636881072,0.10267991857450465
glucose,Ca2+NO3-,0.15,0.02,283.15,cation,0.6353312751806075,0.005226510924015049,0.6405577861046226
glucose,Ca2+NO3-,0.15,0.02,283.15,anion,0.0021895744367136927,0.008283103153905513,0.010472677590619206
glucose,Ca2+NO3-,0.15,0.02,298.15,H2O,0.0012902558089502424,0.00017450739957536494,0.0014647632085256074
glucose,Ca2+NO3-,0.15,0.02,298.15,organic,0.14590571307616962,0.04418244934981086,0.10172326372635876
glucose,Ca2+NO3-,0.15,0.02,298.15,cation,0.633892914601365,0.004774274694035574,0.6386671892954006
glucose,Ca2+NO3-,0.15,0.02,298.15,anion,0.0027868910636514865,0.008081963215529564,0.01086885427918105
glucose,Ca2+NO3-,0.15,0.02,313.15,H2O,0.0012576999506291268,0.00019152477104493297,0.0014492247216740597
glucose,Ca2+NO3-,0.15,0.02,313.15,organic,0.14711378281150633,0.04617445796558606,0.10093932484592028
glucose,Ca2+NO3-,0.15,0.02,313.15,cation,0.6326622573755261,0.004388621768558032,0.6370508791440841
glucose,Ca2+NO3-,0.15,0.02,313.15,anion,0.0033362797859340376,0.007863733787996041,0.011200013573930079
glucose,Ca2+NO3-,0.15,0.08,283.15,H2O,0.004191446757383816,0.00012710301780702055,0.0043185497751908365
glucose,Ca2+NO3-,0.15,0.08,283.15,organic,0.36176424749904657,0.044331279149338876,0.3174329683497077
glucose,Ca2+NO3-,0.15,0.08,283.15,cation,0.5943678075151895,0.003841391545898798,0.5905264159692907
glucose,Ca2+NO3-,0.15,0.08,283.15,anion,0.08114896163340968,0.007206539168308157,0.08835550080171783
glucose,Ca2+NO3-,0.15,0.08,298.15,H2O,0.004120499837313903,0.0001155379426997635,0.004236037780013666
glucose,Ca2+NO3-,0.15,0.08,298.15,organic,0.3556291709049184,0.042276840190729414,0.313352330714189
glucose,Ca2+NO3-,0.15,0.08,298.15,cation,0.5933936431693967,0.005186805720319043,0.5882068374490776
glucose,Ca2+NO3-,0.15,0.08,298.15,anion,0.08232547853392064,0.00657329598173978,0.08889877451566042
glucose,Ca2+NO3-,0.15,0.08,313.15,H2O,0.004026102699623617,0.0001415908329875674,0.004167693532611184
glucose,Ca2+NO3-,0.15,0.08,313.15,organic,0.35400801313902575,0.04404544521870868,0.30996256792031707
glucose,Ca2+NO3-,0.15,0.08,313.15,cation,0.5922767270589313,0.006011031013663626,0.5862656960452677
glucose,Ca2+NO3-,0.15,0.08,313.15,anion,0.08352917528217502,0.005814804167023124,0.08934397944919814
glucose,Ca2+NO3-,0.3,0.02,283.15,H2O,0.0021987591271013015,0.000980341733538963,0.0031791008606402646
glucose,Ca2+NO3-,0.3,0.02,283.15,organic,0.11201853540274853,0.019112719119513732,0.0929058162832348
glucose,Ca2+NO3-,0.3,0.02,283.15,cation,1.3440154404282416,0.007105785641687401,1.351121226069929
glucose,Ca2+NO3-,0.3,0.02,283.15,anion,0.014272587106468282,0.008455857287944402,0.022728444394412683
glucose,Ca2+NO3-,0.3,0.02,298.15,H2O,0.0022348063444551603,0.0008836150865060748,0.003118421430961235
glucose,Ca2+NO3-,0.3,0.02,298.15,organic,0.11121423970436584,0.01963605501324106,0.09157818469112478
glucose,Ca2+NO3-,0.3,0.02,298.15,cation,1.335485668596439,0.00656948245354716,1.342055151049986
glucose,Ca2+NO3-,0.3,0.02,298.15,anion,0.016786427808246684,0.008216326135717211,0.025002753943963896
glucose,Ca2+NO3-,0.3,0.02,313.15,H2O,0.002071091304704697,0.000995989584812903,0.0030670808895176
glucose,Ca2+NO3-,0.3,0.02,313.15,organic,0.10886290671202503,0.01840026665720207,0.09046264005482296
glucose,Ca2+NO3-,0.3,0.02,313.15,cation,1.328277276205899,0.006120909957124887,1.3343981861630239
glucose,Ca2+NO3-,0.3,0.02,313.15,anion,0.018948852295865737,0.007954852211199293,0.02690370450706503
glucose,Ca2+NO3-,0.3,0.08,283.15,H2O,0.008212068974340018,0.0008550210284706981,0.009067090002810717
glucose,Ca2+NO3-,0.3,0.08,283.15,organic,0.307164327236628,0.017160938760948374,0.29000338847567964
glucose,Ca2+NO3-,0.3,0.08,283.15,cation,1.2484123557791516,0.011967953168552814,1.2364444026105987
glucose,Ca2+NO3-,0.3,0.08,283.15,anion,0.17862504991922845,0.007698458201698899,0.18632350812092735
glucose,Ca2+NO3-,0.3,0.08,298.15,H2O,0.008089596270391287,0.0007336814602011731,0.008823277730592459
glucose,Ca2+NO3-,0.3,0.08,298.15,organic,0.30287857936084905,0.01820930050549241,0.28466927885535664
glucose,Ca2+NO3-,0.3,0.08,298.15,cation,1.241175810492646,0.01350707886553737,1.2276687316271087
glucose,Ca2+NO3-,0.3,0.08,298.15,anion,0.18159543348406726,0.006976790997117233,0.1885722244811845
glucose,Ca2+NO3-,0.3,0.08,313.15,H2O,0.00774894326004671,0.0008678038093457895,0.0086167470693925
glucose,Ca2+NO3-,0.3,0.08,313.15,organic,0.2968219217166783,0.01667013797455108,0.28015178374212724
glucose,Ca2+NO3-,0.3,0.08,313.15,cation,1.2346443213894251,0.014366299465234267,1.2202780219241909
glucose,Ca2+NO3-,0.3,0.08,313.15,anion,0.18436226486274399,0.006084708536850392,0.19044697339959438
citric acid,Na+Cl-,0.05,0.02,283.15,H2O,0.0013472507004254886,0.00010465996007914704,0.0012425907403463415
citric acid,Na+Cl-,0.05,0.02,283.15,organic,0.24789799848292837,0.014925367221922947,0.2628233657048513
citric acid,Na+Cl-,0.05,0.02,283.15,cation,0.11156081895094838,0.008306247185865145,0.11986706613681353
citric acid,Na+Cl-,0.05,0.02,283.15,anion,0.08187926315350252,0.0033603492460418383,0.07851891390746069
citric acid,Na+Cl-,0.05,0.02,298.15,H2O,0.001328998877362924,9.162503287187657e-05,0.0012373738444910473
citric acid,Na+Cl-,0.05,0.02,298.15,organic,0.26492315464586014,0.0030744091466941015,0.26184874549916604
citric acid,Na+Cl-,0.05,0.02,298.15,cation,0.11108910180851117,0.008392595871333786,0.11948169767984496
citric acid,Na+Cl-,0.05,0.02,298.15,anion,0.08146205962912184,0.0033660253251546757,0.07809603430396717
citric acid,Na+Cl-,0.05,0.02,313.15,H2O,0.0013158914039242155,8.332789415497577e-05,0.0012325635097692397
citric acid,Na+Cl-,0.05,0.02,313.15,organic,0.28605511199960154,0.025103518599859376,0.26095159339974217
citric acid,Na+Cl-,0.05,0.02,313.15,cation,0.11069496459155209,0.008432260072035846,0.11912722466358794
citric acid,Na+Cl-,0.05,0.02,313.15,anion,0.08107639662762223,0.0033718525722794546,0.07770454405534277
citric acid,Na+Cl-,0.05,0.08,283.15,H2O,0.004678177254261659,7.282453626202522e-06,0.0046708948006354565
citric acid,Na+Cl-,0.05,0.08,283.15,organic,0.9768343394603907,0.01234212131578527,0.9891764607761759
citric acid,Na+Cl-,0.05,0.08,283.15,cation,0.10065102295947836,0.014855304135409142,0.1155063270948875
citric acid,Na+Cl-,0.05,0.08,283.15,anion,0.061568386356321336,0.001359542548219017,0.06020884380810232
citric acid,Na+Cl-,0.05,0.08,298.15,H2O,0.004637243945252495,1.2103991157711748e-05,0.004649347936410207
citric acid,Na+Cl-,0.05,0.08,298.15,organic,0.9903681453408972,0.005370180818879522,0.9849979645220177
citric acid,Na+Cl-,0.05,0.08,298.15,cation,0.10001623404759447,0.015125842391168043,0.11514207643876251
citric acid,Na+Cl-,0.05,0.08,298.15,anion,0.061059491811105704,0.0012696510975777064,0.059789840713528
citric acid,Na+Cl-,0.05,0.08,313.15,H2O,0.004602998430316221,2.6530282628836437e-05,0.004629528712945057
citric acid,Na+Cl-,0.05,0.08,313.15,organic,1.00835391579205,0.0272074065224841,0.9811465092695659
citric acid,Na+Cl-,0.05,0.08,313.15,cation,0.0995068582759619,0.015300189961003074,0.11480704823696497
citric acid,Na+Cl-,0.05,0.08,313.15,anion,0.06053822809475856,0.001134424310889226,0.059403803783869336
citric acid,Na+Cl-,0.15,0.02,283.15,H2O,0.004030020402853984,0.00038304614539496035,0.0036469742574590236
citric acid,Na+Cl-,0.15,0.02,283.15,organic,0.25093381353034205,0.019130787069264965,0.2318030264610771
citric acid,Na+Cl-,0.15,0.02,283.15,cation,0.3478264522782452,0.009101045879192526,0.35692749815743774
citric acid,Na+Cl-,0.15,0.02,283.15,anion,0.23546513247067946,0.0034316845845491217,0.23203344788613034
citric acid,Na+Cl-,0.15,0.02,298.15,H2O,0.003947676657329335,0.0003180234741303929,0.003629653183198942
citric acid,Na+Cl-,0.15,0.02,298.15,organic,0.2625485125428173,0.03170996100499002,0.23083855153782729
citric acid,Na+Cl-,0.15,0.02,298.15,cation,0.3465150228067815,0.009196306052747794,0.3557113288595293
citric acid,Na+Cl-,0.15,0.02,298.15,anion,0.2341356714371829,0.0034359163411896154,0.23069975509599328
citric acid,Na+Cl-,0.15,0.02,313.15,H2O,0.003877923722634293,0.0002641872857723649,0.003613736436861928
citric acid,Na+Cl-,0.15,0.02,313.15,organic,0.27923143985231547,0.04927715988903869,0.22995427996327678
citric acid,Na+Cl-,0.15,0.02,313.15,cation,0.34535362036104267,0.009240439681733048,0.3545940600427757
citric acid,Na+Cl-,0.15,0.02,313.15,anion,0.2329073138790615,0.003439811052653785,0.2294675028264077
citric acid,Na+Cl-,0.15,0.08,283.15,H2O,0.013576100034614035,0.0002754667930607371,0.013300633241553297
citric acid,Na+Cl-,0.15,0.08,283.15,organic,0.8778079372252416,0.01857988131508792,0.8592280559101537
citric acid,Na+Cl-,0.15,0.08,283.15,cation,0.3252927787776176,0.014082075780858683,0.33937485455847627
citric acid,Na+Cl-,0.15,0.08,283.15,anion,0.17396024327315862,0.000846320444344073,0.17311392282881455
citric acid,Na+Cl-,0.15,0.08,298.15,H2O,0.013430172251800083,0.0002005487618930204,0.013229623489907062
citric acid,Na+Cl-,0.15,0.08,298.15,organic,0.8860666239359487,0.03094326694960703,0.8551233569863417
citric acid,Na+Cl-,0.15,0.08,298.15,cation,0.32385749205894965,0.014375553879758973,0.3382330459387086
citric acid,Na+Cl-,0.15,0.08,298.15,anion,0.1725361023092658,0.0007355902383484048,0.1718005120709174
citric acid,Na+Cl-,0.15,0.08,313.15,H2O,0.01329870911311739,0.00013419746185474105,0.013164511651262648
citric acid,Na+Cl-,0.15,0.08,313.15,organic,0.8995410255356686,0.04818944110050505,0.8513515844351636
citric acid,Na+Cl-,0.15,0.08,313.15,cation,0.3226086576163245,0.014575489349500037,0.33718414696582455
citric acid,Na+Cl-,0.15,0.08,313.15,anion,0.17115967963634304,0.000566987699055943,0.1705926919372871
citric acid,Na+Cl-,0.3,0.02,283.15,H2O,0.006327486029171867,0.0006124902748277433,0.006939976303999611
citric acid,Na+Cl-,0.3,0.02,283.15,organic,0.17114830862959218,0.01376731141410703,0.1849156200436992
citric acid,Na+Cl-,0.3,0.02,283.15,cation,0.6924428786863355,0.010550511469806734,0.7029933901561423
citric acid,Na+Cl-,0.3,0.02,283.15,anion,0.45433144051551627,0.003492718389641547,0.4508387221258747
citric acid,Na+Cl-,0.3,0.02,298.15,H2O,0.006214408550787849,0.0006853933501245733,0.006899801900912422
citric acid,Na+Cl-,0.3,0.02,298.15,organic,0.18225886215934128,0.0017370951062263273,0.1839959572655676
citric acid,Na+Cl-,0.3,0.02,298.15,cation,0.6897016549618014,0.010663322285333898,0.7003649772471352
citric acid,Na+Cl-,0.3,0.02,298.15,anion,0.451462102378466,0.0034930666626059037,0.4479690357158601
citric acid,Na+Cl-,0.3,0.02,313.15,H2O,0.005996990471194055,0.0008660750778609074,0.006863065549054963
citric acid,Na+Cl-,0.3,0.02,313.15,organic,0.19451361855283378,0.011355785827739107,0.18315783272509467
citric acid,Na+Cl-,0.3,0.02,313.15,cation,0.6872380964444929,0.01071664984373949,0.6979547462882323
citric acid,Na+Cl-,0.3,0.02,313.15,anion,0.44881708092134,0.003491734371898869,0.4453253465494411
citric acid,Na+Cl-,0.3,0.08,283.15,H2O,0.02244010120630606,0.0008201148074822515,0.02326021601378831
citric acid,Na+Cl-,0.3,0.08,283.15,organic,0.644607248603497,0.017688040185142917,0.66229528878864
citric acid,Na+Cl-,0.3,0.08,283.15,cation,0.6368414538798048,0.011718734267517184,0.648560188147322
citric acid,Na+Cl-,0.3,0.08,283.15,anion,0.31555479232859845,0.00018149157682051387,0.31573628390541897
citric acid,Na+Cl-,0.3,0.08,298.15,H2O,0.02219848102563246,0.0009008065066410942,0.023099287532273555
citric acid,Na+Cl-,0.3,0.08,298.15,organic,0.6528287048072379,0.0056285267773961145,0.658457231584634
citric acid,Na+Cl-,0.3,0.08,298.15,cation,0.6340725208783704,0.012054988447977255,0.6461275093263477
citric acid,Na+Cl-,0.3,0.08,298.15,anion,0.312613061703105,0.0003364983771892982,0.3129495600802943
citric acid,Na+Cl-,0.3,0.08,313.15,H2O,0.021831463765271196,0.0011208998640909375,0.022952363629362135
citric acid,Na+Cl-,0.3,0.08,313.15,organic,0.6617629298579126,0.006817575548820232,0.6549453543090924
citric acid,Na+Cl-,0.3,0.08,313.15,cation,0.6315867596688568,0.012309922830426756,0.6438966824992836
citric acid,Na+Cl-,0.3,0.08,313.15,anion,0.3098152731693319,0.0005784065041131159,0.310393679673445
citric acid,NH4+SO4--,0.05,0.02,283.15,H2O,0.00037834397456426973,0.00014302981521666135,0.00023531415934760838
citric acid,NH4+SO4--,0.05,0.02,283.15,organic,0.032333864766642684,0.014925367221922947,0.04725923198856563
citric acid,NH4+SO4--,0.05,0.02,283.15,cation,0.0055655833295777946,0.003640675945655314,0.009206259275233108
citric acid,NH4+SO4--,0.05,0.02,283.15,anion,0.07565835347848093,0.010899209180682767,0.06475914429779817
citric acid,NH4+SO4--,0.05,0.02,298.15,H2O,0.00035878593799270947,0.00013057226485367135,0.0002282136731390381
citric acid,NH4+SO4--,0.05,0.02,298.15,organic,0.04898092797219711,0.0030744091466941015,0.04590651882550301
citric acid,NH4+SO4--,0.05,0.02,298.15,cation,0.005263835962437069,0.0035428867042475165,0.008806722666684585
citric acid,NH4+SO4--,0.05,0.02,298.15,anion,0.0739445845256963,0.010874326978473015,0.06307025754722329
citric acid,NH4+SO4--,0.05,0.02,313.15,H2O,0.00034325943162223085,0.00012160236506925581,0.00022165706655297504
citric acid,NH4+SO4--,0.05,0.02,313.15,organic,0.06976199726519083,0.025103518599859376,0.04465847866533146
citric acid,NH4+SO4--,0.05,0.02,313.15,cation,0.004840952968483581,0.0035972192991458596,0.00843817226762944
citric acid,NH4+SO4--,0.05,0.02,313.15,anion,0.07187395182222267,0.010366291962051077,0.06150765986017159
citric acid,NH4+SO4--,0.05,0.08,283.15,H2O,0.0012841420178321683,0.0002339302486723399,0.0010502117691598284
citric acid,NH4+SO4--,0.05,0.08,283.15,organic,0.18605711622453214,0.01234212131578527,0.1983992375403174
citric acid,NH4+SO4--,0.05,0.08,283.15,cation,0.021751225035387622,0.009783546083340755,0.011967678952046867
citric acid,NH4+SO4--,0.05,0.08,283.15,anion,0.05937896167223,0.0033688170752914637,0.06274777874752147
citric acid,NH4+SO4--,0.05,0.08,298.15,H2O,0.0012504615215951382,0.00022999454072292723,0.001020466980872211
citric acid,NH4+SO4--,0.05,0.08,298.15,organic,0.19804781223648105,0.005370180818879522,0.19267763141760152
citric acid,NH4+SO4--,0.05,0.08,298.15,cation,0.02172041328495955,0.010136934639471074,0.011583478645488476
citric acid,NH4+SO4--,0.05,0.08,298.15,anion,0.05841673509269718,0.0026522125034293964,0.06106894759612658
citric acid,NH4+SO4--,0.05,0.08,313.15,H2O,0.0012112362254344082,0.0002179873698018621,0.0009932488556325461
citric acid,NH4+SO4--,0.05,0.08,313.15,organic,0.21461600232404288,0.0272074065224841,0.18740859580155877
citric acid,NH4+SO4--,0.05,0.08,313.15,cation,0.021224411517905994,0.009992834636858627,0.011231576881047367
citric acid,NH4+SO4--,0.05,0.08,313.15,anion,0.05614653302185557,0.003385087093057404,0.059531620114912975
citric acid,NH4+SO4--,0.15,0.02,283.15,H2O,0.0011953490337991168,0.00043106481276578056,0.0007642842210333362
citric acid,NH4+SO4--,0.15,0.02,283.15,organic,0.06445765085992639,0.019130787069264965,0.04532686379066142
citric acid,NH4+SO4--,0.15,0.02,283.15,cation,0.023066520395319756,0.003059429147068471,0.026125949542388227
citric acid,NH4+SO4--,0.15,0.02,283.15,anion,0.21929357445104847,0.011207273102665116,0.20808630134838335
citric acid,NH4+SO4--,0.15,0.02,298.15,H2O,0.0011075853383926619,0.00036679598320092785,0.000740789355191734
citric acid,NH4+SO4--,0.15,0.02,298.15,organic,0.07570086365183704,0.03170996100499002,0.04399090264684702
citric acid,NH4+SO4--,0.15,0.02,298.15,cation,0.021916911462682265,0.002950948201528192,0.024867859664210457
citric acid,NH4+SO4--,0.15,0.02,298.15,anion,0.2139639791172845,0.011194338579298302,0.20276964053798618
citric acid,NH4+SO4--,0.15,0.02,313.15,H2O,0.0010313538233186446,0.0003121802866814932,0.0007191735366371514
citric acid,NH4+SO4--,0.15,0.02,313.15,organic,0.09204056610335853,0.04927715988903869,0.04276340621431984
citric acid,NH4+SO4--,0.15,0.02,313.15,cation,0.020697983710018852,0.0030111259771118393,0.02370910968713069
citric acid,NH4+SO4--,0.15,0.02,313.15,anion,0.20850901532335775,0.010649125884537147,0.1978598894388206
citric acid,NH4+SO4--,0.15,0.08,283.15,H2O,0.003961103047939108,0.0005120185128905906,0.0034490845350485175
citric acid,NH4+SO4--,0.15,0.08,283.15,organic,0.21129798664677812,0.01857988131508792,0.1927181053316902
citric acid,NH4+SO4--,0.15,0.08,283.15,cation,0.045357417135846956,0.010581304610051245,0.03477611252579571
citric acid,NH4+SO4--,0.15,0.08,283.15,anion,0.19850454771595727,0.0036271267444560884,0.20213167446041336
citric acid,NH4+SO4--,0.15,0.08,298.15,H2O,0.003808464459276054,0.00045689682562098134,0.0033515676336550726
citric acid,NH4+SO4--,0.15,0.08,298.15,organic,0.21807203825089783,0.03094326694960703,0.1871287713012908
citric acid,NH4+SO4--,0.15,0.08,298.15,cation,0.044546271704208995,0.010971998214848289,0.033574273489360706
citric acid,NH4+SO4--,0.15,0.08,298.15,anion,0.1941216634628269,0.00275853799594028,0.19688020145876717
citric acid,NH4+SO4--,0.15,0.08,313.15,H2O,0.0036576595977870843,0.0003950590245886329,0.0032626005731984514
citric acid,NH4+SO4--,0.15,0.08,313.15,organic,0.23018517334329203,0.04818944110050505,0.18199573224278698
citric acid,NH4+SO4--,0.15,0.08,313.15,cation,0.043299376804807777,0.010824417424524446,0.03247495938028333
citric acid,NH4+SO4--,0.15,0.08,313.15,anion,0.18861810089061892,0.0034610830186792008,0.19207918390929812
citric acid,NH4+SO4--,0.3,0.02,283.15,H2O,0.0011990821712805763,0.0005441800972741757,0.001743262268554752
citric acid,NH4+SO4--,0.3,0.02,283.15,organic,0.0279650969459051,0.01376731141410703,0.04173240836001213
citric acid,NH4+SO4--,0.3,0.02,283.15,cation,0.045049164766440386,0.0017502018823660759,0.04679936664880646
citric acid,NH4+SO4--,0.3,0.02,283.15,anion,0.4760194934160511,0.011030197255372798,0.4649892961606783
citric acid,NH4+SO4--,0.3,0.02,298.15,H2O,0.0010734232118224277,0.0006158802412248574,0.001689303453047285
citric acid,NH4+SO4--,0.3,0.02,298.15,organic,0.038729826555986335,0.0017370951062263273,0.04046692166221266
citric acid,NH4+SO4--,0.3,0.02,298.15,cation,0.042475129609491846,0.0016202584302120737,0.04409538803970392
citric acid,NH4+SO4--,0.3,0.02,298.15,anion,0.4646371324665868,0.011048860187659493,0.4535882722789273
citric acid,NH4+SO4--,0.3,0.02,313.15,H2O,0.0008423833146550407,0.0007975361988048642,0.001639919513459905
citric acid,NH4+SO4--,0.3,0.02,313.15,organic,0.050667070903500866,0.011355785827739107,0.03931128507576176
citric acid,NH4+SO4--,0.3,0.02,313.15,cation,0.0399186768633818,0.0016917907510288765,0.04161046761441067
citric acid,NH4+SO4--,0.3,0.02,313.15,anion,0.4535291147973006,0.010440008963679137,0.4430891058336215
citric acid,NH4+SO4--,0.3,0.08,283.15,H2O,0.007339492106230992,0.0005954912308913304,0.007934983337122323
citric acid,NH4+SO4--,0.3,0.08,283.15,organic,0.1626784642386654,0.017688040185142917,0.1803665044238083
citric acid,NH4+SO4--,0.3,0.08,283.15,cation,0.07604356267036705,0.011251668697660477,0.06479189397270657
citric acid,NH4+SO4--,0.3,0.08,283.15,anion,0.4485882267300667,0.0026469583346120373,0.45123518506467875
citric acid,NH4+SO4--,0.3,0.08,298.15,H2O,0.007071134270234029,0.0006459969180082278,0.007717131188242257
citric acid,NH4+SO4--,0.3,0.08,298.15,organic,0.16958809783061213,0.0056285267773961145,0.17521662460800824
citric acid,NH4+SO4--,0.3,0.08,298.15,cation,0.07396152655309529,0.011715040374580488,0.062246486178514804
citric acid,NH4+SO4--,0.3,0.08,298.15,anion,0.43867158092001635,0.001465414294005818,0.44013699521402216
citric acid,NH4+SO4--,0.3,0.08,313.15,H2O,0.006663745616772002,0.0008554579698123576,0.0075192035865843596
citric acid,NH4+SO4--,0.3,0.08,313.15,organic,0.17732150600622432,0.006817575548820232,0.17050393045740408
citric acid,NH4+SO4--,0.3,0.08,313.15,cation,0.0714906165032756,0.011568043746119416,0.05992257275715618
citric acid,NH4+SO4--,0.3,0.08,313.15,anion,0.42793882438615505,0.0020750738585828543,0.4300138982447379
citric acid,Ca2+NO3-,0.05,0.02,283.15,H2O,0.0005746003639052735,0.00012670330934467784,0.0004478970545605957
citric acid,Ca2+NO3-,0.05,0.02,283.15,organic,0.08506663937988534,0.014925367221922947,0.09999200660180829
citric acid,Ca2+NO3-,0.05,0.02,283.15,cation,0.17635650943647874,0.004177273778354307,0.18053378321483304
citric acid,Ca2+NO3-,0.05,0.02,283.15,anion,0.017153484082767012,0.008113333987344096,0.009040150095422916
citric acid,Ca2+NO3-,0.05,0.02,298.15,H2O,0.0005561873036606135,0.00011399279005538054,0.0004421945136052329
citric acid,Ca2+NO3-,0.05,0.02,298.15,organic,0.10199719858559941,0.0030744091466941015,0.09892278943890531
citric acid,Ca2+NO3-,0.05,0.02,298.15,cation,0.17512862177444943,0.0037678891430508177,0.17889651091750025
citric acid,Ca2+NO3-,0.05,0.02,298.15,anion,0.016549974445007276,0.00793159223954154,0.008618382205465736
citric acid,Ca2+NO3-,0.05,0.02,313.15,H2O,0.0005426964283000285,0.00010576542142939536,0.0004369310068706332
citric acid,Ca2+NO3-,0.05,0.02,313.15,organic,0.12304052975871271,0.025103518599859376,0.09793701115885334
citric acid,Ca2+NO3-,0.05,0.02,313.15,cation,0.173969195436958,0.003415545280181176,0.17738474071713917
citric acid,Ca2+NO3-,0.05,0.02,313.15,anion,0.015963198566683157,0.007734986228334573,0.008228212338348584
citric acid,Ca2+NO3-,0.05,0.08,283.15,H2O,0.0017382032311891171,0.00018622113884858484,0.0015519820923405323
citric acid,Ca2+NO3-,0.05,0.08,283.15,organic,0.3367462245231625,0.01234212131578527,0.34908834583894777
citric acid,Ca2+NO3-,0.05,0.08,283.15,cation,0.1662215028628249,0.00041132728776327454,0.16663283015058816
citric acid,Ca2+NO3-,0.05,0.08,283.15,anion,0.004565490612148615,0.007158227810824869,0.0025927371986762537
citric acid,Ca2+NO3-,0.05,0.08,298.15,H2O,0.001700219871270588,0.00017212925390732835,0.0015280906173632596
citric acid,Ca2+NO3-,0.05,0.08,298.15,organic,0.34986722028518846,0.005370180818879522,0.34449703946630894
citric acid,Ca2+NO3-,0.05,0.08,298.15,cation,0.16586594760082773,0.0008344570141463059,0.16503149058668143
citric acid,Ca2+NO3-,0.05,0.08,298.15,anion,0.0035618529261171594,0.006573628165089607,0.0030117752389724473
citric acid,Ca2+NO3-,0.05,0.08,313.15,H2O,0.0016654381944465647,0.0001592824555919992,0.0015061557388545655
citric acid,Ca2+NO3-,0.05,0.08,313.15,organic,0.3674723070622472,0.0272074065224841,0.3402649005397631
citric acid,Ca2+NO3-,0.05,0.08,313.15,cation,0.165197130416189,0.0016369633422126384,0.16356016707397636
citric acid,Ca2+NO3-,0.05,0.08,313.15,anion,0.002487089407380516,0.005883980734536998,0.0033968913271564816
citric acid,Ca2+NO3-,0.15,0.02,283.15,H2O,0.001788675610017676,0.00040839444345789895,0.001380281166559777
citric acid,Ca2+NO3-,0.15,0.02,283.15,organic,0.11177519200704866,0.019130787069264965,0.0926444049377837
citric acid,Ca2+NO3-,0.15,0.02,283.15,cation,0.5504024714932982,0.005226510924015049,0.5556289824173133
citric acid,Ca2+NO3-,0.15,0.02,283.15,anion,0.03225188330375334,0.008283103153905513,0.023968780149847824
citric acid,Ca2+NO3-,0.15,0.02,298.15,H2O,0.0017051519068218316,0.00034377911409186356,0.001361372792729968
citric acid,Ca2+NO3-,0.15,0.02,298.15,organic,0.12329751227982699,0.03170996100499002,0.09158755127483698
citric acid,Ca2+NO3-,0.15,0.02,298.15,cation,0.5456921965709649,0.004774274694035574,0.5504664712650005
citric acid,Ca2+NO3-,0.15,0.02,298.15,anion,0.030721108761287086,0.008081963215529564,0.022639145545757522
citric acid,Ca2+NO3-,0.15,0.02,313.15,H2O,0.0016340167043955873,0.0002900328180846703,0.001343983886310917
citric acid,Ca2+NO3-,0.15,0.02,313.15,organic,0.13989442905130178,0.04927715988903869,0.09061726916226309
citric acid,Ca2+NO3-,0.15,0.02,313.15,cation,0.5413191366911994,0.004388621768558032,0.5457077584597574
citric acid,Ca2+NO3-,0.15,0.02,313.15,anion,0.02927521104655989,0.007863733787996041,0.02141147725856385
citric acid,Ca2+NO3-,0.15,0.08,283.15,H2O,0.005241265878761652,0.0004932584427492816,0.004748007436012371
citric acid,Ca2+NO3-,0.15,0.08,283.15,organic,0.3419809766541486,0.01857988131508792,0.3234010953390607
citric acid,Ca2+NO3-,0.15,0.08,283.15,cation,0.5159443794932428,0.003841391545898798,0.512102987947344
citric acid,Ca2+NO3-,0.15,0.08,283.15,anion,0.005206951743570998,0.007206539168308157,0.012413490911879155
citric acid,Ca2+NO3-,0.15,0.08,298.15,H2O,0.005094411630370864,0.0004249815044697217,0.004669430125901142
citric acid,Ca2+NO3-,0.15,0.08,298.15,organic,0.3498460679274924,0.03094326694960703,0.31890280097788537
citric acid,Ca2+NO3-,0.15,0.08,298.15,cation,0.5122730084738709,0.005186805720319043,0.5070862027535519
citric acid,Ca2+NO3-,0.15,0.08,298.15,anion,0.007152965842132708,0.00657329598173978,0.013726261823872488
citric acid,Ca2+NO3-,0.15,0.08,313.15,H2O,0.004958260901047222,0.00036074338212625096,0.004597517518920971
citric acid,Ca2+NO3-,0.15,0.08,313.15,organic,0.3629585748438602,0.04818944110050505,0.31476913374335513
citric acid,Ca2+NO3-,0.15,0.08,313.15,cation,0.508494981567094,0.006011031013663626,0.5024839505534304
citric acid,Ca2+NO3-,0.15,0.08,313.15,anion,0.009115861846981821,0.005814804167023124,0.014930666014004945
citric acid,Ca2+NO3-,0.3,0.02,283.15,H2O,0.0022962907914634316,0.000580215467638691,0.0028765062591021226
citric acid,Ca2+NO3-,0.3,0.02,283.15,organic,0.06708197436457519,0.01376731141410703,0.08084928577868222
citric acid,Ca2+NO3-,0.3,0.02,283.15,cation,1.1517972523560753,0.007105785641687401,1.1589030379977627
citric acid,Ca2+NO3-,0.3,0.02,283.15,anion,0.044696602334045044,0.008455857287944402,0.03624074504610064
citric acid,Ca2+NO3-,0.3,0.02,298.15,H2O,0.0021803483793546813,0.0006525130732370804,0.0028328614525917617
citric acid,Ca2+NO3-,0.3,0.02,298.15,organic,0.07810897515868565,0.0017370951062263273,0.07984607026491197
citric acid,Ca2+NO3-,0.3,0.02,298.15,cation,1.1412171220436695,0.00656948245354716,1.1477866044972167
citric acid,Ca2+NO3-,0.3,0.02,298.15,anion,0.04159780641868294,0.008216326135717211,0.033381480282965725
citric acid,Ca2+NO3-,0.3,0.02,313.15,H2O,0.001959879042367004,0.0008330551872005819,0.002792934229567586
citric acid,Ca2+NO3-,0.3,0.02,313.15,organic,0.09028661177111208,0.011355785827739107,0.07893082594337297
citric acid,Ca2+NO3-,0.3,0.02,313.15,cation,1.131444282545564,0.006120909957124887,1.1375651925026888
citric acid,Ca2+NO3-,0.3,0.02,313.15,anion,0.03870376025625799,0.007954852211199293,0.030748908045058698
citric acid,Ca2+NO3-,0.3,0.08,283.15,H2O,0.009093368544799016,0.0005345744656873735,0.00962794301048639
citric acid,Ca2+NO3-,0.3,0.08,283.15,organic,0.2631863471988658,0.017688040185142917,0.2808743873840087
citric acid,Ca2+NO3-,0.3,0.08,283.15,cation,1.0747329936004832,0.011967953168552814,1.0627650404319304
citric acid,Ca2+NO3-,0.3,0.08,283.15,anion,0.03539783049542666,0.007698458201698899,0.04309628869712556
citric acid,Ca2+NO3-,0.3,0.08,298.15,H2O,0.008845758534813765,0.000605284605180105,0.00945104313999387
citric acid,Ca2+NO3-,0.3,0.08,298.15,organic,0.27107275041819534,0.0056285267773961145,0.27670127719559146
citric acid,Ca2+NO3-,0.3,0.08,298.15,cation,1.0656235142349835,0.01350707886553737,1.052116435369446
citric acid,Ca2+NO3-,0.3,0.08,298.15,anion,0.03890255113574326,0.006976790997117233,0.04587934213286049
citric acid,Ca2+NO3-,0.3,0.08,313.15,H2O,0.008468243999634579,0.0008216192350400157,0.009289863234674595
citric acid,Ca2+NO3-,0.3,0.08,313.15,organic,0.27969982610525235,0.006817575548820232,0.2728822505564321
citric acid,Ca2+NO3-,0.3,0.08,313.15,cation,1.0567355338731992,0.014366299465234267,1.042369234407965
citric acid,Ca2+NO3-,0.3,0.08,313.15,anion,0.042341675608775664,0.006084708536850392,0.048426384145626056
glycerol,Na+Cl-,0.05,0.02,283.15,H2O,0.0013044878971605442,0.00011324831588554465,0.0014177362130460888
glycerol,Na+Cl-,0.05,0.02,283.15,organic,0.18512163719421226,0.04745102457024386,0.1376706126239684
glycerol,Na+Cl-,0.05,0.02,283.15,cation,0.15494609773253443,0.008306247185865145,0.16325234491839957
glycerol,Na+Cl-,0.05,0.02,283.15,anion,0.0664680062512108,0.0033603492460418383,0.06310765700516896
glycerol,Na+Cl-,0.05,0.02,298.15,H2O,0.0012772966064850018,0.00013608469737128558,0.0014133813038562874
glycerol,Na+Cl-,0.05,0.02,298.15,organic,0.19503371603262953,0.05775400144922871,0.13727971458340082
glycerol,Na+Cl-,0.05,0.02,298.15,cation,0.15452024040143497,0.008392595871333786,0.16291283627276876
glycerol,Na+Cl-,0.05,0.02,298.15,anion,0.06612403049009746,0.0033660253251546757,0.06275800516494279
glycerol,Na+Cl-,0.05,0.02,313.15,H2O,0.00124137170217017,0.00016817928115948119,0.001409550983329651
glycerol,Na+Cl-,0.05,0.02,313.15,organic,0.2154231879352636,0.0784845583246131,0.1369386296106505
glycerol,Na+Cl-,0.05,0.02,313.15,cation,0.15417954737525458,0.008432260072035846,0.16261180744729042
glycerol,Na+Cl-,0.05,0.02,313.15,anion,0.06582370579322872,0.0033718525722794546,0.06245185322094926
glycerol,Na+Cl-,0.05,0.08,283.15,H2O,0.00559367969994063,0.0002392710902965814,0.005832950790237211
glycerol,Na+Cl-,0.05,0.08,283.15,organic,0.6008453029127568,0.046056435990551425,0.5547888669222054
glycerol,Na+Cl-,0.05,0.08,283.15,cation,0.1495821143603262,0.014855304135409142,0.16443741849573534
glycerol,Na+Cl-,0.05,0.08,283.15,anion,0.05614478746824225,0.001359542548219017,0.054785244920023235
glycerol,Na+Cl-,0.05,0.08,298.15,H2O,0.005547557467097791,0.0002691759133209452,0.005816733380418736
glycerol,Na+Cl-,0.05,0.08,298.15,organic,0.6093337138915076,0.0561556320540082,0.5531780818374994
glycerol,Na+Cl-,0.05,0.08,298.15,cation,0.1490160638212618,0.015125842391168043,0.16414190621242986
glycerol,Na+Cl-,0.05,0.08,298.15,anion,0.05574565258285202,0.0012696510975777064,0.05447600148527432
glycerol,Na+Cl-,0.05,0.08,313.15,H2O,0.005492240128312432,0.0003101775697849198,0.0058024176980973514
glycerol,Na+Cl-,0.05,0.08,313.15,organic,0.628299863792447,0.07653880687449044,0.5517610569179565
glycerol,Na+Cl-,0.05,0.08,313.15,cation,0.148578364166765,0.015300189961003074,0.16387855412776808
glycerol,Na+Cl-,0.05,0.08,313.15,anion,0.05533883944064105,0.001134424310889226,0.054204415129751826
glycerol,Na+Cl-,0.15,0.02,283.15,H2O,0.0032311195616546795,0.0009265737909103639,0.004157693352565044
glycerol,Na+Cl-,0.15,0.02,283.15,organic,0.1302264836095074,0.009635908444402541,0.12059057516510485
glycerol,Na+Cl-,0.15,0.02,283.15,cation,0.4765445163226311,0.009101045879192526,0.48564556220182364
glycerol,Na+Cl-,0.15,0.02,283.15,anion,0.18968156104286227,0.0034316845845491217,0.18624987645831315
glycerol,Na+Cl-,0.15,0.02,298.15,H2O,0.003139860139242694,0.0010047106630621469,0.004144570802304841
glycerol,Na+Cl-,0.15,0.02,298.15,organic,0.13726124135421203,0.017019851350221993,0.12024139000399003
glycerol,Na+Cl-,0.15,0.02,298.15,cation,0.4754158986598327,0.009196306052747794,0.4846122047125805
glycerol,Na+Cl-,0.15,0.02,298.15,anion,0.18864400918771945,0.0034359163411896154,0.18520809284652984
glycerol,Na+Cl-,0.15,0.02,313.15,H2O,0.0029332199559463463,0.0011998965514253737,0.00413311650737172
glycerol,Na+Cl-,0.15,0.02,313.15,organic,0.14996271407888806,0.030023113148831215,0.11993960093005684
glycerol,Na+Cl-,0.15,0.02,313.15,cation,0.47445757580120496,0.009240439681733048,0.483698015482938
glycerol,Na+Cl-,0.15,0.02,313.15,anion,0.187739923873533,0.003439811052653785,0.1843001128208792
glycerol,Na+Cl-,0.15,0.08,283.15,H2O,0.015605456788198479,0.0011083195138533132,0.016713776302051793
glycerol,Na+Cl-,0.15,0.08,283.15,organic,0.4860308076273233,0.007348868961955746,0.47868193866536757
glycerol,Na+Cl-,0.15,0.08,283.15,cation,0.4704866977804438,0.014082075780858683,0.48456877356130246
glycerol,Na+Cl-,0.15,0.08,283.15,anion,0.1581428320470648,0.000846320444344073,0.15729651160272073
glycerol,Na+Cl-,0.15,0.08,298.15,H2O,0.015469706667774159,0.0011967576207817425,0.0166664642885559
glycerol,Na+Cl-,0.15,0.08,298.15,organic,0.49187538485690363,0.014618394754788988,0.47725699010211464
glycerol,Na+Cl-,0.15,0.08,298.15,cation,0.46930778477344126,0.014375553879758973,0.48368333865320023
glycerol,Na+Cl-,0.15,0.08,298.15,anion,0.15712806200986346,0.0007355902383484048,0.15639247177151505
glycerol,Na+Cl-,0.15,0.08,313.15,H2O,0.015206755007813082,0.0014183596073174447,0.016625114615130526
glycerol,Na+Cl-,0.15,0.08,313.15,organic,0.5031040778478539,0.027089087935540768,0.47601498991231317
glycerol,Na+Cl-,0.15,0.08,313.15,cation,0.4683211405181764,0.014575489349500037,0.48289662986767645
glycerol,Na+Cl-,0.15,0.08,313.15,anion,0.1561702978619195,0.000566987699055943,0.15560331016286355
glycerol,Na+Cl-,0.3,0.02,283.15,H2O,0.006487646154994872,0.0014104702877766875,0.00789811644277156
glycerol,Na+Cl-,0.3,0.02,283.15,organic,0.09350905461876158,0.001256075014315794,0.09476512963307737
glycerol,Na+Cl-,0.3,0.02,283.15,cation,0.9450495742559242,0.010550511469806734,0.955600085725731
glycerol,Na+Cl-,0.3,0.02,283.15,anion,0.3634108020503896,0.003492718389641547,0.35991808366074807
glycerol,Na+Cl-,0.3,0.02,298.15,H2O,0.006222608400873533,0.0016504159517382634,0.007873024352611797
glycerol,Na+Cl-,0.3,0.02,298.15,organic,0.09805917046801171,0.0035654195105910835,0.09449375095742063
glycerol,Na+Cl-,0.3,0.02,298.15,cation,0.9428430963926127,0.010663322285333898,0.9535064186779465
glycerol,Na+Cl-,0.3,0.02,298.15,anion,0.3613953323046469,0.0034930666626059037,0.357902265642041
glycerol,Na+Cl-,0.3,0.02,313.15,H2O,0.005649609714848253,0.0022018562882973984,0.007851466003145652
glycerol,Na+Cl-,0.3,0.02,313.15,organic,0.1045676391177745,0.010303573262306409,0.0942640658554681
glycerol,Na+Cl-,0.3,0.02,313.15,cation,0.9409446982591019,0.01071664984373949,0.9516613481028413
glycerol,Na+Cl-,0.3,0.02,313.15,anion,0.35965274436358474,0.003491734371898869,0.3561610099916859
glycerol,Na+Cl-,0.3,0.08,283.15,H2O,0.028376010775671548,0.0014021093553903251,0.029778120131061875
glycerol,Na+Cl-,0.3,0.08,283.15,organic,0.3627875263611017,0.0007453052115417025,0.3635328315726434
glycerol,Na+Cl-,0.3,0.08,283.15,cation,0.9218379171388165,0.011718734267517184,0.9335566514063336
glycerol,Na+Cl-,0.3,0.08,283.15,anion,0.28450147378129037,0.00018149157682051387,0.2846829653581109
glycerol,Na+Cl-,0.3,0.08,298.15,H2O,0.02799993746048743,0.0016963331069099336,0.029696270567397362
glycerol,Na+Cl-,0.3,0.08,298.15,organic,0.36603461094353096,0.003576161179218329,0.36245844976431263
glycerol,Na+Cl-,0.3,0.08,298.15,cation,0.9197661298360038,0.012054988447977255,0.9318211182839811
glycerol,Na+Cl-,0.3,0.08,298.15,anion,0.2826729274164993,0.0003364983771892982,0.2830094257936886
glycerol,Na+Cl-,0.3,0.08,313.15,H2O,0.02731326705236965,0.0023131812056682056,0.029626448258037855
glycerol,Na+Cl-,0.3,0.08,313.15,organic,0.37125709550008573,0.00971626335276693,0.3615408321473188
glycerol,Na+Cl-,0.3,0.08,313.15,cation,0.9179776640917129,0.012309922830426756,0.9302875869221396
glycerol,Na+Cl-,0.3,0.08,313.15,anion,0.28098856228687275,0.0005784065041131159,0.28156696879098586
glycerol,NH4+SO4--,0.05,0.02,283.15,H2O,0.0006431772326137863,7.487846074803002e-05,0.0007180556933618163
glycerol,NH4+SO4--,0.05,0.02,283.15,organic,0.12850664191806482,0.04745102457024386,0.08105561734782096
glycerol,NH4+SO4--,0.05,0.02,283.15,cation,0.06459266964576704,0.003640675945655314,0.06823334559142236
glycerol,NH4+SO4--,0.05,0.02,283.15,anion,0.1318850533983369,0.010899209180682767,0.12098584421765413
glycerol,NH4+SO4--,0.05,0.02,298.15,H2O,0.0006152065441381712,9.713746538949058e-05,0.0007123440095276618
glycerol,NH4+SO4--,0.05,0.02,298.15,organic,0.13828074186856953,0.05775400144922871,0.08052674041934083
glycerol,NH4+SO4--,0.05,0.02,298.15,cation,0.06435276696870385,0.0035428867042475165,0.06789565367295136
glycerol,NH4+SO4--,0.05,0.02,298.15,anion,0.13048526517979386,0.010874326978473015,0.11961093820132085
glycerol,NH4+SO4--,0.05,0.02,313.15,H2O,0.0005774288887560822,0.00012990481024520092,0.0007073336990012832
glycerol,NH4+SO4--,0.05,0.02,313.15,organic,0.1585508045079148,0.0784845583246131,0.08006624618330171
glycerol,NH4+SO4--,0.05,0.02,313.15,cation,0.06400018549109027,0.0035972192991458596,0.06759740479023613
glycerol,NH4+SO4--,0.05,0.02,313.15,anion,0.1287715478669733,0.010366291962051077,0.11840525590492224
glycerol,NH4+SO4--,0.05,0.08,283.15,H2O,0.0025406496383616525,1.2623295250445421e-05,0.002553272933612098
glycerol,NH4+SO4--,0.05,0.08,283.15,organic,0.31841326680188076,0.046056435990551425,0.27235683081132933
glycerol,NH4+SO4--,0.05,0.08,283.15,cation,0.06705154770943567,0.009783546083340755,0.05726800162609491
glycerol,NH4+SO4--,0.05,0.08,283.15,anion,0.09643358891294662,0.0033688170752914637,0.09980240598823809
glycerol,NH4+SO4--,0.05,0.08,298.15,H2O,0.0025055668041735184,2.707738144030504e-05,0.0025326441856138235
glycerol,NH4+SO4--,0.05,0.08,298.15,organic,0.32641783761645593,0.0561556320540082,0.27026220556244773
glycerol,NH4+SO4--,0.05,0.08,298.15,cation,0.06711964411900939,0.010136934639471074,0.05698270947953832
glycerol,NH4+SO4--,0.05,0.08,298.15,anion,0.0959735114534217,0.0026522125034293964,0.0986257239568511
glycerol,NH4+SO4--,0.05,0.08,313.15,H2O,0.0024488642701921623,6.565991735421953e-05,0.002514524187546382
glycerol,NH4+SO4--,0.05,0.08,313.15,organic,0.34496504702369035,0.07653880687449044,0.2684262401491999
glycerol,NH4+SO4--,0.05,0.08,313.15,cation,0.06672289518524133,0.009992834636858627,0.0567300605483827
glycerol,NH4+SO4--,0.05,0.08,313.15,anion,0.09420720838233665,0.003385087093057404,0.09759229547539405
glycerol,NH4+SO4--,0.15,0.02,283.15,H2O,0.001295647795659519,0.0008785551235395434,0.0021742029191990624
glycerol,NH4+SO4--,0.15,0.02,283.15,organic,0.08374006155766611,0.009635908444402541,0.07410415311326357
glycerol,NH4+SO4--,0.15,0.02,283.15,cation,0.1999239298466522,0.003059429147068471,0.20298335899372066
glycerol,NH4+SO4--,0.15,0.02,283.15,anion,0.3826994413032776,0.011207273102665116,0.3714921682006125
glycerol,NH4+SO4--,0.15,0.02,298.15,H2O,0.0012013744070083633,0.0009559381539916121,0.0021573125609999754
glycerol,NH4+SO4--,0.15,0.02,298.15,organic,0.09065807075333354,0.017019851350221993,0.07363821940311155
glycerol,NH4+SO4--,0.15,0.02,298.15,cation,0.1990165837545126,0.002950948201528192,0.20196753195604078
glycerol,NH4+SO4--,0.15,0.02,298.15,anion,0.3785997957751197,0.011194338579298302,0.3674054571958214
glycerol,NH4+SO4--,0.15,0.02,313.15,H2O,0.0009907320697981694,0.0011519035505162453,0.002142635620314415
glycerol,NH4+SO4--,0.15,0.02,313.15,organic,0.10326013966494918,0.030023113148831215,0.07323702651611796
glycerol,NH4+SO4--,0.15,0.02,313.15,cation,0.1980621098398302,0.0030111259771118393,0.20107323581694203
glycerol,NH4+SO4--,0.15,0.02,313.15,anion,0.37448744377401844,0.010649125884537147,0.3638383178894813
glycerol,NH4+SO4--,0.15,0.08,283.15,H2O,0.006907801351860242,0.0008717677940234588,0.007779569145883701
glycerol,NH4+SO4--,0.15,0.08,283.15,organic,0.2567855477835882,0.007348868961955746,0.24943667882163245
glycerol,NH4+SO4--,0.15,0.08,283.15,cation,0.18105005610916758,0.010581304610051245,0.17046875149911633
glycerol,NH4+SO4--,0.15,0.08,283.15,anion,0.30399846950052956,0.0036271267444560884,0.30762559624498564
glycerol,NH4+SO4--,0.15,0.08,298.15,H2O,0.0067803563925196274,0.000940409557053783,0.0077207659495734104
glycerol,NH4+SO4--,0.15,0.08,298.15,organic,0.2622366784679496,0.014618394754788988,0.24761828371316064
glycerol,NH4+SO4--,0.15,0.08,298.15,cation,0.18059640680167777,0.010971998214848289,0.16962440858682948
glycerol,NH4+SO4--,0.15,0.08,298.15,anion,0.3014305655699996,0.00275853799594028,0.30418910356593987
glycerol,NH4+SO4--,0.15,0.08,313.15,H2O,0.006512278134538316,0.0011574980445835537,0.00766977617912187
glycerol,NH4+SO4--,0.15,0.08,313.15,organic,0.27313165450550825,0.027089087935540768,0.24604256656996748
glycerol,NH4+SO4--,0.15,0.08,313.15,cation,0.17970435795065343,0.010824417424524446,0.16887994052612898
glycerol,NH4+SO4--,0.15,0.08,313.15,anion,0.2977285290895506,0.0034610830186792008,0.3011896121082298
glycerol,NH4+SO4--,0.3,0.02,283.15,H2O,0.003031125584547308,0.00134216011022312,0.004373285694770428
glycerol,NH4+SO4--,0.3,0.02,283.15,organic,0.06169720378295818,0.001256075014315794,0.06295327879727397
glycerol,NH4+SO4--,0.3,0.02,283.15,cation,0.3976458644292935,0.0017502018823660759,0.3993960663116596
glycerol,NH4+SO4--,0.3,0.02,283.15,anion,0.7793268589050619,0.011030197255372798,0.7682966616496891
glycerol,NH4+SO4--,0.3,0.02,298.15,H2O,0.0027616945273291806,0.0015809028428385476,0.004342597370167728
glycerol,NH4+SO4--,0.3,0.02,298.15,organic,0.0661701639128992,0.0035654195105910835,0.06260474440230812
glycerol,NH4+SO4--,0.3,0.02,298.15,cation,0.39576741574621477,0.0016202584302120737,0.39738767417642684
glycerol,NH4+SO4--,0.3,0.02,298.15,anion,0.7714759369767847,0.011048860187659493,0.7604270767891252
glycerol,NH4+SO4--,0.3,0.02,313.15,H2O,0.002183182223652552,0.0021333174092413552,0.004316499632893907
glycerol,NH4+SO4--,0.3,0.02,313.15,organic,0.07261593222954182,0.010303573262306409,0.062312358967235415
glycerol,NH4+SO4--,0.3,0.02,313.15,cation,0.3939381763085782,0.0016917907510288765,0.39562996705960707
glycerol,NH4+SO4--,0.3,0.02,313.15,anion,0.7640599253351321,0.010440008963679137,0.753619916371453
glycerol,NH4+SO4--,0.3,0.08,283.15,H2O,0.01454610804368304,0.0011774857787994041,0.015723593822482444
glycerol,NH4+SO4--,0.3,0.08,283.15,organic,0.21098282757089526,0.0007453052115417025,0.21172813278243696
glycerol,NH4+SO4--,0.3,0.08,283.15,cation,0.346472180628695,0.011251668697660477,0.3352205119310345
glycerol,NH4+SO4--,0.3,0.08,283.15,anion,0.6346823103435106,0.0026469583346120373,0.6373292686781227
glycerol,NH4+SO4--,0.3,0.08,298.15,H2O,0.01418755535013947,0.0014415235182770672,0.015629078868416538
glycerol,NH4+SO4--,0.3,0.08,298.15,organic,0.21400684885588295,0.003576161179218329,0.21043068767666462
glycerol,NH4+SO4--,0.3,0.08,298.15,cation,0.3453243436435376,0.011715040374580488,0.3336093032689571
glycerol,NH4+SO4--,0.3,0.08,298.15,anion,0.629508521665735,0.001465414294005818,0.6309739359597408
glycerol,NH4+SO4--,0.3,0.08,313.15,H2O,0.01350225768765521,0.0020477393113896257,0.015549996999044836
glycerol,NH4+SO4--,0.3,0.08,313.15,organic,0.21905349152977233,0.00971626335276693,0.2093372281770054
glycerol,NH4+SO4--,0.3,0.08,313.15,cation,0.3437688233247769,0.011568043746119416,0.33220077957865746
glycerol,NH4+SO4--,0.3,0.08,313.15,anion,0.6234231283818632,0.0020750738585828543,0.625498202240446
glycerol,Ca2+NO3-,0.05,0.02,283.15,H2O,0.00033242971239849585,9.120496662001396e-05,0.0004236346790185098
glycerol,Ca2+NO3-,0.05,0.02,283.15,organic,0.0971618539242819,0.04745102457024386,0.04971082935403803
glycerol,Ca2+NO3-,0.05,0.02,283.15,cation,0.20534619400549992,0.004177273778354307,0.20952346778385422
glycerol,Ca2+NO3-,0.05,0.02,283.15,anion,0.0021015402873063027,0.008113333987344096,0.010214874274650398
glycerol,Ca2+NO3-,0.05,0.02,298.15,H2O,0.00030525622673501385,0.00011371694018778161,0.00041897316692279547
glycerol,Ca2+NO3-,0.05,0.02,298.15,organic,0.10704349702060634,0.05775400144922871,0.04928949557137763
glycerol,Ca2+NO3-,0.05,0.02,298.15,cation,0.20437625471208665,0.0037678891430508177,0.20814414385513746
glycerol,Ca2+NO3-,0.05,0.02,298.15,anion,0.002631458772842432,0.00793159223954154,0.010563051012383973
glycerol,Ca2+NO3-,0.05,0.02,313.15,H2O,0.00026914239421084365,0.0001457417538850616,0.00041488414809590524
glycerol,Ca2+NO3-,0.05,0.02,313.15,organic,0.12740741241792664,0.0784845583246131,0.04892285409331354
glycerol,Ca2+NO3-,0.05,0.02,313.15,cation,0.20351468139383244,0.003415545280181176,0.20693022667401362
glycerol,Ca2+NO3-,0.05,0.02,313.15,anion,0.003133258936855232,0.007734986228334573,0.010868245165189805
glycerol,Ca2+NO3-,0.05,0.08,283.15,H2O,0.0011368840581718947,6.033240507419876e-05,0.0011972164632460935
glycerol,Ca2+NO3-,0.05,0.08,283.15,organic,0.19711370975247633,0.046056435990551425,0.1510572737619249
glycerol,Ca2+NO3-,0.05,0.08,283.15,cation,0.192007693941894,0.00041132728776327454,0.19241902122965726
glycerol,Ca2+NO3-,0.05,0.08,283.15,anion,0.026186724067082334,0.007158227810824869,0.0333449518779072
glycerol,Ca2+NO3-,0.05,0.08,298.15,H2O,0.0010949828758646096,8.494266825590478e-05,0.0011799255441205143
glycerol,Ca2+NO3-,0.05,0.08,298.15,organic,0.20549064574071663,0.0561556320540082,0.14933501368670843
glycerol,Ca2+NO3-,0.05,0.08,298.15,cation,0.1920495437151426,0.0008344570141463059,0.1912150867009963
glycerol,Ca2+NO3-,0.05,0.08,298.15,anion,0.02707698443423473,0.006573628165089607,0.03365061259932434
glycerol,Ca2+NO3-,0.05,0.08,313.15,H2O,0.0010403496699377323,0.00012436483156408416,0.0011647145015018165
glycerol,Ca2+NO3-,0.05,0.08,313.15,organic,0.2243633287441108,0.07653880687449044,0.14782452186962036
glycerol,Ca2+NO3-,0.05,0.08,313.15,cation,0.19178876589005078,0.0016369633422126384,0.19015180254783814
glycerol,Ca2+NO3-,0.05,0.08,313.15,anion,0.028035336723924775,0.005883980734536998,0.03391931745846177
glycerol,Ca2+NO3-,0.15,0.02,283.15,H2O,0.00036069918828225277,0.0009012254928474253,0.001261924681129678
glycerol,Ca2+NO3-,0.15,0.02,283.15,organic,0.05477432183904429,0.009635908444402541,0.04513841339464175
glycerol,Ca2+NO3-,0.15,0.02,283.15,cation,0.6278383368732467,0.005226510924015049,0.6330648477972618
glycerol,Ca2+NO3-,0.15,0.02,283.15,anion,0.025201087912358255,0.008283103153905513,0.03348419106626377
glycerol,Ca2+NO3-,0.15,0.02,298.15,H2O,0.00026908751812403597,0.0009789550231006762,0.0012480425412247122
glycerol,Ca2+NO3-,0.15,0.02,298.15,organic,0.061786123012532945,0.017019851350221993,0.04476627166231095
glycerol,Ca2+NO3-,0.15,0.02,298.15,cation,0.6241497112383529,0.004774274694035574,0.6289239859323885
glycerol,Ca2+NO3-,0.15,0.02,298.15,anion,0.02644039192281933,0.008081963215529564,0.03452235513834889
glycerol,Ca2+NO3-,0.15,0.02,313.15,H2O,6.19223102859411e-05,0.0011740510191130683,0.0012359733293990094
glycerol,Ca2+NO3-,0.15,0.02,313.15,organic,0.07446908648693429,0.030023113148831215,0.04444597333810307
glycerol,Ca2+NO3-,0.15,0.02,313.15,cation,0.6209042983573054,0.004388621768558032,0.6252929201258635
glycerol,Ca2+NO3-,0.15,0.02,313.15,anion,0.027564578582030264,0.007863733787996041,0.035428312370026305
glycerol,Ca2+NO3-,0.15,0.08,283.15,H2O,0.0025819322580289,0.0008905278641647687,0.0034724601221936685
glycerol,Ca2+NO3-,0.15,0.08,283.15,organic,0.1440030369284312,0.007348868961955746,0.13665416796647545
glycerol,Ca2+NO3-,0.15,0.08,283.15,cation,0.5831278509672901,0.003841391545898798,0.5792864594213913
glycerol,Ca2+NO3-,0.15,0.08,283.15,anion,0.09708294384103067,0.007206539168308157,0.10428948300933882
glycerol,Ca2+NO3-,0.15,0.08,298.15,H2O,0.0024503835071265105,0.0009723248782050409,0.0034227083853315514
glycerol,Ca2+NO3-,0.15,0.08,298.15,organic,0.1497682920140494,0.014618394754788988,0.1351498972592604
glycerol,Ca2+NO3-,0.15,0.08,298.15,cation,0.5809204446742084,0.005186805720319043,0.5757336389538894
glycerol,Ca2+NO3-,0.15,0.08,298.15,anion,0.09861129741473834,0.00657329598173978,0.10518459339647812
glycerol,Ca2+NO3-,0.15,0.08,313.15,H2O,0.0021876385121126314,0.0011918136870459348,0.003379452199158566
glycerol,Ca2+NO3-,0.15,0.08,313.15,organic,0.16093382546046353,0.027089087935540768,0.13384473752492276
glycerol,Ca2+NO3-,0.15,0.08,313.15,cation,0.5786219222170601,0.006011031013663626,0.5726108912033965
glycerol,Ca2+NO3-,0.15,0.08,313.15,anion,0.10015209950307608,0.005814804167023124,0.1059669036700992
glycerol,Ca2+NO3-,0.3,0.02,283.15,H2O,0.0010603767888021044,0.0013781954805876353,0.0024385722693897396
glycerol,Ca2+NO3-,0.3,0.02,283.15,organic,0.03647945480628767,0.001256075014315794,0.037735529820603464
glycerol,Ca2+NO3-,0.3,0.02,283.15,cation,1.2702131503497367,0.007105785641687401,1.277318935991424
glycerol,Ca2+NO3-,0.3,0.02,283.15,anion,0.06993973314939506,0.008455857287944402,0.07839559043733946
glycerol,Ca2+NO3-,0.3,0.02,298.15,H2O,0.000795321384213293,0.0016175356748507706,0.0024128570590640636
glycerol,Ca2+NO3-,0.3,0.02,298.15,organic,0.04102056273978716,0.0035654195105910835,0.037455143229196075
glycerol,Ca2+NO3-,0.3,0.02,298.15,cation,1.2626012271981173,0.00656948245354716,1.2691707096516645
glycerol,Ca2+NO3-,0.3,0.02,298.15,anion,0.07219171702182636,0.008216326135717211,0.08040804315754357
glycerol,Ca2+NO3-,0.3,0.02,313.15,H2O,0.00022209996420167848,0.002168836397637073,0.0023909363618387514
glycerol,Ca2+NO3-,0.3,0.02,313.15,organic,0.04752345191699575,0.010303573262306409,0.03721987865468934
glycerol,Ca2+NO3-,0.3,0.02,313.15,cation,1.2559530352613626,0.006120909957124887,1.2620739452184875
glycerol,Ca2+NO3-,0.3,0.02,313.15,anion,0.07419431961527756,0.007954852211199293,0.08214917182647685
glycerol,Ca2+NO3-,0.3,0.08,283.15,H2O,0.005028513311225032,0.0011165690135954472,0.006145082324820479
glycerol,Ca2+NO3-,0.3,0.08,283.15,organic,0.11178210814312306,0.0007453052115417025,0.11252741335466476
glycerol,Ca2+NO3-,0.3,0.08,283.15,cation,1.1702122900748955,0.011967953168552814,1.1582443369063427
glycerol,Ca2+NO3-,0.3,0.08,283.15,anion,0.21859320409210292,0.007698458201698899,0.22629166229380182
glycerol,Ca2+NO3-,0.3,0.08,298.15,H2O,0.004661877362146023,0.0014008112054489444,0.006062688567594968
glycerol,Ca2+NO3-,0.3,0.08,298.15,organic,0.11501048730934216,0.003576161179218329,0.11143432613012383
glycerol,Ca2+NO3-,0.3,0.08,298.15,cation,1.1650229636280707,0.01350707886553737,1.1515158847625333
glycerol,Ca2+NO3-,0.3,0.08,298.15,anion,0.22097952816444466,0.006976790997117233,0.2279563191615619
glycerol,Ca2+NO3-,0.3,0.08,313.15,H2O,0.003979332619021625,0.0020139005766172833,0.0059932331956389084
glycerol,Ca2+NO3-,0.3,0.08,313.15,organic,0.12022596319948525,0.00971626335276693,0.11050969984671832
glycerol,Ca2+NO3-,0.3,0.08,313.15,cation,1.1600245211121458,0.014366299465234267,1.1456582216469116
glycerol,Ca2+NO3-,0.3,0.08,313.15,anion,0.22330899036968754,0.006084708536850392,0.22939369890653794
sucrose,Na+Cl-,0.05,0.02,283.15,H2O,0.0014548454636995097,0.00010958530700472886,0.0015644307707042386
sucrose,Na+Cl-,0.05,0.02,283.15,organic,0.6338064496832629,0.05908227145937772,0.5747241782238852
sucrose,Na+Cl-,0.05,0.02,283.15,cation,0.16385308958512879,0.008306247185865145,0.17215933677099393
sucrose,Na+Cl-,0.05,0.02,283.15,anion,0.07863299783116168,0.0033603492460418383,0.07527264858511984
sucrose,Na+Cl-,0.05,0.02,298.15,H2O,0.0014780288961997994,8.745657879451457e-05,0.001565485474994314
sucrose,Na+Cl-,0.05,0.02,298.15,organic,0.5753349105762027,3.444954104558917e-05,0.5753693601172483
sucrose,Na+Cl-,0.05,0.02,298.15,cation,0.16393006091610873,0.008392595871333786,0.17232265678744252
sucrose,Na+Cl-,0.05,0.02,298.15,anion,0.07909192590143249,0.0033660253251546757,0.07572590057627782
sucrose,Na+Cl-,0.05,0.02,313.15,H2O,0.0015009964204922694,6.536687915206546e-05,0.0015663632996443348
sucrose,Na+Cl-,0.05,0.02,313.15,organic,0.5046722797598253,0.07123750161936293,0.5759097813791882
sucrose,Na+Cl-,0.05,0.02,313.15,cation,0.1640111936356315,0.008432260072035846,0.17244345370766734
sucrose,Na+Cl-,0.05,0.02,313.15,anion,0.07946516166947548,0.0033718525722794546,0.07609330909719603
sucrose,Na+Cl-,0.05,0.08,283.15,H2O,0.006106508772239155,0.00023032547351781825,0.006336834245756973
sucrose,Na+Cl-,0.05,0.08,283.15,organic,2.3218294165132063,0.055703003807982654,2.2661264127052236
sucrose,Na+Cl-,0.05,0.08,283.15,cation,0.15763165520003053,0.014855304135409142,0.17248695933543967
sucrose,Na+Cl-,0.05,0.08,283.15,anion,0.06466834328507465,0.001359542548219017,0.06330880073685563
sucrose,Na+Cl-,0.05,0.08,298.15,H2O,0.0061239055058665195,0.00021047052750868076,0.0063343760333752
sucrose,Na+Cl-,0.05,0.08,298.15,organic,2.2646954280473084,0.002532828442809887,2.2672282564901183
sucrose,Na+Cl-,0.05,0.08,298.15,cation,0.1574263051180697,0.015125842391168043,0.17255214750923775
sucrose,Na+Cl-,0.05,0.08,298.15,anion,0.0648451655811878,0.0012696510975777064,0.0635755144836101
sucrose,Na+Cl-,0.05,0.08,313.15,H2O,0.0061419283082641335,0.00019084564404012286,0.006332773952304256
sucrose,Na+Cl-,0.05,0.08,313.15,organic,2.1953440630833656,0.07282594975381329,2.268170012837179
sucrose,Na+Cl-,0.05,0.08,313.15,cation,0.15730010092917163,0.015300189961003074,0.1726002908901747
sucrose,Na+Cl-,0.05,0.08,313.15,anion,0.06493574035985156,0.001134424310889226,0.06380131604896233
sucrose,Na+Cl-,0.15,0.02,283.15,H2O,0.004301152683733533,0.00041727858078689003,0.004718431264520423
sucrose,Na+Cl-,0.15,0.02,283.15,organic,0.5202168578463775,0.001513274072086901,0.5187035837742906
sucrose,Na+Cl-,0.15,0.02,283.15,cation,0.5077474028742468,0.009101045879192526,0.5168484487534393
sucrose,Na+Cl-,0.15,0.02,283.15,anion,0.2328066937827381,0.0034316845845491217,0.22937500919818898
sucrose,Na+Cl-,0.15,0.02,298.15,H2O,0.004403312541698342,0.00029703235294507684,0.004700344894643419
sucrose,Na+Cl-,0.15,0.02,298.15,organic,0.47713282694673254,0.03985341235164608,0.5169862392983786
sucrose,Na+Cl-,0.15,0.02,298.15,cation,0.5073329933479309,0.009196306052747794,0.5165292994006787
sucrose,Na+Cl-,0.15,0.02,298.15,anion,0.23290957104875204,0.0034359163411896154,0.22947365470756242
sucrose,Na+Cl-,0.15,0.02,313.15,H2O,0.0045244757486949064,0.00016108286177406693,0.004685558610468973
sucrose,Na+Cl-,0.15,0.02,313.15,organic,0.42468848125451153,0.09090861303772524,0.5155970942922368
sucrose,Na+Cl-,0.15,0.02,313.15,cation,0.507003815588514,0.009240439681733048,0.5162442552702471
sucrose,Na+Cl-,0.15,0.02,313.15,anion,0.23301008839298387,0.003439811052653785,0.2295702773403301
sucrose,Na+Cl-,0.15,0.08,283.15,H2O,0.018168489319520708,0.0005353845065486028,0.01870387382606931
sucrose,Na+Cl-,0.15,0.08,283.15,organic,2.0153238058326206,0.0005414872436855234,2.015865293076306
sucrose,Na+Cl-,0.15,0.08,283.15,cation,0.49865323905517606,0.014082075780858683,0.5127353148360347
sucrose,Na+Cl-,0.15,0.08,283.15,anion,0.18953137761869288,0.000846320444344073,0.1886850571743488
sucrose,Na+Cl-,0.15,0.08,298.15,H2O,0.018207573545157126,0.0004112205118048237,0.01861879405696195
sucrose,Na+Cl-,0.15,0.08,298.15,organic,1.9673568874336347,0.04089389613995209,2.0082507835735868
sucrose,Na+Cl-,0.15,0.08,298.15,cation,0.4979053482503033,0.014375553879758973,0.5122809021300623
sucrose,Na+Cl-,0.15,0.08,298.15,anion,0.18920485271069892,0.0007355902383484048,0.18846926247235052
sucrose,Na+Cl-,0.15,0.08,313.15,H2O,0.01827987530223604,0.0002691477102496789,0.01854902301248572
sucrose,Na+Cl-,0.15,0.08,313.15,organic,1.9113514842108774,0.09063437945816766,2.001985863669045
sucrose,Na+Cl-,0.15,0.08,313.15,cation,0.49731780270541326,0.014575489349500037,0.5118932920549133
sucrose,Na+Cl-,0.15,0.08,313.15,anion,0.18888435908415913,0.000566987699055943,0.18831737138510318
sucrose,Na+Cl-,0.3,0.02,283.15,H2O,0.00860727477706264,0.0006018454231859535,0.009209120200248593
sucrose,Na+Cl-,0.3,0.02,283.15,organic,0.4097256844209278,0.01080213735727309,0.4205278217782009
sucrose,Na+Cl-,0.3,0.02,283.15,cation,1.0165292155183994,0.010550511469806734,1.0270797269882062
sucrose,Na+Cl-,0.3,0.02,283.15,anion,0.46359279727346964,0.003492718389641547,0.4601000788838281
sucrose,Na+Cl-,0.3,0.02,298.15,H2O,0.008825050822633622,0.0003153239730104701,0.009140374795644092
sucrose,Na+Cl-,0.3,0.02,298.15,organic,0.3764006508025579,0.041275980641125365,0.4176766314436833
sucrose,Na+Cl-,0.3,0.02,298.15,cation,1.0142111244430907,0.010663322285333898,1.0248744467284245
sucrose,Na+Cl-,0.3,0.02,298.15,anion,0.4613991064311494,0.0034930666626059037,0.4579060397685435
sucrose,Na+Cl-,0.3,0.02,313.15,H2O,0.009107689128219824,2.554613779141672e-05,0.009082142990428407
sucrose,Na+Cl-,0.3,0.02,313.15,organic,0.3366286693884577,0.07864674368337088,0.4152754130718286
sucrose,Na+Cl-,0.3,0.02,313.15,cation,1.0122740992483308,0.01071664984373949,1.0229907490920702
sucrose,Na+Cl-,0.3,0.02,313.15,anion,0.4595948397955124,0.003491734371898869,0.45610310542361354
sucrose,Na+Cl-,0.3,0.08,283.15,H2O,0.03380051833279988,0.0006794244414296941,0.034479942774229576
sucrose,Na+Cl-,0.3,0.08,283.15,organic,1.5702906895597595,0.012429739721512512,1.582720429281272
sucrose,Na+Cl-,0.3,0.08,283.15,cation,0.986406198784346,0.011718734267517184,0.9981249330518631
sucrose,Na+Cl-,0.3,0.08,283.15,anion,0.3597400917180021,0.00018149157682051387,0.3599215832948226
sucrose,Na+Cl-,0.3,0.08,298.15,H2O,0.033822117428282374,0.0003707953957967024,0.034192912824079075
sucrose,Na+Cl-,0.3,0.08,298.15,organic,1.5294813094151687,0.04162402608312732,1.571105335498296
sucrose,Na+Cl-,0.3,0.08,298.15,cation,0.9838800031397135,0.012054988447977255,0.9959349915876907
sucrose,Na+Cl-,0.3,0.08,298.15,anion,0.3571859578396598,0.0003364983771892982,0.3575224562168491
sucrose,Na+Cl-,0.3,0.08,313.15,H2O,0.03393631530539911,1.266574644913582e-05,0.033948981051848244
sucrose,Na+Cl-,0.3,0.08,313.15,organic,1.4834166362127554,0.07781853109920167,1.561235167311957
sucrose,Na+Cl-,0.3,0.08,313.15,cation,0.9817599169788706,0.012309922830426756,0.9940698398092973
sucrose,Na+Cl-,0.3,0.08,313.15,anion,0.3549720697868287,0.0005784065041131159,0.35555047629094183
sucrose,NH4+SO4--,0.05,0.02,283.15,H2O,0.0006978738923901569,7.121545186721456e-05,0.0007690893442573715
sucrose,NH4+SO4--,0.05,0.02,283.15,organic,0.37973156177043954,0.05908227145937772,0.3206492903110618
sucrose,NH4+SO4--,0.05,0.02,283.15,cation,0.07048653430832763,0.003640675945655314,0.07412721025398294
sucrose,NH4+SO4--,0.05,0.02,283.15,anion,0.1297118986044996,0.010899209180682767,0.11881268942381684
sucrose,NH4+SO4--,0.05,0.02,298.15,H2O,0.0007224624038698396,4.850934681271957e-05,0.0007709717506825592
sucrose,NH4+SO4--,0.05,0.02,298.15,organic,0.3217426580260305,3.444954104558917e-05,0.3217771075670761
sucrose,NH4+SO4--,0.05,0.02,298.15,cation,0.07084239675578341,0.0035428867042475165,0.07438528346003093
sucrose,NH4+SO4--,0.05,0.02,298.15,anion,0.1313367640950549,0.010874326978473015,0.12046243711658189
sucrose,NH4+SO4--,0.05,0.02,313.15,H2O,0.0007455262759211239,2.7092408237785418e-05,0.0007726186841589093
sucrose,NH4+SO4--,0.05,0.02,313.15,organic,0.2514990955085228,0.07123750161936293,0.3227365971278857
sucrose,NH4+SO4--,0.05,0.02,313.15,cation,0.07099181810304261,0.0035972192991458596,0.07458903740218847
sucrose,NH4+SO4--,0.05,0.02,313.15,anion,0.13217167650850814,0.010366291962051077,0.12180538454645706
sucrose,NH4+SO4--,0.05,0.08,283.15,H2O,0.0028405246876015457,3.6776784716821553e-06,0.002844202366073228
sucrose,NH4+SO4--,0.05,0.08,283.15,organic,1.1505159669533818,0.055703003807982654,1.094812963145399
sucrose,NH4+SO4--,0.05,0.08,283.15,cation,0.07390986017617107,0.009783546083340755,0.06412631409283032
sucrose,NH4+SO4--,0.05,0.08,283.15,anion,0.09894691100158903,0.0033688170752914637,0.1023157280768805
sucrose,NH4+SO4--,0.05,0.08,298.15,H2O,0.00286927113709611,3.1628004371958215e-05,0.002837643132724152
sucrose,NH4+SO4--,0.05,0.08,298.15,organic,1.0941003793595439,0.002532828442809887,1.0966332078023537
sucrose,NH4+SO4--,0.05,0.08,298.15,cation,0.07433168389370226,0.010136934639471074,0.06419474925423119
sucrose,NH4+SO4--,0.05,0.08,298.15,anion,0.10028267987477246,0.0026522125034293964,0.10293489237820186
sucrose,NH4+SO4--,0.05,0.08,313.15,H2O,0.0028868898210095487,5.3672008390577564e-05,0.002833217812618971
sucrose,NH4+SO4--,0.05,0.08,313.15,organic,1.0254607488538259,0.07282594975381329,1.0982866986076392
sucrose,NH4+SO4--,0.05,0.08,313.15,cation,0.07424626480722407,0.009992834636858627,0.06425343017036544
sucrose,NH4+SO4--,0.05,0.08,313.15,anion,0.10009697448992538,0.003385087093057404,0.10348206158298279
sucrose,NH4+SO4--,0.15,0.02,283.15,H2O,0.002184093828324233,0.0003692599134160696,0.0025533537417403024
sucrose,NH4+SO4--,0.15,0.02,283.15,organic,0.3189918850922071,0.001513274072086901,0.3174786110201202
sucrose,NH4+SO4--,0.15,0.02,283.15,cation,0.22255043170623523,0.003059429147068471,0.2256098608533037
sucrose,NH4+SO4--,0.15,0.02,283.15,anion,0.4106238993027218,0.011207273102665116,0.3994166262000567
sucrose,NH4+SO4--,0.15,0.02,298.15,H2O,0.002280049264676681,0.0002482598438745421,0.002528309108551223
sucrose,NH4+SO4--,0.15,0.02,298.15,organic,0.27526188812979235,0.03985341235164608,0.31511530048143843
sucrose,NH4+SO4--,0.15,0.02,298.15,cation,0.22248068490171402,0.002950948201528192,0.2254316331032422
sucrose,NH4+SO4--,0.15,0.02,298.15,anion,0.4107766809270863,0.011194338579298302,0.399582342347788
sucrose,NH4+SO4--,0.15,0.02,313.15,H2O,0.0023949499032415306,0.00011308986086493861,0.002508039764106469
sucrose,NH4+SO4--,0.15,0.02,313.15,organic,0.22231069986805352,0.09090861303772524,0.31321931290577876
sucrose,NH4+SO4--,0.15,0.02,313.15,cation,0.222268216036419,0.0030111259771118393,0.22527934201353084
sucrose,NH4+SO4--,0.15,0.02,313.15,anion,0.4104314314844142,0.010649125884537147,0.39978230559987704
sucrose,NH4+SO4--,0.15,0.08,283.15,H2O,0.009216469251645841,0.00029883278671874805,0.009515302038364589
sucrose,NH4+SO4--,0.15,0.08,283.15,organic,1.0936121918811361,0.0005414872436855234,1.0941536791248216
sucrose,NH4+SO4--,0.15,0.08,283.15,cation,0.20536991944414418,0.010581304610051245,0.19478861483409293
sucrose,NH4+SO4--,0.15,0.08,283.15,anion,0.3406839566907114,0.0036271267444560884,0.3443110834351675
sucrose,NH4+SO4--,0.15,0.08,298.15,H2O,0.009238690870302494,0.00015487244807686415,0.009393563318379358
sucrose,NH4+SO4--,0.15,0.08,298.15,organic,1.0430495726299762,0.04089389613995209,1.0839434687699283
sucrose,NH4+SO4--,0.15,0.08,298.15,cation,0.20529434654474266,0.010971998214848289,0.19432234832989437
sucrose,NH4+SO4--,0.15,0.08,298.15,anion,0.34003551760124306,0.00275853799594028,0.34279405559718334
sucrose,NH4+SO4--,0.15,0.08,313.15,H2O,0.009286011321375635,8.28614751578402e-06,0.009294297468891419
sucrose,NH4+SO4--,0.15,0.08,313.15,organic,0.984971151406195,0.09063437945816766,1.0756055308643626
sucrose,NH4+SO4--,0.15,0.08,313.15,cation,0.20476729324851894,0.010824417424524446,0.1939428758239945
sucrose,NH4+SO4--,0.15,0.08,313.15,anion,0.3381865354759346,0.0034610830186792008,0.3416476184946138
sucrose,NH4+SO4--,0.3,0.02,283.15,H2O,0.005101025733464295,0.0005335352456323859,0.005634560979096681
sucrose,NH4+SO4--,0.3,0.02,283.15,organic,0.2805224666306394,0.01080213735727309,0.2913246039879125
sucrose,NH4+SO4--,0.3,0.02,283.15,cation,0.45284040857883334,0.0017502018823660759,0.4545906104611994
sucrose,NH4+SO4--,0.3,0.02,283.15,anion,0.9222902889979778,0.011030197255372798,0.911260091742605
sucrose,NH4+SO4--,0.3,0.02,298.15,H2O,0.005292125221337282,0.00024581086411075426,0.005537936085448036
sucrose,NH4+SO4--,0.3,0.02,298.15,organic,0.24599579448440245,0.041275980641125365,0.2872717751255278
sucrose,NH4+SO4--,0.3,0.02,298.15,cation,0.4507774382899872,0.0016202584302120737,0.45239769672019925
sucrose,NH4+SO4--,0.3,0.02,298.15,anion,0.9135025650711892,0.011048860187659493,0.9024537048835297
sucrose,NH4+SO4--,0.3,0.02,313.15,H2O,0.005550492422300261,9.408501684745989e-05,0.0054564074054528015
sucrose,NH4+SO4--,0.3,0.02,313.15,organic,0.205221191282563,0.07864674368337088,0.2838679349659339
sucrose,NH4+SO4--,0.3,0.02,313.15,cation,0.44886195143177454,0.0016917907510288765,0.4505537421828034
sucrose,NH4+SO4--,0.3,0.02,313.15,anion,0.9056486819096876,0.010440008963679137,0.8952086729460085
sucrose,NH4+SO4--,0.3,0.08,283.15,H2O,0.02070893422308433,0.0004548008648387718,0.021163735087923102
sucrose,NH4+SO4--,0.3,0.08,283.15,organic,0.9977535416556238,0.012429739721512512,1.0101832813771363
sucrose,NH4+SO4--,0.3,0.08,283.15,cation,0.402426749663352,0.011251668697660477,0.39117508096569154
sucrose,NH4+SO4--,0.3,0.08,283.15,anion,0.7854190737049134,0.0026469583346120373,0.7880660320395254
sucrose,NH4+SO4--,0.3,0.08,298.15,H2O,0.020650583991249544,0.00011598580716383478,0.02076656979841338
sucrose,NH4+SO4--,0.3,0.08,298.15,organic,0.9526872844716618,0.04162402608312732,0.9943113105547892
sucrose,NH4+SO4--,0.3,0.08,298.15,cation,0.4006079017876585,0.011715040374580488,0.388892861413078
sucrose,NH4+SO4--,0.3,0.08,298.15,anion,0.7768386143521067,0.001465414294005818,0.7783040286461125
sucrose,NH4+SO4--,0.3,0.08,313.15,H2O,0.020682914844863957,0.0002527761478294428,0.020430138697034514
sucrose,NH4+SO4--,0.3,0.08,313.15,organic,0.9030531108130258,0.07781853109920167,0.9808716419122274
sucrose,NH4+SO4--,0.3,0.08,313.15,cation,0.398547548815255,0.011568043746119416,0.3869795050691356
sucrose,NH4+SO4--,0.3,0.08,313.15,anion,0.7681902245189738,0.0020750738585828543,0.7702652983775566
sucrose,Ca2+NO3-,0.05,0.02,283.15,H2O,0.0004157244999828181,8.754195773919807e-05,0.0005032664577220161
sucrose,Ca2+NO3-,0.05,0.02,283.15,organic,0.279576828418989,0.05908227145937772,0.2204945569596113
sucrose,Ca2+NO3-,0.05,0.02,283.15,cation,0.20174673246538055,0.004177273778354307,0.20592400624373486
sucrose,Ca2+NO3-,0.05,0.02,283.15,anion,0.013047438982871473,0.008113333987344096,0.0049341049955273775
sucrose,Ca2+NO3-,0.05,0.02,298.15,H2O,0.00043973633294375637,6.50888216110106e-05,0.000504825154554767
sucrose,Ca2+NO3-,0.05,0.02,298.15,organic,0.22134826679979724,3.444954104558917e-05,0.22138271634084283
sucrose,Ca2+NO3-,0.05,0.02,298.15,cation,0.20347664085502148,0.0037678891430508177,0.2072445299980723
sucrose,Ca2+NO3-,0.05,0.02,298.15,anion,0.0132877711598538,0.00793159223954154,0.00535617892031226
sucrose,Ca2+NO3-,0.05,0.02,313.15,H2O,0.00046323402628102995,4.292935187764587e-05,0.0005061633781586758
sucrose,Ca2+NO3-,0.05,0.02,313.15,organic,0.15089892903789526,0.07123750161936293,0.2221364306572582
sucrose,Ca2+NO3-,0.05,0.02,313.15,cation,0.20488351160707485,0.003415545280181176,0.20829905688725603
sucrose,Ca2+NO3-,0.05,0.02,313.15,anion,0.013433144745310766,0.007734986228334573,0.005698158516976193
sucrose,Ca2+NO3-,0.05,0.08,283.15,H2O,0.001432591100396393,5.138678829543636e-05,0.0014839778886918294
sucrose,Ca2+NO3-,0.05,0.08,283.15,organic,0.729710516333431,0.055703003807982654,0.6740075125254483
sucrose,Ca2+NO3-,0.05,0.08,283.15,cation,0.19048904371272668,0.00041132728776327454,0.19090037100048995
sucrose,Ca2+NO3-,0.05,0.08,283.15,anion,0.014768594858753481,0.007158227810824869,0.02192682266957835
sucrose,Ca2+NO3-,0.05,0.08,298.15,H2O,0.0014546828762510167,2.623728244364066e-05,0.0014809201586946574
sucrose,Ca2+NO3-,0.05,0.08,298.15,organic,0.6731201950281109,0.002532828442809887,0.6756530234709208
sucrose,Ca2+NO3-,0.05,0.08,298.15,cation,0.19234314207614522,0.0008344570141463059,0.19150868506199892
sucrose,Ca2+NO3-,0.05,0.08,298.15,anion,0.015141831363415792,0.006573628165089607,0.0217154595285054
sucrose,Ca2+NO3-,0.05,0.08,313.15,H2O,0.0014740429224593633,5.032905819287066e-06,0.0014790758282786504
sucrose,Ca2+NO3-,0.05,0.08,313.15,organic,0.6042794973449217,0.07282594975381329,0.677105447098735
sucrose,Ca2+NO3-,0.05,0.08,313.15,cation,0.19365771456765835,0.0016369633422126384,0.1920207512254457
sucrose,Ca2+NO3-,0.05,0.08,313.15,anion,0.015650745474545147,0.005883980734536998,0.021534726209082145
sucrose,Ca2+NO3-,0.15,0.02,283.15,H2O,0.0012957738766557212,0.0003919302827239514,0.0016877041593796726
sucrose,Ca2+NO3-,0.15,0.02,283.15,organic,0.22216767081990962,0.001513274072086901,0.22065439674782272
sucrose,Ca2+NO3-,0.15,0.02,283.15,cation,0.649826017639517,0.005226510924015049,0.655052528563532
sucrose,Ca2+NO3-,0.15,0.02,283.15,anion,0.02665574557854372,0.008283103153905513,0.018372642424638208
sucrose,Ca2+NO3-,0.15,0.02,298.15,H2O,0.0013965054591401757,0.00027127671298360616,0.0016677821721237818
sucrose,Ca2+NO3-,0.15,0.02,298.15,organic,0.17892356463199555,0.03985341235164608,0.21877697698364162
sucrose,Ca2+NO3-,0.15,0.02,298.15,cation,0.6499588954216311,0.004774274694035574,0.6547331701156667
sucrose,Ca2+NO3-,0.15,0.02,298.15,anion,0.02650669401352279,0.008081963215529564,0.018424730797993227
sucrose,Ca2+NO3-,0.15,0.02,313.15,H2O,0.001516388299758805,0.00013523732946176155,0.0016516256292205666
sucrose,Ca2+NO3-,0.15,0.02,313.15,organic,0.126362158703067,0.09090861303772524,0.21727077174079223
sucrose,Ca2+NO3-,0.15,0.02,313.15,cation,0.6500864276655198,0.004388621768558032,0.6544750494340779
sucrose,Ca2+NO3-,0.15,0.02,313.15,anion,0.0263447887576031,0.007863733787996041,0.018481054969607058
sucrose,Ca2+NO3-,0.15,0.08,283.15,H2O,0.0047620250981630415,0.0003175928568600588,0.0050796179550231
sucrose,Ca2+NO3-,0.15,0.08,283.15,organic,0.6896299104833457,0.0005414872436855234,0.6901713977270312
sucrose,Ca2+NO3-,0.15,0.08,283.15,cation,0.6082173498535801,0.003841391545898798,0.6043759583076813
sucrose,Ca2+NO3-,0.15,0.08,283.15,anion,0.05756199882719237,0.007206539168308157,0.06476853799550053
sucrose,Ca2+NO3-,0.15,0.08,298.15,H2O,0.004796732905664153,0.00018678776922812206,0.004983520674892275
sucrose,Ca2+NO3-,0.15,0.08,298.15,organic,0.6409684039105628,0.04089389613995209,0.6818623000505148
sucrose,Ca2+NO3-,0.15,0.08,298.15,cation,0.6081025648761091,0.005186805720319043,0.6029157591557901
sucrose,Ca2+NO3-,0.15,0.08,298.15,anion,0.058493339849093384,0.00657329598173978,0.06506663583083316
sucrose,Ca2+NO3-,0.15,0.08,313.15,H2O,0.004862521528049309,4.2601789978169435e-05,0.004905123318027478
sucrose,Ca2+NO3-,0.15,0.08,313.15,organic,0.5844363249373323,0.09063437945816766,0.6750707043955
sucrose,Ca2+NO3-,0.15,0.08,313.15,cation,0.6077671348245044,0.006011031013663626,0.6017561038108408
sucrose,Ca2+NO3-,0.15,0.08,313.15,anion,0.05947408322173203,0.005814804167023124,0.06528888738875516
sucrose,Ca2+NO3-,0.3,0.02,283.15,H2O,0.0031411475089648568,0.0005695706159969012,0.003710718124961758
sucrose,Ca2+NO3-,0.3,0.02,283.15,organic,0.19289293931925044,0.01080213735727309,0.20369507667652353
sucrose,Ca2+NO3-,0.3,0.02,283.15,cation,1.3980342986882168,0.007105785641687401,1.4051400843299042
sucrose,Ca2+NO3-,0.3,0.02,283.15,anion,0.04718933616554033,0.008455857287944402,0.03873347887759593
sucrose,Ca2+NO3-,0.3,0.02,298.15,H2O,0.003351059141779097,0.00028244369612297725,0.0036335028379020744
sucrose,Ca2+NO3-,0.3,0.02,298.15,organic,0.15921043647768585,0.041275980641125365,0.2004864171188112
sucrose,Ca2+NO3-,0.3,0.02,298.15,cation,1.3897413803379957,0.00656948245354716,1.3963108627915428
sucrose,Ca2+NO3-,0.3,0.02,298.15,anion,0.04474306836880226,0.008216326135717211,0.03652674223308505
sucrose,Ca2+NO3-,0.3,0.02,313.15,H2O,0.0036268723226686936,5.856602845174218e-05,0.0035683062942169514
sucrose,Ca2+NO3-,0.3,0.02,313.15,organic,0.11914526656531343,0.07864674368337088,0.1977920102486843
sucrose,Ca2+NO3-,0.3,0.02,313.15,cation,1.3828225789032045,0.006120909957124887,1.3889434888603294
sucrose,Ca2+NO3-,0.3,0.02,313.15,anion,0.04266326247738139,0.007954852211199293,0.0347084102661821
sucrose,Ca2+NO3-,0.3,0.08,283.15,H2O,0.01067958387371939,0.0003938840996348166,0.011073467973354206
sucrose,Ca2+NO3-,0.3,0.08,283.15,organic,0.6328480157245062,0.012429739721512512,0.6452777554460187
sucrose,Ca2+NO3-,0.3,0.08,283.15,cation,1.299098622259407,0.011967953168552814,1.2871306690908542
sucrose,Ca2+NO3-,0.3,0.08,283.15,anion,0.12860450397045076,0.007698458201698899,0.13630296217214966
sucrose,Ca2+NO3-,0.3,0.08,298.15,H2O,0.010675705331226236,7.527349433571369e-05,0.01075097882556195
sucrose,Ca2+NO3-,0.3,0.08,298.15,organic,0.5907324839986217,0.04162402608312732,0.632356510081749
sucrose,Ca2+NO3-,0.3,0.08,298.15,cation,1.2912507938333024,0.01350707886553737,1.277743714967765
sucrose,Ca2+NO3-,0.3,0.08,298.15,anion,0.13174928301923416,0.006976790997117233,0.1387260740163514
sucrose,Ca2+NO3-,0.3,0.08,313.15,H2O,0.01076424923295973,0.00028661488260178607,0.010477634350357944
sucrose,Ca2+NO3-,0.3,0.08,313.15,organic,0.5435903931730572,0.07781853109920167,0.6214089242722589
sucrose,Ca2+NO3-,0.3,0.08,313.15,cation,1.2842875190323695,0.014366299465234267,1.2699212195671352
sucrose,Ca2+NO3-,0.3,0.08,313.15,anion,0.13463930031755267,0.006084708536850392,0.14072400885440306
levoglucosan,Na+Cl-,0.05,0.02,283.15,H2O,0.001723102849015418,6.76329486403557e-05,0.0016554699003750624
levoglucosan,Na+Cl-,0.05,0.02,283.15,organic,0.29428020052086923,0.0034281063976514536,0.2908520941232178
levoglucosan,Na+Cl-,0.05,0.02,283.15,cation,0.17231727381359863,0.008306247185865145,0.18062352099946377
levoglucosan,Na+Cl-,0.05,0.02,283.15,anion,0.08245828258959448,0.0033603492460418383,0.07909793334355264
levoglucosan,Na+Cl-,0.05,0.02,298.15,H2O,0.0017507070860099411,8.717503655969981e-05,0.0016635320494502413
levoglucosan,Na+Cl-,0.05,0.02,298.15,organic,0.2673184300543685,0.025099862889294226,0.2924182929436627
levoglucosan,Na+Cl-,0.05,0.02,298.15,cation,0.17294750080420895,0.008392595871333786,0.18134009667554274
levoglucosan,Na+Cl-,0.05,0.02,298.15,anion,0.0838006350195975,0.0033660253251546757,0.08043460969444283
levoglucosan,Na+Cl-,0.05,0.02,313.15,H2O,0.0017740692692001683,0.00010360234816935267,0.0016704669210308156
levoglucosan,Na+Cl-,0.05,0.02,313.15,organic,0.24769127561104273,0.046064860019170234,0.29375613563021297
levoglucosan,Na+Cl-,0.05,0.02,313.15,cation,0.17349464136566978,0.008432260072035846,0.18192690143770562
levoglucosan,Na+Cl-,0.05,0.02,313.15,anion,0.08491798008363949,0.0033718525722794546,0.08154612751136003
levoglucosan,Na+Cl-,0.05,0.08,283.15,H2O,0.00663655505420841,3.3440943819865177e-05,0.006669995998028275
levoglucosan,Na+Cl-,0.05,0.08,283.15,organic,1.1398157142914604,0.005010249608219164,1.1348054646832413
levoglucosan,Na+Cl-,0.05,0.08,283.15,cation,0.16596747302091508,0.014855304135409142,0.18082277715632422
levoglucosan,Na+Cl-,0.05,0.08,283.15,anion,0.06653471432228997,0.001359542548219017,0.06517517177407095
levoglucosan,Na+Cl-,0.05,0.08,298.15,H2O,0.006672014533015781,1.6367517273265875e-05,0.006688382050289047
levoglucosan,Na+Cl-,0.05,0.08,298.15,organic,1.116665606990944,0.023131995182021428,1.1397976021729654
levoglucosan,Na+Cl-,0.05,0.08,298.15,cation,0.16617928989524672,0.015125842391168043,0.18130513228641476
levoglucosan,Na+Cl-,0.05,0.08,298.15,anion,0.0673776580486124,0.0012696510975777064,0.06610800695103469
levoglucosan,Na+Cl-,0.05,0.08,313.15,H2O,0.006702348418432016,3.1504922398497334e-06,0.006705498910671866
levoglucosan,Na+Cl-,0.05,0.08,313.15,organic,1.1003423393219078,0.04378658176435313,1.1441289210862609
levoglucosan,Na+Cl-,0.05,0.08,313.15,cation,0.16641366735006508,0.015300189961003074,0.18171385731106815
levoglucosan,Na+Cl-,0.05,0.08,313.15,anion,0.0680440002906299,0.001134424310889226,0.06690957597974068
levoglucosan,Na+Cl-,0.15,0.02,283.15,H2O,0.0054791293579100585,0.00033866932066212163,0.005140460037247937
levoglucosan,Na+Cl-,0.15,0.02,283.15,organic,0.2991396828468481,0.02890409387463222,0.2702355889722159
levoglucosan,Na+Cl-,0.15,0.02,283.15,cation,0.5383806895103989,0.009101045879192526,0.5474817353895913
levoglucosan,Na+Cl-,0.15,0.02,283.15,anion,0.25116558300152303,0.0034316845845491217,0.2477338984169739
levoglucosan,Na+Cl-,0.15,0.02,298.15,H2O,0.005599039346785052,0.0004719999167338701,0.005127039430051182
levoglucosan,Na+Cl-,0.15,0.02,298.15,organic,0.27939809117127873,0.009687844604898632,0.2697102465663801
levoglucosan,Na+Cl-,0.15,0.02,298.15,cation,0.5390335918132196,0.009196306052747794,0.5482298978659674
levoglucosan,Na+Cl-,0.15,0.02,298.15,anion,0.2529727162527719,0.0034359163411896154,0.24953679991158229
levoglucosan,Na+Cl-,0.15,0.02,313.15,H2O,0.005677807283279147,0.0005606299162712863,0.00511717736700786
levoglucosan,Na+Cl-,0.15,0.02,313.15,organic,0.26428152669349153,0.005061046370426536,0.26934257306391807
levoglucosan,Na+Cl-,0.15,0.02,313.15,cation,0.5396352404220631,0.009240439681733048,0.5488756801037962
levoglucosan,Na+Cl-,0.15,0.02,313.15,anion,0.25455955312051615,0.003439811052653785,0.25111974206786236
levoglucosan,Na+Cl-,0.15,0.08,283.15,H2O,0.02058576774080812,0.00025475107071828117,0.02033101667008984
levoglucosan,Na+Cl-,0.15,0.08,283.15,organic,1.071027214491941,0.029571913621199708,1.0414553008707412
levoglucosan,Na+Cl-,0.15,0.08,283.15,cation,0.5286515499715487,0.014082075780858683,0.5427336257524074
levoglucosan,Na+Cl-,0.15,0.08,283.15,anion,0.2015094578359613,0.000846320444344073,0.20066313739161723
levoglucosan,Na+Cl-,0.15,0.08,298.15,H2O,0.020645706354080064,0.00039719316399095504,0.020248513190089107
levoglucosan,Na+Cl-,0.15,0.08,298.15,organic,1.0498160957939655,0.011084984735385106,1.0387311110585804
levoglucosan,Na+Cl-,0.15,0.08,298.15,cation,0.5286787055665452,0.014375553879758973,0.5430542594463041
levoglucosan,Na+Cl-,0.15,0.08,298.15,anion,0.20242050701808073,0.0007355902383484048,0.20168491677973233
levoglucosan,Na+Cl-,0.15,0.08,313.15,H2O,0.020670899143419196,0.00048580456572887634,0.02018509457769032
levoglucosan,Na+Cl-,0.15,0.08,313.15,organic,1.0333494781440864,0.0033355500321534115,1.0366850281762399
levoglucosan,Na+Cl-,0.15,0.08,313.15,cation,0.5287859887680673,0.014575489349500037,0.5433614781175673
levoglucosan,Na+Cl-,0.15,0.08,313.15,anion,0.20320949800274812,0.000566987699055943,0.20264251030369218
levoglucosan,Na+Cl-,0.3,0.02,283.15,H2O,0.010989674171996186,0.0005012213301233553,0.01048845284187283
levoglucosan,Na+Cl-,0.3,0.02,283.15,organic,0.26292946451017674,0.03394981275209075,0.228979651758086
levoglucosan,Na+Cl-,0.3,0.02,283.15,cation,1.0931210533461777,0.010550511469806734,1.1036715648159845
levoglucosan,Na+Cl-,0.3,0.02,283.15,anion,0.5195112084977085,0.003492718389641547,0.5160184901080669
levoglucosan,Na+Cl-,0.3,0.02,298.15,H2O,0.011337698787404486,0.0009331190891103541,0.010404579698294131
levoglucosan,Na+Cl-,0.3,0.02,298.15,organic,0.25127205818548604,0.023922987051406275,0.22734907113407976
levoglucosan,Na+Cl-,0.3,0.02,298.15,cation,1.09176848521178,0.010663322285333898,1.1024318074971138
levoglucosan,Na+Cl-,0.3,0.02,298.15,anion,0.5188592397707126,0.0034930666626059037,0.5153661731081067
levoglucosan,Na+Cl-,0.3,0.02,313.15,H2O,0.011414250476389096,0.0010799185324376001,0.010334331943951496
levoglucosan,Na+Cl-,0.3,0.02,313.15,organic,0.23727239737032557,0.011281664179489614,0.22599073319083596
levoglucosan,Na+Cl-,0.3,0.02,313.15,cation,1.0907195180115126,0.01071664984373949,1.101436167855252
levoglucosan,Na+Cl-,0.3,0.02,313.15,anion,0.5184730012230575,0.003491734371898869,0.5149812668511586
levoglucosan,Na+Cl-,0.3,0.08,283.15,H2O,0.04018956968581734,0.0005455485788274893,0.03964402110698985
levoglucosan,Na+Cl-,0.3,0.08,283.15,organic,0.8953888307626017,0.03554710213138956,0.8598417286312121
levoglucosan,Na+Cl-,0.3,0.08,283.15,cation,1.0614828489044283,0.011718734267517184,1.0732015831719455
levoglucosan,Na+Cl-,0.3,0.08,283.15,anion,0.40211023953210395,0.00018149157682051387,0.40229173110892447
levoglucosan,Na+Cl-,0.3,0.08,298.15,H2O,0.04028938724751695,0.001013856411290412,0.039275530836226535
levoglucosan,Na+Cl-,0.3,0.08,298.15,organic,0.8796114775051198,0.026405667127419763,0.8532058103777
levoglucosan,Na+Cl-,0.3,0.08,298.15,cation,1.0595531431410592,0.012054988447977255,1.0716081315890365
levoglucosan,Na+Cl-,0.3,0.08,298.15,anion,0.4005085653028754,0.0003364983771892982,0.4008450636800647
levoglucosan,Na+Cl-,0.3,0.08,313.15,H2O,0.040112458811542545,0.0011481391092769272,0.03896431970226562
levoglucosan,Na+Cl-,0.3,0.08,313.15,organic,0.8613480795166754,0.013741992228406441,0.8476060872882689
levoglucosan,Na+Cl-,0.3,0.08,313.15,cation,1.0580078121024594,0.012309922830426756,1.0703177349328863
levoglucosan,Na+Cl-,0.3,0.08,313.15,anion,0.39921243139685314,0.0005784065041131159,0.39979083790096626
levoglucosan,NH4+SO4--,0.05,0.02,283.15,H2O,0.0008222319868849402,0.00010600280377787022,0.00071622918310707
levoglucosan,NH4+SO4--,0.05,0.02,283.15,organic,0.14683511958065798,0.0034281063976514536,0.14340701318300653
levoglucosan,NH4+SO4--,0.05,0.02,283.15,cation,0.07343686838252639,0.003640675945655314,0.0770775443281817
levoglucosan,NH4+SO4--,0.05,0.02,283.15,anion,0.09816156578942437,0.010899209180682767,0.0872623566087416
levoglucosan,NH4+SO4--,0.05,0.02,298.15,H2O,0.0008542259408679505,0.0001261222685414948,0.0007281036723264557
levoglucosan,NH4+SO4--,0.05,0.02,298.15,organic,0.12070680569786685,0.025099862889294226,0.14580666858716107
levoglucosan,NH4+SO4--,0.05,0.02,298.15,cation,0.07445215826083351,0.0035428867042475165,0.07799504496508103
levoglucosan,NH4+SO4--,0.05,0.02,298.15,anion,0.1031342936212214,0.010874326978473015,0.09225996664274838
levoglucosan,NH4+SO4--,0.05,0.02,313.15,H2O,0.000880310563278567,0.00014187681908363293,0.0007384337441949341
levoglucosan,NH4+SO4--,0.05,0.02,313.15,organic,0.10179985597534344,0.046064860019170234,0.14786471599451367
levoglucosan,NH4+SO4--,0.05,0.02,313.15,cation,0.07515929086265877,0.0035972192991458596,0.07875651016180463
levoglucosan,NH4+SO4--,0.05,0.02,313.15,anion,0.10680066317324122,0.010366291962051077,0.09643437121119014
levoglucosan,NH4+SO4--,0.05,0.08,283.15,H2O,0.002896498482552086,0.00019320685122627135,0.0027032916313258146
levoglucosan,NH4+SO4--,0.05,0.08,283.15,organic,0.491164994591893,0.005010249608219164,0.48615474498367384
levoglucosan,NH4+SO4--,0.05,0.08,283.15,cation,0.07809132583389189,0.009783546083340755,0.06830777975055113
levoglucosan,NH4+SO4--,0.05,0.08,283.15,anion,0.07225282751113449,0.0033688170752914637,0.07562164458642595
levoglucosan,NH4+SO4--,0.05,0.08,298.15,H2O,0.0029467834009260924,0.00022573101460737419,0.002721052386318718
levoglucosan,NH4+SO4--,0.05,0.08,298.15,organic,0.4700554030979332,0.023131995182021428,0.4931873982799546
levoglucosan,NH4+SO4--,0.05,0.08,298.15,cation,0.0789368498219043,0.010136934639471074,0.06879991518243322
levoglucosan,NH4+SO4--,0.05,0.08,298.15,anion,0.07573969006522407,0.0026522125034293964,0.07839190256865347
levoglucosan,NH4+SO4--,0.05,0.08,313.15,H2O,0.0029803983233491916,0.00024136716019085118,0.0027390311631583404
levoglucosan,NH4+SO4--,0.05,0.08,313.15,organic,0.45557917642508705,0.04378658176435313,0.4993657581894402
levoglucosan,NH4+SO4--,0.05,0.08,313.15,cation,0.07922350279361978,0.009992834636858627,0.06923066815676115
levoglucosan,NH4+SO4--,0.05,0.08,313.15,anion,0.07744296589890043,0.003385087093057404,0.08082805299195783
levoglucosan,NH4+SO4--,0.15,0.02,283.15,H2O,0.0029746935848295256,0.00038668798803294206,0.0025880055967965835
levoglucosan,NH4+SO4--,0.15,0.02,283.15,organic,0.1816800176957457,0.02890409387463222,0.1527759238211135
levoglucosan,NH4+SO4--,0.15,0.02,283.15,cation,0.23710199232389417,0.003059429147068471,0.24016142147096264
levoglucosan,NH4+SO4--,0.15,0.02,283.15,anion,0.3403824074289532,0.011207273102665116,0.3291751343262881
levoglucosan,NH4+SO4--,0.15,0.02,298.15,H2O,0.003089906085448176,0.0005207724258044066,0.0025691336596437696
levoglucosan,NH4+SO4--,0.15,0.02,298.15,organic,0.16177500630929903,0.009687844604898632,0.1520871617044004
levoglucosan,NH4+SO4--,0.15,0.02,298.15,cation,0.23830453482648029,0.002950948201528192,0.24125548302800848
levoglucosan,NH4+SO4--,0.15,0.02,298.15,anion,0.34699450399709586,0.011194338579298302,0.33580016541779756
levoglucosan,NH4+SO4--,0.15,0.02,313.15,H2O,0.0031641877759134573,0.0006086229171804163,0.002555564858733041
levoglucosan,NH4+SO4--,0.15,0.02,313.15,organic,0.1465616643448096,0.005061046370426536,0.15162271071523614
levoglucosan,NH4+SO4--,0.15,0.02,313.15,cation,0.23920587803394555,0.0030111259771118393,0.2422170040110574
levoglucosan,NH4+SO4--,0.15,0.02,313.15,anion,0.35230399276997537,0.010649125884537147,0.3416548668854382
levoglucosan,NH4+SO4--,0.15,0.08,283.15,H2O,0.0103457439669885,0.0004913027905481364,0.009854441176440364
levoglucosan,NH4+SO4--,0.15,0.08,283.15,organic,0.5571963000847865,0.029571913621199708,0.5276243864635868
levoglucosan,NH4+SO4--,0.15,0.08,283.15,cation,0.2229329397424228,0.010581304610051245,0.21235163513237154
levoglucosan,NH4+SO4--,0.15,0.08,283.15,anion,0.2811908962979257,0.0036271267444560884,0.2848180230423818
levoglucosan,NH4+SO4--,0.15,0.08,298.15,H2O,0.010380452420493354,0.0006535412277189137,0.00972691119277444
levoglucosan,NH4+SO4--,0.15,0.08,298.15,organic,0.535118414054315,0.011084984735385106,0.5240334293189299
levoglucosan,NH4+SO4--,0.15,0.08,298.15,cation,0.2236358693624637,0.010971998214848289,0.21266387114761542
levoglucosan,NH4+SO4--,0.15,0.08,298.15,anion,0.2844948546148549,0.00275853799594028,0.2872533926107952
levoglucosan,NH4+SO4--,0.15,0.08,313.15,H2O,0.010375373789510357,0.0007466661284627682,0.009628707661047588
levoglucosan,NH4+SO4--,0.15,0.08,313.15,organic,0.51805100129743,0.0033355500321534115,0.5213865513295834
levoglucosan,NH4+SO4--,0.15,0.08,313.15,cation,0.22381893330234326,0.010824417424524446,0.2129945158778188
levoglucosan,NH4+SO4--,0.15,0.08,313.15,anion,0.28625108307283975,0.0034610830186792008,0.28971216609151895
levoglucosan,NH4+SO4--,0.3,0.02,283.15,H2O,0.006801739488470626,0.0005695315076769264,0.0062322079807937
levoglucosan,NH4+SO4--,0.3,0.02,283.15,organic,0.18513208022096306,0.03394981275209075,0.1511822674688723
levoglucosan,NH4+SO4--,0.3,0.02,283.15,cation,0.49831588484245004,0.0017502018823660759,0.5000660867248161
levoglucosan,NH4+SO4--,0.3,0.02,283.15,anion,0.8473438531951185,0.011030197255372798,0.8363136559397457
levoglucosan,NH4+SO4--,0.3,0.02,298.15,H2O,0.007114859367142942,0.00100263219801007,0.006112227169132872
levoglucosan,NH4+SO4--,0.3,0.02,298.15,organic,0.17277245823050935,0.023922987051406275,0.14884947117910308
levoglucosan,NH4+SO4--,0.3,0.02,298.15,cation,0.4973949081504385,0.0016202584302120737,0.4990151665806506
levoglucosan,NH4+SO4--,0.3,0.02,298.15,anion,0.8443539429137985,0.011048860187659493,0.833305082726139
levoglucosan,NH4+SO4--,0.3,0.02,313.15,H2O,0.0071605339567972145,0.0011484574114936433,0.006012076545303571
levoglucosan,NH4+SO4--,0.3,0.02,313.15,organic,0.15819268848170165,0.011281664179489614,0.14691102430221203
levoglucosan,NH4+SO4--,0.3,0.02,313.15,cation,0.4965349334090122,0.0016917907510288765,0.4982267241600411
levoglucosan,NH4+SO4--,0.3,0.02,313.15,anion,0.8418588135759797,0.010440008963679137,0.8314188046123006
levoglucosan,NH4+SO4--,0.3,0.08,283.15,H2O,0.024806974992186523,0.0007701721554184068,0.024036802836768116
levoglucosan,NH4+SO4--,0.3,0.08,283.15,organic,0.5658823798050026,0.03554710213138956,0.530335277673613
levoglucosan,NH4+SO4--,0.3,0.08,283.15,cation,0.45274379447432844,0.011251668697660477,0.44149212577666797
levoglucosan,NH4+SO4--,0.3,0.08,283.15,anion,0.7243376241450488,0.0026469583346120373,0.7269845824796608
levoglucosan,NH4+SO4--,0.3,0.08,298.15,H2O,0.024782536966172032,0.0012686659999232783,0.023513870966248754
levoglucosan,NH4+SO4--,0.3,0.08,298.15,organic,0.5476453110913349,0.026405667127419763,0.5212396439639151
levoglucosan,NH4+SO4--,0.3,0.08,298.15,cation,0.4514756758875007,0.011715040374580488,0.4397606355129202
levoglucosan,NH4+SO4--,0.3,0.08,298.15,anion,0.7185531750280214,0.001465414294005818,0.7200185893220272
levoglucosan,NH4+SO4--,0.3,0.08,313.15,H2O,0.024486402396570364,0.0014135810035555071,0.023072821393014857
levoglucosan,NH4+SO4--,0.3,0.08,313.15,organic,0.5273267271178196,0.013741992228406441,0.5135847348894131
levoglucosan,NH4+SO4--,0.3,0.08,313.15,cation,0.44996532411379353,0.011568043746119416,0.4383972803676741
levoglucosan,NH4+SO4--,0.3,0.08,313.15,anion,0.7126970989728845,0.0020750738585828543,0.7147721728314673
levoglucosan,Ca2+NO3-,0.05,0.02,283.15,H2O,0.0005828279588096798,8.96762979058865e-05,0.0004931516609037933
levoglucosan,Ca2+NO3-,0.05,0.02,283.15,organic,0.10782373934456968,0.0034281063976514536,0.10439563294691823
levoglucosan,Ca2+NO3-,0.05,0.02,283.15,cation,0.18061970170206343,0.004177273778354307,0.18479697548041774
levoglucosan,Ca2+NO3-,0.05,0.02,283.15,anion,0.018020579926154856,0.008113333987344096,0.00990724593881076
levoglucosan,Ca2+NO3-,0.05,0.02,298.15,H2O,0.000612354089897558,0.00010954279374320378,0.0005028112961543542
levoglucosan,Ca2+NO3-,0.05,0.02,298.15,organic,0.08119289052054945,0.025099862889294226,0.10629275340984368
levoglucosan,Ca2+NO3-,0.05,0.02,298.15,cation,0.18532636202276076,0.0037678891430508177,0.18909425116581158
levoglucosan,Ca2+NO3-,0.05,0.02,298.15,anion,0.019110161918761914,0.00793159223954154,0.011178569679220374
levoglucosan,Ca2+NO3-,0.05,0.02,313.15,H2O,0.0006372047824371673,0.00012603987544377226,0.000511164906993395
levoglucosan,Ca2+NO3-,0.05,0.02,313.15,organic,0.06185272705229192,0.046064860019170234,0.10791758707146215
levoglucosan,Ca2+NO3-,0.05,0.02,313.15,cation,0.18924417859912723,0.003415545280181176,0.1926597238793084
levoglucosan,Ca2+NO3-,0.05,0.02,313.15,anion,0.019971893577626854,0.007734986228334573,0.01223690734929228
levoglucosan,Ca2+NO3-,0.05,0.08,283.15,H2O,0.001595015230965175,0.00014549774140251714,0.0014495174895626578
levoglucosan,Ca2+NO3-,0.05,0.08,283.15,organic,0.31804227830601683,0.005010249608219164,0.31303202869779767
levoglucosan,Ca2+NO3-,0.05,0.08,283.15,cation,0.17216184082343977,0.00041132728776327454,0.17257316811120305
levoglucosan,Ca2+NO3-,0.05,0.08,283.15,anion,0.01074211492038124,0.007158227810824869,0.01790034273120611
levoglucosan,Ca2+NO3-,0.05,0.08,298.15,H2O,0.0016367907838093915,0.00016786572779177444,0.001468925056017617
levoglucosan,Ca2+NO3-,0.05,0.08,298.15,organic,0.2957862735161339,0.023131995182021428,0.3189182686981553
levoglucosan,Ca2+NO3-,0.05,0.08,298.15,cation,0.17613646311212205,0.0008344570141463059,0.17530200609797575
levoglucosan,Ca2+NO3-,0.05,0.08,298.15,anion,0.010510378422836697,0.006573628165089607,0.017084006587926304
levoglucosan,Ca2+NO3-,0.05,0.08,313.15,H2O,0.0016700935028944814,0.00018266224598098568,0.0014874312569134957
levoglucosan,Ca2+NO3-,0.05,0.08,313.15,organic,0.2802676948046451,0.04378658176435313,0.3240542765689982
levoglucosan,Ca2+NO3-,0.05,0.08,313.15,cation,0.17929421069275264,0.0016369633422126384,0.17765724735054
levoglucosan,Ca2+NO3-,0.05,0.08,313.15,anion,0.010493445523247047,0.005883980734536998,0.016377426257784045
levoglucosan,Ca2+NO3-,0.15,0.02,283.15,H2O,0.002178762250440556,0.00036401761872506024,0.001814744631715496
levoglucosan,Ca2+NO3-,0.15,0.02,283.15,organic,0.14158214977613814,0.02890409387463222,0.11267805590150592
levoglucosan,Ca2+NO3-,0.15,0.02,283.15,cation,0.6093007738858138,0.005226510924015049,0.6145272848098289
levoglucosan,Ca2+NO3-,0.15,0.02,283.15,anion,0.048322228789040855,0.008283103153905513,0.04003912563513534
levoglucosan,Ca2+NO3-,0.15,0.02,298.15,H2O,0.0022978377963152365,0.0004977555566953416,0.0018000822396198948
levoglucosan,Ca2+NO3-,0.15,0.02,298.15,organic,0.12181529834274735,0.009687844604898632,0.11212745373784871
levoglucosan,Ca2+NO3-,0.15,0.02,298.15,cation,0.6151766918851937,0.004774274694035574,0.6199509665792293
levoglucosan,Ca2+NO3-,0.15,0.02,298.15,anion,0.04981163281541723,0.008081963215529564,0.041729669599887664
levoglucosan,Ca2+NO3-,0.15,0.02,313.15,H2O,0.0023760043646752424,0.0005864754485835916,0.0017895289160916508
levoglucosan,Ca2+NO3-,0.15,0.02,313.15,organic,0.10669412970089726,0.005061046370426536,0.11175517607132379
levoglucosan,Ca2+NO3-,0.15,0.02,313.15,cation,0.6203195432259632,0.004388621768558032,0.6247081649945212
levoglucosan,Ca2+NO3-,0.15,0.02,313.15,anion,0.051080568595959386,0.007863733787996041,0.043216834807963345
levoglucosan,Ca2+NO3-,0.15,0.08,283.15,H2O,0.006094139616542522,0.0004725427204068256,0.0056215968961356964
levoglucosan,Ca2+NO3-,0.15,0.08,283.15,organic,0.38342653551153105,0.029571913621199708,0.35385462189033134
levoglucosan,Ca2+NO3-,0.15,0.08,283.15,cation,0.573829853039888,0.003841391545898798,0.5699884614939892
levoglucosan,Ca2+NO3-,0.15,0.08,283.15,anion,0.039347385267635926,0.007206539168308157,0.04655392443594408
levoglucosan,Ca2+NO3-,0.15,0.08,298.15,H2O,0.006147283905335121,0.0006216259065676567,0.005525657998767464
levoglucosan,Ca2+NO3-,0.15,0.08,298.15,organic,0.36202141624894146,0.011084984735385106,0.35093643151355636
levoglucosan,Ca2+NO3-,0.15,0.08,298.15,cation,0.5776420599897669,0.005186805720319043,0.5724552542694479
levoglucosan,Ca2+NO3-,0.15,0.08,298.15,anion,0.03915837859261656,0.00657329598173978,0.04573167457435634
levoglucosan,Ca2+NO3-,0.15,0.08,313.15,H2O,0.006164579266541671,0.0007123504860003863,0.005452228780541284
levoglucosan,Ca2+NO3-,0.15,0.08,313.15,organic,0.3454465350077128,0.0033355500321534115,0.3487820850398662
levoglucosan,Ca2+NO3-,0.15,0.08,313.15,cation,0.58084817670328,0.006011031013663626,0.5748371456896164
levoglucosan,Ca2+NO3-,0.15,0.08,313.15,anion,0.03912873950579471,0.005814804167023124,0.04494354367281783
levoglucosan,Ca2+NO3-,0.3,0.02,283.15,H2O,0.0049308620190933045,0.0005334961373124059,0.004397365881780899
levoglucosan,Ca2+NO3-,0.3,0.02,283.15,organic,0.14648349830928487,0.03394981275209075,0.11253368555719412
levoglucosan,Ca2+NO3-,0.3,0.02,283.15,cation,1.3790820992820607,0.007105785641687401,1.3861878849237481
levoglucosan,Ca2+NO3-,0.3,0.02,283.15,anion,0.10945599710623644,0.008455857287944402,0.10100013981829203
levoglucosan,Ca2+NO3-,0.3,0.02,298.15,H2O,0.0052681616354521635,0.0009659993659978452,0.004302162269454318
levoglucosan,Ca2+NO3-,0.3,0.02,298.15,organic,0.13460922055500524,0.023922987051406275,0.11068623350359896
levoglucosan,Ca2+NO3-,0.3,0.02,298.15,cation,1.3759707198470315,0.00656948245354716,1.3825402023005786
levoglucosan,Ca2+NO3-,0.3,0.02,298.15,anion,0.10848799188236191,0.008216326135717211,0.1002716657466447
levoglucosan,Ca2+NO3-,0.3,0.02,313.15,H2O,0.005335596522886468,0.0011129384230979256,0.004222658099788543
levoglucosan,Ca2+NO3-,0.3,0.02,313.15,organic,0.12043310391676043,0.011281664179489614,0.10915143973727082
levoglucosan,Ca2+NO3-,0.3,0.02,313.15,cation,1.3738258193436348,0.006120909957124887,1.3799467293007597
levoglucosan,Ca2+NO3-,0.3,0.02,313.15,anion,0.10777015184489802,0.007954852211199293,0.09981529963369873
levoglucosan,Ca2+NO3-,0.3,0.08,283.15,H2O,0.014842161779135513,0.0008310889206223707,0.014011072858513142
levoglucosan,Ca2+NO3-,0.3,0.08,283.15,organic,0.4008973290560578,0.03554710213138956,0.36535022692466823
levoglucosan,Ca2+NO3-,0.3,0.08,283.15,cation,1.2884350198125527,0.011967953168552814,1.276467066644
levoglucosan,Ca2+NO3-,0.3,0.08,283.15,anion,0.07418279663975624,0.007698458201698899,0.08188125484145514
levoglucosan,Ca2+NO3-,0.3,0.08,298.15,H2O,0.014900981320126634,0.001309378312751401,0.013591603007375233
levoglucosan,Ca2+NO3-,0.3,0.08,298.15,organic,0.3843374776736541,0.026405667127419763,0.35793181054623435
levoglucosan,Ca2+NO3-,0.3,0.08,298.15,cation,1.2835310269830278,0.01350707886553737,1.2700239481174904
levoglucosan,Ca2+NO3-,0.3,0.08,298.15,anion,0.07648771670951571,0.006976790997117233,0.08346450770663294
levoglucosan,Ca2+NO3-,0.3,0.08,313.15,H2O,0.014685365308316392,0.0014474197383278486,0.013237945569988543
levoglucosan,Ca2+NO3-,0.3,0.08,313.15,organic,0.36542926771443074,0.013741992228406441,0.3516872754860243
levoglucosan,Ca2+NO3-,0.3,0.08,313.15,cation,1.2794367348105298,0.014366299465234267,1.2650704353452955
levoglucosan,Ca2+NO3-,0.3,0.08,313.15,anion,0.07855923014030985,0.006084708536850392,0.08464393867716025
ethanol,Na+Cl-,0.05,0.02,283.15,H2O,0.0010739013425557387,0.0009374171212686636,0.0020113184638244023
ethanol,Na+Cl-,0.05,0.02,283.15,organic,0.2060007111811455,0.10450644079358273,0.10149427038756276
ethanol,Na+Cl-,0.05,0.02,283.15,cation,0.20707986593320327,0.008306247185865145,0.2153861131190684
ethanol,Na+Cl-,0.05,0.02,283.15,anion,0.10746657177161917,0.0033603492460418383,0.10410622252557733
ethanol,Na+Cl-,0.05,0.02,298.15,H2O,0.0011054193850891264,0.0009070847326352177,0.002012504117724344
ethanol,Na+Cl-,0.05,0.02,298.15,organic,0.19710858868975623,0.09554289348069755,0.10156569520905867
ethanol,Na+Cl-,0.05,0.02,298.15,cation,0.20700820911465234,0.008392595871333786,0.21540080498598613
ethanol,Na+Cl-,0.05,0.02,298.15,anion,0.1076881742482852,0.0033660253251546757,0.10432214892313052
ethanol,Na+Cl-,0.05,0.02,313.15,H2O,0.001074605509550525,0.0009389488038118135,0.0020135543133623385
ethanol,Na+Cl-,0.05,0.02,313.15,organic,0.201655790410033,0.10002564449774087,0.10163014591229214
ethanol,Na+Cl-,0.05,0.02,313.15,cation,0.20697895023019358,0.008432260072035846,0.21541121030222943
ethanol,Na+Cl-,0.05,0.02,313.15,anion,0.10788513955190604,0.0033718525722794546,0.10451328697962659
ethanol,Na+Cl-,0.05,0.08,283.15,H2O,0.006830293467960332,0.0011499917556985124,0.007980285223658845
ethanol,Na+Cl-,0.05,0.08,283.15,organic,0.490074455266886,0.09982787018505068,0.3902465850818353
ethanol,Na+Cl-,0.05,0.08,283.15,cation,0.19915881085112153,0.014855304135409142,0.21401411498653067
ethanol,Na+Cl-,0.05,0.08,283.15,anion,0.08532852619008613,0.001359542548219017,0.08396898364186711
ethanol,Na+Cl-,0.05,0.08,298.15,H2O,0.0068682415469046715,0.001118995223318868,0.00798723677022354
ethanol,Na+Cl-,0.05,0.08,298.15,organic,0.48164709679504103,0.09111797140123779,0.39052912539380324
ethanol,Na+Cl-,0.05,0.08,298.15,cation,0.1989419959261977,0.015125842391168043,0.21406783831736576
ethanol,Na+Cl-,0.05,0.08,298.15,anion,0.08548704172082322,0.0012696510975777064,0.08421739062324551
ethanol,Na+Cl-,0.05,0.08,313.15,H2O,0.0068344310045667205,0.0011589457864096923,0.007993376790976413
ethanol,Na+Cl-,0.05,0.08,313.15,organic,0.48624433668101685,0.09546467915690815,0.3907796575241087
ethanol,Na+Cl-,0.05,0.08,313.15,cation,0.1988120073871295,0.015300189961003074,0.21411219734813258
ethanol,Na+Cl-,0.05,0.08,313.15,anion,0.0855715737467963,0.001134424310889226,0.08443714943590708
ethanol,Na+Cl-,0.15,0.02,283.15,H2O,0.0026378276393476926,0.003401058684619855,0.0060388863239675475
ethanol,Na+Cl-,0.15,0.02,283.15,organic,0.12970241898987567,0.038358680517284194,0.09134373847259147
ethanol,Na+Cl-,0.15,0.02,283.15,cation,0.6360865574740833,0.009101045879192526,0.6451876033532757
ethanol,Na+Cl-,0.15,0.02,283.15,anion,0.3171312027707752,0.0034316845845491217,0.3136995181862261
ethanol,Na+Cl-,0.15,0.02,298.15,H2O,0.002774663746199702,0.0032647353588638054,0.006039399105063507
ethanol,Na+Cl-,0.15,0.02,298.15,organic,0.12406149451791693,0.03269638164712785,0.09136511287078908
ethanol,Na+Cl-,0.15,0.02,298.15,cation,0.6359306462051002,0.009196306052747794,0.645126952257848
ethanol,Na+Cl-,0.15,0.02,298.15,anion,0.3176468433831769,0.0034359163411896154,0.3142109270419873
ethanol,Na+Cl-,0.15,0.02,313.15,H2O,0.002578705305945417,0.0034613492961300726,0.00604005460207549
ethanol,Na+Cl-,0.15,0.02,313.15,organic,0.12486165293015183,0.03347347876754814,0.0913881741626037
ethanol,Na+Cl-,0.15,0.02,313.15,cation,0.6358305922526694,0.009240439681733048,0.6450710319344024
ethanol,Na+Cl-,0.15,0.02,313.15,anion,0.3181132197095292,0.003439811052653785,0.31467340865687543
ethanol,Na+Cl-,0.15,0.08,283.15,H2O,0.01997312200323958,0.003650669604190732,0.023623791607430313
ethanol,Na+Cl-,0.15,0.08,283.15,organic,0.38376950580664015,0.036290030867655476,0.3474794749389847
ethanol,Na+Cl-,0.15,0.08,283.15,cation,0.6225771489778453,0.014082075780858683,0.636659224758704
ethanol,Na+Cl-,0.15,0.08,283.15,anion,0.2504808425123026,0.000846320444344073,0.24963452206795855
ethanol,Na+Cl-,0.15,0.08,298.15,H2O,0.02010107759137654,0.0035313063518156787,0.02363238394319222
ethanol,Na+Cl-,0.15,0.08,298.15,organic,0.37803223410666587,0.03048008552397874,0.3475521485826871
ethanol,Na+Cl-,0.15,0.08,298.15,cation,0.6223519680543921,0.014375553879758973,0.636727521934151
ethanol,Na+Cl-,0.15,0.08,298.15,anion,0.2509889672536721,0.0007355902383484048,0.2502533770153237
ethanol,Na+Cl-,0.15,0.08,313.15,H2O,0.01988271364305198,0.003758120940195615,0.023640834583247596
ethanol,Na+Cl-,0.15,0.08,313.15,organic,0.378568273499862,0.03093918309864574,0.34762909040121626
ethanol,Na+Cl-,0.15,0.08,313.15,cation,0.6222086664150888,0.014575489349500037,0.6367841557645888
ethanol,Na+Cl-,0.15,0.08,313.15,anion,0.2513778308312147,0.000566987699055943,0.25081084313215873
ethanol,Na+Cl-,0.3,0.02,283.15,H2O,0.005728605828449473,0.006300549794036443,0.012029155622485917
ethanol,Na+Cl-,0.3,0.02,283.15,organic,0.0886958356808909,0.012930154384076298,0.0757656812968146
ethanol,Na+Cl-,0.3,0.02,283.15,cation,1.275145333797945,0.010550511469806734,1.2856958452677518
ethanol,Na+Cl-,0.3,0.02,283.15,anion,0.6331334315804549,0.003492718389641547,0.6296407131908133
ethanol,Na+Cl-,0.3,0.02,298.15,H2O,0.005646677903973676,0.0063752635910727384,0.012021941495046415
ethanol,Na+Cl-,0.3,0.02,298.15,organic,0.08095121487015511,0.005215044847705186,0.07573617002244992
ethanol,Na+Cl-,0.3,0.02,298.15,cation,1.2746067361379267,0.010663322285333898,1.2852700584232606
ethanol,Na+Cl-,0.3,0.02,298.15,anion,0.6337811899012591,0.0034930666626059037,0.6302881232386532
ethanol,Na+Cl-,0.3,0.02,313.15,H2O,0.005255679353207504,0.006760922184435539,0.012016601537643043
ethanol,Na+Cl-,0.3,0.02,313.15,organic,0.07968690938177159,0.00396935787233943,0.07571755150943216
ethanol,Na+Cl-,0.3,0.02,313.15,cation,1.2741889707540668,0.01071664984373949,1.2849056205978062
ethanol,Na+Cl-,0.3,0.02,313.15,anion,0.634402838124963,0.003491734371898869,0.6309111037530641
ethanol,Na+Cl-,0.3,0.08,283.15,H2O,0.038725480322407635,0.00661569132605179,0.045341171648459425
ethanol,Na+Cl-,0.3,0.08,283.15,organic,0.29307204222848826,0.01139145326069091,0.28168058896779735
ethanol,Na+Cl-,0.3,0.08,283.15,cation,1.2378811960323528,0.011718734267517184,1.24959993029987
ethanol,Na+Cl-,0.3,0.08,283.15,anion,0.48521393281759023,0.00018149157682051387,0.48539542439441075
ethanol,Na+Cl-,0.3,0.08,298.15,H2O,0.03865043849605656,0.00667767444954858,0.04532811294560514
ethanol,Na+Cl-,0.3,0.08,298.15,organic,0.28534559517127234,0.0037961234370692543,0.2815494717342031
ethanol,Na+Cl-,0.3,0.08,298.15,cation,1.2374257854543123,0.012054988447977255,1.2494807739022895
ethanol,Na+Cl-,0.3,0.08,298.15,anion,0.4859663750939668,0.0003364983771892982,0.4863028734711561
ethanol,Na+Cl-,0.3,0.08,313.15,H2O,0.0382604738060906,0.007060689743035739,0.04532116354912634
ethanol,Na+Cl-,0.3,0.08,313.15,organic,0.28408763531581427,0.0026276449287286896,0.2814599903870856
ethanol,Na+Cl-,0.3,0.08,313.15,cation,1.2370756864771257,0.012309922830426756,1.2493856093075526
ethanol,Na+Cl-,0.3,0.08,313.15,anion,0.4865787568989107,0.0005784065041131159,0.48715716340302384
ethanol,NH4+SO4--,0.05,0.02,283.15,H2O,7.65475021503475e-05,0.0008990472661311488,0.0008224997639808013
ethanol,NH4+SO4--,0.05,0.02,283.15,organic,0.1526778006576679,0.10450644079358273,0.04817135986408516
ethanol,NH4+SO4--,0.05,0.02,283.15,cation,0.09376683821509735,0.003640675945655314,0.09740751416075266
ethanol,NH4+SO4--,0.05,0.02,283.15,anion,0.10838447235588333,0.010899209180682767,0.09748526317520056
ethanol,NH4+SO4--,0.05,0.02,298.15,H2O,4.305019561945877e-05,0.0008681375006534225,0.0008250873050339638
ethanol,NH4+SO4--,0.05,0.02,298.15,organic,0.14385223176887607,0.09554289348069755,0.048309338288178516
ethanol,NH4+SO4--,0.05,0.02,298.15,cation,0.09396721014484544,0.0035428867042475165,0.09751009684909295
ethanol,NH4+SO4--,0.05,0.02,298.15,anion,0.10921992444884587,0.010874326978473015,0.09834559747037286
ethanol,NH4+SO4--,0.05,0.02,313.15,H2O,7.328433046023411e-05,0.0009006743328975335,0.0008273900024372994
ethanol,NH4+SO4--,0.05,0.02,313.15,organic,0.14845913225144736,0.10002564449774087,0.04843348775370648
ethanol,NH4+SO4--,0.05,0.02,313.15,cation,0.09400187060709192,0.0035972192991458596,0.09759908990623778
ethanol,NH4+SO4--,0.05,0.02,313.15,anion,0.10947220467684882,0.010366291962051077,0.09910591271479774
ethanol,NH4+SO4--,0.05,0.08,283.15,H2O,0.001894101190196994,0.0009233439606523754,0.0028174451508493695
ethanol,NH4+SO4--,0.05,0.08,283.15,organic,0.25471630494704833,0.09982787018505068,0.15488843476199765
ethanol,NH4+SO4--,0.05,0.08,283.15,cation,0.09461009178513835,0.009783546083340755,0.0848265457017976
ethanol,NH4+SO4--,0.05,0.08,283.15,anion,0.060609777405499,0.0033688170752914637,0.06397859448079046
ethanol,NH4+SO4--,0.05,0.08,298.15,H2O,0.001953356003877506,0.0008768966914382281,0.002830252695315734
ethanol,NH4+SO4--,0.05,0.08,298.15,organic,0.24657164550568433,0.09111797140123779,0.15545367410444655
ethanol,NH4+SO4--,0.05,0.08,298.15,cation,0.09509676709196202,0.010136934639471074,0.08495983245249095
ethanol,NH4+SO4--,0.05,0.08,298.15,anion,0.062274792808933555,0.0026522125034293964,0.06492700531236295
ethanol,NH4+SO4--,0.05,0.08,313.15,H2O,0.0019272632552132622,0.000914428133978993,0.002841691389192255
ethanol,NH4+SO4--,0.05,0.08,313.15,organic,0.25142268190768247,0.09546467915690815,0.15595800275077432
ethanol,NH4+SO4--,0.05,0.08,313.15,cation,0.09506928431551775,0.009992834636858627,0.08507644967865913
ethanol,NH4+SO4--,0.05,0.08,313.15,anion,0.062383225613489746,0.003385087093057404,0.06576831270654715
ethanol,NH4+SO4--,0.15,0.02,283.15,H2O,0.0007711029435484434,0.0033530400172490354,0.002581937073700592
ethanol,NH4+SO4--,0.15,0.02,283.15,organic,0.08385922190810535,0.038358680517284194,0.04550054139082116
ethanol,NH4+SO4--,0.15,0.02,283.15,cation,0.2912861161929552,0.003059429147068471,0.29434554534002366
ethanol,NH4+SO4--,0.15,0.02,283.15,anion,0.3209751085836765,0.011207273102665116,0.3097678354810114
ethanol,NH4+SO4--,0.15,0.02,298.15,H2O,0.0006305019397076714,0.0032159628497932715,0.0025854609100856
ethanol,NH4+SO4--,0.15,0.02,298.15,organic,0.07825976716328709,0.03269638164712785,0.04556338551615924
ethanol,NH4+SO4--,0.15,0.02,298.15,cation,0.29158800852073075,0.002950948201528192,0.29453895672225894
ethanol,NH4+SO4--,0.15,0.02,298.15,anion,0.3230146734950885,0.011194338579298302,0.3118203349157902
ethanol,NH4+SO4--,0.15,0.02,313.15,H2O,0.0008244358998662077,0.0034133562952209442,0.0025889203953547366
ethanol,NH4+SO4--,0.15,0.02,313.15,organic,0.07909887592675546,0.03347347876754814,0.045625397159207326
ethanol,NH4+SO4--,0.15,0.02,313.15,cation,0.2917008269083231,0.0030111259771118393,0.29471195288543495
ethanol,NH4+SO4--,0.15,0.02,313.15,anion,0.32432088241322865,0.010649125884537147,0.3136717565286915
ethanol,NH4+SO4--,0.15,0.08,283.15,H2O,0.005604199171187721,0.0034141178843608774,0.009018317055548598
ethanol,NH4+SO4--,0.15,0.08,283.15,organic,0.18431094964492134,0.036290030867655476,0.14802091877726586
ethanol,NH4+SO4--,0.15,0.08,283.15,cation,0.26790195799839156,0.010581304610051245,0.2573206533883403
ethanol,NH4+SO4--,0.15,0.08,283.15,anion,0.20616330304832742,0.0036271267444560884,0.2097904297927835
ethanol,NH4+SO4--,0.15,0.08,298.15,H2O,0.005765047291499414,0.0032749582880877183,0.009040005579587132
ethanol,NH4+SO4--,0.15,0.08,298.15,organic,0.17876070219230933,0.03048008552397874,0.1482806166683306
ethanol,NH4+SO4--,0.15,0.08,298.15,cation,0.26859206803227276,0.010971998214848289,0.25762006981742447
ethanol,NH4+SO4--,0.15,0.08,298.15,anion,0.20940217731244637,0.00275853799594028,0.21216071530838665
ethanol,NH4+SO4--,0.15,0.08,313.15,H2O,0.005563553730255074,0.003497259377461724,0.009060813107716798
ethanol,NH4+SO4--,0.15,0.08,313.15,organic,0.17947133930948567,0.03093918309864574,0.14853215621083993
ethanol,NH4+SO4--,0.15,0.08,313.15,cation,0.26871252838320214,0.010824417424524446,0.2578881109586777
ethanol,NH4+SO4--,0.15,0.08,313.15,anion,0.21084057216499152,0.0034610830186792008,0.21430165518367073
ethanol,NH4+SO4--,0.3,0.02,283.15,H2O,0.0007200740080788234,0.006232239616482872,0.005512165608404049
ethanol,NH4+SO4--,0.3,0.02,283.15,organic,0.05369059562181411,0.012930154384076298,0.04076044123773781
ethanol,NH4+SO4--,0.3,0.02,283.15,cation,0.5934514379232285,0.0017502018823660759,0.5952016398055946
ethanol,NH4+SO4--,0.3,0.02,283.15,anion,0.683237512329077,0.011030197255372798,0.6722073150737042
ethanol,NH4+SO4--,0.3,0.02,298.15,H2O,0.0007975491046549529,0.006305750482173023,0.00550820137751807
ethanol,NH4+SO4--,0.3,0.02,298.15,organic,0.04596197567641502,0.005215044847705186,0.04074693082870984
ethanol,NH4+SO4--,0.3,0.02,298.15,cation,0.5936469325287386,0.0016202584302120737,0.5952671909589506
ethanol,NH4+SO4--,0.3,0.02,298.15,anion,0.685915840942867,0.011048860187659493,0.6748669807552075
ethanol,NH4+SO4--,0.3,0.02,313.15,H2O,0.0011860264173027962,0.006692383305379496,0.005506356888076699
ethanol,NH4+SO4--,0.3,0.02,313.15,organic,0.04471576388706877,0.00396935787233943,0.04074640601472934
ethanol,NH4+SO4--,0.3,0.02,313.15,cation,0.5936592627432192,0.0016917907510288765,0.5953510534942481
ethanol,NH4+SO4--,0.3,0.02,313.15,anion,0.6878493367658112,0.010440008963679137,0.677409327802132
ethanol,NH4+SO4--,0.3,0.08,283.15,H2O,0.013375316011239972,0.006391067749460869,0.01976638376070084
ethanol,NH4+SO4--,0.3,0.08,283.15,organic,0.14577010863543904,0.01139145326069091,0.13437865537474813
ethanol,NH4+SO4--,0.3,0.08,283.15,cation,0.5345956753619725,0.011251668697660477,0.523344006664312
ethanol,NH4+SO4--,0.3,0.08,283.15,anion,0.46968579701971525,0.0026469583346120373,0.4723327553543273
ethanol,NH4+SO4--,0.3,0.08,298.15,H2O,0.0133472541908852,0.006422864860915714,0.019770119051800913
ethanol,NH4+SO4--,0.3,0.08,298.15,organic,0.13813841882198752,0.0037961234370692543,0.13434229538491826
ethanol,NH4+SO4--,0.3,0.08,298.15,cation,0.5353883130019466,0.011715040374580488,0.5236732726273661
ethanol,NH4+SO4--,0.3,0.08,298.15,anion,0.474363648746456,0.001465414294005818,0.4758290630404618
ethanol,NH4+SO4--,0.3,0.08,313.15,H2O,0.012985741211662821,0.006795247848757159,0.01978098906041998
ethanol,NH4+SO4--,0.3,0.08,313.15,organic,0.1369798279863531,0.0026276449287286896,0.13435218305762442
ethanol,NH4+SO4--,0.3,0.08,313.15,cation,0.5355611330487708,0.011568043746119416,0.5239930893026514
ethanol,NH4+SO4--,0.3,0.08,313.15,anion,0.4770529065493996,0.0020750738585828543,0.47912798040798243
ethanol,Ca2+NO3-,0.05,0.02,283.15,H2O,0.00032415130716975465,0.0009153737720031328,0.0005912224648333781
ethanol,Ca2+NO3-,0.05,0.02,283.15,organic,0.13928637000941269,0.10450644079358273,0.03477992921582995
ethanol,Ca2+NO3-,0.05,0.02,283.15,cation,0.21037959889955427,0.004177273778354307,0.21455687267790857
ethanol,Ca2+NO3-,0.05,0.02,283.15,anion,0.03154411700061549,0.008113333987344096,0.023430783013271395
ethanol,Ca2+NO3-,0.05,0.02,298.15,H2O,0.0002916389317940656,0.0008847169754517138,0.0005930780436576482
ethanol,Ca2+NO3-,0.05,0.02,298.15,organic,0.13042680696387177,0.09554289348069755,0.03488391348317421
ethanol,Ca2+NO3-,0.05,0.02,298.15,cation,0.21134383562205428,0.0037678891430508177,0.2151117247651051
ethanol,Ca2+NO3-,0.05,0.02,298.15,anion,0.031566007554912456,0.00793159223954154,0.023634415315370916
ethanol,Ca2+NO3-,0.05,0.02,313.15,H2O,0.00032178085745256904,0.000916511276537394,0.0005947304190848249
ethanol,Ca2+NO3-,0.05,0.02,313.15,organic,0.13500331482371608,0.10002564449774087,0.03497767032597521
ethanol,Ca2+NO3-,0.05,0.02,313.15,cation,0.21218310061177026,0.003415545280181176,0.21559864589195143
ethanol,Ca2+NO3-,0.05,0.02,313.15,anion,0.03154944655523362,0.007734986228334573,0.023814460326899045
ethanol,Ca2+NO3-,0.05,0.08,283.15,H2O,0.000792323811163149,0.0009710530704761305,0.0017633768816392795
ethanol,Ca2+NO3-,0.05,0.08,283.15,organic,0.206803431670315,0.09982787018505068,0.10697556148526433
ethanol,Ca2+NO3-,0.05,0.08,283.15,cation,0.18862658452698744,0.00041132728776327454,0.18903791181475071
ethanol,Ca2+NO3-,0.05,0.08,283.15,anion,0.003771098141895912,0.007158227810824869,0.0033871296689289565
ethanol,Ca2+NO3-,0.05,0.08,298.15,H2O,0.0008382182487609788,0.0009347619782538279,0.0017729802270148066
ethanol,Ca2+NO3-,0.05,0.08,298.15,organic,0.19850730769490532,0.09111797140123779,0.10738933629366754
ethanol,Ca2+NO3-,0.05,0.08,298.15,cation,0.19055097479024452,0.0008344570141463059,0.18971651777609821
ethanol,Ca2+NO3-,0.05,0.08,298.15,anion,0.003417915502775093,0.006573628165089607,0.0031557126623145138
ethanol,Ca2+NO3-,0.05,0.08,313.15,H2O,0.0008083918308493358,0.0009731330481888567,0.0017815248790381925
ethanol,Ca2+NO3-,0.05,0.08,313.15,organic,0.20322286177204363,0.09546467915690815,0.10775818261513548
ethanol,Ca2+NO3-,0.05,0.08,313.15,cation,0.19194963657093744,0.0016369633422126384,0.1903126732287248
ethanol,Ca2+NO3-,0.05,0.08,313.15,anion,0.0029329915712059673,0.005883980734536998,0.0029509891633310303
ethanol,Ca2+NO3-,0.15,0.02,283.15,H2O,0.0015407002138091161,0.0033757103865569163,0.0018350101727478002
ethanol,Ca2+NO3-,0.15,0.02,283.15,organic,0.0709915809077768,0.038358680517284194,0.0326329003904926
ethanol,Ca2+NO3-,0.15,0.02,283.15,cation,0.6493322017887189,0.005226510924015049,0.6545587127127339
ethanol,Ca2+NO3-,0.15,0.02,283.15,anion,0.08013543690457509,0.008283103153905513,0.07185233375066957
ethanol,Ca2+NO3-,0.15,0.02,298.15,H2O,0.0014018159353030041,0.0032389797189023347,0.0018371637835993306
ethanol,Ca2+NO3-,0.15,0.02,298.15,organic,0.0653743492693436,0.03269638164712785,0.03267796762221575
ethanol,Ca2+NO3-,0.15,0.02,298.15,cation,0.6509554549859093,0.004774274694035574,0.6557297296799449
ethanol,Ca2+NO3-,0.15,0.02,298.15,anion,0.08041158067856213,0.008081963215529564,0.07232961746303257
ethanol,Ca2+NO3-,0.15,0.02,313.15,H2O,0.0015961658253852307,0.003435503763817767,0.0018393379384325365
ethanol,Ca2+NO3-,0.15,0.02,313.15,organic,0.06619648009232315,0.03347347876754814,0.032723001324775014
ethanol,Ca2+NO3-,0.15,0.02,313.15,cation,0.6523974806159138,0.004388621768558032,0.6567861023844719
ethanol,Ca2+NO3-,0.15,0.02,313.15,anion,0.0806246926533864,0.007863733787996041,0.07276095886539036
ethanol,Ca2+NO3-,0.15,0.08,283.15,H2O,0.0020741788173760656,0.0034328779545021865,0.005507056771878252
ethanol,Ca2+NO3-,0.15,0.08,283.15,organic,0.13762120364406805,0.036290030867655476,0.10133117277641257
ethanol,Ca2+NO3-,0.15,0.08,283.15,cation,0.5801644204655587,0.003841391545898798,0.5763230289196599
ethanol,Ca2+NO3-,0.15,0.08,283.15,anion,0.002368709298668503,0.007206539168308157,0.00957524846697666
ethanol,Ca2+NO3-,0.15,0.08,298.15,H2O,0.0022152716993971006,0.003306873609238977,0.005522145308636078
ethanol,Ca2+NO3-,0.15,0.08,298.15,organic,0.13198066242564754,0.03048008552397874,0.1015005769016688
ethanol,Ca2+NO3-,0.15,0.08,298.15,cation,0.5830991105362369,0.005186805720319043,0.5779123048159178
ethanol,Ca2+NO3-,0.15,0.08,298.15,anion,0.0024300530274221077,0.00657329598173978,0.009003349009161887
ethanol,Ca2+NO3-,0.15,0.08,313.15,H2O,0.002005101793086505,0.003531575019924106,0.005536676813010611
ethanol,Ca2+NO3-,0.15,0.08,313.15,organic,0.13260645780839442,0.03093918309864574,0.10166727470974868
ethanol,Ca2+NO3-,0.15,0.08,313.15,cation,0.5853493402960606,0.006011031013663626,0.5793383092823969
ethanol,Ca2+NO3-,0.15,0.08,313.15,anion,0.002673122865623656,0.005814804167023124,0.00848792703264678
ethanol,Ca2+NO3-,0.3,0.02,283.15,H2O,0.002439539193416232,0.006268274986847393,0.003828735793431161
ethanol,Ca2+NO3-,0.3,0.02,283.15,organic,0.04181136838026389,0.012930154384076298,0.028881213996187594
ethanol,Ca2+NO3-,0.3,0.02,283.15,cation,1.3336003251280997,0.007105785641687401,1.340706110769787
ethanol,Ca2+NO3-,0.3,0.02,283.15,anion,0.15544076914844063,0.008455857287944402,0.14698491186049623
ethanol,Ca2+NO3-,0.3,0.02,298.15,H2O,0.002518349040948324,0.006342383314185247,0.003824034273236923
ethanol,Ca2+NO3-,0.3,0.02,298.15,organic,0.03408143508703476,0.005215044847705186,0.028866390239329576
ethanol,Ca2+NO3-,0.3,0.02,298.15,cation,1.3350973254168812,0.00656948245354716,1.3416668078704284
ethanol,Ca2+NO3-,0.3,0.02,298.15,anion,0.15578750755165294,0.008216326135717211,0.14757118141593573
ethanol,Ca2+NO3-,0.3,0.02,313.15,H2O,0.0029067229404906234,0.006727902293775213,0.00382117935328459
ethanol,Ca2+NO3-,0.3,0.02,313.15,organic,0.032831727117083265,0.00396935787233943,0.028862369244743835
ethanol,Ca2+NO3-,0.3,0.02,313.15,cation,1.3365361429256168,0.006120909957124887,1.3426570528827417
ethanol,Ca2+NO3-,0.3,0.02,313.15,anion,0.15609208118235618,0.007954852211199293,0.1481372289711569
ethanol,Ca2+NO3-,0.3,0.08,283.15,H2O,0.005075764033972932,0.006330150984256912,0.011405915018229844
ethanol,Ca2+NO3-,0.3,0.08,283.15,organic,0.10180247705910195,0.01139145326069091,0.09041102379841104
ethanol,Ca2+NO3-,0.3,0.08,283.15,cation,1.1876412538395926,0.011967953168552814,1.1756733006710398
ethanol,Ca2+NO3-,0.3,0.08,283.15,anion,0.012779882904366047,0.007698458201698899,0.020478341106064946
ethanol,Ca2+NO3-,0.3,0.08,298.15,H2O,0.005020930088986436,0.006382152548087591,0.011403082637074027
ethanol,Ca2+NO3-,0.3,0.08,298.15,organic,0.09413943495009669,0.0037961234370692543,0.09034331151302744
ethanol,Ca2+NO3-,0.3,0.08,298.15,cation,1.1911699485539216,0.01350707886553737,1.1776628696883842
ethanol,Ca2+NO3-,0.3,0.08,298.15,anion,0.012679006821908034,0.006976790997117233,0.019655797819025267
ethanol,Ca2+NO3-,0.3,0.08,313.15,H2O,0.004644979294580964,0.006761409113984818,0.011406388408565782
ethanol,Ca2+NO3-,0.3,0.08,313.15,organic,0.09294404934016087,0.0026276449287286896,0.09031640441143218
ethanol,Ca2+NO3-,0.3,0.08,313.15,cation,1.1939319497810765,0.014366299465234267,1.1795656503158423
ethanol,Ca2+NO3-,0.3,0.08,313.15,anion,0.012794460076919756,0.006084708536850392,0.018879168613770148
