organic,salt,species,total,own,cross,sp2
glucose,Na+Cl-,H2O,0.019530264872354472,0.018066128560060176,0.0014641363122942985,H2O
glucose,Na+Cl-,organic,0.3241446305322957,0.043915087877616665,0.28022954265467903,organic
glucose,Na+Cl-,cation,0.2135860174894333,0.0012415945529937744,0.21234442457077587,ion
glucose,Na+Cl-,anion,0.11145487427711487,0.0024536550045013428,0.1139085315425451,ion
glucose,Na+Cl-,H2O,0.01465124813929004,0.013188197470685987,0.0014630506686040528,H2O
glucose,Na+Cl-,organic,0.34024942984703355,0.0601164215771548,0.28013300826987875,organic
glucose,Na+Cl-,cation,0.21920694410800934,0.006883829832077026,0.21232311767325882,ion
glucose,Na+Cl-,anion,0.10923448204994202,0.004832476377487183,0.11406697604204857,ion
glucose,Na+Cl-,H2O,0.016698232509958222,0.015236132341807327,0.0014621001681508951,H2O
glucose,Na+Cl-,organic,0.2779920251688557,0.002056072296880318,0.280048097465736,organic
glucose,Na+Cl-,cation,0.21762624382972717,0.005335599184036255,0.2122906579409035,ion
glucose,Na+Cl-,anion,0.10406754910945892,0.010122120380401611,0.11418966829513899,ion
glucose,Na+Cl-,H2O,0.041840217823071166,0.03585326552945315,0.005986952293618017,H2O
glucose,Na+Cl-,organic,1.1635682084519088,0.04458334692094024,1.1189848615309685,organic
glucose,Na+Cl-,cation,0.21062974631786346,0.005993306636810303,0.21662304486835998,ion
glucose,Na+Cl-,anion,0.0844474732875824,0.02318626642227173,0.10763372054497256,ion
glucose,Na+Cl-,H2O,0.03930715813131414,0.03332814777174293,0.005979010359571213,H2O
glucose,Na+Cl-,organic,1.1775204422327992,0.059427161984219046,1.1180932802485803,organic
glucose,Na+Cl-,cation,0.2032206803560257,0.013337790966033936,0.2165584723629993,ion
glucose,Na+Cl-,anion,0.08449146151542664,0.023201793432235718,0.10769323578790907,ion
glucose,Na+Cl-,H2O,0.03860278903282737,0.032630312917327875,0.0059724761154994945,H2O
glucose,Na+Cl-,organic,1.1143995268715945,0.002924842789500337,1.1173243696610948,organic
glucose,Na+Cl-,cation,0.2040819227695465,0.012413889169692993,0.21649581354698733,ion
glucose,Na+Cl-,anion,0.08663210272789001,0.02111002802848816,0.10774211126458538,ion
glucose,Na+Cl-,H2O,0.023722992368085467,0.01933982180015595,0.004383170567929519,H2O
glucose,Na+Cl-,organic,0.27402912903879084,0.02323851320276349,0.25079061583602735,organic
glucose,Na+Cl-,cation,0.6439635753631592,0.0005354881286621094,0.643428078188088,ion
glucose,Na+Cl-,anion,0.3468027710914612,0.003856480121612549,0.35065924474813814,ion
glucose,Na+Cl-,H2O,0.01950997569090418,0.015143998280170741,0.004365977410733439,H2O
glucose,Na+Cl-,organic,0.25186984591977124,0.0019566790269085477,0.2499131668928627,organic
glucose,Na+Cl-,cation,0.6496903896331787,0.006875395774841309,0.6428150138548974,ion
glucose,Na+Cl-,anion,0.3452624976634979,0.005026072263717651,0.35028857440166394,ion
glucose,Na+Cl-,H2O,0.02226068060415367,0.017909026954727778,0.00435165364942589,H2O
glucose,Na+Cl-,organic,0.20867153912009861,0.04051762537779191,0.24918916449789053,organic
glucose,Na+Cl-,cation,0.6461488008499146,0.003872424364089966,0.6422763463543989,ion
glucose,Na+Cl-,anion,0.33866825699806213,0.011311948299407959,0.3499802177822263,ion
glucose,Na+Cl-,H2O,0.060498600766036234,0.04297748983731245,0.01752111092872378,H2O
glucose,Na+Cl-,organic,1.0012518294372907,0.01464959885567585,0.986602230581615,organic
glucose,Na+Cl-,cation,0.6428289413452148,0.009719550609588623,0.6525484636028382,ion
glucose,Na+Cl-,anion,0.3023701608181,0.026160746812820435,0.32853091353723224,ion
glucose,Na+Cl-,H2O,0.0581423043661971,0.04069551693995387,0.017446787426243227,H2O
glucose,Na+Cl-,organic,0.9752439914415624,0.007595582700195891,0.9828395741417583,organic
glucose,Na+Cl-,cation,0.6325713396072388,0.019345015287399292,0.6519163527062233,ion
glucose,Na+Cl-,anion,0.3010416030883789,0.026989758014678955,0.3280313749501753,ion
glucose,Na+Cl-,H2O,0.05668456607266831,0.03929969619257408,0.017384869880094227,H2O
glucose,Na+Cl-,organic,0.93252846602019,0.04716622657462821,0.9796946925948182,organic
glucose,Na+Cl-,cation,0.6322900056838989,0.019078940153121948,0.6513689110337744,ion
glucose,Na+Cl-,anion,0.30211034417152405,0.025513917207717896,0.3276242688930457,ion
glucose,Na+Cl-,H2O,0.027006035946289374,0.018514472655731234,0.00849156329055814,H2O
glucose,Na+Cl-,organic,0.16950196596541534,0.03184900966480231,0.20135097563021764,organic
glucose,Na+Cl-,cation,1.3049180507659912,0.0009990334510803223,1.3039190467919743,ion
glucose,Na+Cl-,anion,0.7193699479103088,0.005441039800643921,0.7248109872651941,ion
glucose,Na+Cl-,H2O,0.025143302208764755,0.01670648570783409,0.008436816500930663,H2O
glucose,Na+Cl-,organic,0.17615873887259292,0.023998947735340614,0.20015768660793354,organic
glucose,Na+Cl-,cation,1.3076505661010742,0.005986392498016357,1.30166422316109,ion
glucose,Na+Cl-,anion,0.7171924114227295,0.005345433950424194,0.722537838573472,ion
glucose,Na+Cl-,H2O,0.02875123568441823,0.02036092481514971,0.00839031086926852,H2O
glucose,Na+Cl-,organic,0.14903356981602633,0.050117733045641266,0.1991513028616676,organic
glucose,Na+Cl-,cation,1.3047443628311157,0.005022019147872925,1.2997223651667689,ion
glucose,Na+Cl-,anion,0.7097457647323608,0.010896235704421997,0.7206420352698539,ion
glucose,Na+Cl-,H2O,0.08348826222785119,0.05153125422816347,0.03195700799968771,H2O
glucose,Na+Cl-,organic,0.7304388839531208,0.03601320837252664,0.7664520923256475,organic
glucose,Na+Cl-,cation,1.2903963327407837,0.016421198844909668,1.3068175702867166,ion
glucose,Na+Cl-,anion,0.6348055005073547,0.03257915377616882,0.6673846707300605,ion
glucose,Na+Cl-,H2O,0.08097589773870761,0.04923887516819042,0.031737022570517186,H2O
glucose,Na+Cl-,organic,0.7313753590267207,0.030227702239472576,0.7616030612661933,organic
glucose,Na+Cl-,cation,1.2752130031585693,0.029509782791137695,1.3047227651479116,ion
glucose,Na+Cl-,anion,0.6306761503219604,0.03446131944656372,0.6651374548813027,ion
glucose,Na+Cl-,H2O,0.08086580828085205,0.04931583675891719,0.03154997152193486,H2O
glucose,Na+Cl-,organic,0.7012832270487916,0.056196897006784985,0.7574801240555766,organic
glucose,Na+Cl-,cation,1.272933840751648,0.029988467693328857,1.3029222735263546,ion
glucose,Na+Cl-,anion,0.629677414894104,0.03359130024909973,0.6632687226251829,ion
glucose,NH4+SO4--,H2O,0.011892046443882516,0.011160560561121288,0.0007314858827612287,H2O
glucose,NH4+SO4--,organic,0.20459732973964506,0.043915087877616665,0.1606822418620284,organic
glucose,NH4+SO4--,cation,0.1041574776172638,0.01241844892501831,0.11657594681554434,ion
glucose,NH4+SO4--,anion,0.18293631076812744,0.018935680389404297,0.1640006526710629,ion
glucose,NH4+SO4--,H2O,0.008822036536793289,0.00809166986509317,0.0007303666717001184,H2O
glucose,NH4+SO4--,organic,0.2207504216820515,0.0601164215771548,0.1606340001048967,organic
glucose,NH4+SO4--,cation,0.10869753360748291,0.007918477058410645,0.1166160090308595,ion
glucose,NH4+SO4--,anion,0.18747448921203613,0.02293086051940918,0.16454357533394992,ion
glucose,NH4+SO4--,H2O,0.0007442339571679642,1.4801060264887748e-05,0.0007294328969030765,H2O
glucose,NH4+SO4--,organic,0.15853835374745806,0.002056072296880318,0.16059442604433838,organic
glucose,NH4+SO4--,cation,0.10530930757522583,0.011328727006912231,0.11663800692255527,ion
glucose,NH4+SO4--,anion,0.1710224151611328,0.006058692932128906,0.1649637612768673,ion
glucose,NH4+SO4--,H2O,0.026505440042533024,0.02383462782749643,0.0026708122150365925,H2O
glucose,NH4+SO4--,organic,0.5908518707855757,0.04458334692094024,0.5462685238646354,organic
glucose,NH4+SO4--,cation,0.10563582181930542,0.004007399082183838,0.10964322811728022,ion
glucose,NH4+SO4--,anion,0.09747505187988281,0.05256032943725586,0.15003558965361963,ion
glucose,NH4+SO4--,H2O,0.02776408625096483,0.025105429155372658,0.0026586570955921696,H2O
glucose,NH4+SO4--,organic,0.6046743583207757,0.059427161984219046,0.5452471963365566,organic
glucose,NH4+SO4--,cation,0.10735678672790527,0.0022301077842712402,0.10958688239608783,ion
glucose,NH4+SO4--,anion,0.18137431144714355,0.031352996826171875,0.1500212510125447,ion
glucose,NH4+SO4--,H2O,0.026076545033123316,0.023427574557043092,0.0026489704760802226,H2O
glucose,NH4+SO4--,organic,0.5414792965527421,0.002924842789500337,0.5444041393422424,organic
glucose,NH4+SO4--,cation,0.10146647691726685,0.008070528507232666,0.10953698807857204,ion
glucose,NH4+SO4--,anion,0.1964712142944336,0.04645395278930664,0.15001719210802777,ion
glucose,NH4+SO4--,H2O,0.01387127033155442,0.011497451597864496,0.0023738187336899254,H2O
glucose,NH4+SO4--,organic,0.17917356658843242,0.02323851320276349,0.15593505338566893,organic
glucose,NH4+SO4--,cation,0.34976187348365784,0.009061634540557861,0.35882351475050933,ion
glucose,NH4+SO4--,anion,0.5322012901306152,1.6927719116210938e-05,0.5322181802279826,ion
glucose,NH4+SO4--,H2O,0.009970672811729473,0.007620241671603824,0.0023504311401256503,H2O
glucose,NH4+SO4--,organic,0.15668890064584562,0.0019566790269085477,0.15473222161893707,organic
glucose,NH4+SO4--,cation,0.3525223731994629,0.005779087543487549,0.3583014782843855,ion
glucose,NH4+SO4--,anion,0.5429478883743286,0.012309432029724121,0.5306384059710907,ion
glucose,NH4+SO4--,H2O,0.0019750306334340904,0.00035608860683295374,0.002331119240267044,H2O
glucose,NH4+SO4--,organic,0.11322892056836809,0.04051762537779191,0.15374654594616,organic
glucose,NH4+SO4--,cation,0.3469224274158478,0.010928571224212646,0.35785103201104307,ion
glucose,NH4+SO4--,anion,0.5249011516571045,0.00442349910736084,0.5293246582908935,ion
glucose,NH4+SO4--,H2O,0.03987732875736584,0.03113180876752621,0.008745519989839632,H2O
glucose,NH4+SO4--,organic,0.5493627728865274,0.01464959885567585,0.5347131740308515,organic
glucose,NH4+SO4--,cation,0.33481866121292114,0.003944098949432373,0.3387627333402635,ion
glucose,NH4+SO4--,anion,0.46608948707580566,0.021485567092895508,0.4875750801283565,ion
glucose,NH4+SO4--,H2O,0.03915513325407666,0.030512140174838137,0.008642993079238517,H2O
glucose,NH4+SO4--,organic,0.5221282038911963,0.007595582700195891,0.5297237865913922,organic
glucose,NH4+SO4--,cation,0.33467477560043335,0.0034676790237426758,0.3381424787102387,ion
glucose,NH4+SO4--,anion,0.5235652923583984,0.03828907012939453,0.4852762664207937,ion
glucose,NH4+SO4--,H2O,0.03813964010444477,0.029581424657346797,0.008558215447097974,H2O
glucose,NH4+SO4--,organic,0.478417999291616,0.04716622657462821,0.5255842258662442,organic
glucose,NH4+SO4--,cation,0.3300768733024597,0.007542669773101807,0.33761956633709034,ion
glucose,NH4+SO4--,anion,0.5297811031341553,0.04637956619262695,0.4834015961460403,ion
glucose,NH4+SO4--,H2O,0.013850130977286722,0.00872184178537677,0.0051282891919099535,H2O
glucose,NH4+SO4--,organic,0.10863028870319247,0.03184900966480231,0.14047929836799478,organic
glucose,NH4+SO4--,cation,0.7401477098464966,0.004196465015411377,0.7443441832623526,ion
glucose,NH4+SO4--,anion,1.138324499130249,0.03845524787902832,1.1767798193497847,ion
glucose,NH4+SO4--,H2O,0.011271469312176517,0.006218585827138339,0.005052883485038177,H2O
glucose,NH4+SO4--,organic,0.11480636126543309,0.023998947735340614,0.1388053090007737,organic
glucose,NH4+SO4--,cation,0.7354810833930969,0.006630122661590576,0.7421112401323708,ion
glucose,NH4+SO4--,anion,1.1492948532104492,0.01847529411315918,1.1677702063620328,ion
glucose,NH4+SO4--,H2O,0.0029497476150576775,0.002039397961267832,0.004989145576325509,H2O
glucose,NH4+SO4--,organic,0.0872809035854265,0.050117733045641266,0.13739863663106777,organic
glucose,NH4+SO4--,cation,0.7292553186416626,0.010957598686218262,0.740212921240673,ion
glucose,NH4+SO4--,anion,1.1251604557037354,0.03508877754211426,1.1602491707795926,ion
glucose,NH4+SO4--,H2O,0.05757487403641176,0.03850043321364037,0.01907444082277139,H2O
glucose,NH4+SO4--,organic,0.4487655104369652,0.03601320837252664,0.48477871880949186,organic
glucose,NH4+SO4--,cation,0.7005298137664795,0.0076482295989990234,0.7081780146726707,ion
glucose,NH4+SO4--,anion,1.0825772285461426,0.00029540061950683594,1.0828726361825463,ion
glucose,NH4+SO4--,H2O,0.05384914171524848,0.03507222814853864,0.01877691356670985,H2O
glucose,NH4+SO4--,organic,0.44802126677459375,0.030227702239472576,0.4782489690140663,organic
glucose,NH4+SO4--,cation,0.6992781162261963,0.006791055202484131,0.7060692287302908,ion
glucose,NH4+SO4--,anion,1.1205106973648071,0.04651951789855957,1.073991141887245,ion
glucose,NH4+SO4--,H2O,0.052038108570911686,0.033512869213633334,0.01852523935727835,H2O
glucose,NH4+SO4--,organic,0.41652805812707294,0.056196897006784985,0.4727249551338579,organic
glucose,NH4+SO4--,cation,0.694171667098999,0.01011204719543457,0.7042836999412838,ion
glucose,NH4+SO4--,anion,1.0965291261672974,0.029927730560302734,1.0666013822822054,ion
glucose,Ca2+NO3-,H2O,0.022198473972424162,0.02174488997360361,0.00045358399882054865,H2O
glucose,Ca2+NO3-,organic,0.14865429670023667,0.043915087877616665,0.10473920882262,organic
glucose,Ca2+NO3-,cation,0.224992036819458,0.026305198669433594,0.2512972736414778,ion
glucose,Ca2+NO3-,anion,0.04258430004119873,0.00037860870361328125,0.042962901161667344,ion
glucose,Ca2+NO3-,H2O,0.013388365080629825,0.012935682580223115,0.00045268250040671025,H2O
glucose,Ca2+NO3-,organic,0.16481329392715605,0.0601164215771548,0.10469687235000125,organic
glucose,Ca2+NO3-,cation,0.20380103588104248,0.047826528549194336,0.25162764432418516,ion
glucose,Ca2+NO3-,anion,0.038794100284576416,0.0043084025382995605,0.043102490239545765,ion
glucose,Ca2+NO3-,H2O,0.008292923495152833,0.007841009067456823,0.0004519144276960099,H2O
glucose,Ca2+NO3-,organic,0.1026054659601876,0.002056072296880318,0.10466153825706792,organic
glucose,Ca2+NO3-,cation,0.22551000118255615,0.02634906768798828,0.2518589978050092,ion
glucose,Ca2+NO3-,anion,0.04523923993110657,0.002029597759246826,0.043209623305001166,ion
glucose,Ca2+NO3-,H2O,0.0444689059571769,0.04316630669831964,0.001302599258857261,H2O
glucose,Ca2+NO3-,organic,0.36228258794718804,0.04458334692094024,0.3176992410262478,organic
glucose,Ca2+NO3-,cation,0.14598989486694336,0.0934295654296875,0.23941943300266022,ion
glucose,Ca2+NO3-,anion,0.028106629848480225,0.007102370262145996,0.021004265524674492,ion
glucose,Ca2+NO3-,H2O,0.03149959769604,0.03020572460340166,0.0012938730926383445,H2O
glucose,Ca2+NO3-,organic,0.3763264362786818,0.059427161984219046,0.31689927429446274,organic
glucose,Ca2+NO3-,cation,0.20054316520690918,0.03883671760559082,0.23937999996253012,ion
glucose,Ca2+NO3-,anion,0.034537315368652344,0.013506472110748291,0.021030830227926733,ion
glucose,Ca2+NO3-,H2O,0.02433865541819124,0.02305179629495237,0.0012868591232388688,H2O
glucose,Ca2+NO3-,organic,0.3133034626817677,0.002924842789500337,0.316228305471268,organic
glucose,Ca2+NO3-,cation,0.21503996849060059,0.024295330047607422,0.23933535683193208,ion
glucose,Ca2+NO3-,anion,0.042665690183639526,0.021612942218780518,0.021052737660519738,ion
glucose,Ca2+NO3-,H2O,0.02544851941535004,0.023964974213647416,0.0014835452017026244,H2O
glucose,Ca2+NO3-,organic,0.12591843177726814,0.02323851320276349,0.10267991857450465,organic
glucose,Ca2+NO3-,cation,0.7521182894706726,0.03679370880126953,0.7889120726568831,ion
glucose,Ca2+NO3-,anion,0.13981354236602783,0.0019319355487823486,0.1378816089616407,ion
glucose,Ca2+NO3-,H2O,0.015534175015831113,0.014069411807305508,0.001464763208525605,H2O
glucose,Ca2+NO3-,organic,0.10367994275326708,0.0019566790269085477,0.10172326372635854,organic
glucose,Ca2+NO3-,cation,0.7306880950927734,0.05633342266082764,0.7870214758476615,ion
glucose,Ca2+NO3-,anion,0.13501864671707153,0.0024667978286743164,0.13748543227307997,ion
glucose,Ca2+NO3-,H2O,0.010232856365556996,0.008783631643882937,0.0014492247216740597,H2O
glucose,Ca2+NO3-,organic,0.060421699468128365,0.04051762537779191,0.10093932484592028,organic
glucose,Ca2+NO3-,cation,0.7510811686515808,0.034324049949645996,0.7854051656963447,ion
glucose,Ca2+NO3-,anion,0.14035305380821228,0.003198772668838501,0.13715427297833005,ion
glucose,Ca2+NO3-,H2O,0.052097567375175714,0.04777901759998476,0.004318549775190953,H2O
glucose,Ca2+NO3-,organic,0.3320825672053753,0.01464959885567585,0.3174329683496995,organic
glucose,Ca2+NO3-,cation,0.6500102281570435,0.09983706474304199,0.7498473130979626,ion
glucose,Ca2+NO3-,anion,0.07728546857833862,0.006320059299468994,0.07096539632695464,ion
glucose,Ca2+NO3-,H2O,0.03974851425518314,0.03551247647516938,0.004236037780013762,H2O
glucose,Ca2+NO3-,organic,0.305756748013984,0.007595582700195891,0.3133523307141799,organic
glucose,Ca2+NO3-,cation,0.7087993621826172,0.03872847557067871,0.74752773457775,ion
glucose,Ca2+NO3-,anion,0.08463078737258911,0.014208674430847168,0.07042212261301184,ion
glucose,Ca2+NO3-,H2O,0.03330853327087607,0.029140839738264777,0.004167693532611299,H2O
glucose,Ca2+NO3-,organic,0.26279634134567975,0.04716622657462821,0.30996256792030796,organic
glucose,Ca2+NO3-,cation,0.7293893098831177,0.01619720458984375,0.74558659317394,ion
glucose,Ca2+NO3-,anion,0.092352956533432,0.022376030683517456,0.06997691767947489,ion
glucose,Ca2+NO3-,H2O,0.02694781643397066,0.023768715573330528,0.003179100860640135,H2O
glucose,Ca2+NO3-,organic,0.061056806618432935,0.03184900966480231,0.09290581628323524,organic
glucose,Ca2+NO3-,cation,1.6130874156951904,0.06072342395782471,1.6738108740400601,ion
glucose,Ca2+NO3-,anion,0.3056008815765381,0.005639702081680298,0.2999612035757177,ion
glucose,Ca2+NO3-,H2O,0.017975005283597946,0.014856583852636832,0.0031184214309611137,H2O
glucose,Ca2+NO3-,organic,0.06757923695578416,0.023998947735340614,0.09157818469112478,organic
glucose,Ca2+NO3-,cation,1.5958653688430786,0.06887936592102051,1.6647447990201176,ion
glucose,Ca2+NO3-,anion,0.297952264547348,0.00026535987854003906,0.297686894026167,ion
glucose,Ca2+NO3-,H2O,0.011931682003524405,0.008864601114006927,0.003067080889517478,H2O
glucose,Ca2+NO3-,organic,0.04034490700918192,0.050117733045641266,0.09046264005482318,organic
glucose,Ca2+NO3-,cation,1.606072187423706,0.05101573467254639,1.6570878341331547,ion
glucose,Ca2+NO3-,anion,0.3011478781700134,0.0053619444370269775,0.2957859434630664,ion
glucose,Ca2+NO3-,H2O,0.06226846609143945,0.05320137608862837,0.009067090002811081,H2O
glucose,Ca2+NO3-,organic,0.25399018010315255,0.03601320837252664,0.2900033884756792,organic
glucose,Ca2+NO3-,cation,1.476442813873291,0.1092824935913086,1.5857254100430025,ion
glucose,Ca2+NO3-,anion,0.16705390810966492,0.004096388816833496,0.16295749931147846,ion
glucose,Ca2+NO3-,H2O,0.05089540896023277,0.04207213122963995,0.008823277730592822,H2O
glucose,Ca2+NO3-,organic,0.25444157661588473,0.030227702239472576,0.2846692788553573,organic
glucose,Ca2+NO3-,cation,1.5383998155593872,0.03854990005493164,1.5769497390595126,ion
glucose,Ca2+NO3-,anion,0.17529132962226868,0.014582514762878418,0.16070878295122076,ion
glucose,Ca2+NO3-,H2O,0.044525240472252606,0.03590849340285973,0.008616747069392873,H2O
glucose,Ca2+NO3-,organic,0.22395488673534247,0.056196897006784985,0.28015178374212746,organic
glucose,Ca2+NO3-,cation,1.554310917854309,0.01524806022644043,1.569559029356595,ion
glucose,Ca2+NO3-,anion,0.18269792199134827,0.023863881826400757,0.1588340340328101,ion
citric acid,Na+Cl-,H2O,0.017524454253432638,0.016281863513086366,0.001242590740346273,H2O
citric acid,Na+Cl-,organic,0.18773477496088287,0.0750885907439689,0.26282336570485176,organic
citric acid,Na+Cl-,cation,0.16851221024990082,0.0012415945529937744,0.1672706154258666,ion
citric acid,Na+Cl-,anion,0.1234687864780426,0.0024536550045013428,0.12592246319651257,ion
citric acid,Na+Cl-,H2O,0.012364430560071183,0.011127056715580208,0.001237373844490976,H2O
citric acid,Na+Cl-,organic,0.2051652487471789,0.05668349675198847,0.26184874549916737,organic
citric acid,Na+Cl-,cation,0.17376908659934998,0.006883829832077026,0.16688524696889775,ion
citric acid,Na+Cl-,anion,0.12066709995269775,0.004832476377487183,0.12549958359302046,ion
citric acid,Na+Cl-,H2O,0.014572938364726918,0.013340374854957747,0.001232563509769169,H2O
citric acid,Na+Cl-,organic,0.19149729053810582,0.06945430286163723,0.26095159339974305,organic
citric acid,Na+Cl-,cation,0.17186635732650757,0.005335599184036255,0.16653077395264013,ion
citric acid,Na+Cl-,anion,0.11498597264289856,0.010122120380401611,0.12510809334439602,ion
citric acid,Na+Cl-,H2O,0.03871095115618205,0.034040056355546695,0.004670894800635351,H2O
citric acid,Na+Cl-,organic,0.9162172156312047,0.07295924514497099,0.9891764607761757,organic
citric acid,Na+Cl-,cation,0.16030511260032654,0.005993306636810303,0.16629841072989798,ion
citric acid,Na+Cl-,anion,0.08781468868255615,0.02318626642227173,0.11100092744311246,ion
citric acid,Na+Cl-,H2O,0.03590666878666527,0.031257320850255184,0.00464934793641009,H2O
citric acid,Na+Cl-,organic,0.929784161100826,0.055213803421192864,0.9849979645220188,organic
citric acid,Na+Cl-,cation,0.1525963693857193,0.013337790966033936,0.16593416007377315,ion
citric acid,Na+Cl-,anion,0.08738014101982117,0.023201793432235718,0.11058192434853853,ion
citric acid,Na+Cl-,H2O,0.03534126587034631,0.030711737157401373,0.0046295287129449365,H2O
citric acid,Na+Cl-,organic,0.9115046663399562,0.0696418429296104,0.9811465092695666,organic
citric acid,Na+Cl-,cation,0.15318524837493896,0.012413889169692993,0.1655991318719755,ion
citric acid,Na+Cl-,anion,0.08908587694168091,0.02111002802848816,0.11019588741887965,ion
citric acid,Na+Cl-,H2O,0.020510365279665477,0.016863391022206603,0.0036469742574588766,H2O
citric acid,Na+Cl-,organic,0.19288363121758723,0.0389193952434872,0.23180302646107442,organic
citric acid,Na+Cl-,cation,0.5070249438285828,0.0005354881286621094,0.506489484731703,ion
citric acid,Na+Cl-,anion,0.37773895263671875,0.003856480121612549,0.38159543446039573,ion
citric acid,Na+Cl-,H2O,0.01673856597282007,0.013108912789621284,0.003629653183198789,H2O
citric acid,Na+Cl-,organic,0.19507854900068322,0.0357600025371414,0.23083855153782462,organic
citric acid,Na+Cl-,cation,0.5121487379074097,0.006875395774841309,0.5052733154337941,ion
citric acid,Na+Cl-,anion,0.3752356469631195,0.005026072263717651,0.3802617416702586,ion
citric acid,Na+Cl-,H2O,0.019878913556098242,0.01626517711923631,0.003613736436861932,H2O
citric acid,Na+Cl-,organic,0.1765634194995238,0.053390860463750744,0.22995427996327455,organic
citric acid,Na+Cl-,cation,0.5080284476280212,0.003872424364089966,0.5041560466170409,ion
citric acid,Na+Cl-,anion,0.36771753430366516,0.011311948299407959,0.37902948940067216,ion
citric acid,Na+Cl-,H2O,0.054109198618765196,0.040808565377210865,0.01330063324155433,H2O
citric acid,Na+Cl-,organic,0.821396265127357,0.03783179078280252,0.8592280559101595,organic
citric acid,Na+Cl-,cation,0.49061229825019836,0.009719550609588623,0.5003318607825855,ion
citric acid,Na+Cl-,anion,0.30791017413139343,0.026160746812820435,0.3340709290529241,ion
citric acid,Na+Cl-,H2O,0.052110252458421755,0.038880628968513666,0.013229623489908087,H2O
citric acid,Na+Cl-,organic,0.8179227015811441,0.037200655405203786,0.8551233569863479,organic
citric acid,Na+Cl-,cation,0.4798450469970703,0.019345015287399292,0.4991900521628183,ion
citric acid,Na+Cl-,anion,0.3057677745819092,0.026989758014678955,0.3327575182950274,ion
citric acid,Na+Cl-,H2O,0.051037699193917485,0.03787318754265379,0.013164511651263689,H2O
citric acid,Na+Cl-,organic,0.7963061911307114,0.0550453933044579,0.8513515844351693,organic
citric acid,Na+Cl-,cation,0.4790622293949127,0.019078940153121948,0.49814115318993435,ion
citric acid,Na+Cl-,anion,0.3060357868671417,0.025513917207717896,0.3315496981613967,ion
citric acid,Na+Cl-,H2O,0.02379074379813864,0.0168507674941388,0.006939976303999843,H2O
citric acid,Na+Cl-,organic,0.07414516177461028,0.11077045826908849,0.18491562004369877,organic
citric acid,Na+Cl-,cation,1.0296130180358887,0.0009990334510803223,1.0286140368766368,ion
citric acid,Na+Cl-,anion,0.7710183262825012,0.005441039800643921,0.7764593688463692,ion
citric acid,Na+Cl-,H2O,0.021300179913752687,0.014400378012840023,0.006899801900912667,H2O
citric acid,Na+Cl-,organic,0.06093954475921337,0.12305641250635446,0.18399595726556783,organic
citric acid,Na+Cl-,cation,1.0319719314575195,0.005986392498016357,1.0259856239676297,ion
citric acid,Na+Cl-,anion,0.7682442665100098,0.005345433950424194,0.7735896824363544,ion
citric acid,Na+Cl-,H2O,0.024256041114155517,0.01739297556510032,0.006863065549055199,H2O
citric acid,Na+Cl-,organic,0.05580764249140535,0.12735019023368932,0.18315783272509467,organic
citric acid,Na+Cl-,cation,1.028597354888916,0.005022019147872925,1.0235753930087268,ion
citric acid,Na+Cl-,anion,0.7600497603416443,0.010896235704421997,0.7709459932699365,ion
citric acid,Na+Cl-,H2O,0.07443554383609141,0.051175327822302885,0.023260216013788526,H2O
citric acid,Na+Cl-,organic,0.5484983764258202,0.11379691236281864,0.6622952887886389,organic
citric acid,Na+Cl-,cation,0.9856122732162476,0.016421198844909668,1.0020335087270853,ion
citric acid,Na+Cl-,anion,0.6366304159164429,0.03257915377616882,0.6692096044851824,ion
citric acid,Na+Cl-,H2O,0.07070124029986141,0.04760195276758764,0.023099287532273777,H2O
citric acid,Na+Cl-,organic,0.5327798627066749,0.12567736887795689,0.6584572315846318,organic
citric acid,Na+Cl-,cation,0.9700911045074463,0.029509782791137695,0.9996008299061115,ion
citric acid,Na+Cl-,anion,0.6319615840911865,0.03446131944656372,0.6664228806600577,ion
citric acid,Na+Cl-,H2O,0.06991130383462386,0.046958940205261514,0.022952363629362347,H2O
citric acid,Na+Cl-,organic,0.5167396970987683,0.13820565721032185,0.6549453543090902,organic
citric acid,Na+Cl-,cation,0.967381477355957,0.029988467693328857,0.9973700030790472,ion
citric acid,Na+Cl-,anion,0.6302757263183594,0.03359130024909973,0.6638670002532087,ion
citric acid,NH4+SO4--,H2O,0.009611609673495246,0.009376295514147483,0.00023531415934776407,H2O
citric acid,NH4+SO4--,organic,0.027829358755402822,0.0750885907439689,0.047259231988566075,organic
citric acid,NH4+SO4--,cation,0.04416942596435547,0.01241844892501831,0.0565879032273664,ion
citric acid,NH4+SO4--,anion,0.13107645511627197,0.018935680389404297,0.11214078824993079,ion
citric acid,NH4+SO4--,H2O,0.006258742783126584,0.0060305291099873905,0.00022821367313919424,H2O
citric acid,NH4+SO4--,organic,0.010776977926484133,0.05668349675198847,0.04590651882550434,organic
citric acid,NH4+SO4--,cation,0.04826989769935608,0.007918477058410645,0.056188366618817986,ion
citric acid,NH4+SO4--,anion,0.13338279724121094,0.02293086051940918,0.1104519014993568,ion
citric acid,NH4+SO4--,H2O,0.001659299360031561,0.0018809564265846925,0.0002216570665531316,H2O
citric acid,NH4+SO4--,organic,0.024795824196304883,0.06945430286163723,0.044658478665332346,organic
citric acid,NH4+SO4--,cation,0.04449111223220825,0.011328727006912231,0.05581981621976234,ion
citric acid,NH4+SO4--,anion,0.11494791507720947,0.006058692932128906,0.1088893038123051,ion
citric acid,NH4+SO4--,H2O,0.023071630422749817,0.02202141865358998,0.0010502117691598388,H2O
citric acid,NH4+SO4--,organic,0.12543999239534553,0.07295924514497099,0.19839923754031652,organic
citric acid,NH4+SO4--,cation,0.05865907669067383,0.004007399082183838,0.0626664351005376,ion
citric acid,NH4+SO4--,anion,0.06088614463806152,0.05256032943725586,0.1134465348960112,ion
citric acid,NH4+SO4--,H2O,0.024055069214757127,0.023034602233884913,0.0010204669808722162,H2O
citric acid,NH4+SO4--,organic,0.13746382799640933,0.055213803421192864,0.1926776314176022,organic
citric acid,NH4+SO4--,cation,0.06005215644836426,0.0022301077842712402,0.06228223479397921,ion
citric acid,NH4+SO4--,anion,0.14312076568603516,0.031352996826171875,0.11176770374461631,ion
citric acid,NH4+SO4--,H2O,0.022502247652749142,0.021508998797116593,0.0009932488556325496,H2O
citric acid,NH4+SO4--,organic,0.11776675287194838,0.0696418429296104,0.18740859580155877,organic
citric acid,NH4+SO4--,cation,0.053859829902648926,0.008070528507232666,0.06193033302953832,ion
citric acid,NH4+SO4--,anion,0.15668439865112305,0.04645395278930664,0.11023037626340271,ion
citric acid,NH4+SO4--,H2O,0.009785305040948442,0.009021020819915149,0.0007642842210332924,H2O
citric acid,NH4+SO4--,organic,0.006407468547172002,0.0389193952434872,0.0453268637906592,organic
citric acid,NH4+SO4--,cation,0.16654494404792786,0.009061634540557861,0.17560659879176843,ion
citric acid,NH4+SO4--,anion,0.3575500249862671,1.6927719116210938e-05,0.3575669505977639,ion
citric acid,NH4+SO4--,H2O,0.006325945536246057,0.005585156181054367,0.0007407893551916898,H2O
citric acid,NH4+SO4--,organic,0.00823090010970251,0.0357600025371414,0.04399090264684391,organic
citric acid,NH4+SO4--,cation,0.168569415807724,0.005779087543487549,0.17434850891359077,ion
citric acid,NH4+SO4--,anion,0.36455976963043213,0.012309432029724121,0.3522502897873674,ion
citric acid,NH4+SO4--,H2O,0.0012807649056871622,0.0019999384423244238,0.0007191735366372616,H2O
citric acid,NH4+SO4--,organic,0.010627454249433121,0.053390860463750744,0.04276340621431762,organic
citric acid,NH4+SO4--,cation,0.16226115822792053,0.010928571224212646,0.17318975893651178,ion
citric acid,NH4+SO4--,anion,0.3429170846939087,0.00442349910736084,0.34734053868820025,ion
citric acid,NH4+SO4--,H2O,0.032411968842474034,0.028962884307424625,0.0034490845350494126,H2O
citric acid,NH4+SO4--,organic,0.15488631454889346,0.03783179078280252,0.19271810533169598,organic
citric acid,NH4+SO4--,cation,0.19143998622894287,0.003944098949432373,0.19538406456929047,ion
citric acid,NH4+SO4--,anion,0.34125423431396484,0.021485567092895508,0.36273962650390734,ion
citric acid,NH4+SO4--,H2O,0.032048819837053905,0.028697252203397933,0.0033515676336559677,H2O
citric acid,NH4+SO4--,organic,0.149928115896093,0.037200655405203786,0.1871287713012968,organic
citric acid,NH4+SO4--,cation,0.1907145380973816,0.0034676790237426758,0.19418222553285558,ion
citric acid,NH4+SO4--,anion,0.39577722549438477,0.03828907012939453,0.35748815350226204,ion
citric acid,NH4+SO4--,H2O,0.03141751658062586,0.028154916007426513,0.003262600573199345,H2O
citric acid,NH4+SO4--,organic,0.12695033893833485,0.0550453933044579,0.18199573224279275,organic
citric acid,NH4+SO4--,cation,0.18554019927978516,0.007542669773101807,0.19308291142377831,ion
citric acid,NH4+SO4--,anion,0.399066686630249,0.04637956619262695,0.35268713595279255,ion
citric acid,NH4+SO4--,H2O,0.008801398892339076,0.007058136623784334,0.0017432622685547416,H2O
citric acid,NH4+SO4--,organic,0.06903804990907636,0.11077045826908849,0.04173240836001213,organic
citric acid,NH4+SO4--,cation,0.36798804998397827,0.004196465015411377,0.3721845177353,ion
citric acid,NH4+SO4--,anion,0.751919150352478,0.03845524787902832,0.7903744472471725,ion
citric acid,NH4+SO4--,H2O,0.00560178158519155,0.003912478132144267,0.001689303453047283,H2O
citric acid,NH4+SO4--,organic,0.08258949084414136,0.12305641250635446,0.04046692166221311,organic
citric acid,NH4+SO4--,cation,0.3628503978252411,0.006630122661590576,0.3694805391261972,ion
citric acid,NH4+SO4--,anion,0.760498046875,0.01847529411315918,0.7789734233654217,ion
citric acid,NH4+SO4--,H2O,0.0033674276978573254,0.005007347211317221,0.0016399195134598958,H2O
citric acid,NH4+SO4--,organic,0.08803890515792734,0.12735019023368932,0.03931128507576198,organic
citric acid,NH4+SO4--,cation,0.35603800415992737,0.010957598686218262,0.3669956187009043,ion
citric acid,NH4+SO4--,anion,0.733385443687439,0.03508877754211426,0.7684742569201148,ion
citric acid,NH4+SO4--,H2O,0.04607949014490209,0.03814450680777978,0.007934983337122305,H2O
citric acid,NH4+SO4--,organic,0.06656959206098856,0.11379691236281864,0.1803665044238072,organic
citric acid,NH4+SO4--,cation,0.4095914363861084,0.0076482295989990234,0.4172396985584026,ion
citric acid,NH4+SO4--,anion,0.8033874034881592,0.00029540061950683594,0.8036829896503734,ion
citric acid,NH4+SO4--,H2O,0.041152436936178094,0.03343530574793585,0.007717131188242244,H2O
citric acid,NH4+SO4--,organic,0.049539255730049137,0.12567736887795689,0.17521662460800602,organic
citric acid,NH4+SO4--,cation,0.40790319442749023,0.006791055202484131,0.4146942907642104,ion
citric acid,NH4+SO4--,anion,0.839104413986206,0.04651951789855957,0.7925847997997173,ion
citric acid,NH4+SO4--,H2O,0.038675176246562026,0.03115597265997766,0.007519203586584365,H2O
citric acid,NH4+SO4--,organic,0.032298273247081566,0.13820565721032185,0.17050393045740342,organic
citric acid,NH4+SO4--,cation,0.40225833654403687,0.01011204719543457,0.4123703773428523,ion
citric acid,NH4+SO4--,anion,0.8123893737792969,0.029927730560302734,0.7824617028304339,ion
citric acid,Ca2+NO3-,H2O,0.02040852198119044,0.019960624926629804,0.0004478970545606382,H2O
citric acid,Ca2+NO3-,organic,0.024903415857840283,0.0750885907439689,0.09999200660180918,organic
citric acid,Ca2+NO3-,cation,0.20160174369812012,0.026305198669433594,0.2279069691351594,ion
citric acid,Ca2+NO3-,anion,0.056034743785858154,0.00037860870361328125,0.05641333601574994,ion
citric acid,Ca2+NO3-,H2O,0.01131673633872261,0.010874541825117334,0.0004421945136052753,H2O
citric acid,Ca2+NO3-,organic,0.04223929268691773,0.05668349675198847,0.0989227894389062,organic
citric acid,Ca2+NO3-,cation,0.1784430742263794,0.047826528549194336,0.22626969683782616,ion
citric acid,Ca2+NO3-,anion,0.05168318748474121,0.0043084025382995605,0.055991568125793256,ion
citric acid,Ca2+NO3-,H2O,0.006382182587477918,0.0059452515806072415,0.0004369310068706761,H2O
citric acid,Ca2+NO3-,organic,0.028482708297216996,0.06945430286163723,0.09793701115885423,organic
citric acid,Ca2+NO3-,cation,0.19840896129608154,0.02634906768798828,0.22475792663746574,ion
citric acid,Ca2+NO3-,anion,0.05763101577758789,0.002029597759246826,0.05560139825867538,ion
citric acid,Ca2+NO3-,H2O,0.04290507961675384,0.04135309752441319,0.0015519820923406498,H2O
citric acid,Ca2+NO3-,organic,0.27612910069397567,0.07295924514497099,0.34908834583894666,organic
citric acid,Ca2+NO3-,cation,0.12386536598205566,0.0934295654296875,0.21729485452192376,ion
citric acid,Ca2+NO3-,anion,0.05517163872718811,0.007102370262145996,0.04806928717265996,ion
citric acid,Ca2+NO3-,H2O,0.029662988299277285,0.028134897681913906,0.0015280906173633767,H2O
citric acid,Ca2+NO3-,organic,0.2892832360451165,0.055213803421192864,0.3444970394663094,organic
citric acid,Ca2+NO3-,cation,0.17685675621032715,0.03883671760559082,0.21569351495801636,ion
citric acid,Ca2+NO3-,anion,0.0611567497253418,0.013506472110748291,0.047650249132363875,ion
citric acid,Ca2+NO3-,H2O,0.02263937627388055,0.021133220535025865,0.0015061557388546826,H2O
citric acid,Ca2+NO3-,organic,0.27062305761015226,0.0696418429296104,0.34026490053976266,organic
citric acid,Ca2+NO3-,cation,0.1899268627166748,0.024295330047607422,0.21422219144531263,ion
citric acid,Ca2+NO3-,anion,0.06887808442115784,0.021612942218780518,0.04726513304417962,ion
citric acid,Ca2+NO3-,H2O,0.022868824602257688,0.02148854343569807,0.0013802811665596174,H2O
citric acid,Ca2+NO3-,organic,0.05372500969429428,0.0389193952434872,0.09264440493778148,organic
citric acid,Ca2+NO3-,cation,0.6682844161987305,0.03679370880126953,0.7050782043274387,ion
citric acid,Ca2+NO3-,anion,0.17534995079040527,0.0019319355487823486,0.17341800205997215,ion
citric acid,Ca2+NO3-,H2O,0.013395699109485862,0.012034326316756052,0.0013613727927298098,H2O
citric acid,Ca2+NO3-,organic,0.05582754873769247,0.0357600025371414,0.09158755127483387,organic
citric acid,Ca2+NO3-,cation,0.6435823440551758,0.05633342266082764,0.699915693175125,ion
citric acid,Ca2+NO3-,anion,0.1696215718984604,0.0024667978286743164,0.1720883674558823,ion
citric acid,Ca2+NO3-,H2O,0.00848376569470238,0.007139781808391465,0.0013439838863109144,H2O
citric acid,Ca2+NO3-,organic,0.03722640869851013,0.053390860463750744,0.09061726916226087,organic
citric acid,Ca2+NO3-,cation,0.6608330011367798,0.034324049949645996,0.6951569803698828,ion
citric acid,Ca2+NO3-,anion,0.17405948042869568,0.003198772668838501,0.17086069916868896,ion
citric acid,Ca2+NO3-,H2O,0.050358100575896445,0.04561009313988318,0.004748007436013265,H2O
citric acid,Ca2+NO3-,organic,0.28556930455626417,0.03783179078280252,0.3234010953390667,organic
citric acid,Ca2+NO3-,cation,0.5727360248565674,0.09983706474304199,0.6725731529845875,ion
citric acid,Ca2+NO3-,anion,0.15437674522399902,0.006320059299468994,0.14805667412536466,ion
citric acid,Ca2+NO3-,H2O,0.03836701862963119,0.03369758850372917,0.004669430125902017,H2O
citric acid,Ca2+NO3-,organic,0.28170214557268736,0.037200655405203786,0.31890280097789114,organic
citric acid,Ca2+NO3-,cation,0.6288279294967651,0.03872847557067871,0.6675563677907959,ion
citric acid,Ca2+NO3-,anion,0.16095256805419922,0.014208674430847168,0.14674390321337138,ion
citric acid,Ca2+NO3-,H2O,0.03231184860726635,0.02771433108834449,0.004597517518921866,H2O
citric acid,Ca2+NO3-,organic,0.25972374043890256,0.0550453933044579,0.31476913374336046,organic
citric acid,Ca2+NO3-,cation,0.6467568874359131,0.01619720458984375,0.6629541155906744,ion
citric acid,Ca2+NO3-,anion,0.16791552305221558,0.022376030683517456,0.14553949902323965,ion
citric acid,Ca2+NO3-,H2O,0.024981516670840205,0.02210501041173809,0.0028765062591021157,H2O
citric acid,Ca2+NO3-,organic,0.02992117249040671,0.11077045826908849,0.08084928577868178,organic
citric acid,Ca2+NO3-,cation,1.423473596572876,0.06072342395782471,1.484197071849503,ion
citric acid,Ca2+NO3-,anion,0.3671744763851166,0.005639702081680298,0.36153477889784047,ion
citric acid,Ca2+NO3-,H2O,0.01538333761023452,0.012550476157642761,0.002832861452591759,H2O
citric acid,Ca2+NO3-,organic,0.04321034224144227,0.12305641250635446,0.0798460702649122,organic
citric acid,Ca2+NO3-,cation,1.4042012691497803,0.06887936592102051,1.473080638348957,ion
citric acid,Ca2+NO3-,anion,0.35894089937210083,0.00026535987854003906,0.3586755141347058,ion
citric acid,Ca2+NO3-,H2O,0.008689586093525112,0.005896651863957537,0.0027929342295675754,H2O
citric acid,Ca2+NO3-,organic,0.048419364290316125,0.12735019023368932,0.0789308259433732,organic
citric acid,Ca2+NO3-,cation,1.4118435382843018,0.05101573467254639,1.4628592263544284,ion
citric acid,Ca2+NO3-,anion,0.3614048957824707,0.0053619444370269775,0.3560429418967997,ion
citric acid,Ca2+NO3-,H2O,0.062473392693254304,0.05284544968276778,0.009627943010486518,H2O
citric acid,Ca2+NO3-,organic,0.16707747502118941,0.11379691236281864,0.28087438738400805,organic
citric acid,Ca2+NO3-,cation,1.3055230379104614,0.1092824935913086,1.4148055875882743,ion
citric acid,Ca2+NO3-,anion,0.31304067373275757,0.004096388816833496,0.30894425845921913,ion
citric acid,Ca2+NO3-,H2O,0.04988625196903117,0.040435208829037166,0.009451043139993998,H2O
citric acid,Ca2+NO3-,organic,0.15102390831763435,0.12567736887795689,0.27670127719559123,organic
citric acid,Ca2+NO3-,cation,1.3656070232391357,0.03854990005493164,1.40415698252579,ion
citric acid,Ca2+NO3-,anion,0.32074373960494995,0.014582514762878418,0.30616120502348354,ion
citric acid,Ca2+NO3-,H2O,0.04284146008387879,0.03355159684920406,0.009289863234674728,H2O
citric acid,Ca2+NO3-,organic,0.13467659334611026,0.13820565721032185,0.2728822505564321,organic
citric acid,Ca2+NO3-,cation,1.3791615962982178,0.01524806022644043,1.3944097815643084,ion
citric acid,Ca2+NO3-,anion,0.3274780511856079,0.023863881826400757,0.303614163010718,ion
glycerol,Na+Cl-,H2O,0.01926165608435042,0.01784391987130444,0.0014177362130459792,H2O
glycerol,Na+Cl-,organic,0.1731506746338266,0.03548006200985898,0.13767061262396763,organic
glycerol,Na+Cl-,cation,0.2065359205007553,0.0012415945529937744,0.20529432373763953,ion
glycerol,Na+Cl-,anion,0.10269597172737122,0.0024536550045013428,0.10514963582440856,ion
glycerol,Na+Cl-,H2O,0.014965947334348657,0.013552566030492484,0.0014133813038561722,H2O
glycerol,Na+Cl-,organic,0.1548541022606419,0.017574387677241732,0.13727971458340016,organic
glycerol,Na+Cl-,cation,0.21183864772319794,0.006883829832077026,0.20495481509200955,ion
glycerol,Na+Cl-,anion,0.09996750950813293,0.004832476377487183,0.10479998398418328,ion
glycerol,Na+Cl-,H2O,0.017757996707927562,0.016348445724598024,0.0014095509833295388,H2O
glycerol,Na+Cl-,organic,0.11132318877219233,0.02561544083845746,0.1369386296106498,organic
glycerol,Na+Cl-,cation,0.20998936891555786,0.005335599184036255,0.20465378626653066,ion
glycerol,Na+Cl-,anion,0.0943717211484909,0.010122120380401611,0.10449383204018936,ion
glycerol,Na+Cl-,H2O,0.04152275897462535,0.03568980818438813,0.005832950790237213,H2O
glycerol,Na+Cl-,organic,0.5932049110276405,0.03841604410543431,0.5547888669222062,organic
glycerol,Na+Cl-,cation,0.20374149084091187,0.005993306636810303,0.20973478495936743,ion
glycerol,Na+Cl-,anion,0.07689636945724487,0.02318626642227173,0.1000826113836556,ion
glycerol,Na+Cl-,H2O,0.03957170905534688,0.03375497567492814,0.005816733380418741,H2O
glycerol,Na+Cl-,organic,0.5740908042721529,0.020912722434652475,0.5531780818375005,organic
glycerol,Na+Cl-,cation,0.19610148668289185,0.013337790966033936,0.20943927267606238,ion
glycerol,Na+Cl-,anion,0.07657158374786377,0.023201793432235718,0.0997733679489069,ion
glycerol,Na+Cl-,H2O,0.03961424289391036,0.03381182519581301,0.0058024176980973575,H2O
glycerol,Na+Cl-,organic,0.5294871737203098,0.022273883197647337,0.5517610569179572,organic
glycerol,Na+Cl-,cation,0.19676204025745392,0.012413889169692993,0.20917592059140044,ion
glycerol,Na+Cl-,anion,0.07839176058769226,0.02111002802848816,0.09950178159338408,ion
glycerol,Na+Cl-,H2O,0.021219832440539852,0.017062139087974687,0.004157693352565163,H2O
glycerol,Na+Cl-,organic,0.20250810868487157,0.08191753351976594,0.12059057516510563,organic
glycerol,Na+Cl-,cation,0.6180657148361206,0.0005354881286621094,0.6175302241783253,ion
glycerol,Na+Cl-,anion,0.3142780661582947,0.003856480121612549,0.3181345384348149,ion
glycerol,Na+Cl-,H2O,0.01850052670834204,0.014355955906037386,0.004144570802304653,H2O
glycerol,Na+Cl-,organic,0.17265269320688859,0.05241130320289855,0.12024139000399003,organic
glycerol,Na+Cl-,cation,0.6233722567558289,0.006875395774841309,0.616496866689082,ion
glycerol,Na+Cl-,anion,0.3120666742324829,0.005026072263717651,0.317092754823031,ion
glycerol,Na+Cl-,H2O,0.0226494729061523,0.018516356398780152,0.004133116507372149,H2O
glycerol,Na+Cl-,organic,0.13790909400748136,0.017969493077424792,0.11993960093005657,organic
glycerol,Na+Cl-,cation,0.619455099105835,0.003872424364089966,0.6155826774594398,ion
glycerol,Na+Cl-,anion,0.3048728108406067,0.011311948299407959,0.31618477479737983,ion
glycerol,Na+Cl-,H2O,0.05729183065782322,0.040578054355771304,0.016713776302051918,H2O
glycerol,Na+Cl-,organic,0.5585068510238763,0.07982491235850941,0.4786819386653669,organic
glycerol,Na+Cl-,cation,0.617645263671875,0.009719550609588623,0.6273647973572765,ion
glycerol,Na+Cl-,anion,0.2739317715167999,0.026160746812820435,0.30009253539869507,ion
glycerol,Na+Cl-,H2O,0.05643973008759641,0.03977326579904039,0.01666646428855601,H2O
glycerol,Na+Cl-,organic,0.5286861626089969,0.051429172506882614,0.47725699010211425,organic
glycerol,Na+Cl-,cation,0.6071343421936035,0.019345015287399292,0.6264793624491745,ion
glycerol,Na+Cl-,anion,0.27219873666763306,0.026989758014678955,0.2991884955674897,ion
glycerol,Na+Cl-,H2O,0.056477956408535784,0.03985284179340513,0.016625114615130658,H2O
glycerol,Na+Cl-,organic,0.49358113665528136,0.017566146742968747,0.4760149899123126,organic
glycerol,Na+Cl-,cation,0.6066137552261353,0.019078940153121948,0.6256926536636511,ion
glycerol,Na+Cl-,anion,0.27288541197776794,0.025513917207717896,0.29839933395883794,ion
glycerol,Na+Cl-,H2O,0.026076648128398484,0.018178531685627004,0.007898116442771481,H2O
glycerol,Na+Cl-,organic,0.16162920351298043,0.06686407387990123,0.0947651296330792,organic
glycerol,Na+Cl-,cation,1.2406952381134033,0.0009990334510803223,1.2396962838831795,ion
glycerol,Na+Cl-,anion,0.6385732293128967,0.005441039800643921,0.6440142818181966,ion
glycerol,Na+Cl-,H2O,0.025412710006053326,0.017539685653441602,0.007873024352611724,H2O
glycerol,Na+Cl-,organic,0.14513198043871134,0.0506382294812896,0.09449375095742174,organic
glycerol,Na+Cl-,cation,1.243588924407959,0.005986392498016357,1.237602616835395,ion
glycerol,Na+Cl-,anion,0.6366530060768127,0.005345433950424194,0.6419984637994888,ion
glycerol,Na+Cl-,H2O,0.0298936219984389,0.0220421559952927,0.0078514660031462,H2O
glycerol,Na+Cl-,organic,0.11650163384149065,0.022237567986022166,0.09426406585546848,organic
glycerol,Na+Cl-,cation,1.2407796382904053,0.005022019147872925,1.2357575462602899,ion
glycerol,Na+Cl-,anion,0.6293609738349915,0.010896235704421997,0.640257208149135,ion
glycerol,Na+Cl-,H2O,0.08160166289690424,0.05182354276584204,0.02977812013106219,H2O
glycerol,Na+Cl-,organic,0.42686063283999875,0.06332780126735638,0.3635328315726424,organic
glycerol,Na+Cl-,cation,1.22774338722229,0.016421198844909668,1.2441645628808904,ion
glycerol,Na+Cl-,anion,0.5627117156982422,0.03257915377616882,0.5952908768326682,ion
glycerol,Na+Cl-,H2O,0.08019289459938517,0.050496624031987486,0.02969627056739769,H2O
glycerol,Na+Cl-,organic,0.40844566272893884,0.04598721296462693,0.3624584497643119,organic
glycerol,Na+Cl-,cation,1.2129192352294922,0.029509782791137695,1.242429029758538,ion
glycerol,Na+Cl-,anion,0.5591560006141663,0.03446131944656372,0.5936173372682455,ion
glycerol,Na+Cl-,H2O,0.08167666005842203,0.052050211800383855,0.029626448258038177,H2O
glycerol,Na+Cl-,organic,0.38449705176990445,0.022956219622586094,0.36154083214731836,organic
glycerol,Na+Cl-,cation,1.210906982421875,0.029988467693328857,1.2408954983966969,ion
glycerol,Na+Cl-,anion,0.5585835576057434,0.03359130024909973,0.592174880265543,ion
glycerol,NH4+SO4--,H2O,0.011656407565727485,0.010938351872365555,0.0007180556933619286,H2O
glycerol,NH4+SO4--,organic,0.11653567935767972,0.03548006200985898,0.08105561734782074,organic
glycerol,NH4+SO4--,cation,0.09781140089035034,0.01241844892501831,0.11022988376160103,ion
glycerol,NH4+SO4--,anion,0.18191802501678467,0.018935680389404297,0.1629823823878327,ion
glycerol,NH4+SO4--,H2O,0.00916838243442744,0.008456038424899668,0.0007123440095277722,H2O
glycerol,NH4+SO4--,organic,0.09810112809658278,0.017574387677241732,0.08052674041934105,organic
glycerol,NH4+SO4--,cation,0.10197371244430542,0.007918477058410645,0.1098921918431306,ion
glycerol,NH4+SO4--,anion,0.1845383644104004,0.02293086051940918,0.1616074763715003,ion
glycerol,NH4+SO4--,H2O,0.00183444814205698,0.0011271144430555855,0.0007073336990013944,H2O
glycerol,NH4+SO4--,organic,0.05445080534484453,0.02561544083845746,0.08006624618330199,organic
glycerol,NH4+SO4--,cation,0.09826523065567017,0.011328727006912231,0.10959394296041558,ion
glycerol,NH4+SO4--,anion,0.16646051406860352,0.006058692932128906,0.16040179407510124,ion
glycerol,NH4+SO4--,H2O,0.026224443416043523,0.02367117048243142,0.002553272933612103,H2O
glycerol,NH4+SO4--,organic,0.31077287491676275,0.03841604410543431,0.27235683081132844,organic
glycerol,NH4+SO4--,cation,0.09836441278457642,0.004007399082183838,0.1023718018216152,ion
glycerol,NH4+SO4--,anion,0.0923457145690918,0.05256032943725586,0.14490620618375782,ion
glycerol,NH4+SO4--,H2O,0.0280649012441717,0.02553225705855787,0.0025326441856138287,H2O
glycerol,NH4+SO4--,organic,0.2911749279970992,0.020912722434652475,0.27026220556244673,organic
glycerol,NH4+SO4--,cation,0.099856436252594,0.0022301077842712402,0.10208650967505828,ion
glycerol,NH4+SO4--,anion,0.17508268356323242,0.031352996826171875,0.14372952415237084,ion
glycerol,NH4+SO4--,H2O,0.02712361102307461,0.024609086835528225,0.002514524187546387,H2O
glycerol,NH4+SO4--,organic,0.2461523569515513,0.022273883197647337,0.26842624014919864,organic
glycerol,NH4+SO4--,cation,0.09376335144042969,0.008070528507232666,0.10183386074390255,ion
glycerol,NH4+SO4--,anion,0.18915009498596191,0.04645395278930664,0.1426960956709129,ion
glycerol,NH4+SO4--,H2O,0.011393971804882412,0.009219768885683238,0.0021742029191991735,H2O
glycerol,NH4+SO4--,organic,0.15602168663303018,0.08191753351976594,0.07410415311326424,organic
glycerol,NH4+SO4--,cation,0.3256397247314453,0.009061634540557861,0.3347013644180178,ion
glycerol,NH4+SO4--,anion,0.5031932592391968,1.6927719116210938e-05,0.5032101736249095,ion
glycerol,NH4+SO4--,H2O,0.008989511858470245,0.006832199297470469,0.002157312560999776,H2O
glycerol,NH4+SO4--,organic,0.1260495226060101,0.05241130320289855,0.07363821940311155,organic
glycerol,NH4+SO4--,cation,0.32790642976760864,0.005779087543487549,0.3336855373803383,ion
glycerol,NH4+SO4--,anion,0.5114328861236572,0.012309432029724121,0.4991234626201193,ion
glycerol,NH4+SO4--,H2O,0.0023938764575342562,0.00025124083721941946,0.0021426356203148368,H2O
glycerol,NH4+SO4--,organic,0.09120651959354259,0.017969493077424792,0.0732370265161178,organic
glycerol,NH4+SO4--,cation,0.3218626379966736,0.010928571224212646,0.3327912412412402,ion
glycerol,NH4+SO4--,anion,0.49113285541534424,0.00442349910736084,0.49555632331377786,ion
glycerol,NH4+SO4--,H2O,0.03651194243186878,0.028732373285985064,0.007779569145883717,H2O
glycerol,NH4+SO4--,organic,0.32926159118014103,0.07982491235850941,0.24943667882163162,organic
glycerol,NH4+SO4--,cation,0.3086059093475342,0.003944098949432373,0.3125500248863454,ion
glycerol,NH4+SO4--,anion,0.4282214641571045,0.021485567092895508,0.4497068696322142,ion
glycerol,NH4+SO4--,H2O,0.03731065498349808,0.02958988903392466,0.007720765949573421,H2O
glycerol,NH4+SO4--,organic,0.29904745622004275,0.051429172506882614,0.24761828371316014,organic
glycerol,NH4+SO4--,cation,0.3082379698753357,0.0034676790237426758,0.311705681974059,ion
glycerol,NH4+SO4--,anion,0.4845592975616455,0.03828907012939453,0.4462703769531693,ion
glycerol,NH4+SO4--,H2O,0.03780434643729972,0.030134570258177847,0.007669776179121872,H2O
glycerol,NH4+SO4--,organic,0.26360871331293567,0.017566146742968747,0.24604256656996693,organic
glycerol,NH4+SO4--,cation,0.30341851711273193,0.007542669773101807,0.3109612139133586,ion
glycerol,NH4+SO4--,anion,0.4896504878997803,0.04637956619262695,0.4432708854954588,ion
glycerol,NH4+SO4--,H2O,0.012759186510042871,0.008385900815272539,0.0043732856947703335,H2O
glycerol,NH4+SO4--,organic,0.12981735267717742,0.06686407387990123,0.06295327879727619,organic
glycerol,NH4+SO4--,cation,0.6788246631622314,0.004196465015411377,0.6830211504216595,ion
glycerol,NH4+SO4--,anion,1.013466477394104,0.03845524787902832,1.0519217457596892,ion
glycerol,NH4+SO4--,H2O,0.011394383142913484,0.007051785772745849,0.004342597370167636,H2O
glycerol,NH4+SO4--,organic,0.11324297388359944,0.0506382294812896,0.06260474440230984,organic
glycerol,NH4+SO4--,cation,0.6743826270103455,0.006630122661590576,0.6810127582864268,ion
glycerol,NH4+SO4--,anion,1.0255768299102783,0.01847529411315918,1.0440521608991253,ion
glycerol,NH4+SO4--,H2O,0.003958332851769294,0.0003581667811248415,0.004316499632894135,H2O
glycerol,NH4+SO4--,organic,0.08454992695325853,0.022237567986022166,0.06231235896723636,organic
glycerol,NH4+SO4--,cation,0.6682974100112915,0.010957598686218262,0.6792550511696074,ion
glycerol,NH4+SO4--,anion,1.0021562576293945,0.03508877754211426,1.0372450004814526,ion
glycerol,NH4+SO4--,H2O,0.054516315573801793,0.03879272175131894,0.015723593822482854,H2O
glycerol,NH4+SO4--,organic,0.2750559340497926,0.06332780126735638,0.21172813278243624,organic
glycerol,NH4+SO4--,cation,0.6361321806907654,0.0076482295989990234,0.6437804121532951,ion
glycerol,NH4+SO4--,anion,0.9455935955047607,0.00029540061950683594,0.9458891689003832,ion
glycerol,NH4+SO4--,H2O,0.05195905588075265,0.036329977012335694,0.015629078868416954,H2O
glycerol,NH4+SO4--,organic,0.2564179006412905,0.04598721296462693,0.21043068767666356,organic
glycerol,NH4+SO4--,cation,0.6353781223297119,0.006791055202484131,0.642169203491217,ion
glycerol,NH4+SO4--,anion,0.986053466796875,0.04651951789855957,0.9395338361819996,ion
glycerol,NH4+SO4--,H2O,0.05179724125414528,0.03624724425510001,0.015549996999045277,H2O
glycerol,NH4+SO4--,organic,0.23229344779959105,0.022956219622586094,0.20933722817700495,organic
glycerol,NH4+SO4--,cation,0.630648672580719,0.01011204719543457,0.640760679800918,ion
glycerol,NH4+SO4--,anion,0.963985800743103,0.029927730560302734,0.9340581024627084,ion
glycerol,Ca2+NO3-,H2O,0.0219463159638665,0.02152268128484788,0.00042363467901862127,H2O
glycerol,Ca2+NO3-,organic,0.08519089136389779,0.03548006200985898,0.04971082935403881,organic
glycerol,Ca2+NO3-,cation,0.2251971960067749,0.026305198669433594,0.2515024608148031,ion
glycerol,Ca2+NO3-,anion,0.03138551115989685,0.00037860870361328125,0.03176411875629942,ion
glycerol,Ca2+NO3-,H2O,0.013719024306952519,0.013300051140029611,0.000418973166922908,H2O
glycerol,Ca2+NO3-,organic,0.06686388324861892,0.017574387677241732,0.049289495571377184,organic
glycerol,Ca2+NO3-,cation,0.20229649543762207,0.047826528549194336,0.250123136886087,ion
glycerol,Ca2+NO3-,anion,0.027107566595077515,0.0043084025382995605,0.03141594201856579,ion
glycerol,Ca2+NO3-,H2O,0.009368206598343535,0.00895332245024752,0.0004148841480960157,H2O
glycerol,Ca2+NO3-,organic,0.023307413254856413,0.02561544083845746,0.04892285409331387,organic
glycerol,Ca2+NO3-,cation,0.22256016731262207,0.02634906768798828,0.24890921970496294,ion
glycerol,Ca2+NO3-,anion,0.033140361309051514,0.002029597759246826,0.03111074786575957,ion
glycerol,Ca2+NO3-,H2O,0.04420006581650073,0.04300284935325463,0.0011972164632461034,H2O
glycerol,Ca2+NO3-,organic,0.18947331786735921,0.03841604410543431,0.1510572737619249,organic
glycerol,Ca2+NO3-,cation,0.14401721954345703,0.0934295654296875,0.2374466430480353,ion
glycerol,Ca2+NO3-,anion,0.018785059452056885,0.007102370262145996,0.011682669940472068,ion
glycerol,Ca2+NO3-,H2O,0.03181247805070739,0.030632552506586867,0.0011799255441205182,H2O
glycerol,Ca2+NO3-,organic,0.17024773612136085,0.020912722434652475,0.14933501368670837,organic
glycerol,Ca2+NO3-,cation,0.19740593433380127,0.03883671760559082,0.23624270851937523,ion
glycerol,Ca2+NO3-,anion,0.024883508682250977,0.013506472110748291,0.011377009219055378,ion
glycerol,Ca2+NO3-,H2O,0.025398023074939324,0.0242333085734375,0.0011647145015018234,H2O
glycerol,Ca2+NO3-,organic,0.1255506386719727,0.022273883197647337,0.14782452186962003,organic
glycerol,Ca2+NO3-,cation,0.21088409423828125,0.024295330047607422,0.23517942436621686,ion
glycerol,Ca2+NO3-,anion,0.032721251249313354,0.021612942218780518,0.011108304359917942,ion
glycerol,Ca2+NO3-,H2O,0.022949216182595943,0.021687291501466154,0.0012619246811297893,H2O
glycerol,Ca2+NO3-,organic,0.12705594691440814,0.08191753351976594,0.045138413394642196,organic
glycerol,Ca2+NO3-,cation,0.7279247045516968,0.03679370880126953,0.764718463812731,ion
glycerol,Ca2+NO3-,anion,0.10010138154029846,0.0019319355487823486,0.09816942494920483,ion
glycerol,Ca2+NO3-,H2O,0.014529411974396979,0.013281369433172154,0.001248042541224825,H2O
glycerol,Ca2+NO3-,organic,0.09717757486520917,0.05241130320289855,0.04476627166231062,organic
glycerol,Ca2+NO3-,cation,0.7042441964149475,0.05633342266082764,0.7605776019478574,ion
glycerol,Ca2+NO3-,anion,0.09466445446014404,0.0024667978286743164,0.09713126087711987,ion
glycerol,Ca2+NO3-,H2O,0.010626934417335046,0.009390961087935308,0.0012359733293997382,H2O
glycerol,Ca2+NO3-,organic,0.06241546641552698,0.017969493077424792,0.044445973338102185,organic
glycerol,Ca2+NO3-,cation,0.7226225137710571,0.034324049949645996,0.7569465361413323,ion
glycerol,Ca2+NO3-,anion,0.0994240939617157,0.003198772668838501,0.09622530364544296,ion
glycerol,Ca2+NO3-,H2O,0.04885204224063742,0.04537958211844362,0.0034724601221938003,H2O
glycerol,Ca2+NO3-,organic,0.21647908032498409,0.07982491235850941,0.13665416796647467,organic
glycerol,Ca2+NO3-,cation,0.6212484836578369,0.09983706474304199,0.7210856613802841,ion
glycerol,Ca2+NO3-,anion,0.04382979869842529,0.006320059299468994,0.03750971894955446,ion
glycerol,Ca2+NO3-,H2O,0.038012933719587555,0.034590225334255896,0.0034227083853316546,H2O
glycerol,Ca2+NO3-,organic,0.1865790697661424,0.051429172506882614,0.1351498972592598,organic
glycerol,Ca2+NO3-,cation,0.6788043975830078,0.03872847557067871,0.7175328409127828,ion
glycerol,Ca2+NO3-,anion,0.05082327127456665,0.014208674430847168,0.03661460856241461,ion
glycerol,Ca2+NO3-,H2O,0.033073437538254515,0.029693985339095827,0.0033794521991586876,H2O
glycerol,Ca2+NO3-,organic,0.1514108842678908,0.017566146742968747,0.13384473752492204,organic
glycerol,Ca2+NO3-,cation,0.6982128620147705,0.01619720458984375,0.714410093162289,ion
glycerol,Ca2+NO3-,anion,0.058208316564559937,0.022376030683517456,0.035832298288794306,ion
glycerol,Ca2+NO3-,H2O,0.025871346872615816,0.023432774603226295,0.002438572269389523,H2O
glycerol,Ca2+NO3-,organic,0.10459960370050692,0.06686407387990123,0.037735529820605684,organic
glycerol,Ca2+NO3-,cation,1.5000383853912354,0.06072342395782471,1.5607617679035966,ion
glycerol,Ca2+NO3-,anion,0.21068693697452545,0.005639702081680298,0.20504724147483255,ion
glycerol,Ca2+NO3-,H2O,0.018102640857308186,0.015689783798244344,0.0024128570590638424,H2O
glycerol,Ca2+NO3-,organic,0.08809337271048756,0.0506382294812896,0.03745514322919796,organic
glycerol,Ca2+NO3-,cation,1.483734130859375,0.06887936592102051,1.552613541563837,ion
glycerol,Ca2+NO3-,anion,0.20330016314983368,0.00026535987854003906,0.2030347887546281,ion
glycerol,Ca2+NO3-,H2O,0.012936768655988772,0.010545832294149918,0.002390936361838854,H2O
glycerol,Ca2+NO3-,organic,0.05945744664071256,0.022237567986022166,0.0372198786546904,organic
glycerol,Ca2+NO3-,cation,1.4945011138916016,0.05101573467254639,1.5455167771306593,ion
glycerol,Ca2+NO3-,anion,0.2066556066274643,0.0053619444370269775,0.2012936600856956,ion
glycerol,Ca2+NO3-,H2O,0.05963874695112799,0.05349366462630693,0.006145082324821052,H2O
glycerol,Ca2+NO3-,organic,0.17585521462202058,0.06332780126735638,0.11252741335466421,organic
glycerol,Ca2+NO3-,cation,1.3567090034484863,0.1092824935913086,1.4659915022768757,ion
glycerol,Ca2+NO3-,anion,0.085551917552948,0.004096388816833496,0.0814555030767316,ion
glycerol,Ca2+NO3-,H2O,0.049392568661032546,0.04332988009343701,0.006062688567595532,H2O
glycerol,Ca2+NO3-,organic,0.15742153909474993,0.04598721296462693,0.111434326130123,organic
glycerol,Ca2+NO3-,cation,1.420713186264038,0.03854990005493164,1.4592630501330655,ion
glycerol,Ca2+NO3-,anion,0.09437337517738342,0.014582514762878418,0.07979084620897064,ion
glycerol,Ca2+NO3-,H2O,0.044636101639965904,0.038642868444326406,0.005993233195639499,H2O
glycerol,Ca2+NO3-,organic,0.13346591946930392,0.022956219622586094,0.11050969984671782,organic
glycerol,Ca2+NO3-,cation,1.438157320022583,0.01524806022644043,1.453405387017444,ion
glycerol,Ca2+NO3-,anion,0.10221734642982483,0.023863881826400757,0.07835346646399449,ion
sucrose,Na+Cl-,H2O,0.020305636754196495,0.018741205983492368,0.0015644307707041272,H2O
sucrose,Na+Cl-,organic,0.5890915255050979,0.014367347281211806,0.5747241782238861,organic
sucrose,Na+Cl-,cation,0.22297979891300201,0.0012415945529937744,0.22173819179187468,ion
sucrose,Na+Cl-,anion,0.12239784002304077,0.0024536550045013428,0.12485150360599984,ion
sucrose,Na+Cl-,H2O,0.01450533375442148,0.012939848279427282,0.0015654854749941993,H2O
sucrose,Na+Cl-,organic,0.6903498118823976,0.11498045176514804,0.5753693601172496,organic
sucrose,Na+Cl-,cation,0.22878535091876984,0.006883829832077026,0.2219015118083235,ion
sucrose,Na+Cl-,anion,0.1204722672700882,0.004832476377487183,0.12530475559715845,ion
sucrose,Na+Cl-,H2O,0.016088590745023976,0.014522227445379753,0.001566363299644223,H2O
sucrose,Na+Cl-,organic,0.6226630798009865,0.04675329842179554,0.5759097813791909,organic
sucrose,Na+Cl-,cation,0.2273578941822052,0.005335599184036255,0.22202230872854714,ion
sucrose,Na+Cl-,anion,0.11555005609989166,0.010122120380401611,0.1256721641180766,ion
sucrose,Na+Cl-,H2O,0.042795467828376364,0.03645863358261938,0.006336834245756984,H2O
sucrose,Na+Cl-,organic,2.2785175066747665,0.012391093969540634,2.266126412705226,organic
sucrose,Na+Cl-,cation,0.21951527893543243,0.005993306636810303,0.22550857819771078,ion
sucrose,Na+Cl-,anion,0.09314417839050293,0.02318626642227173,0.11633041959912666,ion
sucrose,Na+Cl-,H2O,0.03934873344103013,0.03301435740765493,0.006334376033375203,H2O
sucrose,Na+Cl-,organic,2.379864632727628,0.112636376237508,2.26722825649012,organic
sucrose,Na+Cl-,cation,0.2122359722852707,0.013337790966033936,0.22557376637150886,ion
sucrose,Na+Cl-,anion,0.09339535236358643,0.023201793432235718,0.11659713334588129,ion
sucrose,Na+Cl-,H2O,0.03817891974121613,0.03184614578891187,0.006332773952304254,H2O
sucrose,Na+Cl-,organic,2.3135483132850823,0.0453783004479007,2.2681700128371816,organic
sucrose,Na+Cl-,cation,0.21320801973342896,0.012413889169692993,0.22562190975244548,ion
sucrose,Na+Cl-,anion,0.09571292996406555,0.02111002802848816,0.11682293491123352,ion
sucrose,Na+Cl-,H2O,0.02230127232760854,0.017582841063088113,0.00471843126452043,H2O
sucrose,Na+Cl-,organic,0.4700810118167542,0.048622571957537275,0.5187035837742915,organic
sucrose,Na+Cl-,cation,0.6741806268692017,0.0005354881286621094,0.6736451609715517,ion
sucrose,Na+Cl-,anion,0.3823152482509613,0.003856480121612549,0.38617172141630174,ion
sucrose,Na+Cl-,H2O,0.017814215423853995,0.013113870529210887,0.004700344894643109,H2O
sucrose,Na+Cl-,organic,0.564285271991877,0.04729903269349922,0.5169862392983777,organic
sucrose,Na+Cl-,cation,0.6802014112472534,0.006875395774841309,0.6733260116187909,ion
sucrose,Na+Cl-,anion,0.3812442719936371,0.005026072263717651,0.3862703669256753,ion
sucrose,Na+Cl-,H2O,0.02004740967959912,0.015361851069130142,0.004685558610468977,H2O
sucrose,Na+Cl-,organic,0.503709008535469,0.01188808575676692,0.5155970942922359,organic
sucrose,Na+Cl-,cation,0.6769133806228638,0.003872424364089966,0.6730409674883602,ion
sucrose,Na+Cl-,anion,0.3750550150871277,0.011311948299407959,0.3863669895584424,ion
sucrose,Na+Cl-,H2O,0.05990115252315352,0.041197278697083964,0.01870387382606955,H2O
sucrose,Na+Cl-,organic,1.969631041375174,0.046234251701132933,2.015865293076307,organic
sucrose,Na+Cl-,cation,0.6714079976081848,0.009719550609588623,0.6811275387710092,ion
sucrose,Na+Cl-,anion,0.33091652393341064,0.026160746812820435,0.3570772811093234,ion
sucrose,Na+Cl-,H2O,0.05734961599288185,0.038730821935919355,0.018618794056962495,H2O
sucrose,Na+Cl-,organic,2.056399498706712,0.048148715133125464,2.0082507835735863,organic
sucrose,Na+Cl-,cation,0.6613280773162842,0.019345015287399292,0.6806731260650369,ion
sucrose,Na+Cl-,anion,0.3298717141151428,0.026989758014678955,0.3568614864073251,ion
sucrose,Na+Cl-,H2O,0.05540064241724666,0.036851619404760685,0.018549023012485972,H2O
sucrose,Na+Cl-,organic,1.9898325210432608,0.01215334262578427,2.001985863669045,organic
sucrose,Na+Cl-,cation,0.6612066030502319,0.019078940153121948,0.6802855159898877,ion
sucrose,Na+Cl-,anion,0.3311956822872162,0.025513917207717896,0.35670959532007734,ion
sucrose,Na+Cl-,H2O,0.02740432258376018,0.018195202383511362,0.009209120200248822,H2O
sucrose,Na+Cl-,organic,0.38864834646784185,0.0318794753103564,0.42052782177819825,organic
sucrose,Na+Cl-,cation,1.3709852695465088,0.0009990334510803223,1.3699862502695095,ion
sucrose,Na+Cl-,anion,0.7975655794143677,0.005441039800643921,0.8030066021651309,ion
sucrose,Na+Cl-,H2O,0.024426924304456893,0.015286549508812565,0.009140374795644326,H2O
sucrose,Na+Cl-,organic,0.45500723845411173,0.037330607010431116,0.4176766314436806,organic
sucrose,Na+Cl-,cation,1.373767375946045,0.005986392498016357,1.3677809700097272,ion
sucrose,Na+Cl-,anion,0.7954671382904053,0.005345433950424194,0.8008125630498457,ion
sucrose,Na+Cl-,H2O,0.02829043226438247,0.01920828927395383,0.009082142990428647,H2O
sucrose,Na+Cl-,organic,0.46306054272240615,0.04778512965057846,0.4152754130718277,organic
sucrose,Na+Cl-,cation,1.3709193468093872,0.005022019147872925,1.365897272373373,ion
sucrose,Na+Cl-,anion,0.7881133556365967,0.010896235704421997,0.7990096287049171,ion
sucrose,Na+Cl-,H2O,0.08688245920793417,0.05240251643370404,0.03447994277423013,H2O
sucrose,Na+Cl-,organic,1.5478868008670457,0.03483362841422277,1.5827204292812684,organic
sucrose,Na+Cl-,cation,1.3530383110046387,0.016421198844909668,1.3694595229553839,ion
sucrose,Na+Cl-,anion,0.6986770629882812,0.03257915377616882,0.731256173198342,ion
sucrose,Na+Cl-,H2O,0.08269910046031721,0.04850618763623726,0.034192912824079956,H2O
sucrose,Na+Cl-,organic,1.602902450515082,0.03179711501679083,1.5711053354982911,organic
sucrose,Na+Cl-,cation,1.3377598524093628,0.029509782791137695,1.367269581491212,ion
sucrose,Na+Cl-,anion,0.6943957209587097,0.03446131944656372,0.7288570461203685,ion
sucrose,Na+Cl-,H2O,0.08348723858877405,0.04953825753692555,0.033948981051848494,H2O
sucrose,Na+Cl-,organic,1.61281456920812,0.051579401896168164,1.5612351673119518,organic
sucrose,Na+Cl-,cation,1.3354159593582153,0.029988467693328857,1.3654044297128185,ion
sucrose,Na+Cl-,anion,0.6932937502861023,0.03359130024909973,0.7268850661944614,ion
sucrose,NH4+SO4--,H2O,0.012604727328810857,0.011835637984553483,0.0007690893442573728,H2O
sucrose,NH4+SO4--,organic,0.33501663759227274,0.014367347281211806,0.32064929031106093,organic
sucrose,NH4+SO4--,cation,0.11127525568008423,0.01241844892501831,0.12369374492691643,ion
sucrose,NH4+SO4--,anion,0.18731486797332764,0.018935680389404297,0.16837922409675143,ion
sucrose,NH4+SO4--,H2O,0.008614292424517025,0.007843320673834465,0.0007709717506825605,H2O
sucrose,NH4+SO4--,organic,0.43675755933222504,0.11498045176514804,0.321777107567077,organic
sucrose,NH4+SO4--,cation,0.11603334546089172,0.007918477058410645,0.12395181813296524,ion
sucrose,NH4+SO4--,anion,0.19295978546142578,0.02293086051940918,0.1700289717895167,ion
sucrose,NH4+SO4--,H2O,7.351484799622337e-05,0.0006991038361626868,0.0007726186841589102,H2O
sucrose,NH4+SO4--,organic,0.36948989554968437,0.04675329842179554,0.3227365971278888,organic
sucrose,NH4+SO4--,cation,0.1128268837928772,0.011328727006912231,0.12415557207512251,ion
sucrose,NH4+SO4--,anion,0.1774306297302246,0.006058692932128906,0.17137191921939232,ion
sucrose,NH4+SO4--,H2O,0.027284198246735898,0.02443999588066266,0.0028442023660732365,H2O
sucrose,NH4+SO4--,organic,1.1072040571149402,0.012391093969540634,1.0948129631453996,organic
sucrose,NH4+SO4--,cation,0.11308807134628296,0.004007399082183838,0.11709543855916327,ion
sucrose,NH4+SO4--,anion,0.10272431373596191,0.05256032943725586,0.15528485254321334,ion
sucrose,NH4+SO4--,H2O,0.02762928192400882,0.02479163879128466,0.002837643132724157,H2O
sucrose,NH4+SO4--,organic,1.2092695840398626,0.112636376237508,1.0966332078023546,organic
sucrose,NH4+SO4--,cation,0.1149337887763977,0.0022301077842712402,0.11716387372056392,ion
sucrose,NH4+SO4--,anion,0.1872570514678955,0.031352996826171875,0.15590401684453425,ion
sucrose,NH4+SO4--,H2O,0.025476625241246068,0.02264340742862709,0.0028332178126189763,H2O
sucrose,NH4+SO4--,organic,1.1436649990555412,0.0453783004479007,1.0982866986076405,organic
sucrose,NH4+SO4--,cation,0.10915201902389526,0.008070528507232666,0.11722255463669773,ion
sucrose,NH4+SO4--,anion,0.20290517807006836,0.04645395278930664,0.15645118604931518,ion
sucrose,NH4+SO4--,H2O,0.012293824602536963,0.009740470860796662,0.0025533537417403,H2O
sucrose,NH4+SO4--,organic,0.2688560390625838,0.048622571957537275,0.3174786110201211,organic
sucrose,NH4+SO4--,cation,0.3732989430427551,0.009061634540557861,0.3823605934072096,ion
sucrose,NH4+SO4--,anion,0.5561504364013672,1.6927719116210938e-05,0.5561673587539624,ion
sucrose,NH4+SO4--,H2O,0.00811842302919488,0.00559011392064397,0.002528309108550911,H2O
sucrose,NH4+SO4--,organic,0.36241433317493676,0.04729903269349922,0.31511530048143754,organic
sucrose,NH4+SO4--,cation,0.376403272151947,0.005779087543487549,0.38218236565714814,ion
sucrose,NH4+SO4--,anion,0.5686424970626831,0.012309432029724121,0.5563330749016941,ion
sucrose,NH4+SO4--,H2O,0.00039522472832412194,0.002903264492430592,0.00250803976410647,H2O
sucrose,NH4+SO4--,organic,0.30133122714901006,0.01188808575676692,0.313219312905777,organic
sucrose,NH4+SO4--,cation,0.3711014986038208,0.010928571224212646,0.38203007456743765,ion
sucrose,NH4+SO4--,anion,0.5521095991134644,0.00442349910736084,0.5565330381537823,ion
sucrose,NH4+SO4--,H2O,0.03886689966566243,0.029351597627297728,0.009515302038364704,H2O
sucrose,NH4+SO4--,organic,1.0479194274236887,0.046234251701132933,1.0941536791248216,organic
sucrose,NH4+SO4--,cation,0.3590393662452698,0.003944098949432373,0.36298346879300514,ion
sucrose,NH4+SO4--,anion,0.49102044105529785,0.021485567092895508,0.5125059373940792,ion
sucrose,NH4+SO4--,H2O,0.03794100848918341,0.028547445170803622,0.009393563318379788,H2O
sucrose,NH4+SO4--,organic,1.1320921839030524,0.048148715133125464,1.083943468769927,organic
sucrose,NH4+SO4--,cation,0.3590494990348816,0.0034676790237426758,0.3625172022888068,ion
sucrose,NH4+SO4--,anion,0.5492780208587646,0.03828907012939453,0.5109889095560969,ion
sucrose,NH4+SO4--,H2O,0.03642764533842494,0.027133347869533406,0.009294297468891537,H2O
sucrose,NH4+SO4--,organic,1.0634521882385775,0.01215334262578427,1.0756055308643617,organic
sucrose,NH4+SO4--,cation,0.3545950651168823,0.007542669773101807,0.3621377297829066,ion
sucrose,NH4+SO4--,anion,0.5562219619750977,0.04637956619262695,0.5098424724535264,ion
sucrose,NH4+SO4--,H2O,0.014037132492253688,0.008402571513156896,0.005634560979096792,H2O
sucrose,NH4+SO4--,organic,0.2594451286775543,0.0318794753103564,0.2913246039879107,organic
sucrose,NH4+SO4--,cation,0.7931661605834961,0.004196465015411377,0.7973626597840673,ion
sucrose,NH4+SO4--,anion,1.2155768871307373,0.03845524787902832,1.254032141065473,ion
sucrose,NH4+SO4--,H2O,0.01033658571356496,0.004798649628116811,0.00553793608544815,H2O
sucrose,NH4+SO4--,organic,0.3246023821359598,0.037330607010431116,0.2872717751255287,organic
sucrose,NH4+SO4--,cation,0.7885395884513855,0.006630122661590576,0.7951697460430673,ion
sucrose,NH4+SO4--,anion,1.226750373840332,0.01847529411315918,1.2452257542063976,ion
sucrose,NH4+SO4--,H2O,0.0022643739029892004,0.003192033502463714,0.005456407405452914,H2O
sucrose,NH4+SO4--,organic,0.33165306461651234,0.04778512965057846,0.2838679349659339,organic
sucrose,NH4+SO4--,cation,0.7823681831359863,0.010957598686218262,0.7933257915056714,ion
sucrose,NH4+SO4--,anion,1.2028919458389282,0.03508877754211426,1.2379807222688755,ion
sucrose,NH4+SO4--,H2O,0.060535430507104845,0.03937169541918094,0.021163735087923904,H2O
sucrose,NH4+SO4--,organic,0.9753496529629242,0.03483362841422277,1.010183281377147,organic
sucrose,NH4+SO4--,cation,0.7542754411697388,0.0076482295989990234,0.7619236390925801,ion
sucrose,NH4+SO4--,anion,1.1585190296173096,0.00029540061950683594,1.158814590166413,ion
sucrose,NH4+SO4--,H2O,0.05510611041499995,0.034339540616585465,0.020766569798414486,H2O
sucrose,NH4+SO4--,organic,1.0261084255715884,0.03179711501679083,0.9943113105547976,organic
sucrose,NH4+SO4--,cation,0.752850353717804,0.006791055202484131,0.7596414195399661,ion
sucrose,NH4+SO4--,anion,1.1955721378326416,0.04651951789855957,1.1490525867730004,ion
sucrose,NH4+SO4--,H2O,0.0541654286886767,0.03373528999164169,0.02043013869703501,H2O
sucrose,NH4+SO4--,organic,1.0324510438084054,0.051579401896168164,0.9808716419122372,organic
sucrose,NH4+SO4--,cation,0.7476160526275635,0.01011204719543457,0.7577280631960244,ion
sucrose,NH4+SO4--,anion,1.1709415912628174,0.029927730560302734,1.1410138565044463,ion
sucrose,Ca2+NO3-,H2O,0.022923233854757707,0.022419967397035806,0.0005032664577219034,H2O
sucrose,Ca2+NO3-,organic,0.2348619042408231,0.014367347281211806,0.2204945569596113,organic
sucrose,Ca2+NO3-,cation,0.22918057441711426,0.026305198669433594,0.2554857837843132,ion
sucrose,Ca2+NO3-,anion,0.054117292165756226,0.00037860870361328125,0.054495882536106044,ion
sucrose,Ca2+NO3-,H2O,0.013192158543519064,0.012687333388964408,0.0005048251545546551,H2O
sucrose,Ca2+NO3-,organic,0.33636316810599176,0.11498045176514804,0.22138271634084372,organic
sucrose,Ca2+NO3-,cation,0.20897972583770752,0.047826528549194336,0.25680630753865064,ion
sucrose,Ca2+NO3-,anion,0.05060955882072449,0.0043084025382995605,0.054917956460890704,ion
sucrose,Ca2+NO3-,H2O,0.00763326754918781,0.007127104171029247,0.0005061633781585627,H2O
sucrose,Ca2+NO3-,organic,0.2688897290790564,0.04675329842179554,0.22213643065726085,organic
sucrose,Ca2+NO3-,cation,0.23151183128356934,0.02634906768798828,0.2578608344278346,ion
sucrose,Ca2+NO3-,anion,0.05728954076766968,0.002029597759246826,0.05525993605755464,ion
sucrose,Ca2+NO3-,H2O,0.0452556526401777,0.04377167475148587,0.001483977888691832,H2O
sucrose,Ca2+NO3-,organic,0.686398606494989,0.012391093969540634,0.6740075125254483,organic
sucrose,Ca2+NO3-,cation,0.15041935443878174,0.0934295654296875,0.2438488341655607,ion
sucrose,Ca2+NO3-,anion,0.038124024868011475,0.007102370262145996,0.031021640495493052,ion
sucrose,Ca2+NO3-,H2O,0.03137285439800831,0.02989193423931366,0.0014809201586946557,H2O
sucrose,Ca2+NO3-,organic,0.7882893997084288,0.112636376237508,0.6756530234709208,organic
sucrose,Ca2+NO3-,cation,0.2056204080581665,0.03883671760559082,0.2444571482270701,ion
sucrose,Ca2+NO3-,anion,0.044739484786987305,0.013506472110748291,0.031233003636565893,ion
sucrose,Ca2+NO3-,H2O,0.02374670499481502,0.02226762916653637,0.0014790758282786508,H2O
sucrose,Ca2+NO3-,organic,0.7224837475466366,0.0453783004479007,0.6771054470987359,organic
sucrose,Ca2+NO3-,cation,0.22067391872406006,0.024295330047607422,0.24496921439051733,ion
sucrose,Ca2+NO3-,anion,0.053026676177978516,0.021612942218780518,0.031413736955989424,ion
sucrose,Ca2+NO3-,H2O,0.023895697635959137,0.02220799347657958,0.001687704159379556,H2O
sucrose,Ca2+NO3-,organic,0.17203182479028634,0.048622571957537275,0.2206543967478236,organic
sucrose,Ca2+NO3-,cation,0.7749917507171631,0.03679370880126953,0.8117854949329131,ion
sucrose,Ca2+NO3-,anion,0.1770375519990921,0.0019319355487823486,0.17510560879401862,ion
sucrose,Ca2+NO3-,H2O,0.013707066228469011,0.012039284056345655,0.0016677821721233557,H2O
sucrose,Ca2+NO3-,organic,0.2660760096771426,0.04729903269349922,0.2187769769836434,organic
sucrose,Ca2+NO3-,cation,0.7551327347755432,0.05633342266082764,0.8114661364850475,ion
sucrose,Ca2+NO3-,anion,0.17269089818000793,0.0024667978286743164,0.1751576971673742,ion
sucrose,Ca2+NO3-,H2O,0.007888081387505748,0.0062364557582852975,0.0016516256292204512,H2O
sucrose,Ca2+NO3-,organic,0.20538268598402354,0.01188808575676692,0.21727077174079046,organic
sucrose,Ca2+NO3-,cation,0.7768840193748474,0.034324049949645996,0.8112080158034589,ion
sucrose,Ca2+NO3-,anion,0.1784127950668335,0.003198772668838501,0.17521402133898792,ion
sucrose,Ca2+NO3-,H2O,0.0510784244147795,0.04599880645975628,0.00507961795502322,H2O
sucrose,Ca2+NO3-,organic,0.6439371460259,0.046234251701132933,0.690171397727033,organic
sucrose,Ca2+NO3-,cation,0.6726557016372681,0.09983706474304199,0.7724928934325148,ion
sucrose,Ca2+NO3-,anion,0.10966846346855164,0.006320059299468994,0.10334839712933341,ion
sucrose,Ca2+NO3-,H2O,0.03853130214602755,0.033547781471134866,0.004983520674892685,H2O
sucrose,Ca2+NO3-,organic,0.7300110151836394,0.048148715133125464,0.681862300050514,organic
sucrose,Ca2+NO3-,cation,0.7323042154312134,0.03872847557067871,0.7710326942806245,ion
sucrose,Ca2+NO3-,anion,0.1172589659690857,0.014208674430847168,0.10305029929400022,ion
sucrose,Ca2+NO3-,H2O,0.03159788626847898,0.026692762950451386,0.0049051233180275955,H2O
sucrose,Ca2+NO3-,organic,0.6629173617697148,0.01215334262578427,0.6750707043954991,organic
sucrose,Ca2+NO3-,cation,0.7536758184432983,0.01619720458984375,0.7698730389356747,ion
sucrose,Ca2+NO3-,anion,0.12520408630371094,0.022376030683517456,0.10282804773607923,ion
sucrose,Ca2+NO3-,H2O,0.027160163426072404,0.023449445301110653,0.0037107181249617506,H2O
sucrose,Ca2+NO3-,organic,0.17181560136616625,0.0318794753103564,0.20369507667652265,organic
sucrose,Ca2+NO3-,cation,1.6871366500854492,0.06072342395782471,1.747860099764115,ion
sucrose,Ca2+NO3-,anion,0.387093186378479,0.005639702081680298,0.38145349431180603,ion
sucrose,Ca2+NO3-,H2O,0.01707015049151737,0.013436647653615304,0.0036335028379020683,H2O
sucrose,Ca2+NO3-,organic,0.23781702412924322,0.037330607010431116,0.2004864171188121,organic
sucrose,Ca2+NO3-,cation,1.6701514720916748,0.06887936592102051,1.739030878225754,ion
sucrose,Ca2+NO3-,anion,0.37951213121414185,0.00026535987854003906,0.3792467576672948,ion
sucrose,Ca2+NO3-,H2O,0.01128027186702799,0.007711965572811045,0.0035683062942169466,H2O
sucrose,Ca2+NO3-,organic,0.24557713989926366,0.04778512965057846,0.1977920102486852,organic
sucrose,Ca2+NO3-,cation,1.680647850036621,0.05101573467254639,1.7316635042945392,ion
sucrose,Ca2+NO3-,anion,0.38279035687446594,0.0053619444370269775,0.37742842570039287,ion
sucrose,Ca2+NO3-,H2O,0.06514610626752407,0.05407263829416894,0.011073467973355122,H2O
sucrose,Ca2+NO3-,organic,0.610444127031804,0.03483362841422277,0.6452777554460267,organic
sucrose,Ca2+NO3-,cation,1.5483639240264893,0.1092824935913086,1.6576464282510543,ion
sucrose,Ca2+NO3-,anion,0.23830920457839966,0.004096388816833496,0.2342127969880523,ion
sucrose,Ca2+NO3-,H2O,0.05209042252324995,0.04133944369768678,0.010750978825563164,H2O
sucrose,Ca2+NO3-,organic,0.664153625098546,0.03179711501679083,0.6323565100817552,organic
sucrose,Ca2+NO3-,cation,1.6097095012664795,0.03854990005493164,1.6482594741279646,ion
sucrose,Ca2+NO3-,anion,0.24637222290039062,0.014582514762878418,0.2317896851438499,ion
sucrose,Ca2+NO3-,H2O,0.046608548531226646,0.03613091418086809,0.010477634350358552,H2O
sucrose,Ca2+NO3-,organic,0.6729883261684364,0.051579401896168164,0.6214089242722682,organic
sucrose,Ca2+NO3-,cation,1.6251888275146484,0.01524806022644043,1.6404369787273352,ion
sucrose,Ca2+NO3-,anion,0.2536556124687195,0.023863881826400757,0.22979175030579801,ion
levoglucosan,Na+Cl-,H2O,0.01894488669313584,0.01728941679276089,0.001655469900374953,H2O
levoglucosan,Na+Cl-,organic,0.2797170654119221,0.011135028711295902,0.290852094123218,organic
levoglucosan,Na+Cl-,cation,0.2283543348312378,0.0012415945529937744,0.22711273404515114,ion
levoglucosan,Na+Cl-,anion,0.12313348054885864,0.0024536550045013428,0.1255871463892394,ion
levoglucosan,Na+Cl-,H2O,0.014038882709001086,0.012375350659550961,0.0016635320494501255,H2O
levoglucosan,Na+Cl-,organic,0.32623591446998507,0.033817621526321506,0.29241829294366356,organic
levoglucosan,Na+Cl-,cation,0.2347131371498108,0.006883829832077026,0.22782930972123028,ion
levoglucosan,Na+Cl-,anion,0.12209133803844452,0.004832476377487183,0.12692382274013014,ion
levoglucosan,Na+Cl-,H2O,0.016632304467169883,0.014961837546139181,0.0016704669210307016,H2O
levoglucosan,Na+Cl-,organic,0.3022056726295665,0.00844953699935276,0.29375613563021374,organic
levoglucosan,Na+Cl-,cation,0.23375169932842255,0.005335599184036255,0.2284161144833926,ion
levoglucosan,Na+Cl-,anion,0.11791323125362396,0.010122120380401611,0.1280353405570473,ion
levoglucosan,Na+Cl-,H2O,0.04175035760085431,0.035080361602825925,0.006669995998028388,H2O
levoglucosan,Na+Cl-,organic,1.1219658531805865,0.012839611502654474,1.134805464683241,organic
levoglucosan,Na+Cl-,cation,0.2246844619512558,0.005993306636810303,0.23067776657908734,ion
levoglucosan,Na+Cl-,anion,0.09184390306472778,0.02318626642227173,0.11503016119683424,ion
levoglucosan,Na+Cl-,H2O,0.039196989584288064,0.032508607533999215,0.0066883820502888465,H2O
levoglucosan,Na+Cl-,organic,1.1726573739664041,0.03285977179343684,1.1397976021729672,organic
levoglucosan,Na+Cl-,cation,0.21782232820987701,0.013337790966033936,0.2311601217091781,ion
levoglucosan,Na+Cl-,anion,0.09276121854782104,0.023201793432235718,0.1159629963737982,ion
levoglucosan,Na+Cl-,H2O,0.039019252634883615,0.03231375372421163,0.0067054989106719864,H2O
levoglucosan,Na+Cl-,organic,1.1531317193573656,0.009002798271103465,1.1441289210862622,organic
levoglucosan,Na+Cl-,cation,0.219154953956604,0.012413889169692993,0.2315688467338311,ion
levoglucosan,Na+Cl-,anion,0.09565454721450806,0.02111002802848816,0.11676456540250402,ion
levoglucosan,Na+Cl-,H2O,0.02129833307511713,0.01615787303786938,0.0051404600372477495,H2O
levoglucosan,Na+Cl-,organic,0.24617728756645518,0.024058301405760596,0.2702355889722158,organic
levoglucosan,Na+Cl-,cation,0.6945491433143616,0.0005354881286621094,0.6940136681161957,ion
levoglucosan,Na+Cl-,anion,0.39040935039520264,0.003856480121612549,0.3942658311435787,ion
levoglucosan,Na+Cl-,H2O,0.017807606449460858,0.01268056701940955,0.005127039430051308,H2O
levoglucosan,Na+Cl-,organic,0.28637743161562207,0.016667185049241584,0.2697102465663805,organic
levoglucosan,Na+Cl-,cation,0.7016372084617615,0.006875395774841309,0.6947618305925718,ion
levoglucosan,Na+Cl-,anion,0.39104264974594116,0.005026072263717651,0.39606873263818665,ion
levoglucosan,Na+Cl-,H2O,0.020951606503593928,0.015834429136585948,0.005117177367007982,H2O
levoglucosan,Na+Cl-,organic,0.26319330416561615,0.006149268898302418,0.2693425730639186,organic
levoglucosan,Na+Cl-,cation,0.6992800235748291,0.003872424364089966,0.6954076128304015,ion
levoglucosan,Na+Cl-,anion,0.3863397240638733,0.011311948299407959,0.3976516747944667,ion
levoglucosan,Na+Cl-,H2O,0.06007228171618625,0.03974126504609659,0.020331016670089658,H2O
levoglucosan,Na+Cl-,organic,1.0190809601185835,0.02237434075215272,1.0414553008707363,organic
levoglucosan,Na+Cl-,cation,0.6908575296401978,0.009719550609588623,0.7005770497504522,ion
levoglucosan,Na+Cl-,anion,0.33234578371047974,0.026160746812820435,0.358506561389662,ion
levoglucosan,Na+Cl-,H2O,0.05845756328868887,0.03820905009859964,0.020248513190089232,H2O
levoglucosan,Na+Cl-,organic,1.056069816190984,0.017338705132408205,1.0387311110585757,organic
levoglucosan,Na+Cl-,cation,0.6815526485443115,0.019345015287399292,0.700897683444349,ion
levoglucosan,Na+Cl-,anion,0.33253857493400574,0.026989758014678955,0.35952834077777723,ion
levoglucosan,Na+Cl-,H2O,0.05753874596454002,0.03735365138684957,0.020185094577690445,H2O
levoglucosan,Na+Cl-,organic,1.0286331193735763,0.008051908802657881,1.036685028176234,organic
levoglucosan,Na+Cl-,cation,0.682125985622406,0.019078940153121948,0.7012049021156126,ion
levoglucosan,Na+Cl-,anion,0.3349720239639282,0.025513917207717896,0.36048593430173703,ion
levoglucosan,Na+Cl-,H2O,0.025950307813209023,0.01546185497133546,0.010488452841873563,H2O
levoglucosan,Na+Cl-,organic,0.19574165000676202,0.0332380017513223,0.22897965175808432,organic
levoglucosan,Na+Cl-,cation,1.423102855682373,0.0009990334510803223,1.4221037193461323,ion
levoglucosan,Na+Cl-,anion,0.8290095925331116,0.005441039800643921,0.8344506446382141,ion
levoglucosan,Na+Cl-,H2O,0.024571317428566546,0.014166737730271994,0.010404579698294551,H2O
levoglucosan,Na+Cl-,organic,0.2551769667140077,0.027827895579927597,0.2273490711340801,organic
levoglucosan,Na+Cl-,cation,1.4268503189086914,0.005986392498016357,1.4208639620272607,ion
levoglucosan,Na+Cl-,anion,0.8284528851509094,0.005345433950424194,0.833798327638254,ion
levoglucosan,Na+Cl-,H2O,0.028674456224650043,0.01834012428069812,0.010334331943951922,H2O
levoglucosan,Na+Cl-,organic,0.2222022674925771,0.003788465698258525,0.22599073319083562,organic
levoglucosan,Na+Cl-,cation,1.424890398979187,0.005022019147872925,1.4198683223853994,ion
levoglucosan,Na+Cl-,anion,0.8225171566009521,0.010896235704421997,0.833413421381306,ion
levoglucosan,Na+Cl-,H2O,0.08896790216062542,0.049323881053635416,0.039644021106989995,H2O
levoglucosan,Na+Cl-,organic,0.8338375239039815,0.026004204727229974,0.8598417286312114,organic
levoglucosan,Na+Cl-,cation,1.4028289318084717,0.016421198844909668,1.4192501377791724,ion
levoglucosan,Na+Cl-,anion,0.715761125087738,0.03257915377616882,0.7483402857161512,ion
levoglucosan,Na+Cl-,H2O,0.08629495507098868,0.047019424234762006,0.039275530836226674,H2O
levoglucosan,Na+Cl-,organic,0.8898921826589613,0.03668637228126248,0.8532058103776988,organic
levoglucosan,Na+Cl-,cation,1.3881468772888184,0.029509782791137695,1.4176566861962638,ion
levoglucosan,Na+Cl-,anion,0.7124322652816772,0.03446131944656372,0.7468936182872916,ion
levoglucosan,Na+Cl-,H2O,0.08705527286707976,0.04809095316481371,0.03896431970226605,H2O
levoglucosan,Na+Cl-,organic,0.8607095522341257,0.013103464945857235,0.8476060872882685,organic
levoglucosan,Na+Cl-,cation,1.3863778114318848,0.029988467693328857,1.4163662895401137,ion
levoglucosan,Na+Cl-,anion,0.7122480869293213,0.03359130024909973,0.745839392508193,ion
levoglucosan,NH4+SO4--,H2O,0.011100077976929187,0.010383848793822006,0.0007162291831071827,H2O
levoglucosan,NH4+SO4--,organic,0.13227198447171046,0.011135028711295902,0.14340701318300636,organic
levoglucosan,NH4+SO4--,cation,0.11112236976623535,0.01241844892501831,0.12354082946967632,ion
levoglucosan,NH4+SO4--,anion,0.15266132354736328,0.018935680389404297,0.13372564175023705,ion
levoglucosan,NH4+SO4--,H2O,0.00800692672628471,0.007278823053958145,0.0007281036723265667,H2O
levoglucosan,NH4+SO4--,organic,0.1796242901134826,0.033817621526321506,0.1458066685871611,organic
levoglucosan,NH4+SO4--,cation,0.116539865732193,0.007918477058410645,0.12445833010657587,ion
levoglucosan,NH4+SO4--,anion,0.16165411472320557,0.02293086051940918,0.1387232517842445,ion
levoglucosan,NH4+SO4--,H2O,0.00047894000879178736,0.00025949373540325865,0.000738433744195046,H2O
levoglucosan,NH4+SO4--,organic,0.15631425299386748,0.00844953699935276,0.14786471599451473,organic
levoglucosan,NH4+SO4--,cation,0.11389109492301941,0.011328727006912231,0.12521979530329913,ion
levoglucosan,NH4+SO4--,anion,0.148956298828125,0.006058692932128906,0.14289765635268603,ion
levoglucosan,NH4+SO4--,H2O,0.025765015532195137,0.023061723900869212,0.0027032916313259256,H2O
levoglucosan,NH4+SO4--,organic,0.4733151334810193,0.012839611502654474,0.4861547449836737,organic
levoglucosan,NH4+SO4--,cation,0.1140449047088623,0.004007399082183838,0.11805230681408563,ion
levoglucosan,NH4+SO4--,anion,0.07280564308166504,0.05256032943725586,0.12536617164995967,ion
levoglucosan,NH4+SO4--,H2O,0.027006941303947773,0.024285888917628947,0.0027210523863188257,H2O
levoglucosan,NH4+SO4--,organic,0.5260471700733922,0.03285977179343684,0.49318739827995534,organic
levoglucosan,NH4+SO4--,cation,0.1163143515586853,0.0022301077842712402,0.11854444224596794,ion
levoglucosan,NH4+SO4--,anion,0.15948963165283203,0.031352996826171875,0.12813642963218763,ion
levoglucosan,NH4+SO4--,H2O,0.025850046527085294,0.023111015363926842,0.0027390311631584514,H2O
levoglucosan,NH4+SO4--,organic,0.5083685564605439,0.009002798271103465,0.4993657581894404,organic
levoglucosan,NH4+SO4--,cation,0.11090469360351562,0.008070528507232666,0.11897519522029565,ion
levoglucosan,NH4+SO4--,anion,0.17702651023864746,0.04645395278930664,0.1305725800554911,ion
levoglucosan,NH4+SO4--,H2O,0.010903508432374202,0.008315502835577929,0.002588005596796273,H2O
levoglucosan,NH4+SO4--,organic,0.1287176224153529,0.024058301405760596,0.1527759238211135,organic
levoglucosan,NH4+SO4--,cation,0.3775356411933899,0.009061634540557861,0.3865972845515382,ion
levoglucosan,NH4+SO4--,anion,0.47559404373168945,1.6927719116210938e-05,0.4756109974068643,ion
levoglucosan,NH4+SO4--,H2O,0.007725944070486405,0.005156810410842634,0.0025691336596437714,H2O
levoglucosan,NH4+SO4--,organic,0.1687543467536421,0.016667185049241584,0.1520871617044005,organic
levoglucosan,NH4+SO4--,cation,0.3819122612476349,0.005779087543487549,0.38769134610858447,ion
levoglucosan,NH4+SO4--,anion,0.49454545974731445,0.012309432029724121,0.482236028498374,ion
levoglucosan,NH4+SO4--,H2O,0.00012487843375825428,0.0024306864249747867,0.002555564858733041,H2O
levoglucosan,NH4+SO4--,organic,0.1454734418169344,0.006149268898302418,0.1516227107152368,organic
levoglucosan,NH4+SO4--,cation,0.377724289894104,0.010928571224212646,0.38865286709163416,ion
levoglucosan,NH4+SO4--,anion,0.483667254447937,0.00442349910736084,0.48809072996601355,ion
levoglucosan,NH4+SO4--,H2O,0.03775002515275053,0.02789558397631035,0.009854441176440175,H2O
levoglucosan,NH4+SO4--,organic,0.5052500457114288,0.02237434075215272,0.5276243864635816,organic
levoglucosan,NH4+SO4--,cation,0.36583876609802246,0.003944098949432373,0.36978282651185956,ion
levoglucosan,NH4+SO4--,anion,0.4207637310028076,0.021485567092895508,0.44224921442186904,ion
levoglucosan,NH4+SO4--,H2O,0.037752584526258466,0.028025673333483905,0.00972691119277456,H2O
levoglucosan,NH4+SO4--,organic,0.5413721344513331,0.017338705132408205,0.524033429318925,organic
levoglucosan,NH4+SO4--,cation,0.3666273355484009,0.0034676790237426758,0.370095062527103,ion
levoglucosan,NH4+SO4--,anion,0.482973575592041,0.03828907012939453,0.44468458399028377,ion
levoglucosan,NH4+SO4--,H2O,0.03726408751267,0.027635379851622288,0.00962870766104771,H2O
levoglucosan,NH4+SO4--,organic,0.5133346425269198,0.008051908802657881,0.5213865513295777,organic
levoglucosan,NH4+SO4--,cation,0.3628830313682556,0.007542669773101807,0.37042570725730606,ion
levoglucosan,NH4+SO4--,anion,0.49352288246154785,0.04637956619262695,0.44714335747100664,ion
levoglucosan,NH4+SO4--,H2O,0.011901432081775309,0.005669224100980998,0.00623220798079431,H2O
levoglucosan,NH4+SO4--,organic,0.11794426571754868,0.0332380017513223,0.15118226746887098,organic
levoglucosan,NH4+SO4--,cation,0.814024806022644,0.004196465015411377,0.8182212491652321,ion
levoglucosan,NH4+SO4--,anion,1.116013526916504,0.03845524787902832,1.1544688183801612,ion
levoglucosan,NH4+SO4--,H2O,0.009791065018709407,0.0036788378495762365,0.006112227169133171,H2O
levoglucosan,NH4+SO4--,organic,0.17667736675903134,0.027827895579927597,0.14884947117910374,organic
levoglucosan,NH4+SO4--,cation,0.8105401992797852,0.006630122661590576,0.8171703290210669,ion
levoglucosan,NH4+SO4--,anion,1.1329848766326904,0.01847529411315918,1.151460245166555,ion
levoglucosan,NH4+SO4--,H2O,0.0019518780495844552,0.004060198495719418,0.006012076545303873,H2O
levoglucosan,NH4+SO4--,organic,0.1431225586039533,0.003788465698258525,0.1469110243022118,organic
levoglucosan,NH4+SO4--,cation,0.8054242730140686,0.010957598686218262,0.8163818866004571,ion
levoglucosan,NH4+SO4--,anion,1.1144851446151733,0.03508877754211426,1.149573967052716,ion
levoglucosan,NH4+SO4--,H2O,0.06032986287588055,0.03629306003911231,0.024036802836768234,H2O
levoglucosan,NH4+SO4--,organic,0.5043310729463835,0.026004204727229974,0.5303352776736134,organic
levoglucosan,NH4+SO4--,cation,0.7786865830421448,0.0076482295989990234,0.7863348279149371,ion
levoglucosan,NH4+SO4--,anion,1.0715317726135254,0.00029540061950683594,1.071827284617929,ion
levoglucosan,NH4+SO4--,H2O,0.0563666481813594,0.032852777215110214,0.023513870966249184,H2O
levoglucosan,NH4+SO4--,organic,0.5579260162451773,0.03668637228126248,0.5212396439639149,organic
levoglucosan,NH4+SO4--,cation,0.7778122425079346,0.006791055202484131,0.7846033376511887,ion
levoglucosan,NH4+SO4--,anion,1.1113808155059814,0.04651951789855957,1.0648612914602955,ion
levoglucosan,NH4+SO4--,H2O,0.05536080701254516,0.03228798561952985,0.023072821393015305,H2O
levoglucosan,NH4+SO4--,organic,0.5266881998352717,0.013103464945857235,0.5135847348894145,organic
levoglucosan,NH4+SO4--,cation,0.7731279730796814,0.01011204719543457,0.7832399825059431,ion
levoglucosan,NH4+SO4--,anion,1.0895426273345947,0.029927730560302734,1.0596148749697365,ion
levoglucosan,Ca2+NO3-,H2O,0.02146132986720823,0.020968178206304325,0.0004931516609039054,H2O
levoglucosan,Ca2+NO3-,organic,0.09326060423562307,0.011135028711295902,0.10439563294691898,organic
levoglucosan,Ca2+NO3-,cation,0.20494496822357178,0.026305198669433594,0.23125024943478611,ion
levoglucosan,Ca2+NO3-,anion,0.05598193407058716,0.00037860870361328125,0.05636051989317992,ion
levoglucosan,Ca2+NO3-,H2O,0.012625647065242555,0.012122835769088089,0.0005028112961544665,H2O
levoglucosan,Ca2+NO3-,organic,0.14011037493616652,0.033817621526321506,0.10629275340984501,organic
levoglucosan,Ca2+NO3-,cation,0.1877208948135376,0.047826528549194336,0.2355475251201804,ion
levoglucosan,Ca2+NO3-,anion,0.053323447704315186,0.0043084025382995605,0.05763184363358953,ion
levoglucosan,Ca2+NO3-,H2O,0.008077879178782181,0.007566714271788675,0.0005111649069935063,H2O
levoglucosan,Ca2+NO3-,organic,0.11636712407081633,0.00844953699935276,0.10791758707146357,organic
levoglucosan,Ca2+NO3-,cation,0.21276402473449707,0.02634906768798828,0.23911299783367812,ion
levoglucosan,Ca2+NO3-,anion,0.06071978807449341,0.002029597759246826,0.05869018130366066,ion
levoglucosan,Ca2+NO3-,H2O,0.04384292026125519,0.04239340277169242,0.0014495174895627688,H2O
levoglucosan,Ca2+NO3-,organic,0.300192417195143,0.012839611502654474,0.31303202869779745,organic
levoglucosan,Ca2+NO3-,cation,0.1288447380065918,0.0934295654296875,0.22227421998353192,ion
levoglucosan,Ca2+NO3-,anion,0.03890305757522583,0.007102370262145996,0.031800709141123096,ion
levoglucosan,Ca2+NO3-,H2O,0.030855109421675672,0.029386184365657944,0.0014689250560177272,H2O
levoglucosan,Ca2+NO3-,organic,0.35177804049159284,0.03285977179343684,0.318918268698156,organic
levoglucosan,Ca2+NO3-,cation,0.18616628646850586,0.03883671760559082,0.22500305797030484,ion
levoglucosan,Ca2+NO3-,anion,0.04612353444099426,0.013506472110748291,0.0326170452844034,ion
levoglucosan,Ca2+NO3-,H2O,0.024222668358749724,0.022735237101836114,0.0014874312569136076,H2O
levoglucosan,Ca2+NO3-,organic,0.3330570748401019,0.009002798271103465,0.32405427656899843,organic
levoglucosan,Ca2+NO3-,cation,0.2030630111694336,0.024295330047607422,0.22735829922286888,ion
levoglucosan,Ca2+NO3-,anion,0.05493655800819397,0.021612942218780518,0.03332362561454555,ion
levoglucosan,Ca2+NO3-,H2O,0.02259777008307603,0.020783025451360848,0.0018147446317151837,H2O
levoglucosan,Ca2+NO3-,organic,0.08861975449574488,0.024058301405760596,0.11267805590150548,organic
levoglucosan,Ca2+NO3-,cation,0.724132239818573,0.03679370880126953,0.7609260286154594,ion
levoglucosan,Ca2+NO3-,anion,0.18836981058120728,0.0019319355487823486,0.18643786944076454,ion
levoglucosan,Ca2+NO3-,H2O,0.013406062786164213,0.011605980546544319,0.0018000822396198948,H2O
levoglucosan,Ca2+NO3-,organic,0.12879463878709085,0.016667185049241584,0.11212745373784927,organic
levoglucosan,Ca2+NO3-,cation,0.7100163102149963,0.05633342266082764,0.7663497103848589,ion
levoglucosan,Ca2+NO3-,anion,0.18566161394119263,0.0024667978286743164,0.18812841340551636,ion
levoglucosan,Ca2+NO3-,H2O,0.008498562741832753,0.006709033825741102,0.0017895289160916508,H2O
levoglucosan,Ca2+NO3-,organic,0.10560590717302223,0.006149268898302418,0.11175517607132465,organic
levoglucosan,Ca2+NO3-,cation,0.7367829084396362,0.034324049949645996,0.7711069088001512,ion
levoglucosan,Ca2+NO3-,anion,0.19281435012817383,0.003198772668838501,0.1896155786135932,ion
levoglucosan,Ca2+NO3-,H2O,0.05016438970490441,0.04454279280876891,0.005621596896135501,H2O
levoglucosan,Ca2+NO3-,organic,0.3314802811381734,0.02237434075215272,0.3538546218903261,organic
levoglucosan,Ca2+NO3-,cation,0.6274198293685913,0.09983706474304199,0.7272569337331769,ion
levoglucosan,Ca2+NO3-,anion,0.11703461408615112,0.006320059299468994,0.11071454780324363,ion
levoglucosan,Ca2+NO3-,H2O,0.038551667632582706,0.03302600963381515,0.005525657998767561,H2O
levoglucosan,Ca2+NO3-,organic,0.36827513664595946,0.017338705132408205,0.35093643151355125,organic
levoglucosan,Ca2+NO3-,cation,0.6909953355789185,0.03872847557067871,0.729723726508636,ion
levoglucosan,Ca2+NO3-,anion,0.12574544548988342,0.014208674430847168,0.11153679766483082,ion
levoglucosan,Ca2+NO3-,H2O,0.03264702371308167,0.02719479493254027,0.005452228780541398,H2O
levoglucosan,Ca2+NO3-,organic,0.3407301762372026,0.008051908802657881,0.3487820850398604,organic
levoglucosan,Ca2+NO3-,cation,0.715908408164978,0.01619720458984375,0.7321056179288032,ion
levoglucosan,Ca2+NO3-,anion,0.1347009539604187,0.022376030683517456,0.11232492856636966,ion
levoglucosan,Ca2+NO3-,H2O,0.025113463770716254,0.020716097888934755,0.004397365881781499,H2O
levoglucosan,Ca2+NO3-,organic,0.07929568380587027,0.0332380017513223,0.11253368555719256,organic
levoglucosan,Ca2+NO3-,cation,1.643512487411499,0.06072342395782471,1.704235877534165,ion
levoglucosan,Ca2+NO3-,anion,0.42468783259391785,0.005639702081680298,0.4190481324287089,ion
levoglucosan,Ca2+NO3-,H2O,0.01661899814452935,0.012316835875074733,0.004302162269454617,H2O
levoglucosan,Ca2+NO3-,organic,0.13851412908352667,0.027827895579927597,0.11068623350359907,organic
levoglucosan,Ca2+NO3-,cation,1.6317087411880493,0.06887936592102051,1.7005881949109964,ion
levoglucosan,Ca2+NO3-,anion,0.41858503222465515,0.00026535987854003906,0.4183196583570614,ion
levoglucosan,Ca2+NO3-,H2O,0.011066458679344186,0.006843800579555338,0.004222658099788848,H2O
levoglucosan,Ca2+NO3-,organic,0.10536297403901207,0.003788465698258525,0.1091514397372706,organic
levoglucosan,Ca2+NO3-,cation,1.6469789743423462,0.05101573467254639,1.6979947219111762,ion
levoglucosan,Ca2+NO3-,anion,0.4232252240180969,0.0053619444370269775,0.4178632922441161,ion
levoglucosan,Ca2+NO3-,H2O,0.06500507577261369,0.050994002914100306,0.014011072858513388,H2O
levoglucosan,Ca2+NO3-,organic,0.3393460221974387,0.026004204727229974,0.3653502269246687,organic
levoglucosan,Ca2+NO3-,cation,1.511548399925232,0.1092824935913086,1.6208309556392366,ion
levoglucosan,Ca2+NO3-,anion,0.2665790319442749,0.004096388816833496,0.2624826341537825,ion
levoglucosan,Ca2+NO3-,H2O,0.053444283303587,0.03985268029621153,0.013591603007375466,H2O
levoglucosan,Ca2+NO3-,organic,0.3946181828274964,0.03668637228126248,0.3579318105462339,organic
levoglucosan,Ca2+NO3-,cation,1.5758378505706787,0.03854990005493164,1.6143878371127274,ion
levoglucosan,Ca2+NO3-,anion,0.2754819095134735,0.014582514762878418,0.26089938128860446,ion
levoglucosan,Ca2+NO3-,H2O,0.047921555378745345,0.034683609808756254,0.013237945569989092,H2O
levoglucosan,Ca2+NO3-,organic,0.36479074043188187,0.013103464945857235,0.35168727548602463,organic
levoglucosan,Ca2+NO3-,cation,1.5941861867904663,0.01524806022644043,1.6094343243405325,ion
levoglucosan,Ca2+NO3-,anion,0.2835838198661804,0.023863881826400757,0.2597199503180765,ion
ethanol,Na+Cl-,H2O,0.02133625112218254,0.01932493265835836,0.002011318463824179,H2O
ethanol,Na+Cl-,organic,0.15935252827868462,0.05785825789112231,0.10149427038756231,organic
ethanol,Na+Cl-,cation,0.24845848977565765,0.0012415945529937744,0.24721689334731317,ion
ethanol,Na+Cl-,anion,0.13348335027694702,0.0024536550045013428,0.1359370027538218,ion
ethanol,Na+Cl-,H2O,0.018061989727195568,0.01604948560947145,0.002012504117724117,H2O
ethanol,Na+Cl-,organic,0.14084280203507582,0.03927710682601693,0.10156569520905889,organic
ethanol,Na+Cl-,cation,0.25411540269851685,0.006883829832077026,0.24723158521423166,ion
ethanol,Na+Cl-,anion,0.13132044672966003,0.004832476377487183,0.13615292915137556,ion
ethanol,Na+Cl-,H2O,0.021763447151977706,0.01974989283861559,0.002013554313362113,H2O
ethanol,Na+Cl-,organic,0.11615449285449753,0.01452434694220539,0.10163014591229214,organic
ethanol,Na+Cl-,cation,0.2525775730609894,0.005335599184036255,0.24724199053047385,ion
ethanol,Na+Cl-,anion,0.12622195482254028,0.010122120380401611,0.1363440672078718,ion
ethanol,Na+Cl-,H2O,0.045088809562279404,0.03710852433862056,0.007980285223658845,H2O
ethanol,Na+Cl-,organic,0.4495786367060539,0.05933205162421884,0.3902465850818351,organic
ethanol,Na+Cl-,cation,0.24285541474819183,0.005993306636810303,0.24884871719826218,ion
ethanol,Na+Cl-,anion,0.09561732411384583,0.02318626642227173,0.11880358585359846,ion
ethanol,Na+Cl-,H2O,0.044201231808038,0.03621399503781446,0.007987236770223541,H2O
ethanol,Na+Cl-,organic,0.4307497189779659,0.0402205935841633,0.3905291253938026,organic
ethanol,Na+Cl-,cation,0.23556464910507202,0.013337790966033936,0.2489024405290977,ion
ethanol,Na+Cl-,anion,0.09585019946098328,0.023201793432235718,0.11905199283497736,ion
ethanol,Na+Cl-,H2O,0.04519042275694013,0.03719704596596372,0.00799337679097641,H2O
ethanol,Na+Cl-,organic,0.40671316229843235,0.015933504774323426,0.3907796575241089,organic
ethanol,Na+Cl-,cation,0.23653291165828705,0.012413889169692993,0.2489467995598642,ion
ethanol,Na+Cl-,anion,0.0981617271900177,0.02111002802848816,0.11927175164763859,ion
ethanol,Na+Cl-,H2O,0.022955248355283328,0.016916362031315968,0.00603888632396736,H2O
ethanol,Na+Cl-,organic,0.13167515797549967,0.04033141950290786,0.0913437384725918,organic
ethanol,Na+Cl-,cation,0.7445290088653564,0.0005354881286621094,0.7439935592046882,ion
ethanol,Na+Cl-,anion,0.4086489975452423,0.003856480121612549,0.41250547403763865,ion
ethanol,Na+Cl-,H2O,0.02153709474196193,0.015497695636898318,0.006039399105063613,H2O
ethanol,Na+Cl-,organic,0.11651855990419457,0.025153447033405607,0.09136511287078897,organic
ethanol,Na+Cl-,cation,0.7508082985877991,0.006875395774841309,0.7439329081092609,ion
ethanol,Na+Cl-,anion,0.40799081325531006,0.005026072263717651,0.4130168828933993,ion
ethanol,Na+Cl-,H2O,0.02637683322937335,0.020336778627297738,0.00604005460207561,H2O
ethanol,Na+Cl-,organic,0.09594370829401722,0.004555534131413186,0.09138817416260403,organic
ethanol,Na+Cl-,cation,0.7477494478225708,0.003872424364089966,0.7438769877858151,ion
ethanol,Na+Cl-,anion,0.402167409658432,0.011311948299407959,0.4134793645082878,ion
ethanol,Na+Cl-,H2O,0.06413277101185041,0.04050897940441987,0.02362379160743055,H2O
ethanol,Na+Cl-,organic,0.3894702674374161,0.04199079249843096,0.3474794749389851,organic
ethanol,Na+Cl-,cation,0.7357752323150635,0.009719550609588623,0.7454947501334649,ion
ethanol,Na+Cl-,anion,0.3323093056678772,0.026160746812820435,0.3584700474427197,ion
ethanol,Na+Cl-,H2O,0.06465942500404659,0.04102704106085414,0.02363238394319244,H2O
ethanol,Na+Cl-,organic,0.3750481204038919,0.027495971821204113,0.3475521485826878,organic
ethanol,Na+Cl-,cation,0.726218044757843,0.019345015287399292,0.7455630473089122,ion
ethanol,Na+Cl-,anion,0.33209913969039917,0.026989758014678955,0.35908890239008495,ion
ethanol,Na+Cl-,H2O,0.0655233527486621,0.041882518165414266,0.023640834583247828,H2O
ethanol,Na+Cl-,organic,0.3546801831800458,0.007051092778829093,0.3476290904012167,organic
ethanol,Na+Cl-,cation,0.726540744304657,0.019078940153121948,0.7456196811393501,ion
ethanol,Na+Cl-,anion,0.33413246273994446,0.025513917207717896,0.3596463685069198,ion
ethanol,Na+Cl-,H2O,0.02621021958811504,0.014181063965628987,0.012029155622486052,H2O
ethanol,Na+Cl-,organic,0.11836032141640473,0.042594640119590355,0.07576568129681438,organic
ethanol,Na+Cl-,cation,1.4956183433532715,0.0009990334510803223,1.4946193660246698,ion
ethanol,Na+Cl-,anion,0.8331232070922852,0.005441039800643921,0.8385642339477313,ion
ethanol,Na+Cl-,H2O,0.027018336637372728,0.014996395142326154,0.012021941495046574,H2O
ethanol,Na+Cl-,organic,0.11367849400746444,0.037942323985014736,0.0757361700224497,organic
ethanol,Na+Cl-,cation,1.5001800060272217,0.005986392498016357,1.4941935791801784,ion
ethanol,Na+Cl-,anion,0.8338662385940552,0.005345433950424194,0.8392116439955712,ion
ethanol,Na+Cl-,H2O,0.03306053536166499,0.021043933824021803,0.012016601537643189,H2O
ethanol,Na+Cl-,organic,0.09957093049345334,0.0238533789840214,0.07571755150943194,organic
ethanol,Na+Cl-,cation,1.4988511800765991,0.005022019147872925,1.4938291413547242,ion
ethanol,Na+Cl-,anion,0.828938364982605,0.010896235704421997,0.839834624509983,ion
ethanol,Na+Cl-,H2O,0.09290652355010073,0.04756535190164126,0.04534117164845947,H2O
ethanol,Na+Cl-,organic,0.3266181227370296,0.044937533769234705,0.2816805889677949,organic
ethanol,Na+Cl-,cation,1.4663277864456177,0.016421198844909668,1.4827489600348285,ion
ethanol,Na+Cl-,anion,0.6859652996063232,0.03257915377616882,0.7185444541293691,ion
ethanol,Na+Cl-,H2O,0.09317292379141764,0.047844810845812456,0.04532811294560519,H2O
ethanol,Na+Cl-,organic,0.32228972600459715,0.04074025427039685,0.2815494717342003,organic
ethanol,Na+Cl-,cation,1.4531199932098389,0.029509782791137695,1.4826298036372485,ion
ethanol,Na+Cl-,anion,0.6849905848503113,0.03446131944656372,0.7194519032061149,ion
ethanol,Na+Cl-,H2O,0.09597909825154877,0.05065793470242271,0.04532116354912606,H2O
ethanol,Na+Cl-,organic,0.30429316930025907,0.022833178913176266,0.2814599903870828,organic
ethanol,Na+Cl-,cation,1.452546238899231,0.029988467693328857,1.4825346390425116,ion
ethanol,Na+Cl-,anion,0.6867148876190186,0.03359130024909973,0.7203061931379822,ion
ethanol,NH4+SO4--,H2O,0.013241864423400272,0.012419364659419473,0.0008224997639807996,H2O
ethanol,NH4+SO4--,organic,0.10602961775520747,0.05785825789112231,0.04817135986408516,organic
ethanol,NH4+SO4--,cation,0.11672991514205933,0.01241844892501831,0.12914837938258378,ion
ethanol,NH4+SO4--,anion,0.14816176891326904,0.018935680389404297,0.12922612839703151,ion
ethanol,NH4+SO4--,H2O,0.011778045308912596,0.010952958003878632,0.0008250873050339633,H2O
ethanol,NH4+SO4--,organic,0.08758644511419611,0.03927710682601693,0.04830933828817918,organic
ethanol,NH4+SO4--,cation,0.12133249640464783,0.007918477058410645,0.12925096207092496,ion
ethanol,NH4+SO4--,anion,0.15301728248596191,0.02293086051940918,0.13008646269220425,ion
ethanol,NH4+SO4--,H2O,0.005355951559510449,0.004528561557073153,0.0008273900024372959,H2O
ethanol,NH4+SO4--,organic,0.0629578346959121,0.01452434694220539,0.048433487753706705,organic
ethanol,NH4+SO4--,cation,0.11801126599311829,0.011328727006912231,0.12933995512806917,ion
ethanol,NH4+SO4--,anion,0.13690543174743652,0.006058692932128906,0.13084677793662913,ion
ethanol,NH4+SO4--,H2O,0.027907331787513333,0.025089886636663845,0.0028174451508494874,H2O
ethanol,NH4+SO4--,organic,0.21422048638621627,0.05933205162421884,0.15488843476199743,organic
ethanol,NH4+SO4--,cation,0.11527085304260254,0.004007399082183838,0.11927825562384542,ion
ethanol,NH4+SO4--,anion,0.04586982727050781,0.05256032943725586,0.09843030440283762,ion
ethanol,NH4+SO4--,H2O,0.03082152911676004,0.027991276421444188,0.0028302526953158536,H2O
ethanol,NH4+SO4--,organic,0.19567426768860918,0.0402205935841633,0.15545367410444588,organic
ethanol,NH4+SO4--,cation,0.11718142032623291,0.0022301077842712402,0.1194115423745381,ion
ethanol,NH4+SO4--,anion,0.13073182106018066,0.031352996826171875,0.09937871523441011,ion
ethanol,NH4+SO4--,H2O,0.03083599899487131,0.027994307605678934,0.0028416913891923766,H2O
ethanol,NH4+SO4--,organic,0.17189150752509774,0.015933504774323426,0.15595800275077432,organic
ethanol,NH4+SO4--,cation,0.11145764589309692,0.008070528507232666,0.11952815960070584,ion
ethanol,NH4+SO4--,anion,0.14667391777038574,0.04645395278930664,0.10022002262859431,ion
ethanol,NH4+SO4--,H2O,0.011655928902724799,0.009073991829024517,0.0025819370737002814,H2O
ethanol,NH4+SO4--,organic,0.08583196089372946,0.04033141950290786,0.0455005413908216,organic
ethanol,NH4+SO4--,cation,0.3837675452232361,0.009061634540557861,0.39282920537094956,ion
ethanol,NH4+SO4--,anion,0.4082345962524414,1.6927719116210938e-05,0.4082514955119376,ion
ethanol,NH4+SO4--,H2O,0.010559399938417,0.0079739390283314,0.0025854609100855984,H2O
ethanol,NH4+SO4--,organic,0.07071683254956485,0.025153447033405607,0.04556338551615924,organic
ethanol,NH4+SO4--,cation,0.38724350929260254,0.005779087543487549,0.3930226167531853,ion
ethanol,NH4+SO4--,anion,0.4226135015487671,0.012309432029724121,0.4103039949467169,ion
ethanol,NH4+SO4--,H2O,0.004660583461091739,0.002071663065737004,0.002588920395354735,H2O
ethanol,NH4+SO4--,organic,0.050180931290620956,0.004555534131413186,0.04562539715920777,organic
ethanol,NH4+SO4--,cation,0.3822669982910156,0.010928571224212646,0.3931956129163622,ion
ethanol,NH4+SO4--,anion,0.4077320098876953,0.00442349910736084,0.41215541655961774,ion
ethanol,NH4+SO4--,H2O,0.03768161539018247,0.02866329833463363,0.009018317055548845,H2O
ethanol,NH4+SO4--,organic,0.19001171127569727,0.04199079249843096,0.1480209187772663,organic
ethanol,NH4+SO4--,cation,0.36083143949508667,0.003944098949432373,0.36477549917694296,ion
ethanol,NH4+SO4--,anion,0.2957596778869629,0.021485567092895508,0.31724527558138504,ion
ethanol,NH4+SO4--,H2O,0.03988366987532579,0.03084366429573841,0.009040005579587378,H2O
ethanol,NH4+SO4--,organic,0.17577658848953504,0.027495971821204113,0.14828061666833092,organic
ethanol,NH4+SO4--,cation,0.3616071939468384,0.0034676790237426758,0.3650749156060269,ion
ethanol,NH4+SO4--,anion,0.35790467262268066,0.03828907012939453,0.3196155610969895,ion
ethanol,NH4+SO4--,H2O,0.04122505973790404,0.032164246630186986,0.009060813107717048,H2O
ethanol,NH4+SO4--,organic,0.15558324898966946,0.007051092778829093,0.14853215621084037,organic
ethanol,NH4+SO4--,cation,0.3578002452850342,0.007542669773101807,0.3653429567472797,ion
ethanol,NH4+SO4--,anion,0.368135929107666,0.04637956619262695,0.3217565009722727,ion
ethanol,NH4+SO4--,H2O,0.00990059870367857,0.0043884330952745215,0.005512165608404049,H2O
ethanol,NH4+SO4--,organic,0.08335508135732828,0.042594640119590355,0.04076044123773792,organic
ethanol,NH4+SO4--,cation,0.799055278301239,0.004196465015411377,0.8032517396548166,ion
ethanol,NH4+SO4--,anion,0.8418021202087402,0.03845524787902832,0.8802574149229268,ion
ethanol,NH4+SO4--,H2O,0.010016696639148462,0.004508495261630399,0.005508201377518063,H2O
ethanol,NH4+SO4--,organic,0.07868925481372446,0.037942323985014736,0.040746930828709726,organic
ethanol,NH4+SO4--,cation,0.796687126159668,0.006630122661590576,0.8033172908081729,ion
ethanol,NH4+SO4--,anion,0.8644417524337769,0.01847529411315918,0.88291708060443,ion
ethanol,NH4+SO4--,H2O,0.004149967935680975,0.0013563889523957387,0.005506356888076713,H2O
ethanol,NH4+SO4--,organic,0.06459978499875085,0.0238533789840214,0.04074640601472945,organic
ethanol,NH4+SO4--,cation,0.7924435138702393,0.010957598686218262,0.8034011533434708,ion
ethanol,NH4+SO4--,anion,0.8503706455230713,0.03508877754211426,0.8854594276513537,ion
ethanol,NH4+SO4--,H2O,0.05430091464781902,0.03453453088711816,0.019766383760700862,H2O
ethanol,NH4+SO4--,organic,0.1793161891439805,0.044937533769234705,0.1343786553747458,organic
ethanol,NH4+SO4--,cation,0.7450591325759888,0.0076482295989990234,0.7527073308396679,ion
ethanol,NH4+SO4--,anion,0.7014005184173584,0.00029540061950683594,0.7016960795296838,ion
ethanol,NH4+SO4--,H2O,0.05344828287796161,0.033678163826160665,0.019770119051800948,H2O
ethanol,NH4+SO4--,organic,0.17508254965531223,0.04074025427039685,0.13434229538491538,organic
ethanol,NH4+SO4--,cation,0.7462455034255981,0.006791055202484131,0.7530365968027222,ion
ethanol,NH4+SO4--,anion,0.7517118453979492,0.04651951789855957,0.7051923872158179,ion
ethanol,NH4+SO4--,H2O,0.05463595621755856,0.03485496715713886,0.019780989060419703,H2O
ethanol,NH4+SO4--,organic,0.15718536197079824,0.022833178913176266,0.13435218305762198,organic
ethanol,NH4+SO4--,cation,0.7432444095611572,0.01011204719543457,0.7533564134780077,ion
ethanol,NH4+SO4--,anion,0.7384190559387207,0.029927730560302734,0.7084913045833403,ion
ethanol,Ca2+NO3-,H2O,0.023594916536735053,0.023003694071901795,0.000591222464833258,H2O
ethanol,Ca2+NO3-,organic,0.09263818710695249,0.05785825789112231,0.034779929215830174,organic
ethanol,Ca2+NO3-,cation,0.21995770931243896,0.026305198669433594,0.24626302178729098,ion
ethanol,Ca2+NO3-,anion,0.05475834012031555,0.00037860870361328125,0.0551369321226543,ion
ethanol,Ca2+NO3-,H2O,0.01639004876266611,0.01579697071900858,0.000593078043657533,H2O
ethanol,Ca2+NO3-,organic,0.07416102030919203,0.03927710682601693,0.0348839134831751,organic
ethanol,Ca2+NO3-,cation,0.1989912986755371,0.047826528549194336,0.24681787387448706,ion
ethanol,Ca2+NO3-,anion,0.051032185554504395,0.0043084025382995605,0.055340564424754546,ion
ethanol,Ca2+NO3-,H2O,0.012949499983349794,0.012354769564265088,0.0005947304190847072,H2O
ethanol,Ca2+NO3-,organic,0.049502017268181264,0.01452434694220539,0.034977670325975874,organic
ethanol,Ca2+NO3-,cation,0.2209557294845581,0.02634906768798828,0.24730479500133407,ion
ethanol,Ca2+NO3-,anion,0.05755022168159485,0.002029597759246826,0.055520609436281176,ion
ethanol,Ca2+NO3-,H2O,0.04618494238912645,0.044421565507487056,0.0017633768816393992,H2O
ethanol,Ca2+NO3-,organic,0.16630761310948294,0.05933205162421884,0.1069755614852641,organic
ethanol,Ca2+NO3-,cation,0.12990951538085938,0.0934295654296875,0.2233389536147441,ion
ethanol,Ca2+NO3-,anion,0.03801625967025757,0.007102370262145996,0.030913912131064536,ion
ethanol,Ca2+NO3-,H2O,0.03486455209648811,0.03309157186947319,0.0017729802270149229,H2O
ethanol,Ca2+NO3-,organic,0.14760992987782995,0.0402205935841633,0.10738933629366665,organic
ethanol,Ca2+NO3-,cation,0.18518078327178955,0.03883671760559082,0.22401755957609115,ion
ethanol,Ca2+NO3-,anion,0.044651806354522705,0.013506472110748291,0.031145329137679423,ion
ethanol,Ca2+NO3-,H2O,0.02940005422262652,0.02761852934358821,0.0017815248790383096,H2O
ethanol,Ca2+NO3-,organic,0.1236916873894589,0.015933504774323426,0.10775818261513548,organic
ethanol,Ca2+NO3-,cation,0.2003183364868164,0.024295330047607422,0.22461371502871907,ion
ethanol,Ca2+NO3-,anion,0.05296298861503601,0.021612942218780518,0.031350052636663295,ion
ethanol,Ca2+NO3-,H2O,0.023376524617554906,0.021541514444807435,0.0018350101727474723,H2O
ethanol,Ca2+NO3-,organic,0.07296431989340146,0.04033141950290786,0.0326329003904936,organic
ethanol,Ca2+NO3-,cation,0.7161241173744202,0.03679370880126953,0.7529178639950249,ion
ethanol,Ca2+NO3-,anion,0.17214342951774597,0.0019319355487823486,0.1702114850329609,ion
ethanol,Ca2+NO3-,H2O,0.01626027294763241,0.014423109164033086,0.0018371637835993219,H2O
ethanol,Ca2+NO3-,organic,0.057831414655621804,0.025153447033405607,0.0326779676222162,organic
ethanol,Ca2+NO3-,cation,0.6977555155754089,0.05633342266082764,0.7540888809622354,ion
ethanol,Ca2+NO3-,anion,0.16822198033332825,0.0024667978286743164,0.17068876874532346,ion
ethanol,Ca2+NO3-,H2O,0.013050721254885425,0.011211383316452894,0.0018393379384325313,H2O
ethanol,Ca2+NO3-,organic,0.0372785354561892,0.004555534131413186,0.03272300132477601,organic
ethanol,Ca2+NO3-,cation,0.7208212614059448,0.034324049949645996,0.7551452536667628,ion
ethanol,Ca2+NO3-,anion,0.17431889474391937,0.003198772668838501,0.17112011014768214,ion
ethanol,Ca2+NO3-,H2O,0.05081756393897056,0.04531050716709219,0.00550705677187837,H2O
ethanol,Ca2+NO3-,organic,0.14332196527484387,0.04199079249843096,0.1013311727764129,organic
ethanol,Ca2+NO3-,cation,0.5833960771560669,0.09983706474304199,0.683233251689215,ion
ethanol,Ca2+NO3-,anion,0.10365504026412964,0.006320059299468994,0.09733497430257765,ion
ethanol,Ca2+NO3-,H2O,0.04136614590470583,0.03584400059606965,0.005522145308636178,H2O
ethanol,Ca2+NO3-,organic,0.12899654872287347,0.027495971821204113,0.10150057690166936,organic
ethanol,Ca2+NO3-,cation,0.6460940837860107,0.03872847557067871,0.6848225275854729,ion
ethanol,Ca2+NO3-,anion,0.1121155321598053,0.014208674430847168,0.09790687376039253,ion
ethanol,Ca2+NO3-,H2O,0.03726033852411569,0.03172366171110497,0.005536676813010729,H2O
ethanol,Ca2+NO3-,organic,0.10871836748857822,0.007051092778829093,0.10166727470974912,organic
ethanol,Ca2+NO3-,cation,0.6700513362884521,0.01619720458984375,0.6862485320519511,ion
ethanol,Ca2+NO3-,anion,0.12079831957817078,0.022376030683517456,0.09842229573690842,ion
ethanol,Ca2+NO3-,H2O,0.02326404267665943,0.01943530688322828,0.003828735793431147,H2O
ethanol,Ca2+NO3-,organic,0.07147585411577817,0.042594640119590355,0.028881213996187816,organic
ethanol,Ca2+NO3-,cation,1.4876949787139893,0.06072342395782471,1.5484184187608547,ion
ethanol,Ca2+NO3-,anion,0.36033689975738525,0.005639702081680298,0.354697219851563,ion
ethanol,Ca2+NO3-,H2O,0.016970527560365788,0.013146493287128892,0.0038240342732368954,H2O
ethanol,Ca2+NO3-,organic,0.06680871422434442,0.037942323985014736,0.028866390239329687,organic
ethanol,Ca2+NO3-,cation,1.4804997444152832,0.06887936592102051,1.5493791158614976,ion
ethanol,Ca2+NO3-,anion,0.3555488586425781,0.00026535987854003906,0.3552834894070027,ion
ethanol,Ca2+NO3-,H2O,0.013368789476163566,0.009547610122879024,0.0038211793532845414,H2O
ethanol,Ca2+NO3-,organic,0.05271574822876546,0.0238533789840214,0.028862369244744057,organic
ethanol,Ca2+NO3-,cation,1.4993536472320557,0.05101573467254639,1.550369360873809,ion
ethanol,Ca2+NO3-,anion,0.36121147871017456,0.0053619444370269775,0.35584953696222454,ion
ethanol,Ca2+NO3-,H2O,0.06064138878033614,0.04923547376210616,0.011405915018229983,H2O
ethanol,Ca2+NO3-,organic,0.1353485575676432,0.044937533769234705,0.09041102379840849,organic
ethanol,Ca2+NO3-,cation,1.2942535877227783,0.1092824935913086,1.4035361219081008,ion
ethanol,Ca2+NO3-,anion,0.21148088574409485,0.004096388816833496,0.20738448013099764,ion
ethanol,Ca2+NO3-,H2O,0.052081149544336146,0.04067806690726198,0.011403082637074166,H2O
ethanol,Ca2+NO3-,organic,0.1310835657834215,0.04074025427039685,0.09034331151302466,organic
ethanol,Ca2+NO3-,cation,1.3669757843017578,0.03854990005493164,1.4055256909254448,ion
ethanol,Ca2+NO3-,anion,0.22278955578804016,0.014582514762878418,0.20820702341803665,ion
ethanol,Ca2+NO3-,H2O,0.04865697975493084,0.03725059134636526,0.01140638840856558,H2O
ethanol,Ca2+NO3-,organic,0.113149583324606,0.022833178913176266,0.09031640441142974,organic
ethanol,Ca2+NO3-,cation,1.3921804428100586,0.01524806022644043,1.4074284715529033,ion
ethanol,Ca2+NO3-,anion,0.23284754157066345,0.023863881826400757,0.2089836526232921,ion
